ts,container,cpu_pct,mem_used_mb,mem_limit_mb,mem_pct,net_in_mb,net_out_mb,block_in_mb,block_out_mb,pids
2026-08-20T22:50:40Z,celmis-api,0.28,245.6,6928.38,3.54,32.0,7.44,18.3,28.6,17
2026-08-20T22:50:40Z,celmis-postgres,0.03,31.72,6928.38,0.46,6.15,5.58,5.05,32.5,11
2026-08-20T22:50:40Z,celmis-web,0.01,83.38,6928.38,1.20,0.56,0.68,15.0,0.0,12
2026-08-20T22:50:40Z,celmis-sandbox,0.03,43.22,3072.0,1.41,0.0,0.0,1.86,0.0,3
2026-08-20T22:50:40Z,celmis-qdrant,0.12,246.6,6928.38,3.56,0.04,0.02,71.5,0.01,25
2026-08-20T22:50:46Z,celmis-api,1.58,245.5,6928.38,3.54,32.0,7.44,18.3,28.6,17
2026-08-20T22:50:46Z,celmis-postgres,0.00,31.69,6928.38,0.46,6.15,5.58,5.05,32.5,11
2026-08-20T22:50:46Z,celmis-web,1.62,83.35,6928.38,1.20,0.56,0.68,15.0,0.0,12
2026-08-20T22:50:46Z,celmis-sandbox,0.02,43.21,3072.0,1.41,0.0,0.0,1.86,0.0,3
2026-08-20T22:50:46Z,celmis-qdrant,1.32,246.2,6928.38,3.55,0.04,0.02,71.5,0.01,25
2026-08-20T22:50:51Z,celmis-api,3.86,245.3,6928.38,3.54,32.0,7.45,18.3,28.6,15
2026-08-20T22:50:51Z,celmis-postgres,1.59,31.84,6928.38,0.46,6.16,5.59,5.05,32.5,11
2026-08-20T22:50:51Z,celmis-web,0.15,83.35,6928.38,1.20,0.56,0.68,15.0,0.0,12
2026-08-20T22:50:51Z,celmis-sandbox,0.03,43.21,3072.0,1.41,0.0,0.0,1.86,0.0,3
2026-08-20T22:50:51Z,celmis-qdrant,0.09,246.2,6928.38,3.55,0.04,0.02,71.5,0.01,25
2026-08-20T22:50:57Z,celmis-api,0.34,245.3,6928.38,3.54,32.0,7.45,18.3,28.6,15
2026-08-20T22:50:57Z,celmis-postgres,0.00,31.45,6928.38,0.45,6.16,5.59,5.05,32.5,11
2026-08-20T22:50:57Z,celmis-web,0.00,83.35,6928.38,1.20,0.56,0.68,15.0,0.0,12
2026-08-20T22:50:57Z,celmis-sandbox,0.02,43.21,3072.0,1.41,0.0,0.0,1.86,0.0,3
2026-08-20T22:50:57Z,celmis-qdrant,0.09,246.2,6928.38,3.55,0.04,0.02,71.5,0.01,25
2026-08-20T22:51:02Z,celmis-api,0.29,245.2,6928.38,3.54,32.0,7.45,18.3,28.6,15
2026-08-20T22:51:02Z,celmis-postgres,0.03,31.69,6928.38,0.46,6.16,5.59,5.05,32.5,11
2026-08-20T22:51:02Z,celmis-web,0.02,83.39,6928.38,1.20,0.56,0.68,15.0,0.0,12
2026-08-20T22:51:02Z,celmis-sandbox,0.04,43.21,3072.0,1.41,0.0,0.0,1.86,0.0,3
2026-08-20T22:51:02Z,celmis-qdrant,0.13,246.4,6928.38,3.56,0.04,0.02,71.5,0.01,25
2026-08-20T22:51:08Z,celmis-api,0.30,245.2,6928.38,3.54,32.0,7.45,18.3,28.6,15
2026-08-20T22:51:08Z,celmis-postgres,0.04,31.68,6928.38,0.46,6.16,5.59,5.05,32.5,11
2026-08-20T22:51:08Z,celmis-web,0.01,83.36,6928.38,1.20,0.56,0.68,15.0,0.0,12
2026-08-20T22:51:08Z,celmis-sandbox,0.03,43.21,3072.0,1.41,0.0,0.0,1.86,0.0,3
2026-08-20T22:51:08Z,celmis-qdrant,0.09,246.4,6928.38,3.56,0.04,0.02,71.5,0.01,25
2026-08-20T22:51:13Z,celmis-api,0.24,245.2,6928.38,3.54,32.0,7.45,18.3,28.6,15
2026-08-20T22:51:13Z,celmis-postgres,0.00,31.64,6928.38,0.46,6.16,5.59,5.05,32.5,11
2026-08-20T22:51:13Z,celmis-web,0.01,83.36,6928.38,1.20,0.56,0.68,15.0,0.0,12
2026-08-20T22:51:13Z,celmis-sandbox,0.06,43.13,3072.0,1.40,0.0,0.0,1.86,0.0,3
2026-08-20T22:51:13Z,celmis-qdrant,0.12,246.4,6928.38,3.56,0.04,0.02,71.5,0.01,25
2026-08-20T22:51:18Z,celmis-api,0.25,245.4,6928.38,3.54,32.0,7.45,18.3,28.6,15
2026-08-20T22:51:18Z,celmis-postgres,1.82,31.66,6928.38,0.46,6.16,5.59,5.05,32.5,11
2026-08-20T22:51:18Z,celmis-web,0.01,83.25,6928.38,1.20,0.56,0.68,15.0,0.0,12
2026-08-20T22:51:18Z,celmis-sandbox,0.03,43.12,3072.0,1.40,0.0,0.0,1.86,0.0,3
2026-08-20T22:51:18Z,celmis-qdrant,0.23,246.5,6928.38,3.56,0.04,0.02,71.5,0.01,25
2026-08-20T22:51:24Z,celmis-api,0.98,245.6,6928.38,3.54,32.0,7.46,18.3,28.6,15
2026-08-20T22:51:24Z,celmis-postgres,1.92,31.44,6928.38,0.45,6.17,5.6,5.05,32.5,11
2026-08-20T22:51:24Z,celmis-web,0.00,83.25,6928.38,1.20,0.56,0.68,15.0,0.0,12
2026-08-20T22:51:24Z,celmis-sandbox,0.03,43.12,3072.0,1.40,0.0,0.0,1.86,0.0,3
2026-08-20T22:51:24Z,celmis-qdrant,0.08,246.5,6928.38,3.56,0.04,0.02,71.5,0.01,25
2026-08-20T22:51:29Z,celmis-api,40.27,279.5,6928.38,4.03,32.8,7.87,26.3,29.5,21
2026-08-20T22:51:29Z,celmis-postgres,0.33,31.48,6928.38,0.45,6.17,5.6,5.05,32.5,11
2026-08-20T22:51:29Z,celmis-web,0.01,83.25,6928.38,1.20,0.56,0.68,15.0,0.0,12
2026-08-20T22:51:29Z,celmis-sandbox,0.01,43.12,3072.0,1.40,0.0,0.0,1.86,0.0,3
2026-08-20T22:51:29Z,celmis-qdrant,0.07,246.5,6928.38,3.56,0.04,0.02,71.5,0.01,25
2026-08-20T22:51:35Z,celmis-api,1.53,279.7,6928.38,4.04,32.8,7.87,26.3,29.5,23
2026-08-20T22:51:35Z,celmis-postgres,0.33,31.47,6928.38,0.45,6.18,5.61,5.05,32.5,11
2026-08-20T22:51:35Z,celmis-web,0.00,83.31,6928.38,1.20,0.56,0.68,15.0,0.0,12
2026-08-20T22:51:35Z,celmis-sandbox,0.05,43.12,3072.0,1.40,0.0,0.0,1.86,0.0,3
2026-08-20T22:51:35Z,celmis-qdrant,0.09,246.7,6928.38,3.56,0.04,0.02,71.5,0.01,25
2026-08-20T22:51:41Z,celmis-api,20.64,281.8,6928.38,4.07,43.4,8.03,26.3,29.5,24
2026-08-20T22:51:41Z,celmis-postgres,0.03,31.73,6928.38,0.46,6.18,5.61,5.05,32.5,11
2026-08-20T22:51:41Z,celmis-web,0.00,83.31,6928.38,1.20,0.56,0.68,15.0,0.0,12
2026-08-20T22:51:41Z,celmis-sandbox,0.03,43.05,3072.0,1.40,0.0,0.0,1.86,0.0,3
2026-08-20T22:51:41Z,celmis-qdrant,0.08,246.7,6928.38,3.56,0.04,0.02,71.5,0.01,25
2026-08-20T22:51:46Z,celmis-api,17.09,282.7,6928.38,4.08,53.4,8.15,26.3,29.5,24
2026-08-20T22:51:46Z,celmis-postgres,0.01,31.85,6928.38,0.46,6.18,5.61,5.05,32.5,11
2026-08-20T22:51:46Z,celmis-web,2.45,83.38,6928.38,1.20,0.56,0.68,15.0,0.0,12
2026-08-20T22:51:46Z,celmis-sandbox,0.02,43.05,3072.0,1.40,0.0,0.0,1.86,0.0,3
2026-08-20T22:51:46Z,celmis-qdrant,1.45,246.3,6928.38,3.55,0.04,0.02,71.5,0.01,25
2026-08-20T22:51:51Z,celmis-api,18.10,283.4,6928.38,4.09,67.9,8.34,26.3,29.5,24
2026-08-20T22:51:51Z,celmis-postgres,0.02,31.44,6928.38,0.45,6.19,5.62,5.05,32.5,11
2026-08-20T22:51:51Z,celmis-web,0.03,83.35,6928.38,1.20,0.56,0.68,15.0,0.0,12
2026-08-20T22:51:51Z,celmis-sandbox,0.02,43.05,3072.0,1.40,0.0,0.0,1.86,0.0,3
2026-08-20T22:51:51Z,celmis-qdrant,0.15,246.3,6928.38,3.55,0.04,0.02,71.5,0.01,25
2026-08-20T22:51:57Z,celmis-api,100.26,395.4,6928.38,5.71,69.2,8.36,26.6,70.9,16
2026-08-20T22:51:57Z,celmis-postgres,0.00,31.56,6928.38,0.46,6.19,5.62,5.05,32.5,11
2026-08-20T22:51:57Z,celmis-web,0.00,83.35,6928.38,1.20,0.56,0.68,15.0,0.0,12
2026-08-20T22:51:57Z,celmis-sandbox,0.01,43.05,3072.0,1.40,0.0,0.0,1.86,0.0,3
2026-08-20T22:51:57Z,celmis-qdrant,0.02,246.3,6928.38,3.55,0.04,0.02,71.5,0.01,25
2026-08-20T22:52:03Z,celmis-api,99.97,468.7,6928.38,6.76,69.2,8.37,26.6,72.7,16
2026-08-20T22:52:03Z,celmis-postgres,0.25,33.38,6928.38,0.48,6.2,5.63,5.05,32.5,12
2026-08-20T22:52:03Z,celmis-web,0.00,83.38,6928.38,1.20,0.56,0.68,15.0,0.0,12
2026-08-20T22:52:03Z,celmis-sandbox,0.01,43.05,3072.0,1.40,0.0,0.0,1.86,0.0,3
2026-08-20T22:52:03Z,celmis-qdrant,0.02,246.5,6928.38,3.56,0.04,0.02,71.5,0.01,25
2026-08-20T22:52:09Z,celmis-api,100.50,546.1,6928.38,7.88,69.2,8.38,26.6,290.0,16
2026-08-20T22:52:09Z,celmis-postgres,1.42,31.77,6928.38,0.46,6.2,5.63,5.05,32.5,11
2026-08-20T22:52:09Z,celmis-web,0.00,83.38,6928.38,1.20,0.56,0.68,15.0,0.0,12
2026-08-20T22:52:09Z,celmis-sandbox,13.29,43.01,3072.0,1.40,0.0,0.0,1.86,0.0,3
2026-08-20T22:52:09Z,celmis-qdrant,0.02,246.5,6928.38,3.56,0.04,0.02,71.5,0.01,25
2026-08-20T22:52:14Z,celmis-api,102.69,713.2,6928.38,10.29,69.2,8.38,26.7,290.0,39
2026-08-20T22:52:14Z,celmis-postgres,1.32,31.56,6928.38,0.46,6.2,5.64,5.05,32.5,11
2026-08-20T22:52:14Z,celmis-web,0.00,83.38,6928.38,1.20,0.56,0.68,15.0,0.0,12
2026-08-20T22:52:14Z,celmis-sandbox,0.01,42.98,3072.0,1.40,0.0,0.0,1.86,0.0,3
2026-08-20T22:52:14Z,celmis-qdrant,0.02,246.5,6928.38,3.56,0.04,0.02,71.5,0.01,25
2026-08-20T22:52:19Z,celmis-api,1.85,590.5,6928.38,8.52,69.2,8.39,26.7,305.0,16
2026-08-20T22:52:19Z,celmis-postgres,1.06,31.51,6928.38,0.45,6.21,5.64,5.05,32.5,11
2026-08-20T22:52:19Z,celmis-web,0.01,83.19,6928.38,1.20,0.56,0.68,15.0,0.0,12
2026-08-20T22:52:19Z,celmis-sandbox,0.02,42.98,3072.0,1.40,0.0,0.0,1.86,0.0,3
2026-08-20T22:52:19Z,celmis-qdrant,0.05,246.6,6928.38,3.56,0.04,0.02,71.5,0.01,25
2026-08-20T22:52:25Z,celmis-api,0.64,516.2,6928.38,7.45,69.2,8.4,26.7,305.0,16
2026-08-20T22:52:25Z,celmis-postgres,0.13,31.51,6928.38,0.45,6.21,5.65,5.05,32.5,11
2026-08-20T22:52:25Z,celmis-web,0.01,83.19,6928.38,1.20,0.56,0.68,15.0,0.0,12
2026-08-20T22:52:25Z,celmis-sandbox,0.03,42.98,3072.0,1.40,0.0,0.0,1.86,0.0,3
2026-08-20T22:52:25Z,celmis-qdrant,0.09,246.6,6928.38,3.56,0.04,0.02,71.5,0.01,25
2026-08-20T22:52:30Z,celmis-api,0.60,516.2,6928.38,7.45,69.2,8.4,26.7,305.0,16
2026-08-20T22:52:30Z,celmis-postgres,0.00,31.55,6928.38,0.46,6.22,5.65,5.05,32.5,11
2026-08-20T22:52:30Z,celmis-web,0.01,83.19,6928.38,1.20,0.56,0.68,15.0,0.0,12
2026-08-20T22:52:30Z,celmis-sandbox,0.03,42.98,3072.0,1.40,0.0,0.0,1.86,0.0,3
2026-08-20T22:52:30Z,celmis-qdrant,0.93,246.3,6928.38,3.55,0.04,0.02,71.5,0.01,26
2026-08-20T22:52:36Z,celmis-api,0.29,516.2,6928.38,7.45,69.2,8.4,26.7,305.0,16
2026-08-20T22:52:36Z,celmis-postgres,0.06,31.43,6928.38,0.45,6.22,5.65,5.05,32.6,11
2026-08-20T22:52:36Z,celmis-web,0.01,83.46,6928.38,1.20,0.56,0.68,15.0,0.0,12
2026-08-20T22:52:36Z,celmis-sandbox,0.03,42.98,3072.0,1.40,0.0,0.0,1.86,0.0,3
2026-08-20T22:52:36Z,celmis-qdrant,0.12,246.3,6928.38,3.55,0.04,0.02,71.5,0.01,26
2026-08-20T22:52:41Z,celmis-api,0.31,516.2,6928.38,7.45,69.2,8.4,26.7,305.0,16
2026-08-20T22:52:41Z,celmis-postgres,0.08,31.74,6928.38,0.46,6.22,5.65,5.05,32.6,11
2026-08-20T22:52:41Z,celmis-web,0.00,83.46,6928.38,1.20,0.56,0.68,15.0,0.0,12
2026-08-20T22:52:41Z,celmis-sandbox,0.03,43.35,3072.0,1.41,0.0,0.0,1.86,0.0,3
2026-08-20T22:52:41Z,celmis-qdrant,0.14,246.3,6928.38,3.55,0.04,0.02,71.5,0.01,25
2026-08-20T22:52:47Z,celmis-api,0.34,516.3,6928.38,7.45,69.2,8.4,26.7,305.0,16
2026-08-20T22:52:47Z,celmis-postgres,0.01,31.86,6928.38,0.46,6.22,5.65,5.05,32.6,11
2026-08-20T22:52:47Z,celmis-web,2.22,83.11,6928.38,1.20,0.56,0.68,15.0,0.0,12
2026-08-20T22:52:47Z,celmis-sandbox,0.04,43.35,3072.0,1.41,0.0,0.0,1.86,0.0,3
2026-08-20T22:52:47Z,celmis-qdrant,0.10,246.4,6928.38,3.56,0.04,0.02,71.5,0.01,25
2026-08-20T22:52:53Z,celmis-api,0.28,516.3,6928.38,7.45,69.2,8.4,26.7,308.0,16
2026-08-20T22:52:53Z,celmis-postgres,0.02,31.52,6928.38,0.45,6.22,5.65,5.05,32.6,11
2026-08-20T22:52:53Z,celmis-web,0.01,82.96,6928.38,1.20,0.56,0.68,15.0,0.0,12
2026-08-20T22:52:53Z,celmis-sandbox,0.02,43.35,3072.0,1.41,0.0,0.0,1.86,0.0,3
2026-08-20T22:52:53Z,celmis-qdrant,0.14,246.4,6928.38,3.56,0.04,0.02,71.5,0.01,25
2026-08-20T22:52:58Z,celmis-api,0.30,516.2,6928.38,7.45,69.2,8.41,26.7,308.0,16
2026-08-20T22:52:58Z,celmis-postgres,0.01,31.43,6928.38,0.45,6.22,5.66,5.05,32.6,11
2026-08-20T22:52:58Z,celmis-web,0.01,82.96,6928.38,1.20,0.56,0.68,15.0,0.0,12
2026-08-20T22:52:58Z,celmis-sandbox,0.04,43.35,3072.0,1.41,0.0,0.0,1.86,0.0,3
2026-08-20T22:52:58Z,celmis-qdrant,0.12,246.4,6928.38,3.56,0.04,0.02,71.5,0.01,25
2026-08-20T22:53:04Z,celmis-api,0.32,516.1,6928.38,7.45,69.2,8.41,26.7,308.0,16
2026-08-20T22:53:04Z,celmis-postgres,0.04,31.41,6928.38,0.45,6.22,5.66,5.05,32.6,11
2026-08-20T22:53:04Z,celmis-web,0.01,83.39,6928.38,1.20,0.56,0.68,15.0,0.0,12
2026-08-20T22:53:04Z,celmis-sandbox,0.03,43.35,3072.0,1.41,0.0,0.0,1.86,0.0,3
2026-08-20T22:53:04Z,celmis-qdrant,0.14,246.3,6928.38,3.55,0.04,0.02,71.5,0.01,25
2026-08-20T22:53:09Z,celmis-api,0.25,516.1,6928.38,7.45,69.2,8.41,26.7,308.0,16
2026-08-20T22:53:09Z,celmis-postgres,1.53,31.97,6928.38,0.46,6.23,5.66,5.05,32.6,11
2026-08-20T22:53:09Z,celmis-web,0.01,83.39,6928.38,1.20,0.56,0.68,15.0,0.0,12
2026-08-20T22:53:09Z,celmis-sandbox,0.03,43.35,3072.0,1.41,0.0,0.0,1.86,0.0,3
2026-08-20T22:53:09Z,celmis-qdrant,0.10,246.3,6928.38,3.55,0.04,0.02,71.5,0.01,25
2026-08-20T22:53:15Z,celmis-api,0.27,516.1,6928.38,7.45,69.2,8.41,26.7,308.0,16
2026-08-20T22:53:15Z,celmis-postgres,1.80,31.71,6928.38,0.46,6.23,5.66,5.05,32.6,11
2026-08-20T22:53:15Z,celmis-web,0.00,83.39,6928.38,1.20,0.56,0.68,15.0,0.0,12
2026-08-20T22:53:15Z,celmis-sandbox,0.03,43.13,3072.0,1.40,0.0,0.0,1.86,0.0,3
2026-08-20T22:53:15Z,celmis-qdrant,0.15,246.3,6928.38,3.55,0.04,0.02,71.5,0.01,25
2026-08-20T22:53:20Z,celmis-api,1.56,516.1,6928.38,7.45,69.2,8.41,26.7,308.0,16
2026-08-20T22:53:20Z,celmis-postgres,2.18,31.8,6928.38,0.46,6.23,5.66,5.05,32.6,11
2026-08-20T22:53:20Z,celmis-web,0.01,83.3,6928.38,1.20,0.56,0.68,15.0,0.0,12
2026-08-20T22:53:20Z,celmis-sandbox,0.03,43.13,3072.0,1.40,0.0,0.0,1.86,0.0,3
2026-08-20T22:53:20Z,celmis-qdrant,0.08,246.5,6928.38,3.56,0.04,0.02,71.5,0.01,25
2026-08-20T22:53:26Z,celmis-api,0.71,516.0,6928.38,7.45,69.2,8.42,26.7,308.0,16
2026-08-20T22:53:26Z,celmis-postgres,2.14,31.66,6928.38,0.46,6.23,5.66,5.05,32.6,11
2026-08-20T22:53:26Z,celmis-web,0.02,83.3,6928.38,1.20,0.56,0.68,15.0,0.0,12
2026-08-20T22:53:26Z,celmis-sandbox,0.08,43.13,3072.0,1.40,0.0,0.0,1.86,0.0,3
2026-08-20T22:53:26Z,celmis-qdrant,0.12,246.5,6928.38,3.56,0.04,0.02,71.5,0.01,25
2026-08-20T22:53:30Z,celmis-api,3.27,516.4,6928.38,7.45,69.2,8.42,26.7,308.0,16
2026-08-20T22:53:30Z,celmis-postgres,2.50,31.55,6928.38,0.46,6.23,5.66,5.05,32.6,11
2026-08-20T22:53:30Z,celmis-web,0.00,83.3,6928.38,1.20,0.56,0.68,15.0,0.0,12
2026-08-20T22:53:30Z,celmis-sandbox,0.03,43.13,3072.0,1.40,0.0,0.0,1.86,0.0,3
2026-08-20T22:53:30Z,celmis-qdrant,1.52,246.6,6928.38,3.56,0.04,0.02,71.5,0.01,25
2026-08-20T22:53:36Z,celmis-api,0.28,516.3,6928.38,7.45,69.2,8.42,26.7,308.0,16
2026-08-20T22:53:36Z,celmis-postgres,0.04,31.74,6928.38,0.46,6.24,5.67,5.05,32.6,11
2026-08-20T22:53:36Z,celmis-web,0.00,83.27,6928.38,1.20,0.56,0.68,15.0,0.0,12
2026-08-20T22:53:36Z,celmis-sandbox,0.03,43.13,3072.0,1.40,0.0,0.0,1.86,0.0,3
2026-08-20T22:53:36Z,celmis-qdrant,0.07,246.6,6928.38,3.56,0.04,0.02,71.5,0.01,25
2026-08-20T22:53:41Z,celmis-api,0.25,516.3,6928.38,7.45,69.2,8.42,26.7,308.0,16
2026-08-20T22:53:41Z,celmis-postgres,0.05,31.49,6928.38,0.45,6.24,5.67,5.05,32.6,11
2026-08-20T22:53:41Z,celmis-web,0.01,83.27,6928.38,1.20,0.56,0.68,15.0,0.0,12
2026-08-20T22:53:41Z,celmis-sandbox,0.03,43.24,3072.0,1.41,0.0,0.0,1.86,0.0,3
2026-08-20T22:53:41Z,celmis-qdrant,0.07,246.6,6928.38,3.56,0.04,0.02,71.5,0.01,25
2026-08-20T22:53:47Z,celmis-api,0.29,516.5,6928.38,7.45,69.2,8.42,26.7,308.0,16
2026-08-20T22:53:47Z,celmis-postgres,0.00,31.46,6928.38,0.45,6.24,5.67,5.05,32.6,11
2026-08-20T22:53:47Z,celmis-web,0.00,83.28,6928.38,1.20,0.56,0.68,15.0,0.0,12
2026-08-20T22:53:47Z,celmis-sandbox,0.03,43.24,3072.0,1.41,0.0,0.0,1.86,0.0,3
2026-08-20T22:53:47Z,celmis-qdrant,1.26,246.5,6928.38,3.56,0.04,0.02,71.5,0.01,25
2026-08-20T22:53:53Z,celmis-api,0.27,516.5,6928.38,7.45,69.2,8.42,26.7,308.0,16
2026-08-20T22:53:53Z,celmis-postgres,0.00,31.52,6928.38,0.45,6.24,5.67,5.05,32.6,11
2026-08-20T22:53:53Z,celmis-web,0.02,83.23,6928.38,1.20,0.56,0.68,15.0,0.0,12
2026-08-20T22:53:53Z,celmis-sandbox,0.02,43.24,3072.0,1.41,0.0,0.0,1.86,0.0,3
2026-08-20T22:53:53Z,celmis-qdrant,0.09,246.5,6928.38,3.56,0.04,0.02,71.5,0.01,25
2026-08-20T22:53:58Z,celmis-api,0.26,516.4,6928.38,7.45,69.2,8.43,26.7,308.0,16
2026-08-20T22:53:58Z,celmis-postgres,0.05,31.65,6928.38,0.46,6.24,5.67,5.05,32.6,11
2026-08-20T22:53:58Z,celmis-web,0.02,83.23,6928.38,1.20,0.56,0.68,15.0,0.0,12
2026-08-20T22:53:58Z,celmis-sandbox,0.03,43.24,3072.0,1.41,0.0,0.0,1.86,0.0,3
2026-08-20T22:53:58Z,celmis-qdrant,0.13,246.5,6928.38,3.56,0.04,0.02,71.5,0.01,25
2026-08-20T22:54:04Z,celmis-api,0.29,516.3,6928.38,7.45,69.2,8.43,26.7,308.0,16
2026-08-20T22:54:04Z,celmis-postgres,0.04,31.49,6928.38,0.45,6.24,5.67,5.05,32.6,11
2026-08-20T22:54:04Z,celmis-web,0.01,82.95,6928.38,1.20,0.56,0.68,15.0,0.0,12
2026-08-20T22:54:04Z,celmis-sandbox,0.02,43.24,3072.0,1.41,0.0,0.0,1.86,0.0,3
2026-08-20T22:54:04Z,celmis-qdrant,0.11,246.4,6928.38,3.56,0.04,0.02,71.5,0.01,25
2026-08-20T22:54:09Z,celmis-api,0.21,516.3,6928.38,7.45,69.2,8.43,26.7,308.0,16
2026-08-20T22:54:09Z,celmis-postgres,1.85,31.45,6928.38,0.45,6.24,5.67,5.05,32.6,11
2026-08-20T22:54:09Z,celmis-web,0.01,82.95,6928.38,1.20,0.56,0.68,15.0,0.0,12
2026-08-20T22:54:09Z,celmis-sandbox,13.98,43.16,3072.0,1.40,0.0,0.0,1.86,0.0,3
2026-08-20T22:54:09Z,celmis-qdrant,0.07,246.4,6928.38,3.56,0.04,0.02,71.5,0.01,25
2026-08-20T22:54:15Z,celmis-api,0.78,516.3,6928.38,7.45,69.3,8.43,26.7,308.0,16
2026-08-20T22:54:15Z,celmis-postgres,2.07,31.73,6928.38,0.46,6.25,5.68,5.05,32.6,11
2026-08-20T22:54:15Z,celmis-web,0.03,82.95,6928.38,1.20,0.56,0.68,15.0,0.0,12
2026-08-20T22:54:15Z,celmis-sandbox,0.03,43.16,3072.0,1.40,0.0,0.0,1.86,0.0,3
2026-08-20T22:54:15Z,celmis-qdrant,0.09,246.4,6928.38,3.56,0.04,0.02,71.5,0.01,25
2026-08-20T22:54:20Z,celmis-api,0.27,516.0,6928.38,7.45,69.3,8.43,26.7,308.0,16
2026-08-20T22:54:20Z,celmis-postgres,1.95,31.81,6928.38,0.46,6.25,5.68,5.05,32.6,11
2026-08-20T22:54:20Z,celmis-web,0.01,83.36,6928.38,1.20,0.56,0.68,15.0,0.0,12
2026-08-20T22:54:20Z,celmis-sandbox,0.05,43.16,3072.0,1.40,0.0,0.0,1.86,0.0,3
2026-08-20T22:54:20Z,celmis-qdrant,0.11,246.6,6928.38,3.56,0.04,0.02,71.5,0.01,25
2026-08-20T22:54:26Z,celmis-api,0.27,516.0,6928.38,7.45,69.3,8.44,26.7,308.0,16
2026-08-20T22:54:26Z,celmis-postgres,0.04,31.77,6928.38,0.46,6.25,5.68,5.05,32.7,11
2026-08-20T22:54:26Z,celmis-web,0.01,83.36,6928.38,1.20,0.56,0.68,15.0,0.0,12
2026-08-20T22:54:26Z,celmis-sandbox,0.02,43.16,3072.0,1.40,0.0,0.0,1.86,0.0,3
2026-08-20T22:54:26Z,celmis-qdrant,0.09,246.6,6928.38,3.56,0.04,0.02,71.5,0.01,25
2026-08-20T22:54:31Z,celmis-api,0.67,515.9,6928.38,7.45,69.3,8.44,26.7,308.0,16
2026-08-20T22:54:31Z,celmis-postgres,0.03,31.51,6928.38,0.45,6.25,5.68,5.05,32.7,11
2026-08-20T22:54:31Z,celmis-web,1.27,83.04,6928.38,1.20,0.56,0.68,15.0,0.0,12
2026-08-20T22:54:31Z,celmis-sandbox,0.04,43.16,3072.0,1.40,0.0,0.0,1.86,0.0,3
2026-08-20T22:54:31Z,celmis-qdrant,0.07,246.7,6928.38,3.56,0.04,0.02,71.5,0.01,25
2026-08-20T22:54:37Z,celmis-api,0.28,515.9,6928.38,7.45,69.3,8.44,26.7,308.0,16
2026-08-20T22:54:37Z,celmis-postgres,0.00,31.64,6928.38,0.46,6.25,5.68,5.05,32.7,11
2026-08-20T22:54:37Z,celmis-web,0.00,83.04,6928.38,1.20,0.56,0.68,15.0,0.0,12
2026-08-20T22:54:37Z,celmis-sandbox,0.03,43.16,3072.0,1.40,0.0,0.0,1.86,0.0,3
2026-08-20T22:54:37Z,celmis-qdrant,0.11,246.7,6928.38,3.56,0.04,0.02,71.5,0.01,25
2026-08-20T22:54:43Z,celmis-api,0.26,515.9,6928.38,7.45,69.3,8.44,26.7,308.0,16
2026-08-20T22:54:43Z,celmis-postgres,0.00,31.5,6928.38,0.45,6.25,5.68,5.05,32.7,11
2026-08-20T22:54:43Z,celmis-web,0.01,83.04,6928.38,1.20,0.56,0.68,15.0,0.0,12
2026-08-20T22:54:43Z,celmis-sandbox,0.04,43.34,3072.0,1.41,0.0,0.0,1.86,0.0,3
2026-08-20T22:54:43Z,celmis-qdrant,0.10,246.7,6928.38,3.56,0.04,0.02,71.5,0.01,25
2026-08-20T22:54:48Z,celmis-api,0.25,516.2,6928.38,7.45,69.3,8.44,26.7,308.0,16
2026-08-20T22:54:48Z,celmis-postgres,0.00,31.5,6928.38,0.45,6.26,5.68,5.05,32.7,11
2026-08-20T22:54:48Z,celmis-web,0.01,83.35,6928.38,1.20,0.56,0.68,15.0,0.0,12
2026-08-20T22:54:48Z,celmis-sandbox,0.04,43.34,3072.0,1.41,0.0,0.0,1.86,0.0,3
2026-08-20T22:54:48Z,celmis-qdrant,0.09,246.5,6928.38,3.56,0.04,0.02,71.5,0.01,25
2026-08-20T22:54:54Z,celmis-api,1.14,516.2,6928.38,7.45,69.3,8.44,26.7,308.0,16
2026-08-20T22:54:54Z,celmis-postgres,0.17,31.82,6928.38,0.46,6.26,5.69,5.05,32.7,11
2026-08-20T22:54:54Z,celmis-web,0.01,83.34,6928.38,1.20,0.56,0.68,15.0,0.0,12
2026-08-20T22:54:54Z,celmis-sandbox,0.04,43.34,3072.0,1.41,0.0,0.0,1.86,0.0,3
2026-08-20T22:54:54Z,celmis-qdrant,0.10,246.5,6928.38,3.56,0.04,0.02,71.5,0.01,25
2026-08-20T22:54:59Z,celmis-api,0.31,516.1,6928.38,7.45,69.3,8.44,26.7,308.0,16
2026-08-20T22:54:59Z,celmis-postgres,0.04,31.62,6928.38,0.46,6.26,5.69,5.05,32.7,11
2026-08-20T22:54:59Z,celmis-web,0.01,83.34,6928.38,1.20,0.56,0.68,15.0,0.0,12
2026-08-20T22:54:59Z,celmis-sandbox,0.03,43.34,3072.0,1.41,0.0,0.0,1.86,0.0,3
2026-08-20T22:54:59Z,celmis-qdrant,0.08,246.5,6928.38,3.56,0.04,0.02,71.5,0.01,25
2026-08-20T22:55:05Z,celmis-api,0.76,516.1,6928.38,7.45,69.3,8.45,26.7,308.0,16
2026-08-20T22:55:05Z,celmis-postgres,2.15,31.63,6928.38,0.46,6.26,5.69,5.05,32.7,11
2026-08-20T22:55:05Z,celmis-web,0.01,83.16,6928.38,1.20,0.56,0.68,15.0,0.0,12
2026-08-20T22:55:05Z,celmis-sandbox,0.03,43.34,3072.0,1.41,0.0,0.0,1.86,0.0,3
2026-08-20T22:55:05Z,celmis-qdrant,0.11,246.7,6928.38,3.56,0.04,0.02,71.5,0.01,25
2026-08-20T22:55:10Z,celmis-api,0.39,516.1,6928.38,7.45,69.3,8.45,26.7,308.0,16
2026-08-20T22:55:10Z,celmis-postgres,1.61,31.41,6928.38,0.45,6.26,5.69,5.05,32.7,11
2026-08-20T22:55:10Z,celmis-web,0.01,83.16,6928.38,1.20,0.56,0.68,15.0,0.0,12
2026-08-20T22:55:10Z,celmis-sandbox,3.18,43.27,3072.0,1.41,0.0,0.0,1.86,0.0,3
2026-08-20T22:55:10Z,celmis-qdrant,0.08,246.7,6928.38,3.56,0.04,0.02,71.5,0.01,25
2026-08-20T22:55:16Z,celmis-api,2.69,516.3,6928.38,7.45,69.3,8.45,26.7,308.0,16
2026-08-20T22:55:16Z,celmis-postgres,2.07,31.5,6928.38,0.45,6.26,5.69,5.05,32.7,11
2026-08-20T22:55:16Z,celmis-web,3.01,83.54,6928.38,1.21,0.56,0.68,15.0,0.0,12
2026-08-20T22:55:16Z,celmis-sandbox,0.03,43.27,3072.0,1.41,0.0,0.0,1.86,0.0,3
2026-08-20T22:55:16Z,celmis-qdrant,1.50,246.9,6928.38,3.56,0.04,0.02,71.5,0.01,25
2026-08-20T22:55:21Z,celmis-api,0.29,516.3,6928.38,7.45,69.3,8.45,26.7,308.0,16
2026-08-20T22:55:21Z,celmis-postgres,2.13,31.77,6928.38,0.46,6.27,5.69,5.05,32.7,11
2026-08-20T22:55:21Z,celmis-web,0.01,83.41,6928.38,1.20,0.56,0.68,15.0,0.0,12
2026-08-20T22:55:21Z,celmis-sandbox,0.03,43.27,3072.0,1.41,0.0,0.0,1.86,0.0,3
2026-08-20T22:55:21Z,celmis-qdrant,0.08,246.9,6928.38,3.56,0.04,0.02,71.5,0.01,25
2026-08-20T22:55:27Z,celmis-api,0.24,516.2,6928.38,7.45,69.3,8.45,26.7,308.0,16
2026-08-20T22:55:27Z,celmis-postgres,0.12,31.79,6928.38,0.46,6.27,5.7,5.05,32.7,11
2026-08-20T22:55:27Z,celmis-web,0.01,83.41,6928.38,1.20,0.56,0.68,15.0,0.0,12
2026-08-20T22:55:27Z,celmis-sandbox,0.08,43.27,3072.0,1.41,0.0,0.0,1.86,0.0,3
2026-08-20T22:55:27Z,celmis-qdrant,0.09,246.9,6928.38,3.56,0.04,0.02,71.5,0.01,25
2026-08-20T22:55:32Z,celmis-api,0.22,516.2,6928.38,7.45,69.3,8.45,26.7,308.0,16
2026-08-20T22:55:32Z,celmis-postgres,1.65,31.53,6928.38,0.46,6.27,5.7,5.05,32.7,11
2026-08-20T22:55:32Z,celmis-web,0.02,83.43,6928.38,1.20,0.56,0.68,15.0,0.0,12
2026-08-20T22:55:32Z,celmis-sandbox,0.04,43.27,3072.0,1.41,0.0,0.0,1.86,0.0,3
2026-08-20T22:55:32Z,celmis-qdrant,0.08,246.8,6928.38,3.56,0.04,0.02,71.5,0.01,25
2026-08-20T22:55:37Z,celmis-api,0.29,516.2,6928.38,7.45,69.3,8.46,26.7,308.0,16
2026-08-20T22:55:37Z,celmis-postgres,0.00,31.86,6928.38,0.46,6.27,5.7,5.05,32.7,11
2026-08-20T22:55:37Z,celmis-web,0.14,83.42,6928.38,1.20,0.56,0.68,15.0,0.0,12
2026-08-20T22:55:37Z,celmis-sandbox,0.03,43.27,3072.0,1.41,0.0,0.0,1.86,0.0,3
2026-08-20T22:55:37Z,celmis-qdrant,0.07,246.8,6928.38,3.56,0.04,0.02,71.5,0.01,25
2026-08-20T22:55:43Z,celmis-api,0.29,516.2,6928.38,7.45,69.3,8.46,26.7,308.0,16
2026-08-20T22:55:43Z,celmis-postgres,0.00,31.75,6928.38,0.46,6.27,5.7,5.05,32.7,11
2026-08-20T22:55:43Z,celmis-web,0.01,83.42,6928.38,1.20,0.56,0.68,15.0,0.0,12
2026-08-20T22:55:43Z,celmis-sandbox,0.03,43.18,3072.0,1.41,0.0,0.0,1.86,0.0,3
2026-08-20T22:55:43Z,celmis-qdrant,0.09,246.8,6928.38,3.56,0.04,0.02,71.5,0.01,25
2026-08-20T22:55:49Z,celmis-api,0.28,515.9,6928.38,7.45,69.3,8.46,26.7,308.0,16
2026-08-20T22:55:49Z,celmis-postgres,0.00,31.76,6928.38,0.46,6.27,5.7,5.05,32.7,11
2026-08-20T22:55:49Z,celmis-web,0.01,83.43,6928.38,1.20,0.56,0.68,15.0,0.0,12
2026-08-20T22:55:49Z,celmis-sandbox,0.03,43.18,3072.0,1.41,0.0,0.0,1.86,0.0,3
2026-08-20T22:55:49Z,celmis-qdrant,0.07,246.4,6928.38,3.56,0.04,0.02,71.5,0.01,25
2026-08-20T22:55:54Z,celmis-api,1.20,515.9,6928.38,7.45,69.3,8.46,26.7,308.0,16
2026-08-20T22:55:54Z,celmis-postgres,0.20,31.85,6928.38,0.46,6.28,5.7,5.05,32.7,11
2026-08-20T22:55:54Z,celmis-web,0.01,83.4,6928.38,1.20,0.56,0.68,15.0,0.0,12
2026-08-20T22:55:54Z,celmis-sandbox,0.03,43.18,3072.0,1.41,0.0,0.0,1.86,0.0,3
2026-08-20T22:55:54Z,celmis-qdrant,0.09,246.4,6928.38,3.56,0.04,0.02,71.5,0.01,25
2026-08-20T22:55:59Z,celmis-api,0.30,515.9,6928.38,7.45,69.3,8.46,26.7,308.0,16
2026-08-20T22:55:59Z,celmis-postgres,0.04,31.85,6928.38,0.46,6.28,5.7,5.05,32.7,11
2026-08-20T22:55:59Z,celmis-web,0.01,83.4,6928.38,1.20,0.56,0.68,15.0,0.0,12
2026-08-20T22:55:59Z,celmis-sandbox,0.03,43.18,3072.0,1.41,0.0,0.0,1.86,0.0,3
2026-08-20T22:55:59Z,celmis-qdrant,0.07,246.4,6928.38,3.56,0.04,0.02,71.5,0.01,25
2026-08-20T22:56:05Z,celmis-api,0.71,516.3,6928.38,7.45,69.3,8.46,26.7,308.0,16
2026-08-20T22:56:05Z,celmis-postgres,0.18,31.54,6928.38,0.46,6.28,5.71,5.05,32.7,11
2026-08-20T22:56:05Z,celmis-web,0.00,83.35,6928.38,1.20,0.56,0.68,15.0,0.0,12
2026-08-20T22:56:05Z,celmis-sandbox,0.03,43.18,3072.0,1.41,0.0,0.0,1.86,0.0,3
2026-08-20T22:56:05Z,celmis-qdrant,0.10,246.6,6928.38,3.56,0.04,0.02,71.5,0.01,25
2026-08-20T22:56:10Z,celmis-api,0.45,516.3,6928.38,7.45,69.3,8.47,26.7,308.0,16
2026-08-20T22:56:10Z,celmis-postgres,1.77,31.7,6928.38,0.46,6.28,5.71,5.05,32.7,11
2026-08-20T22:56:10Z,celmis-web,0.01,83.35,6928.38,1.20,0.56,0.68,15.0,0.0,12
2026-08-20T22:56:10Z,celmis-sandbox,13.79,43.35,3072.0,1.41,0.0,0.0,1.86,0.0,3
2026-08-20T22:56:10Z,celmis-qdrant,0.07,246.6,6928.38,3.56,0.04,0.02,71.5,0.01,25
2026-08-20T22:56:16Z,celmis-api,2.40,516.1,6928.38,7.45,69.3,8.47,26.7,308.0,16
2026-08-20T22:56:16Z,celmis-postgres,1.46,31.61,6928.38,0.46,6.28,5.71,5.05,32.7,11
2026-08-20T22:56:16Z,celmis-web,2.27,83.45,6928.38,1.20,0.56,0.68,15.0,0.0,12
2026-08-20T22:56:16Z,celmis-sandbox,0.02,43.35,3072.0,1.41,0.0,0.0,1.86,0.0,3
2026-08-20T22:56:16Z,celmis-qdrant,1.23,246.2,6928.38,3.55,0.04,0.02,71.5,0.01,25
2026-08-20T22:56:21Z,celmis-api,0.68,516.0,6928.38,7.45,69.3,8.47,26.7,308.0,16
2026-08-20T22:56:21Z,celmis-postgres,0.01,31.69,6928.38,0.46,6.28,5.71,5.05,32.7,11
2026-08-20T22:56:21Z,celmis-web,0.01,83.38,6928.38,1.20,0.56,0.68,15.0,0.0,12
2026-08-20T22:56:21Z,celmis-sandbox,0.03,43.35,3072.0,1.41,0.0,0.0,1.86,0.0,3
2026-08-20T22:56:21Z,celmis-qdrant,0.07,246.2,6928.38,3.55,0.04,0.02,71.5,0.01,25
2026-08-20T22:56:27Z,celmis-api,0.29,516.0,6928.38,7.45,69.3,8.47,26.7,308.0,16
2026-08-20T22:56:27Z,celmis-postgres,0.07,31.84,6928.38,0.46,6.29,5.71,5.05,32.7,11
2026-08-20T22:56:27Z,celmis-web,0.00,83.38,6928.38,1.20,0.56,0.68,15.0,0.0,12
2026-08-20T22:56:27Z,celmis-sandbox,0.04,43.35,3072.0,1.41,0.0,0.0,1.86,0.0,3
2026-08-20T22:56:27Z,celmis-qdrant,0.10,246.2,6928.38,3.55,0.04,0.02,71.5,0.01,25
2026-08-20T22:56:33Z,celmis-api,0.23,516.3,6928.38,7.45,69.3,8.47,26.7,308.0,16
2026-08-20T22:56:33Z,celmis-postgres,0.03,31.66,6928.38,0.46,6.29,5.71,5.05,32.7,11
2026-08-20T22:56:33Z,celmis-web,0.01,83.22,6928.38,1.20,0.56,0.68,15.0,0.0,12
2026-08-20T22:56:33Z,celmis-sandbox,0.03,43.35,3072.0,1.41,0.0,0.0,1.86,0.0,3
2026-08-20T22:56:33Z,celmis-qdrant,0.97,246.4,6928.38,3.56,0.04,0.02,71.5,0.01,25
2026-08-20T22:56:38Z,celmis-api,0.26,516.3,6928.38,7.45,69.3,8.47,26.7,308.0,16
2026-08-20T22:56:38Z,celmis-postgres,0.00,31.64,6928.38,0.46,6.29,5.71,5.05,32.7,11
2026-08-20T22:56:38Z,celmis-web,0.00,83.22,6928.38,1.20,0.56,0.68,15.0,0.0,12
2026-08-20T22:56:38Z,celmis-sandbox,0.03,43.35,3072.0,1.41,0.0,0.0,1.86,0.0,3
2026-08-20T22:56:38Z,celmis-qdrant,0.09,246.4,6928.38,3.56,0.04,0.02,71.5,0.01,25
2026-08-20T22:56:44Z,celmis-api,0.28,516.3,6928.38,7.45,69.3,8.47,26.7,308.0,16
2026-08-20T22:56:44Z,celmis-postgres,0.00,31.36,6928.38,0.45,6.29,5.71,5.05,32.7,11
2026-08-20T22:56:44Z,celmis-web,0.01,83.22,6928.38,1.20,0.56,0.68,15.0,0.0,12
2026-08-20T22:56:44Z,celmis-sandbox,0.03,43.27,3072.0,1.41,0.0,0.0,1.86,0.0,3
2026-08-20T22:56:44Z,celmis-qdrant,0.07,246.4,6928.38,3.56,0.04,0.02,71.5,0.01,25
2026-08-20T22:56:49Z,celmis-api,0.30,516.2,6928.38,7.45,69.3,8.48,26.7,308.0,16
2026-08-20T22:56:49Z,celmis-postgres,0.00,31.59,6928.38,0.46,6.29,5.72,5.05,32.7,11
2026-08-20T22:56:49Z,celmis-web,0.01,83.2,6928.38,1.20,0.56,0.68,15.0,0.0,12
2026-08-20T22:56:49Z,celmis-sandbox,0.03,43.27,3072.0,1.41,0.0,0.0,1.86,0.0,3
2026-08-20T22:56:49Z,celmis-qdrant,0.18,246.3,6928.38,3.55,0.04,0.02,71.5,0.01,25
2026-08-20T22:56:55Z,celmis-api,0.75,516.2,6928.38,7.45,69.3,8.48,26.7,308.0,16
2026-08-20T22:56:55Z,celmis-postgres,0.14,31.63,6928.38,0.46,6.3,5.72,5.05,32.7,11
2026-08-20T22:56:55Z,celmis-web,0.01,83.2,6928.38,1.20,0.56,0.68,15.0,0.0,12
2026-08-20T22:56:55Z,celmis-sandbox,0.03,43.27,3072.0,1.41,0.0,0.0,1.86,0.0,3
2026-08-20T22:56:55Z,celmis-qdrant,0.08,246.3,6928.38,3.55,0.04,0.02,71.5,0.01,25
2026-08-20T22:57:00Z,celmis-api,0.73,516.2,6928.38,7.45,69.3,8.48,26.7,308.0,16
2026-08-20T22:57:00Z,celmis-postgres,0.17,31.63,6928.38,0.46,6.3,5.72,5.05,32.8,11
2026-08-20T22:57:00Z,celmis-web,0.01,83.2,6928.38,1.20,0.56,0.68,15.0,0.0,12
2026-08-20T22:57:00Z,celmis-sandbox,0.03,43.27,3072.0,1.41,0.0,0.0,1.86,0.0,3
2026-08-20T22:57:00Z,celmis-qdrant,0.08,246.3,6928.38,3.55,0.04,0.02,71.5,0.01,25
2026-08-20T22:57:06Z,celmis-api,0.28,516.1,6928.38,7.45,69.3,8.48,26.7,308.0,16
2026-08-20T22:57:06Z,celmis-postgres,1.74,31.61,6928.38,0.46,6.3,5.72,5.05,32.8,11
2026-08-20T22:57:06Z,celmis-web,0.01,83.3,6928.38,1.20,0.56,0.68,15.0,0.0,12
2026-08-20T22:57:06Z,celmis-sandbox,0.03,43.27,3072.0,1.41,0.0,0.0,1.86,0.0,3
2026-08-20T22:57:06Z,celmis-qdrant,0.07,246.4,6928.38,3.56,0.04,0.02,71.5,0.01,25
2026-08-20T22:57:11Z,celmis-api,0.63,516.1,6928.38,7.45,69.3,8.48,26.7,308.0,16
2026-08-20T22:57:11Z,celmis-postgres,1.82,31.84,6928.38,0.46,6.3,5.72,5.05,32.8,11
2026-08-20T22:57:11Z,celmis-web,0.00,83.3,6928.38,1.20,0.56,0.68,15.0,0.0,12
2026-08-20T22:57:11Z,celmis-sandbox,0.04,43.18,3072.0,1.41,0.0,0.0,1.86,0.0,3
2026-08-20T22:57:11Z,celmis-qdrant,0.06,246.4,6928.38,3.56,0.04,0.02,71.5,0.01,25
2026-08-20T22:57:17Z,celmis-api,0.28,516.3,6928.38,7.45,69.3,8.48,26.7,308.0,16
2026-08-20T22:57:17Z,celmis-postgres,0.00,31.66,6928.38,0.46,6.3,5.72,5.05,32.8,11
2026-08-20T22:57:17Z,celmis-web,0.02,83.55,6928.38,1.21,0.56,0.68,15.0,0.0,12
2026-08-20T22:57:17Z,celmis-sandbox,0.03,43.18,3072.0,1.41,0.0,0.0,1.86,0.0,3
2026-08-20T22:57:17Z,celmis-qdrant,0.83,246.3,6928.38,3.55,0.04,0.02,71.5,0.01,25
2026-08-20T22:57:23Z,celmis-api,0.24,516.3,6928.38,7.45,69.3,8.49,26.7,308.0,16
2026-08-20T22:57:23Z,celmis-postgres,0.00,32.09,6928.38,0.46,6.3,5.73,5.05,32.8,11
2026-08-20T22:57:23Z,celmis-web,0.02,83.47,6928.38,1.20,0.56,0.68,15.0,0.0,12
2026-08-20T22:57:23Z,celmis-sandbox,0.03,43.18,3072.0,1.41,0.0,0.0,1.86,0.0,3
2026-08-20T22:57:23Z,celmis-qdrant,0.12,246.3,6928.38,3.55,0.04,0.02,71.5,0.01,25
2026-08-20T22:57:28Z,celmis-api,0.24,516.3,6928.38,7.45,69.3,8.49,26.7,308.0,16
2026-08-20T22:57:28Z,celmis-postgres,0.08,31.76,6928.38,0.46,6.3,5.73,5.05,32.8,11
2026-08-20T22:57:28Z,celmis-web,0.00,83.47,6928.38,1.20,0.56,0.68,15.0,0.0,12
2026-08-20T22:57:28Z,celmis-sandbox,0.03,43.18,3072.0,1.41,0.0,0.0,1.86,0.0,3
2026-08-20T22:57:28Z,celmis-qdrant,0.08,246.3,6928.38,3.55,0.04,0.02,71.5,0.01,25
2026-08-20T22:57:34Z,celmis-api,0.29,516.0,6928.38,7.45,69.3,8.49,26.7,308.0,16
2026-08-20T22:57:34Z,celmis-postgres,0.04,31.55,6928.38,0.46,6.31,5.73,5.05,32.8,11
2026-08-20T22:57:34Z,celmis-web,0.01,83.62,6928.38,1.21,0.56,0.68,15.0,0.0,12
2026-08-20T22:57:34Z,celmis-sandbox,0.03,43.18,3072.0,1.41,0.0,0.0,1.86,0.0,3
2026-08-20T22:57:34Z,celmis-qdrant,0.08,246.4,6928.38,3.56,0.04,0.02,71.5,0.01,25
2026-08-20T22:57:39Z,celmis-api,0.29,516.0,6928.38,7.45,69.3,8.49,26.7,308.0,16
2026-08-20T22:57:39Z,celmis-postgres,0.01,31.8,6928.38,0.46,6.31,5.73,5.05,32.8,11
2026-08-20T22:57:39Z,celmis-web,0.01,83.58,6928.38,1.21,0.56,0.68,15.0,0.0,12
2026-08-20T22:57:39Z,celmis-sandbox,0.04,43.18,3072.0,1.41,0.0,0.0,1.86,0.0,3
2026-08-20T22:57:39Z,celmis-qdrant,0.07,246.4,6928.38,3.56,0.04,0.02,71.5,0.01,25
2026-08-20T22:57:45Z,celmis-api,0.63,516.0,6928.38,7.45,69.3,8.49,26.7,308.0,16
2026-08-20T22:57:45Z,celmis-postgres,0.13,31.56,6928.38,0.46,6.31,5.73,5.05,32.8,11
2026-08-20T22:57:45Z,celmis-web,0.03,83.58,6928.38,1.21,0.56,0.68,15.0,0.0,12
2026-08-20T22:57:45Z,celmis-sandbox,0.04,43.37,3072.0,1.41,0.0,0.0,1.86,0.0,3
2026-08-20T22:57:45Z,celmis-qdrant,0.09,246.4,6928.38,3.56,0.04,0.02,71.5,0.01,25
2026-08-20T22:57:50Z,celmis-api,0.67,516.2,6928.38,7.45,69.3,8.49,26.7,308.0,16
2026-08-20T22:57:50Z,celmis-postgres,0.29,31.52,6928.38,0.45,6.31,5.73,5.05,32.8,11
2026-08-20T22:57:50Z,celmis-web,0.01,83.32,6928.38,1.20,0.56,0.68,15.0,0.0,12
2026-08-20T22:57:50Z,celmis-sandbox,0.03,43.37,3072.0,1.41,0.0,0.0,1.86,0.0,3
2026-08-20T22:57:50Z,celmis-qdrant,0.09,246.3,6928.38,3.56,0.04,0.02,71.5,0.01,25
2026-08-20T22:57:56Z,celmis-api,0.29,516.1,6928.38,7.45,69.3,8.5,26.7,308.0,16
2026-08-20T22:57:56Z,celmis-postgres,0.00,31.55,6928.38,0.46,6.31,5.74,5.05,32.8,11
2026-08-20T22:57:56Z,celmis-web,0.01,83.32,6928.38,1.20,0.56,0.68,15.0,0.0,12
2026-08-20T22:57:56Z,celmis-sandbox,0.03,43.37,3072.0,1.41,0.0,0.0,1.86,0.0,3
2026-08-20T22:57:56Z,celmis-qdrant,0.09,246.3,6928.38,3.56,0.04,0.02,71.5,0.01,25
2026-08-20T22:58:01Z,celmis-api,0.66,516.1,6928.38,7.45,69.3,8.5,26.7,308.0,16
2026-08-20T22:58:01Z,celmis-postgres,0.17,31.8,6928.38,0.46,6.31,5.74,5.05,32.8,11
2026-08-20T22:58:01Z,celmis-web,1.92,83.59,6928.38,1.21,0.56,0.68,15.0,0.0,12
2026-08-20T22:58:01Z,celmis-sandbox,0.03,43.37,3072.0,1.41,0.0,0.0,1.86,0.0,3
2026-08-20T22:58:01Z,celmis-qdrant,1.06,246.5,6928.38,3.56,0.04,0.02,71.5,0.01,25
2026-08-20T22:58:07Z,celmis-api,0.28,516.2,6928.38,7.45,69.3,8.5,26.7,308.0,16
2026-08-20T22:58:07Z,celmis-postgres,1.10,31.95,6928.38,0.46,6.32,5.74,5.05,32.8,11
2026-08-20T22:58:07Z,celmis-web,0.01,83.59,6928.38,1.21,0.56,0.68,15.0,0.0,12
2026-08-20T22:58:07Z,celmis-sandbox,0.03,43.37,3072.0,1.41,0.0,0.0,1.86,0.0,3
2026-08-20T22:58:07Z,celmis-qdrant,0.07,246.5,6928.38,3.56,0.04,0.02,71.5,0.01,25
2026-08-20T22:58:13Z,celmis-api,0.27,516.2,6928.38,7.45,69.3,8.5,26.7,308.0,16
2026-08-20T22:58:13Z,celmis-postgres,1.76,31.9,6928.38,0.46,6.32,5.74,5.05,32.8,11
2026-08-20T22:58:13Z,celmis-web,0.00,83.59,6928.38,1.21,0.56,0.68,15.0,0.0,12
2026-08-20T22:58:13Z,celmis-sandbox,0.05,43.53,3072.0,1.42,0.0,0.0,1.86,0.0,3
2026-08-20T22:58:13Z,celmis-qdrant,0.09,246.5,6928.38,3.56,0.04,0.02,71.5,0.01,25
2026-08-20T22:58:18Z,celmis-api,0.27,516.1,6928.38,7.45,69.3,8.5,26.7,308.0,16
2026-08-20T22:58:18Z,celmis-postgres,0.00,31.84,6928.38,0.46,6.32,5.74,5.05,32.8,11
2026-08-20T22:58:18Z,celmis-web,0.01,83.48,6928.38,1.20,0.56,0.68,15.0,0.0,12
2026-08-20T22:58:18Z,celmis-sandbox,0.03,43.53,3072.0,1.42,0.0,0.0,1.86,0.0,3
2026-08-20T22:58:18Z,celmis-qdrant,0.07,246.7,6928.38,3.56,0.04,0.02,71.5,0.01,25
2026-08-20T22:58:24Z,celmis-api,1.01,516.1,6928.38,7.45,69.3,8.51,26.7,308.0,16
2026-08-20T22:58:24Z,celmis-postgres,0.17,31.46,6928.38,0.45,6.32,5.74,5.05,32.8,11
2026-08-20T22:58:24Z,celmis-web,0.01,83.48,6928.38,1.20,0.56,0.68,15.0,0.0,12
2026-08-20T22:58:24Z,celmis-sandbox,0.03,43.53,3072.0,1.42,0.0,0.0,1.86,0.0,3
2026-08-20T22:58:24Z,celmis-qdrant,0.10,246.7,6928.38,3.56,0.04,0.02,71.5,0.01,25
2026-08-20T22:58:30Z,celmis-api,0.26,516.1,6928.38,7.45,69.3,8.51,26.7,308.0,16
2026-08-20T22:58:30Z,celmis-postgres,0.00,31.75,6928.38,0.46,6.32,5.74,5.05,32.8,11
2026-08-20T22:58:30Z,celmis-web,0.00,83.48,6928.38,1.20,0.56,0.68,15.0,0.0,12
2026-08-20T22:58:30Z,celmis-sandbox,0.03,43.53,3072.0,1.42,0.0,0.0,1.86,0.0,3
2026-08-20T22:58:30Z,celmis-qdrant,0.12,246.7,6928.38,3.56,0.04,0.02,71.5,0.01,25
2026-08-20T22:58:35Z,celmis-api,0.39,514.3,6928.38,7.42,69.3,8.51,26.7,308.0,16
2026-08-20T22:58:35Z,celmis-postgres,0.19,31.54,6928.38,0.46,6.32,5.74,5.05,32.8,11
2026-08-20T22:58:35Z,celmis-web,0.01,83.58,6928.38,1.21,0.56,0.68,15.0,0.0,12
2026-08-20T22:58:35Z,celmis-sandbox,0.04,43.53,3072.0,1.42,0.0,0.0,1.86,0.0,3
2026-08-20T22:58:35Z,celmis-qdrant,0.10,246.6,6928.38,3.56,0.04,0.02,71.5,0.01,25
2026-08-20T22:58:40Z,celmis-api,0.29,514.3,6928.38,7.42,69.3,8.51,26.7,308.0,16
2026-08-20T22:58:40Z,celmis-postgres,0.19,31.21,6928.38,0.45,6.33,5.75,5.05,32.8,11
2026-08-20T22:58:40Z,celmis-web,0.01,83.58,6928.38,1.21,0.56,0.68,15.0,0.0,12
2026-08-20T22:58:40Z,celmis-sandbox,1.62,45.77,3072.0,1.49,0.0,0.0,1.86,0.0,4
2026-08-20T22:58:40Z,celmis-qdrant,0.07,246.6,6928.38,3.56,0.04,0.02,71.5,0.01,25
2026-08-20T22:58:46Z,celmis-api,0.63,514.3,6928.38,7.42,69.3,8.51,26.7,308.0,16
2026-08-20T22:58:46Z,celmis-postgres,0.10,31.71,6928.38,0.46,6.33,5.75,5.05,32.8,11
2026-08-20T22:58:46Z,celmis-web,0.01,83.58,6928.38,1.21,0.56,0.68,15.0,0.0,12
2026-08-20T22:58:46Z,celmis-sandbox,0.04,43.45,3072.0,1.41,0.0,0.0,1.86,0.0,3
2026-08-20T22:58:46Z,celmis-qdrant,0.09,246.6,6928.38,3.56,0.04,0.02,71.5,0.01,25
2026-08-20T22:58:51Z,celmis-api,0.28,514.4,6928.38,7.42,69.3,8.51,26.7,308.0,16
2026-08-20T22:58:51Z,celmis-postgres,0.15,31.85,6928.38,0.46,6.33,5.75,5.05,32.8,11
2026-08-20T22:58:51Z,celmis-web,0.00,83.36,6928.38,1.20,0.56,0.68,15.0,0.0,12
2026-08-20T22:58:51Z,celmis-sandbox,0.03,43.45,3072.0,1.41,0.0,0.0,1.86,0.0,3
2026-08-20T22:58:51Z,celmis-qdrant,0.08,246.5,6928.38,3.56,0.04,0.02,71.5,0.01,25
2026-08-20T22:58:57Z,celmis-api,0.32,514.4,6928.38,7.42,69.3,8.52,26.7,308.0,16
2026-08-20T22:58:57Z,celmis-postgres,1.67,31.47,6928.38,0.45,6.33,5.75,5.05,32.8,11
2026-08-20T22:58:57Z,celmis-web,0.01,83.36,6928.38,1.20,0.56,0.68,15.0,0.0,12
2026-08-20T22:58:57Z,celmis-sandbox,0.03,43.45,3072.0,1.41,0.0,0.0,1.86,0.0,3
2026-08-20T22:58:57Z,celmis-qdrant,0.09,246.5,6928.38,3.56,0.04,0.02,71.5,0.01,25
2026-08-20T22:59:03Z,celmis-api,0.21,514.2,6928.38,7.42,69.3,8.52,26.7,308.0,16
2026-08-20T22:59:03Z,celmis-postgres,0.02,31.48,6928.38,0.45,6.33,5.75,5.05,32.8,11
2026-08-20T22:59:03Z,celmis-web,0.01,83.64,6928.38,1.21,0.56,0.68,15.0,0.0,12
2026-08-20T22:59:03Z,celmis-sandbox,0.03,43.45,3072.0,1.41,0.0,0.0,1.86,0.0,3
2026-08-20T22:59:03Z,celmis-qdrant,0.07,246.4,6928.38,3.56,0.04,0.02,71.5,0.01,25
2026-08-20T22:59:08Z,celmis-api,0.23,514.2,6928.38,7.42,69.3,8.52,26.7,308.0,16
2026-08-20T22:59:08Z,celmis-postgres,0.03,31.46,6928.38,0.45,6.33,5.75,5.05,32.8,11
2026-08-20T22:59:08Z,celmis-web,0.01,83.64,6928.38,1.21,0.56,0.68,15.0,0.0,12
2026-08-20T22:59:08Z,celmis-sandbox,0.03,43.45,3072.0,1.41,0.0,0.0,1.86,0.0,3
2026-08-20T22:59:08Z,celmis-qdrant,0.09,246.4,6928.38,3.56,0.04,0.02,71.5,0.01,25
2026-08-20T22:59:14Z,celmis-api,0.27,514.2,6928.38,7.42,69.3,8.52,26.7,308.0,16
2026-08-20T22:59:14Z,celmis-postgres,0.00,31.8,6928.38,0.46,6.33,5.75,5.05,32.8,11
2026-08-20T22:59:14Z,celmis-web,0.01,83.64,6928.38,1.21,0.56,0.68,15.0,0.0,12
2026-08-20T22:59:14Z,celmis-sandbox,0.04,43.61,3072.0,1.42,0.0,0.0,1.86,0.0,3
2026-08-20T22:59:14Z,celmis-qdrant,0.11,246.4,6928.38,3.56,0.04,0.02,71.5,0.01,25
2026-08-20T22:59:19Z,celmis-api,0.30,514.2,6928.38,7.42,69.3,8.52,26.7,308.0,16
2026-08-20T22:59:19Z,celmis-postgres,0.00,31.53,6928.38,0.46,6.34,5.76,5.05,32.8,11
2026-08-20T22:59:19Z,celmis-web,0.01,83.56,6928.38,1.21,0.56,0.68,15.0,0.0,12
2026-08-20T22:59:19Z,celmis-sandbox,0.03,43.61,3072.0,1.42,0.0,0.0,1.86,0.0,3
2026-08-20T22:59:19Z,celmis-qdrant,0.08,246.8,6928.38,3.56,0.04,0.02,71.5,0.01,25
2026-08-20T22:59:25Z,celmis-api,0.28,514.2,6928.38,7.42,69.3,8.52,26.7,308.0,16
2026-08-20T22:59:25Z,celmis-postgres,0.03,31.5,6928.38,0.45,6.34,5.76,5.05,32.9,11
2026-08-20T22:59:25Z,celmis-web,0.00,83.56,6928.38,1.21,0.56,0.68,15.0,0.0,12
2026-08-20T22:59:25Z,celmis-sandbox,0.03,43.61,3072.0,1.42,0.0,0.0,1.86,0.0,3
2026-08-20T22:59:25Z,celmis-qdrant,0.08,246.8,6928.38,3.56,0.04,0.02,71.5,0.01,25
2026-08-20T22:59:31Z,celmis-api,0.29,514.2,6928.38,7.42,69.3,8.52,26.7,308.0,16
2026-08-20T22:59:31Z,celmis-postgres,0.20,31.62,6928.38,0.46,6.34,5.76,5.05,32.9,11
2026-08-20T22:59:31Z,celmis-web,0.00,83.56,6928.38,1.21,0.56,0.68,15.0,0.0,12
2026-08-20T22:59:31Z,celmis-sandbox,0.03,43.61,3072.0,1.42,0.0,0.0,1.86,0.0,3
2026-08-20T22:59:31Z,celmis-qdrant,0.12,246.8,6928.38,3.56,0.04,0.02,71.5,0.01,25
2026-08-20T22:59:36Z,celmis-api,1.04,514.0,6928.38,7.42,69.3,8.53,26.7,308.0,16
2026-08-20T22:59:36Z,celmis-postgres,0.20,31.79,6928.38,0.46,6.34,5.76,5.05,32.9,11
2026-08-20T22:59:36Z,celmis-web,0.01,83.48,6928.38,1.20,0.56,0.68,15.0,0.0,12
2026-08-20T22:59:36Z,celmis-sandbox,0.03,43.61,3072.0,1.42,0.0,0.0,1.86,0.0,3
2026-08-20T22:59:36Z,celmis-qdrant,0.09,246.9,6928.38,3.56,0.04,0.02,71.5,0.01,25
2026-08-20T22:59:42Z,celmis-api,0.18,514.0,6928.38,7.42,69.3,8.53,26.7,308.0,16
2026-08-20T22:59:42Z,celmis-postgres,0.14,31.73,6928.38,0.46,6.34,5.76,5.05,32.9,11
2026-08-20T22:59:42Z,celmis-web,0.00,83.48,6928.38,1.20,0.56,0.68,15.0,0.0,12
2026-08-20T22:59:42Z,celmis-sandbox,13.95,43.81,3072.0,1.43,0.0,0.0,1.86,0.0,3
2026-08-20T22:59:42Z,celmis-qdrant,0.08,246.9,6928.38,3.56,0.04,0.02,71.5,0.01,25
2026-08-20T22:59:47Z,celmis-api,0.27,514.1,6928.38,7.42,69.3,8.53,26.7,308.0,16
2026-08-20T22:59:47Z,celmis-postgres,2.18,31.79,6928.38,0.46,6.35,5.76,5.05,32.9,11
2026-08-20T22:59:47Z,celmis-web,0.02,83.84,6928.38,1.21,0.56,0.68,15.0,0.0,12
2026-08-20T22:59:47Z,celmis-sandbox,0.02,43.8,3072.0,1.43,0.0,0.0,1.86,0.0,3
2026-08-20T22:59:47Z,celmis-qdrant,1.18,246.3,6928.38,3.56,0.04,0.02,71.5,0.01,25
2026-08-20T22:59:53Z,celmis-api,0.32,514.1,6928.38,7.42,69.3,8.53,26.7,308.0,16
2026-08-20T22:59:53Z,celmis-postgres,0.06,31.58,6928.38,0.46,6.35,5.77,5.05,32.9,11
2026-08-20T22:59:53Z,celmis-web,0.01,83.84,6928.38,1.21,0.56,0.68,15.0,0.0,12
2026-08-20T22:59:53Z,celmis-sandbox,0.03,43.8,3072.0,1.43,0.0,0.0,1.86,0.0,3
2026-08-20T22:59:53Z,celmis-qdrant,0.08,246.3,6928.38,3.56,0.04,0.02,71.5,0.01,25
2026-08-20T22:59:59Z,celmis-api,0.30,514.1,6928.38,7.42,69.3,8.53,26.7,308.0,16
2026-08-20T22:59:59Z,celmis-postgres,0.00,31.73,6928.38,0.46,6.35,5.77,5.05,32.9,11
2026-08-20T22:59:59Z,celmis-web,0.01,83.84,6928.38,1.21,0.56,0.68,15.0,0.0,12
2026-08-20T22:59:59Z,celmis-sandbox,0.02,43.8,3072.0,1.43,0.0,0.0,1.86,0.0,3
2026-08-20T22:59:59Z,celmis-qdrant,0.08,246.3,6928.38,3.56,0.04,0.02,71.5,0.01,25
2026-08-20T23:00:04Z,celmis-api,0.32,514.3,6928.38,7.42,69.3,8.53,26.7,308.0,16
2026-08-20T23:00:04Z,celmis-postgres,0.03,31.5,6928.38,0.45,6.35,5.77,5.05,32.9,11
2026-08-20T23:00:04Z,celmis-web,0.01,83.36,6928.38,1.20,0.56,0.68,15.0,0.0,12
2026-08-20T23:00:04Z,celmis-sandbox,0.03,43.8,3072.0,1.43,0.0,0.0,1.86,0.0,3
2026-08-20T23:00:04Z,celmis-qdrant,0.13,246.5,6928.38,3.56,0.04,0.02,71.5,0.01,25
2026-08-20T23:00:09Z,celmis-api,0.27,514.4,6928.38,7.42,69.3,8.54,26.7,308.0,16
2026-08-20T23:00:09Z,celmis-postgres,0.03,31.4,6928.38,0.45,6.35,5.77,5.05,32.9,11
2026-08-20T23:00:09Z,celmis-web,0.00,83.36,6928.38,1.20,0.56,0.68,15.0,0.0,12
2026-08-20T23:00:09Z,celmis-sandbox,0.04,43.8,3072.0,1.43,0.0,0.0,1.86,0.0,3
2026-08-20T23:00:09Z,celmis-qdrant,0.08,246.5,6928.38,3.56,0.04,0.02,71.5,0.01,25
2026-08-20T23:00:14Z,celmis-api,0.39,514.3,6928.38,7.42,69.3,8.54,26.7,308.0,16
2026-08-20T23:00:14Z,celmis-postgres,0.00,31.76,6928.38,0.46,6.35,5.77,5.05,32.9,11
2026-08-20T23:00:14Z,celmis-web,0.00,83.36,6928.38,1.20,0.56,0.68,15.0,0.0,12
2026-08-20T23:00:14Z,celmis-sandbox,0.04,43.97,3072.0,1.43,0.0,0.0,1.86,0.0,3
2026-08-20T23:00:14Z,celmis-qdrant,0.12,246.5,6928.38,3.56,0.04,0.02,71.5,0.01,25
2026-08-20T23:00:19Z,celmis-api,0.65,514.1,6928.38,7.42,69.3,8.54,26.7,308.0,16
2026-08-20T23:00:19Z,celmis-postgres,0.00,31.46,6928.38,0.45,6.35,5.77,5.05,32.9,11
2026-08-20T23:00:19Z,celmis-web,0.01,83.41,6928.38,1.20,0.56,0.68,15.0,0.0,12
2026-08-20T23:00:19Z,celmis-sandbox,0.07,43.97,3072.0,1.43,0.0,0.0,1.86,0.0,3
2026-08-20T23:00:19Z,celmis-qdrant,0.17,246.6,6928.38,3.56,0.04,0.02,71.5,0.01,25
2026-08-20T23:00:25Z,celmis-api,1.07,514.1,6928.38,7.42,69.4,8.54,26.7,308.0,16
2026-08-20T23:00:25Z,celmis-postgres,0.21,31.7,6928.38,0.46,6.36,5.78,5.05,32.9,11
2026-08-20T23:00:25Z,celmis-web,0.01,83.41,6928.38,1.20,0.56,0.68,15.0,0.0,12
2026-08-20T23:00:25Z,celmis-sandbox,0.03,43.97,3072.0,1.43,0.0,0.0,1.86,0.0,3
2026-08-20T23:00:25Z,celmis-qdrant,0.08,246.6,6928.38,3.56,0.04,0.02,71.5,0.01,25
2026-08-20T23:00:31Z,celmis-api,0.68,514.1,6928.38,7.42,69.4,8.54,26.7,308.0,16
2026-08-20T23:00:31Z,celmis-postgres,0.12,31.57,6928.38,0.46,6.36,5.78,5.05,32.9,11
2026-08-20T23:00:31Z,celmis-web,0.01,83.41,6928.38,1.20,0.56,0.68,15.0,0.0,12
2026-08-20T23:00:31Z,celmis-sandbox,0.10,43.97,3072.0,1.43,0.0,0.0,1.86,0.0,3
2026-08-20T23:00:31Z,celmis-qdrant,0.10,246.6,6928.38,3.56,0.04,0.02,71.5,0.01,25
2026-08-20T23:00:36Z,celmis-api,1.39,514.0,6928.38,7.42,69.4,8.55,26.7,308.0,16
2026-08-20T23:00:36Z,celmis-postgres,0.59,31.9,6928.38,0.46,6.36,5.78,5.05,32.9,11
2026-08-20T23:00:36Z,celmis-web,0.00,83.41,6928.38,1.20,0.56,0.68,15.0,0.0,12
2026-08-20T23:00:36Z,celmis-sandbox,0.03,43.97,3072.0,1.43,0.0,0.0,1.86,0.0,3
2026-08-20T23:00:36Z,celmis-qdrant,0.10,246.6,6928.38,3.56,0.04,0.02,71.5,0.01,25
2026-08-20T23:00:42Z,celmis-api,0.21,514.0,6928.38,7.42,69.4,8.55,26.7,308.0,16
2026-08-20T23:00:42Z,celmis-postgres,0.02,31.73,6928.38,0.46,6.36,5.78,5.05,32.9,11
2026-08-20T23:00:42Z,celmis-web,0.01,83.41,6928.38,1.20,0.56,0.68,15.0,0.0,12
2026-08-20T23:00:42Z,celmis-sandbox,14.59,43.86,3072.0,1.43,0.0,0.0,1.86,0.0,3
2026-08-20T23:00:42Z,celmis-qdrant,0.10,246.6,6928.38,3.56,0.04,0.02,71.5,0.01,25
2026-08-20T23:00:47Z,celmis-api,0.30,514.0,6928.38,7.42,69.4,8.55,26.7,308.0,16
2026-08-20T23:00:47Z,celmis-postgres,0.00,31.76,6928.38,0.46,6.36,5.78,5.05,32.9,11
2026-08-20T23:00:47Z,celmis-web,0.01,83.41,6928.38,1.20,0.56,0.68,15.0,0.0,12
2026-08-20T23:00:47Z,celmis-sandbox,0.02,43.85,3072.0,1.43,0.0,0.0,1.86,0.0,3
2026-08-20T23:00:47Z,celmis-qdrant,1.44,246.4,6928.38,3.56,0.04,0.02,71.5,0.01,25
2026-08-20T23:00:53Z,celmis-api,0.26,514.3,6928.38,7.42,69.4,8.55,26.7,308.0,16
2026-08-20T23:00:53Z,celmis-postgres,0.00,31.37,6928.38,0.45,6.36,5.78,5.05,32.9,11
2026-08-20T23:00:53Z,celmis-web,0.02,83.53,6928.38,1.21,0.56,0.68,15.0,0.0,12
2026-08-20T23:00:53Z,celmis-sandbox,0.02,43.85,3072.0,1.43,0.0,0.0,1.86,0.0,3
2026-08-20T23:00:53Z,celmis-qdrant,0.07,246.4,6928.38,3.56,0.04,0.02,71.5,0.01,25
2026-08-20T23:00:59Z,celmis-api,0.26,514.2,6928.38,7.42,69.4,8.55,26.7,308.0,16
2026-08-20T23:00:59Z,celmis-postgres,0.00,31.93,6928.38,0.46,6.37,5.78,5.05,32.9,11
2026-08-20T23:00:59Z,celmis-web,0.01,83.53,6928.38,1.21,0.56,0.68,15.0,0.0,12
2026-08-20T23:00:59Z,celmis-sandbox,0.03,43.85,3072.0,1.43,0.0,0.0,1.86,0.0,3
2026-08-20T23:00:59Z,celmis-qdrant,0.09,246.4,6928.38,3.56,0.04,0.02,71.5,0.01,25
2026-08-20T23:01:04Z,celmis-api,0.27,513.8,6928.38,7.42,69.4,8.55,26.7,308.0,16
2026-08-20T23:01:04Z,celmis-postgres,0.06,31.82,6928.38,0.46,6.37,5.78,5.05,32.9,11
2026-08-20T23:01:04Z,celmis-web,0.00,83.92,6928.38,1.21,0.56,0.68,15.0,0.0,12
2026-08-20T23:01:04Z,celmis-sandbox,0.02,43.85,3072.0,1.43,0.0,0.0,1.86,0.0,3
2026-08-20T23:01:04Z,celmis-qdrant,0.10,246.4,6928.38,3.56,0.04,0.02,71.5,0.01,25
2026-08-20T23:01:09Z,celmis-api,0.37,513.8,6928.38,7.42,69.4,8.55,26.7,308.0,16
2026-08-20T23:01:09Z,celmis-postgres,1.82,31.88,6928.38,0.46,6.37,5.79,5.05,32.9,11
2026-08-20T23:01:09Z,celmis-web,0.01,83.92,6928.38,1.21,0.56,0.68,15.0,0.0,12
2026-08-20T23:01:09Z,celmis-sandbox,0.03,43.85,3072.0,1.43,0.0,0.0,1.86,0.0,3
2026-08-20T23:01:09Z,celmis-qdrant,0.09,246.4,6928.38,3.56,0.04,0.02,71.5,0.01,25
2026-08-20T23:01:15Z,celmis-api,0.29,513.8,6928.38,7.42,69.4,8.56,26.7,308.0,16
2026-08-20T23:01:15Z,celmis-postgres,0.00,31.89,6928.38,0.46,6.37,5.79,5.05,32.9,11
2026-08-20T23:01:15Z,celmis-web,0.05,83.92,6928.38,1.21,0.56,0.68,15.0,0.0,12
2026-08-20T23:01:15Z,celmis-sandbox,0.02,44.02,3072.0,1.43,0.0,0.0,1.86,0.0,3
2026-08-20T23:01:15Z,celmis-qdrant,0.08,246.4,6928.38,3.56,0.04,0.02,71.5,0.01,25
2026-08-20T23:01:20Z,celmis-api,1.18,514.0,6928.38,7.42,69.4,8.56,26.7,308.0,16
2026-08-20T23:01:20Z,celmis-postgres,0.67,31.56,6928.38,0.46,6.37,5.79,5.05,32.9,11
2026-08-20T23:01:20Z,celmis-web,0.01,83.37,6928.38,1.20,0.56,0.68,15.0,0.0,12
2026-08-20T23:01:20Z,celmis-sandbox,0.03,44.02,3072.0,1.43,0.0,0.0,1.86,0.0,3
2026-08-20T23:01:20Z,celmis-qdrant,0.07,246.5,6928.38,3.56,0.04,0.02,71.5,0.01,25
2026-08-20T23:01:26Z,celmis-api,0.84,514.0,6928.38,7.42,69.4,8.56,26.7,308.0,16
2026-08-20T23:01:26Z,celmis-postgres,0.26,31.51,6928.38,0.45,6.38,5.79,5.05,32.9,11
2026-08-20T23:01:26Z,celmis-web,0.01,83.37,6928.38,1.20,0.56,0.68,15.0,0.0,12
2026-08-20T23:01:26Z,celmis-sandbox,0.03,44.02,3072.0,1.43,0.0,0.0,1.86,0.0,3
2026-08-20T23:01:26Z,celmis-qdrant,0.09,246.5,6928.38,3.56,0.04,0.02,71.5,0.01,25
2026-08-20T23:01:32Z,celmis-api,1.60,513.9,6928.38,7.42,69.4,8.56,26.7,308.0,16
2026-08-20T23:01:32Z,celmis-postgres,0.00,31.58,6928.38,0.46,6.38,5.79,5.05,32.9,11
2026-08-20T23:01:32Z,celmis-web,1.83,83.92,6928.38,1.21,0.56,0.68,15.0,0.0,12
2026-08-20T23:01:32Z,celmis-sandbox,0.03,44.02,3072.0,1.43,0.0,0.0,1.86,0.0,3
2026-08-20T23:01:32Z,celmis-qdrant,0.10,246.5,6928.38,3.56,0.04,0.02,71.5,0.01,25
2026-08-20T23:01:37Z,celmis-api,0.28,513.9,6928.38,7.42,69.4,8.56,26.7,308.0,16
2026-08-20T23:01:37Z,celmis-postgres,0.03,31.6,6928.38,0.46,6.38,5.79,5.05,33.0,11
2026-08-20T23:01:37Z,celmis-web,0.01,83.85,6928.38,1.21,0.56,0.68,15.0,0.0,12
2026-08-20T23:01:37Z,celmis-sandbox,0.03,44.02,3072.0,1.43,0.0,0.0,1.86,0.0,3
2026-08-20T23:01:37Z,celmis-qdrant,0.10,246.1,6928.38,3.55,0.04,0.02,71.5,0.01,25
2026-08-20T23:01:43Z,celmis-api,0.28,513.9,6928.38,7.42,69.4,8.56,26.7,308.0,16
2026-08-20T23:01:43Z,celmis-postgres,0.03,31.82,6928.38,0.46,6.38,5.79,5.05,33.0,11
2026-08-20T23:01:43Z,celmis-web,0.01,83.85,6928.38,1.21,0.56,0.68,15.0,0.0,12
2026-08-20T23:01:43Z,celmis-sandbox,0.03,43.69,3072.0,1.42,0.0,0.0,1.86,0.0,3
2026-08-20T23:01:43Z,celmis-qdrant,0.09,246.1,6928.38,3.55,0.04,0.02,71.5,0.01,25
2026-08-20T23:01:49Z,celmis-api,0.24,513.9,6928.38,7.42,69.4,8.57,26.7,308.0,16
2026-08-20T23:01:49Z,celmis-postgres,1.90,31.81,6928.38,0.46,6.38,5.8,5.05,33.0,11
2026-08-20T23:01:49Z,celmis-web,0.00,83.47,6928.38,1.20,0.56,0.68,15.0,0.0,12
2026-08-20T23:01:49Z,celmis-sandbox,0.03,43.69,3072.0,1.42,0.0,0.0,1.86,0.0,3
2026-08-20T23:01:49Z,celmis-qdrant,0.08,246.8,6928.38,3.56,0.04,0.02,71.5,0.01,25
2026-08-20T23:01:54Z,celmis-api,1.42,514.1,6928.38,7.42,69.4,8.57,26.7,308.0,16
2026-08-20T23:01:54Z,celmis-postgres,2.13,31.57,6928.38,0.46,6.38,5.8,5.05,33.0,11
2026-08-20T23:01:54Z,celmis-web,0.00,83.47,6928.38,1.20,0.56,0.68,15.0,0.0,12
2026-08-20T23:01:54Z,celmis-sandbox,0.03,43.69,3072.0,1.42,0.0,0.0,1.86,0.0,3
2026-08-20T23:01:54Z,celmis-qdrant,0.10,246.8,6928.38,3.56,0.04,0.02,71.5,0.01,25
2026-08-20T23:01:59Z,celmis-api,0.30,514.4,6928.38,7.42,69.4,8.57,26.7,308.0,16
2026-08-20T23:01:59Z,celmis-postgres,0.03,31.8,6928.38,0.46,6.38,5.8,5.05,33.0,11
2026-08-20T23:01:59Z,celmis-web,0.01,83.47,6928.38,1.20,0.56,0.68,15.0,0.0,12
2026-08-20T23:01:59Z,celmis-sandbox,0.03,43.69,3072.0,1.42,0.0,0.0,1.86,0.0,3
2026-08-20T23:01:59Z,celmis-qdrant,0.09,246.8,6928.38,3.56,0.04,0.02,71.5,0.01,25
2026-08-20T23:02:05Z,celmis-api,0.27,514.1,6928.38,7.42,69.4,8.57,26.7,308.0,16
2026-08-20T23:02:05Z,celmis-postgres,0.03,31.59,6928.38,0.46,6.39,5.8,5.05,33.0,11
2026-08-20T23:02:05Z,celmis-web,0.00,83.38,6928.38,1.20,0.56,0.68,15.0,0.0,12
2026-08-20T23:02:05Z,celmis-sandbox,0.03,43.69,3072.0,1.42,0.0,0.0,1.86,0.0,3
2026-08-20T23:02:05Z,celmis-qdrant,0.09,246.2,6928.38,3.55,0.04,0.02,71.5,0.01,25
2026-08-20T23:02:11Z,celmis-api,1.24,514.1,6928.38,7.42,69.4,8.57,26.7,308.0,16
2026-08-20T23:02:11Z,celmis-postgres,0.92,31.73,6928.38,0.46,6.39,5.8,5.05,33.0,11
2026-08-20T23:02:11Z,celmis-web,0.00,83.38,6928.38,1.20,0.56,0.68,15.0,0.0,12
2026-08-20T23:02:11Z,celmis-sandbox,0.03,43.69,3072.0,1.42,0.0,0.0,1.86,0.0,3
2026-08-20T23:02:11Z,celmis-qdrant,0.08,246.2,6928.38,3.55,0.04,0.02,71.5,0.01,25
2026-08-20T23:02:16Z,celmis-api,0.69,514.1,6928.38,7.42,69.4,8.57,26.7,308.0,16
2026-08-20T23:02:16Z,celmis-postgres,0.17,31.7,6928.38,0.46,6.39,5.8,5.05,33.0,11
2026-08-20T23:02:16Z,celmis-web,0.01,83.38,6928.38,1.20,0.56,0.68,15.0,0.0,12
2026-08-20T23:02:16Z,celmis-sandbox,0.03,43.62,3072.0,1.42,0.0,0.0,1.86,0.0,3
2026-08-20T23:02:16Z,celmis-qdrant,0.09,246.2,6928.38,3.55,0.04,0.02,71.5,0.01,25
2026-08-20T23:02:21Z,celmis-api,0.29,514.3,6928.38,7.42,69.4,8.58,26.7,308.0,16
2026-08-20T23:02:21Z,celmis-postgres,0.00,31.66,6928.38,0.46,6.39,5.81,5.05,33.0,11
2026-08-20T23:02:21Z,celmis-web,0.01,83.55,6928.38,1.21,0.56,0.68,15.0,0.0,12
2026-08-20T23:02:21Z,celmis-sandbox,0.03,43.62,3072.0,1.42,0.0,0.0,1.86,0.0,3
2026-08-20T23:02:21Z,celmis-qdrant,0.07,246.6,6928.38,3.56,0.04,0.02,71.5,0.01,25
2026-08-20T23:02:27Z,celmis-api,0.25,514.2,6928.38,7.42,69.4,8.58,26.7,308.0,16
2026-08-20T23:02:27Z,celmis-postgres,0.02,31.62,6928.38,0.46,6.39,5.81,5.05,33.0,11
2026-08-20T23:02:27Z,celmis-web,0.01,83.55,6928.38,1.21,0.56,0.68,15.0,0.0,12
2026-08-20T23:02:27Z,celmis-sandbox,0.03,43.62,3072.0,1.42,0.0,0.0,1.86,0.0,3
2026-08-20T23:02:27Z,celmis-qdrant,0.10,246.6,6928.38,3.56,0.04,0.02,71.5,0.01,25
2026-08-20T23:02:33Z,celmis-api,2.30,514.5,6928.38,7.42,69.4,8.58,26.7,308.0,16
2026-08-20T23:02:33Z,celmis-postgres,0.03,31.43,6928.38,0.45,6.39,5.81,5.05,33.0,11
2026-08-20T23:02:33Z,celmis-web,0.03,83.5,6928.38,1.21,0.56,0.68,15.0,0.0,12
2026-08-20T23:02:33Z,celmis-sandbox,0.03,43.62,3072.0,1.42,0.0,0.0,1.86,0.0,3
2026-08-20T23:02:33Z,celmis-qdrant,1.47,246.5,6928.38,3.56,0.04,0.02,71.5,0.01,25
2026-08-20T23:02:38Z,celmis-api,0.23,514.5,6928.38,7.42,69.4,8.58,26.7,308.0,16
2026-08-20T23:02:38Z,celmis-postgres,1.73,32.05,6928.38,0.46,6.4,5.81,5.05,33.0,11
2026-08-20T23:02:38Z,celmis-web,0.03,83.5,6928.38,1.21,0.56,0.68,15.0,0.0,12
2026-08-20T23:02:38Z,celmis-sandbox,0.02,43.62,3072.0,1.42,0.0,0.0,1.86,0.0,3
2026-08-20T23:02:38Z,celmis-qdrant,0.07,246.5,6928.38,3.56,0.04,0.02,71.5,0.01,25
2026-08-20T23:02:44Z,celmis-api,0.27,514.5,6928.38,7.42,69.4,8.58,26.7,308.0,16
2026-08-20T23:02:44Z,celmis-postgres,1.87,31.55,6928.38,0.46,6.4,5.81,5.05,33.0,11
2026-08-20T23:02:44Z,celmis-web,0.00,83.5,6928.38,1.21,0.56,0.68,15.0,0.0,12
2026-08-20T23:02:44Z,celmis-sandbox,0.03,43.79,3072.0,1.43,0.0,0.0,1.86,0.0,3
2026-08-20T23:02:44Z,celmis-qdrant,0.08,246.5,6928.38,3.56,0.04,0.02,71.5,0.01,25
2026-08-20T23:02:49Z,celmis-api,0.29,514.2,6928.38,7.42,69.4,8.58,26.7,308.0,16
2026-08-20T23:02:49Z,celmis-postgres,0.89,32.13,6928.38,0.46,6.4,5.81,5.05,33.0,17
2026-08-20T23:02:49Z,celmis-web,0.01,83.46,6928.38,1.20,0.56,0.68,15.0,0.0,12
2026-08-20T23:02:49Z,celmis-sandbox,0.02,43.79,3072.0,1.43,0.0,0.0,1.86,0.0,3
2026-08-20T23:02:49Z,celmis-qdrant,0.10,246.4,6928.38,3.56,0.04,0.02,71.5,0.01,25
2026-08-20T23:02:55Z,celmis-api,0.26,514.2,6928.38,7.42,69.4,8.59,26.7,308.0,16
2026-08-20T23:02:55Z,celmis-postgres,0.01,31.58,6928.38,0.46,6.4,5.81,5.05,33.0,11
2026-08-20T23:02:55Z,celmis-web,0.01,83.46,6928.38,1.20,0.56,0.68,15.0,0.0,12
2026-08-20T23:02:55Z,celmis-sandbox,0.03,43.79,3072.0,1.43,0.0,0.0,1.86,0.0,3
2026-08-20T23:02:55Z,celmis-qdrant,0.09,246.4,6928.38,3.56,0.04,0.02,71.5,0.01,25
2026-08-20T23:03:01Z,celmis-api,0.27,514.1,6928.38,7.42,69.4,8.59,26.7,308.0,16
2026-08-20T23:03:01Z,celmis-postgres,0.03,31.59,6928.38,0.46,6.4,5.82,5.05,33.0,11
2026-08-20T23:03:01Z,celmis-web,0.01,83.46,6928.38,1.20,0.56,0.68,15.0,0.0,12
2026-08-20T23:03:01Z,celmis-sandbox,0.04,43.79,3072.0,1.43,0.0,0.0,1.86,0.0,3
2026-08-20T23:03:01Z,celmis-qdrant,0.08,246.4,6928.38,3.56,0.04,0.02,71.5,0.01,25
2026-08-20T23:03:06Z,celmis-api,0.72,514.2,6928.38,7.42,69.4,8.59,26.7,308.0,16
2026-08-20T23:03:06Z,celmis-postgres,0.21,31.75,6928.38,0.46,6.4,5.82,5.05,33.0,11
2026-08-20T23:03:06Z,celmis-web,0.01,83.25,6928.38,1.20,0.56,0.68,15.0,0.0,12
2026-08-20T23:03:06Z,celmis-sandbox,0.06,43.79,3072.0,1.43,0.0,0.0,1.86,0.0,3
2026-08-20T23:03:06Z,celmis-qdrant,0.09,246.5,6928.38,3.56,0.04,0.02,71.5,0.01,25
2026-08-20T23:03:12Z,celmis-api,0.29,514.2,6928.38,7.42,69.4,8.59,26.7,308.0,16
2026-08-20T23:03:12Z,celmis-postgres,0.00,31.86,6928.38,0.46,6.41,5.82,5.05,33.0,11
2026-08-20T23:03:12Z,celmis-web,0.01,83.25,6928.38,1.20,0.56,0.68,15.0,0.0,12
2026-08-20T23:03:12Z,celmis-sandbox,0.04,43.79,3072.0,1.43,0.0,0.0,1.86,0.0,3
2026-08-20T23:03:12Z,celmis-qdrant,0.22,246.5,6928.38,3.56,0.04,0.02,71.5,0.01,25
2026-08-20T23:03:17Z,celmis-api,0.76,514.2,6928.38,7.42,69.4,8.59,26.7,308.0,16
2026-08-20T23:03:17Z,celmis-postgres,0.00,31.26,6928.38,0.45,6.41,5.82,5.05,33.0,11
2026-08-20T23:03:17Z,celmis-web,5.02,83.73,6928.38,1.21,0.56,0.68,15.0,0.0,12
2026-08-20T23:03:17Z,celmis-sandbox,0.02,44.22,3072.0,1.44,0.0,0.0,1.86,0.0,3
2026-08-20T23:03:17Z,celmis-qdrant,1.35,246.5,6928.38,3.56,0.04,0.02,71.5,0.01,25
2026-08-20T23:03:23Z,celmis-api,0.32,514.2,6928.38,7.42,69.4,8.59,26.7,308.0,16
2026-08-20T23:03:23Z,celmis-postgres,0.00,31.45,6928.38,0.45,6.41,5.82,5.05,33.0,11
2026-08-20T23:03:23Z,celmis-web,0.04,83.65,6928.38,1.21,0.56,0.68,15.0,0.0,12
2026-08-20T23:03:23Z,celmis-sandbox,0.04,44.22,3072.0,1.44,0.0,0.0,1.86,0.0,3
2026-08-20T23:03:23Z,celmis-qdrant,0.10,246.4,6928.38,3.56,0.04,0.02,71.5,0.01,25
2026-08-20T23:03:29Z,celmis-api,0.26,514.1,6928.38,7.42,69.4,8.6,26.7,308.0,16
2026-08-20T23:03:29Z,celmis-postgres,0.02,31.42,6928.38,0.45,6.41,5.82,5.05,33.0,11
2026-08-20T23:03:29Z,celmis-web,0.01,83.65,6928.38,1.21,0.56,0.68,15.0,0.0,12
2026-08-20T23:03:29Z,celmis-sandbox,0.03,44.22,3072.0,1.44,0.0,0.0,1.86,0.0,3
2026-08-20T23:03:29Z,celmis-qdrant,0.09,246.4,6928.38,3.56,0.04,0.02,71.5,0.01,25
2026-08-20T23:03:34Z,celmis-api,0.26,514.1,6928.38,7.42,69.4,8.6,26.7,308.0,16
2026-08-20T23:03:34Z,celmis-postgres,0.04,31.48,6928.38,0.45,6.41,5.82,5.05,33.0,11
2026-08-20T23:03:34Z,celmis-web,0.01,83.47,6928.38,1.20,0.56,0.68,15.0,0.0,12
2026-08-20T23:03:34Z,celmis-sandbox,0.03,44.22,3072.0,1.44,0.0,0.0,1.86,0.0,3
2026-08-20T23:03:34Z,celmis-qdrant,0.07,246.3,6928.38,3.56,0.04,0.02,71.5,0.01,25
2026-08-20T23:03:39Z,celmis-api,0.26,514.1,6928.38,7.42,69.4,8.6,26.7,308.0,16
2026-08-20T23:03:39Z,celmis-postgres,1.74,31.32,6928.38,0.45,6.41,5.83,5.05,33.0,11
2026-08-20T23:03:39Z,celmis-web,0.02,83.47,6928.38,1.20,0.56,0.68,15.0,0.0,12
2026-08-20T23:03:39Z,celmis-sandbox,0.03,44.22,3072.0,1.44,0.0,0.0,1.86,0.0,3
2026-08-20T23:03:39Z,celmis-qdrant,0.07,246.3,6928.38,3.56,0.04,0.02,71.5,0.01,25
2026-08-20T23:03:45Z,celmis-api,0.27,514.1,6928.38,7.42,69.4,8.6,26.7,308.0,16
2026-08-20T23:03:45Z,celmis-postgres,1.55,32.0,6928.38,0.46,6.42,5.83,5.05,33.0,11
2026-08-20T23:03:45Z,celmis-web,0.12,83.47,6928.38,1.20,0.56,0.68,15.0,0.0,12
2026-08-20T23:03:45Z,celmis-sandbox,0.04,43.8,3072.0,1.43,0.0,0.0,1.86,0.0,3
2026-08-20T23:03:45Z,celmis-qdrant,0.08,246.3,6928.38,3.56,0.04,0.02,71.5,0.01,25
2026-08-20T23:03:50Z,celmis-api,0.28,514.3,6928.38,7.42,69.4,8.6,26.7,308.0,16
2026-08-20T23:03:50Z,celmis-postgres,2.65,31.76,6928.38,0.46,6.42,5.83,5.05,33.0,11
2026-08-20T23:03:50Z,celmis-web,0.00,83.65,6928.38,1.21,0.56,0.68,15.0,0.0,12
2026-08-20T23:03:50Z,celmis-sandbox,0.04,43.8,3072.0,1.43,0.0,0.0,1.86,0.0,3
2026-08-20T23:03:50Z,celmis-qdrant,0.08,246.5,6928.38,3.56,0.04,0.02,71.5,0.01,25
2026-08-20T23:03:56Z,celmis-api,0.72,514.3,6928.38,7.42,69.4,8.6,26.7,308.0,16
2026-08-20T23:03:56Z,celmis-postgres,0.16,31.51,6928.38,0.45,6.42,5.83,5.05,33.0,11
2026-08-20T23:03:56Z,celmis-web,0.01,83.65,6928.38,1.21,0.56,0.68,15.0,0.0,12
2026-08-20T23:03:56Z,celmis-sandbox,0.02,43.8,3072.0,1.43,0.0,0.0,1.86,0.0,3
2026-08-20T23:03:56Z,celmis-qdrant,0.12,246.5,6928.38,3.56,0.04,0.02,71.5,0.01,25
2026-08-20T23:04:02Z,celmis-api,0.71,514.3,6928.38,7.42,69.4,8.61,26.7,308.0,16
2026-08-20T23:04:02Z,celmis-postgres,0.05,31.82,6928.38,0.46,6.42,5.83,5.05,33.0,11
2026-08-20T23:04:02Z,celmis-web,0.01,83.65,6928.38,1.21,0.56,0.68,15.0,0.0,12
2026-08-20T23:04:02Z,celmis-sandbox,0.04,43.8,3072.0,1.43,0.0,0.0,1.86,0.0,3
2026-08-20T23:04:02Z,celmis-qdrant,0.11,246.5,6928.38,3.56,0.04,0.02,71.5,0.01,25
2026-08-20T23:04:07Z,celmis-api,0.29,514.2,6928.38,7.42,69.4,8.61,26.7,308.0,16
2026-08-20T23:04:07Z,celmis-postgres,0.03,31.55,6928.38,0.46,6.42,5.83,5.05,33.0,11
2026-08-20T23:04:07Z,celmis-web,0.00,84.22,6928.38,1.22,0.56,0.68,15.0,0.0,12
2026-08-20T23:04:07Z,celmis-sandbox,0.03,43.8,3072.0,1.43,0.0,0.0,1.86,0.0,3
2026-08-20T23:04:07Z,celmis-qdrant,0.12,246.6,6928.38,3.56,0.04,0.02,71.5,0.01,25
2026-08-20T23:04:13Z,celmis-api,0.19,514.2,6928.38,7.42,69.4,8.61,26.7,308.0,16
2026-08-20T23:04:13Z,celmis-postgres,0.00,31.36,6928.38,0.45,6.42,5.83,5.05,33.0,11
2026-08-20T23:04:13Z,celmis-web,0.01,84.22,6928.38,1.22,0.56,0.68,15.0,0.0,12
2026-08-20T23:04:13Z,celmis-sandbox,13.71,43.99,3072.0,1.43,0.0,0.0,1.86,0.0,3
2026-08-20T23:04:13Z,celmis-qdrant,0.09,246.6,6928.38,3.56,0.04,0.02,71.5,0.01,25
2026-08-20T23:04:19Z,celmis-api,0.26,514.2,6928.38,7.42,69.4,8.61,26.7,308.0,16
2026-08-20T23:04:19Z,celmis-postgres,0.00,31.99,6928.38,0.46,6.43,5.84,5.05,33.0,11
2026-08-20T23:04:19Z,celmis-web,0.01,83.93,6928.38,1.21,0.56,0.68,15.0,0.0,12
2026-08-20T23:04:19Z,celmis-sandbox,0.03,43.98,3072.0,1.43,0.0,0.0,1.86,0.0,3
2026-08-20T23:04:19Z,celmis-qdrant,1.32,246.6,6928.38,3.56,0.04,0.02,71.5,0.01,25
2026-08-20T23:04:24Z,celmis-api,1.11,514.2,6928.38,7.42,69.4,8.61,26.7,308.0,16
2026-08-20T23:04:24Z,celmis-postgres,0.91,31.52,6928.38,0.45,6.43,5.84,5.05,33.1,11
2026-08-20T23:04:24Z,celmis-web,0.02,83.77,6928.38,1.21,0.56,0.68,15.0,0.0,12
2026-08-20T23:04:24Z,celmis-sandbox,0.03,43.98,3072.0,1.43,0.0,0.0,1.86,0.0,3
2026-08-20T23:04:24Z,celmis-qdrant,0.09,246.6,6928.38,3.56,0.04,0.02,71.5,0.01,25
2026-08-20T23:04:29Z,celmis-api,0.24,514.2,6928.38,7.42,69.4,8.61,26.7,308.0,16
2026-08-20T23:04:29Z,celmis-postgres,2.21,31.79,6928.38,0.46,6.43,5.84,5.05,33.1,11
2026-08-20T23:04:29Z,celmis-web,0.01,83.77,6928.38,1.21,0.56,0.68,15.0,0.0,12
2026-08-20T23:04:29Z,celmis-sandbox,0.03,43.98,3072.0,1.43,0.0,0.0,1.86,0.0,3
2026-08-20T23:04:29Z,celmis-qdrant,0.08,246.6,6928.38,3.56,0.04,0.02,71.5,0.01,25
2026-08-20T23:04:35Z,celmis-api,0.27,514.1,6928.38,7.42,69.4,8.62,26.7,308.0,16
2026-08-20T23:04:35Z,celmis-postgres,1.49,31.58,6928.38,0.46,6.43,5.84,5.05,33.1,11
2026-08-20T23:04:35Z,celmis-web,0.01,83.97,6928.38,1.21,0.56,0.68,15.0,0.0,12
2026-08-20T23:04:35Z,celmis-sandbox,0.07,43.98,3072.0,1.43,0.0,0.0,1.86,0.0,3
2026-08-20T23:04:35Z,celmis-qdrant,0.36,246.5,6928.38,3.56,0.04,0.02,71.5,0.01,25
2026-08-20T23:04:41Z,celmis-api,0.70,514.1,6928.38,7.42,69.4,8.62,26.7,308.0,16
2026-08-20T23:04:41Z,celmis-postgres,1.93,31.51,6928.38,0.45,6.43,5.84,5.05,33.1,11
2026-08-20T23:04:41Z,celmis-web,0.01,83.97,6928.38,1.21,0.56,0.68,15.0,0.0,12
2026-08-20T23:04:41Z,celmis-sandbox,0.03,43.98,3072.0,1.43,0.0,0.0,1.86,0.0,3
2026-08-20T23:04:41Z,celmis-qdrant,0.07,246.5,6928.38,3.56,0.04,0.02,71.5,0.01,25
2026-08-20T23:04:46Z,celmis-api,0.72,514.1,6928.38,7.42,69.4,8.62,26.7,308.0,16
2026-08-20T23:04:46Z,celmis-postgres,0.13,31.55,6928.38,0.46,6.43,5.84,5.05,33.1,11
2026-08-20T23:04:46Z,celmis-web,0.01,83.97,6928.38,1.21,0.56,0.68,15.0,0.0,12
2026-08-20T23:04:46Z,celmis-sandbox,0.04,43.9,3072.0,1.43,0.0,0.0,1.86,0.0,3
2026-08-20T23:04:46Z,celmis-qdrant,0.08,246.5,6928.38,3.56,0.04,0.02,71.5,0.01,25
2026-08-20T23:04:52Z,celmis-api,0.30,514.1,6928.38,7.42,69.4,8.62,26.7,308.0,16
2026-08-20T23:04:52Z,celmis-postgres,0.00,31.7,6928.38,0.46,6.44,5.85,5.05,33.1,11
2026-08-20T23:04:52Z,celmis-web,0.01,84.15,6928.38,1.21,0.56,0.68,15.0,0.0,12
2026-08-20T23:04:52Z,celmis-sandbox,0.03,43.9,3072.0,1.43,0.0,0.0,1.86,0.0,3
2026-08-20T23:04:52Z,celmis-qdrant,0.10,246.5,6928.38,3.56,0.04,0.02,71.5,0.01,25
2026-08-20T23:04:57Z,celmis-api,0.27,514.0,6928.38,7.42,69.4,8.62,26.7,308.0,16
2026-08-20T23:04:57Z,celmis-postgres,0.14,31.59,6928.38,0.46,6.44,5.85,5.05,33.1,11
2026-08-20T23:04:57Z,celmis-web,0.00,84.14,6928.38,1.21,0.56,0.68,15.0,0.0,12
2026-08-20T23:04:57Z,celmis-sandbox,0.03,43.9,3072.0,1.43,0.0,0.0,1.86,0.0,3
2026-08-20T23:04:57Z,celmis-qdrant,0.08,246.5,6928.38,3.56,0.04,0.02,71.5,0.01,25
2026-08-20T23:05:03Z,celmis-api,1.79,514.0,6928.38,7.42,69.4,8.62,26.7,308.0,16
2026-08-20T23:05:03Z,celmis-postgres,0.03,31.76,6928.38,0.46,6.44,5.85,5.05,33.1,11
2026-08-20T23:05:03Z,celmis-web,0.01,84.14,6928.38,1.21,0.56,0.68,15.0,0.0,12
2026-08-20T23:05:03Z,celmis-sandbox,0.03,43.9,3072.0,1.43,0.0,0.0,1.86,0.0,3
2026-08-20T23:05:03Z,celmis-qdrant,1.03,246.4,6928.38,3.56,0.04,0.02,71.5,0.01,25
2026-08-20T23:05:09Z,celmis-api,0.28,514.0,6928.38,7.42,69.4,8.63,26.7,308.0,16
2026-08-20T23:05:09Z,celmis-postgres,0.04,31.49,6928.38,0.45,6.44,5.85,5.05,33.1,11
2026-08-20T23:05:09Z,celmis-web,0.02,84.16,6928.38,1.21,0.56,0.68,15.0,0.0,12
2026-08-20T23:05:09Z,celmis-sandbox,0.04,43.9,3072.0,1.43,0.0,0.0,1.86,0.0,3
2026-08-20T23:05:09Z,celmis-qdrant,0.10,246.4,6928.38,3.56,0.04,0.02,71.5,0.01,25
2026-08-20T23:05:14Z,celmis-api,0.30,514.0,6928.38,7.42,69.4,8.63,26.7,308.0,16
2026-08-20T23:05:14Z,celmis-postgres,0.00,31.27,6928.38,0.45,6.44,5.85,5.05,33.1,11
2026-08-20T23:05:14Z,celmis-web,0.01,84.16,6928.38,1.21,0.56,0.68,15.0,0.0,12
2026-08-20T23:05:14Z,celmis-sandbox,0.04,44.0,3072.0,1.43,0.0,0.0,1.86,0.0,3
2026-08-20T23:05:14Z,celmis-qdrant,0.14,246.4,6928.38,3.56,0.04,0.02,71.5,0.01,25
2026-08-20T23:05:19Z,celmis-api,0.39,514.2,6928.38,7.42,69.4,8.63,26.7,308.0,16
2026-08-20T23:05:19Z,celmis-postgres,0.06,31.51,6928.38,0.45,6.44,5.85,5.05,33.1,11
2026-08-20T23:05:19Z,celmis-web,0.01,84.04,6928.38,1.21,0.56,0.68,15.0,0.0,12
2026-08-20T23:05:19Z,celmis-sandbox,0.04,44.0,3072.0,1.43,0.0,0.0,1.86,0.0,3
2026-08-20T23:05:19Z,celmis-qdrant,0.08,246.3,6928.38,3.55,0.04,0.02,71.5,0.01,25
2026-08-20T23:05:25Z,celmis-api,0.25,514.2,6928.38,7.42,69.4,8.63,26.7,308.0,16
2026-08-20T23:05:25Z,celmis-postgres,1.74,31.97,6928.38,0.46,6.45,5.85,5.05,33.1,11
2026-08-20T23:05:25Z,celmis-web,0.00,84.02,6928.38,1.21,0.56,0.68,15.0,0.0,12
2026-08-20T23:05:25Z,celmis-sandbox,0.03,44.0,3072.0,1.43,0.0,0.0,1.86,0.0,3
2026-08-20T23:05:25Z,celmis-qdrant,0.10,246.3,6928.38,3.55,0.04,0.02,71.5,0.01,25
2026-08-20T23:05:30Z,celmis-api,0.64,514.2,6928.38,7.42,69.4,8.63,26.7,308.0,16
2026-08-20T23:05:30Z,celmis-postgres,2.85,31.61,6928.38,0.46,6.45,5.86,5.05,33.1,11
2026-08-20T23:05:30Z,celmis-web,0.01,84.02,6928.38,1.21,0.56,0.68,15.0,0.0,12
2026-08-20T23:05:30Z,celmis-sandbox,0.04,44.0,3072.0,1.43,0.0,0.0,1.86,0.0,3
2026-08-20T23:05:30Z,celmis-qdrant,0.08,246.3,6928.38,3.55,0.04,0.02,71.5,0.01,25
2026-08-20T23:05:36Z,celmis-api,0.74,514.1,6928.38,7.42,69.4,8.63,26.7,308.0,16
2026-08-20T23:05:36Z,celmis-postgres,1.90,31.52,6928.38,0.45,6.45,5.86,5.05,33.1,11
2026-08-20T23:05:36Z,celmis-web,0.01,84.16,6928.38,1.21,0.56,0.68,15.0,0.0,12
2026-08-20T23:05:36Z,celmis-sandbox,0.02,44.0,3072.0,1.43,0.0,0.0,1.86,0.0,3
2026-08-20T23:05:36Z,celmis-qdrant,0.11,246.4,6928.38,3.56,0.04,0.02,71.5,0.01,25
2026-08-20T23:05:42Z,celmis-api,0.27,514.1,6928.38,7.42,69.4,8.64,26.7,308.0,16
2026-08-20T23:05:42Z,celmis-postgres,0.00,31.73,6928.38,0.46,6.45,5.86,5.05,33.1,11
2026-08-20T23:05:42Z,celmis-web,0.01,84.16,6928.38,1.21,0.56,0.68,15.0,0.0,12
2026-08-20T23:05:42Z,celmis-sandbox,0.03,44.0,3072.0,1.43,0.0,0.0,1.86,0.0,3
2026-08-20T23:05:42Z,celmis-qdrant,0.06,246.4,6928.38,3.56,0.04,0.02,71.5,0.01,25
2026-08-20T23:05:47Z,celmis-api,1.88,514.0,6928.38,7.42,69.4,8.64,26.7,308.0,16
2026-08-20T23:05:47Z,celmis-postgres,0.13,31.69,6928.38,0.46,6.45,5.86,5.05,33.1,11
2026-08-20T23:05:47Z,celmis-web,2.06,84.33,6928.38,1.22,0.56,0.68,15.0,0.0,12
2026-08-20T23:05:47Z,celmis-sandbox,0.03,44.17,3072.0,1.44,0.0,0.0,1.86,0.0,3
2026-08-20T23:05:47Z,celmis-qdrant,1.20,246.6,6928.38,3.56,0.04,0.02,71.5,0.01,25
2026-08-20T23:05:53Z,celmis-api,0.28,513.9,6928.38,7.42,69.4,8.64,26.7,308.0,16
2026-08-20T23:05:53Z,celmis-postgres,0.00,31.48,6928.38,0.45,6.45,5.86,5.05,33.1,11
2026-08-20T23:05:53Z,celmis-web,0.01,84.27,6928.38,1.22,0.56,0.68,15.0,0.0,12
2026-08-20T23:05:53Z,celmis-sandbox,0.04,44.17,3072.0,1.44,0.0,0.0,1.86,0.0,3
2026-08-20T23:05:53Z,celmis-qdrant,0.04,246.6,6928.38,3.56,0.04,0.02,71.5,0.01,25
2026-08-20T23:05:59Z,celmis-api,0.31,513.8,6928.38,7.42,69.4,8.64,26.7,308.0,16
2026-08-20T23:05:59Z,celmis-postgres,0.00,31.77,6928.38,0.46,6.46,5.86,5.05,33.1,11
2026-08-20T23:05:59Z,celmis-web,0.01,84.27,6928.38,1.22,0.56,0.68,15.0,0.0,12
2026-08-20T23:05:59Z,celmis-sandbox,0.04,44.17,3072.0,1.44,0.0,0.0,1.86,0.0,3
2026-08-20T23:05:59Z,celmis-qdrant,0.11,246.6,6928.38,3.56,0.04,0.02,71.5,0.01,25
2026-08-20T23:06:04Z,celmis-api,0.32,514.0,6928.38,7.42,69.4,8.64,26.7,308.0,16
2026-08-20T23:06:04Z,celmis-postgres,0.04,31.76,6928.38,0.46,6.46,5.86,5.05,33.1,11
2026-08-20T23:06:04Z,celmis-web,0.01,84.02,6928.38,1.21,0.56,0.68,15.0,0.0,12
2026-08-20T23:06:04Z,celmis-sandbox,0.04,44.17,3072.0,1.44,0.0,0.0,1.86,0.0,3
2026-08-20T23:06:04Z,celmis-qdrant,0.09,246.8,6928.38,3.56,0.04,0.02,71.5,0.01,25
2026-08-20T23:06:10Z,celmis-api,0.31,514.0,6928.38,7.42,69.4,8.64,26.7,308.0,16
2026-08-20T23:06:10Z,celmis-postgres,0.05,31.74,6928.38,0.46,6.46,5.87,5.05,33.1,11
2026-08-20T23:06:10Z,celmis-web,0.01,84.0,6928.38,1.21,0.56,0.68,15.0,0.0,12
2026-08-20T23:06:10Z,celmis-sandbox,0.02,44.17,3072.0,1.44,0.0,0.0,1.86,0.0,3
2026-08-20T23:06:10Z,celmis-qdrant,0.09,246.8,6928.38,3.56,0.04,0.02,71.5,0.01,25
2026-08-20T23:06:15Z,celmis-api,0.29,514.0,6928.38,7.42,69.4,8.64,26.7,308.0,16
2026-08-20T23:06:15Z,celmis-postgres,0.00,31.56,6928.38,0.46,6.46,5.87,5.05,33.1,11
2026-08-20T23:06:15Z,celmis-web,0.04,84.0,6928.38,1.21,0.56,0.68,15.0,0.0,12
2026-08-20T23:06:15Z,celmis-sandbox,0.04,43.92,3072.0,1.43,0.0,0.0,1.86,0.0,3
2026-08-20T23:06:15Z,celmis-qdrant,0.05,246.8,6928.38,3.56,0.04,0.02,71.5,0.01,25
2026-08-20T23:06:21Z,celmis-api,0.30,513.9,6928.38,7.42,69.4,8.65,26.7,308.0,16
2026-08-20T23:06:21Z,celmis-postgres,1.61,31.62,6928.38,0.46,6.46,5.87,5.05,33.1,11
2026-08-20T23:06:21Z,celmis-web,0.02,83.71,6928.38,1.21,0.56,0.68,15.0,0.0,12
2026-08-20T23:06:21Z,celmis-sandbox,0.04,43.83,3072.0,1.43,0.0,0.0,1.86,0.0,3
2026-08-20T23:06:21Z,celmis-qdrant,0.22,246.6,6928.38,3.56,0.04,0.02,71.5,0.01,25
2026-08-20T23:06:26Z,celmis-api,0.69,513.9,6928.38,7.42,69.4,8.65,26.7,308.0,16
2026-08-20T23:06:26Z,celmis-postgres,2.17,31.84,6928.38,0.46,6.47,5.87,5.05,33.2,11
2026-08-20T23:06:26Z,celmis-web,0.01,83.71,6928.38,1.21,0.56,0.68,15.0,0.0,12
2026-08-20T23:06:26Z,celmis-sandbox,0.03,43.83,3072.0,1.43,0.0,0.0,1.86,0.0,3
2026-08-20T23:06:26Z,celmis-qdrant,0.07,246.6,6928.38,3.56,0.04,0.02,71.5,0.01,25
2026-08-20T23:06:32Z,celmis-api,0.29,513.9,6928.38,7.42,69.4,8.65,26.7,308.0,16
2026-08-20T23:06:32Z,celmis-postgres,0.04,31.67,6928.38,0.46,6.47,5.87,5.05,33.2,11
2026-08-20T23:06:32Z,celmis-web,0.01,83.71,6928.38,1.21,0.56,0.68,15.0,0.0,12
2026-08-20T23:06:32Z,celmis-sandbox,0.03,43.83,3072.0,1.43,0.0,0.0,1.86,0.0,3
2026-08-20T23:06:32Z,celmis-qdrant,0.08,246.6,6928.38,3.56,0.04,0.02,71.5,0.01,25
2026-08-20T23:06:37Z,celmis-api,0.27,514.1,6928.38,7.42,69.4,8.65,26.7,308.0,16
2026-08-20T23:06:37Z,celmis-postgres,0.04,31.67,6928.38,0.46,6.47,5.87,5.05,33.2,11
2026-08-20T23:06:37Z,celmis-web,0.01,84.3,6928.38,1.22,0.56,0.68,15.0,0.0,12
2026-08-20T23:06:37Z,celmis-sandbox,0.04,43.83,3072.0,1.43,0.0,0.0,1.86,0.0,3
2026-08-20T23:06:37Z,celmis-qdrant,0.09,246.5,6928.38,3.56,0.04,0.02,71.5,0.01,25
2026-08-20T23:06:43Z,celmis-api,0.25,514.1,6928.38,7.42,69.5,8.65,26.7,308.0,16
2026-08-20T23:06:43Z,celmis-postgres,0.00,32.03,6928.38,0.46,6.47,5.87,5.05,33.2,11
2026-08-20T23:06:43Z,celmis-web,0.00,84.3,6928.38,1.22,0.56,0.68,15.0,0.0,12
2026-08-20T23:06:43Z,celmis-sandbox,0.05,43.83,3072.0,1.43,0.0,0.0,1.86,0.0,3
2026-08-20T23:06:43Z,celmis-qdrant,0.09,246.5,6928.38,3.56,0.04,0.02,71.5,0.01,25
2026-08-20T23:06:49Z,celmis-api,3.58,514.1,6928.38,7.42,69.5,8.65,26.7,308.0,16
2026-08-20T23:06:49Z,celmis-postgres,0.00,31.65,6928.38,0.46,6.47,5.88,5.05,33.2,11
2026-08-20T23:06:49Z,celmis-web,0.00,83.86,6928.38,1.21,0.56,0.68,15.0,0.0,12
2026-08-20T23:06:49Z,celmis-sandbox,0.03,44.25,3072.0,1.44,0.0,0.0,1.86,0.0,3
2026-08-20T23:06:49Z,celmis-qdrant,0.11,246.5,6928.38,3.56,0.04,0.02,71.5,0.01,25
2026-08-20T23:06:54Z,celmis-api,0.69,514.1,6928.38,7.42,69.5,8.66,26.7,308.0,16
2026-08-20T23:06:54Z,celmis-postgres,0.10,31.5,6928.38,0.45,6.47,5.88,5.05,33.2,11
2026-08-20T23:06:54Z,celmis-web,0.03,83.86,6928.38,1.21,0.56,0.68,15.0,0.0,12
2026-08-20T23:06:54Z,celmis-sandbox,0.03,44.25,3072.0,1.44,0.0,0.0,1.86,0.0,3
2026-08-20T23:06:54Z,celmis-qdrant,0.09,246.5,6928.38,3.56,0.04,0.02,71.5,0.01,25
2026-08-20T23:07:00Z,celmis-api,0.26,514.1,6928.38,7.42,69.5,8.66,26.7,308.0,16
2026-08-20T23:07:00Z,celmis-postgres,0.00,31.47,6928.38,0.45,6.47,5.88,5.05,33.2,11
2026-08-20T23:07:00Z,celmis-web,0.00,83.86,6928.38,1.21,0.56,0.68,15.0,0.0,12
2026-08-20T23:07:00Z,celmis-sandbox,0.03,44.25,3072.0,1.44,0.0,0.0,1.86,0.0,3
2026-08-20T23:07:00Z,celmis-qdrant,0.06,246.5,6928.38,3.56,0.04,0.02,71.5,0.01,25
2026-08-20T23:07:05Z,celmis-api,0.35,514.1,6928.38,7.42,69.5,8.66,26.7,308.0,16
2026-08-20T23:07:05Z,celmis-postgres,0.03,31.46,6928.38,0.45,6.48,5.88,5.05,33.2,11
2026-08-20T23:07:05Z,celmis-web,0.04,84.08,6928.38,1.21,0.56,0.68,15.0,0.0,12
2026-08-20T23:07:05Z,celmis-sandbox,0.03,44.25,3072.0,1.44,0.0,0.0,1.86,0.0,3
2026-08-20T23:07:05Z,celmis-qdrant,0.09,246.6,6928.38,3.56,0.04,0.02,71.5,0.01,25
2026-08-20T23:07:11Z,celmis-api,0.66,514.1,6928.38,7.42,69.5,8.66,26.7,308.0,16
2026-08-20T23:07:11Z,celmis-postgres,0.99,31.84,6928.38,0.46,6.48,5.88,5.05,33.2,11
2026-08-20T23:07:11Z,celmis-web,0.01,84.08,6928.38,1.21,0.56,0.68,15.0,0.0,12
2026-08-20T23:07:11Z,celmis-sandbox,0.04,44.25,3072.0,1.44,0.0,0.0,1.86,0.0,3
2026-08-20T23:07:11Z,celmis-qdrant,0.07,246.6,6928.38,3.56,0.04,0.02,71.5,0.01,25
2026-08-20T23:07:16Z,celmis-api,0.76,514.1,6928.38,7.42,69.5,8.66,26.7,308.0,16
2026-08-20T23:07:16Z,celmis-postgres,1.69,31.85,6928.38,0.46,6.48,5.88,5.05,33.2,11
2026-08-20T23:07:16Z,celmis-web,0.00,84.08,6928.38,1.21,0.56,0.68,15.0,0.0,12
2026-08-20T23:07:16Z,celmis-sandbox,0.04,43.92,3072.0,1.43,0.0,0.0,1.86,0.0,3
2026-08-20T23:07:16Z,celmis-qdrant,0.07,246.6,6928.38,3.56,0.04,0.02,71.5,0.01,25
2026-08-20T23:07:22Z,celmis-api,0.37,514.0,6928.38,7.42,69.5,8.66,26.7,308.0,16
2026-08-20T23:07:22Z,celmis-postgres,1.08,31.58,6928.38,0.46,6.48,5.88,5.05,33.2,11
2026-08-20T23:07:22Z,celmis-web,0.00,83.68,6928.38,1.21,0.56,0.68,15.0,0.0,12
2026-08-20T23:07:22Z,celmis-sandbox,0.02,43.92,3072.0,1.43,0.0,0.0,1.86,0.0,3
2026-08-20T23:07:22Z,celmis-qdrant,0.07,246.5,6928.38,3.56,0.04,0.02,71.5,0.01,25
2026-08-20T23:07:27Z,celmis-api,0.29,514.0,6928.38,7.42,69.5,8.67,26.7,308.0,16
2026-08-20T23:07:27Z,celmis-postgres,0.00,31.62,6928.38,0.46,6.48,5.89,5.05,33.2,11
2026-08-20T23:07:27Z,celmis-web,0.00,83.68,6928.38,1.21,0.56,0.68,15.0,0.0,12
2026-08-20T23:07:27Z,celmis-sandbox,0.03,43.92,3072.0,1.43,0.0,0.0,1.86,0.0,3
2026-08-20T23:07:27Z,celmis-qdrant,0.07,246.5,6928.38,3.56,0.04,0.02,71.5,0.01,25
2026-08-20T23:07:33Z,celmis-api,1.61,514.2,6928.38,7.42,69.5,8.67,26.7,308.0,16
2026-08-20T23:07:33Z,celmis-postgres,0.04,31.7,6928.38,0.46,6.48,5.89,5.05,33.2,11
2026-08-20T23:07:33Z,celmis-web,1.91,83.98,6928.38,1.21,0.56,0.68,15.0,0.0,12
2026-08-20T23:07:33Z,celmis-sandbox,0.02,43.92,3072.0,1.43,0.0,0.0,1.86,0.0,3
2026-08-20T23:07:33Z,celmis-qdrant,0.07,246.5,6928.38,3.56,0.04,0.02,71.5,0.01,25
2026-08-20T23:07:38Z,celmis-api,0.24,514.2,6928.38,7.42,69.5,8.67,26.7,308.0,16
2026-08-20T23:07:38Z,celmis-postgres,0.03,31.66,6928.38,0.46,6.49,5.89,5.05,33.2,11
2026-08-20T23:07:38Z,celmis-web,0.15,83.96,6928.38,1.21,0.56,0.68,15.0,0.0,12
2026-08-20T23:07:38Z,celmis-sandbox,0.05,43.92,3072.0,1.43,0.0,0.0,1.86,0.0,3
2026-08-20T23:07:38Z,celmis-qdrant,0.09,246.7,6928.38,3.56,0.04,0.02,71.5,0.01,25
2026-08-20T23:07:44Z,celmis-api,0.22,514.2,6928.38,7.42,69.5,8.67,26.7,308.0,16
2026-08-20T23:07:44Z,celmis-postgres,0.00,31.65,6928.38,0.46,6.49,5.89,5.05,33.2,11
2026-08-20T23:07:44Z,celmis-web,0.00,83.96,6928.38,1.21,0.56,0.68,15.0,0.0,12
2026-08-20T23:07:44Z,celmis-sandbox,13.60,43.89,3072.0,1.43,0.0,0.0,1.86,0.0,3
2026-08-20T23:07:44Z,celmis-qdrant,0.06,246.7,6928.38,3.56,0.04,0.02,71.5,0.01,25
2026-08-20T23:07:50Z,celmis-api,0.27,513.8,6928.38,7.42,69.5,8.67,26.7,308.0,16
2026-08-20T23:07:50Z,celmis-postgres,0.00,31.63,6928.38,0.46,6.49,5.89,5.05,33.2,11
2026-08-20T23:07:50Z,celmis-web,0.01,83.93,6928.38,1.21,0.56,0.68,15.0,0.0,12
2026-08-20T23:07:50Z,celmis-sandbox,0.03,43.84,3072.0,1.43,0.0,0.0,1.86,0.0,3
2026-08-20T23:07:50Z,celmis-qdrant,0.09,246.8,6928.38,3.56,0.04,0.02,71.5,0.01,25
2026-08-20T23:07:55Z,celmis-api,0.82,513.8,6928.38,7.42,69.5,8.68,26.7,308.0,16
2026-08-20T23:07:55Z,celmis-postgres,0.14,31.65,6928.38,0.46,6.49,5.89,5.05,33.2,11
2026-08-20T23:07:55Z,celmis-web,0.00,83.93,6928.38,1.21,0.56,0.68,15.0,0.0,12
2026-08-20T23:07:55Z,celmis-sandbox,0.03,43.84,3072.0,1.43,0.0,0.0,1.86,0.0,3
2026-08-20T23:07:55Z,celmis-qdrant,0.07,246.8,6928.38,3.56,0.04,0.02,71.5,0.01,25
2026-08-20T23:08:01Z,celmis-api,0.29,513.8,6928.38,7.42,69.5,8.68,26.7,308.0,16
2026-08-20T23:08:01Z,celmis-postgres,0.00,31.63,6928.38,0.46,6.49,5.9,5.05,33.2,11
2026-08-20T23:08:01Z,celmis-web,0.01,83.93,6928.38,1.21,0.56,0.68,15.0,0.0,12
2026-08-20T23:08:01Z,celmis-sandbox,0.03,43.84,3072.0,1.43,0.0,0.0,1.86,0.0,3
2026-08-20T23:08:01Z,celmis-qdrant,0.08,246.8,6928.38,3.56,0.04,0.02,71.5,0.01,25
2026-08-20T23:08:06Z,celmis-api,0.68,514.0,6928.38,7.42,69.5,8.68,26.7,308.0,16
2026-08-20T23:08:06Z,celmis-postgres,0.18,31.62,6928.38,0.46,6.49,5.9,5.05,33.2,11
2026-08-20T23:08:06Z,celmis-web,0.01,84.47,6928.38,1.22,0.56,0.68,15.0,0.0,12
2026-08-20T23:08:06Z,celmis-sandbox,0.02,43.84,3072.0,1.43,0.0,0.0,1.86,0.0,3
2026-08-20T23:08:06Z,celmis-qdrant,0.09,246.7,6928.38,3.56,0.04,0.02,71.5,0.01,25
2026-08-20T23:08:12Z,celmis-api,0.54,514.0,6928.38,7.42,69.5,8.68,26.7,308.0,16
2026-08-20T23:08:12Z,celmis-postgres,0.69,31.7,6928.38,0.46,6.49,5.9,5.05,33.2,11
2026-08-20T23:08:12Z,celmis-web,0.00,84.38,6928.38,1.22,0.56,0.68,15.0,0.0,12
2026-08-20T23:08:12Z,celmis-sandbox,0.02,43.84,3072.0,1.43,0.0,0.0,1.86,0.0,3
2026-08-20T23:08:12Z,celmis-qdrant,0.05,246.7,6928.38,3.56,0.04,0.02,71.5,0.01,25
2026-08-20T23:08:17Z,celmis-api,0.94,514.2,6928.38,7.42,69.5,8.68,26.7,308.0,16
2026-08-20T23:08:17Z,celmis-postgres,0.01,31.73,6928.38,0.46,6.5,5.9,5.05,33.2,11
2026-08-20T23:08:17Z,celmis-web,0.01,84.38,6928.38,1.22,0.56,0.68,15.0,0.0,12
2026-08-20T23:08:17Z,celmis-sandbox,0.03,44.27,3072.0,1.44,0.0,0.0,1.86,0.0,3
2026-08-20T23:08:17Z,celmis-qdrant,0.08,246.7,6928.38,3.56,0.04,0.02,71.5,0.01,25
2026-08-20T23:08:23Z,celmis-api,0.25,513.8,6928.38,7.41,69.5,8.68,26.7,308.0,16
2026-08-20T23:08:23Z,celmis-postgres,0.01,31.93,6928.38,0.46,6.5,5.9,5.05,33.2,11
2026-08-20T23:08:23Z,celmis-web,0.00,84.28,6928.38,1.22,0.56,0.68,15.0,0.0,12
2026-08-20T23:08:23Z,celmis-sandbox,0.02,44.27,3072.0,1.44,0.0,0.0,1.86,0.0,3
2026-08-20T23:08:23Z,celmis-qdrant,0.06,246.6,6928.38,3.56,0.04,0.02,71.5,0.01,25
2026-08-20T23:08:29Z,celmis-api,0.24,513.7,6928.38,7.41,69.5,8.69,26.7,308.0,16
2026-08-20T23:08:29Z,celmis-postgres,0.01,31.4,6928.38,0.45,6.5,5.9,5.05,33.2,11
2026-08-20T23:08:29Z,celmis-web,0.01,84.28,6928.38,1.22,0.56,0.68,15.0,0.0,12
2026-08-20T23:08:29Z,celmis-sandbox,0.04,44.27,3072.0,1.44,0.0,0.0,1.86,0.0,3
2026-08-20T23:08:29Z,celmis-qdrant,0.08,246.6,6928.38,3.56,0.04,0.02,71.5,0.01,25
2026-08-20T23:08:34Z,celmis-api,0.17,513.9,6928.38,7.42,69.5,8.69,26.7,308.0,16
2026-08-20T23:08:34Z,celmis-postgres,0.02,31.45,6928.38,0.45,6.5,5.9,5.05,33.2,11
2026-08-20T23:08:34Z,celmis-web,0.02,83.93,6928.38,1.21,0.56,0.68,15.0,0.0,12
2026-08-20T23:08:34Z,celmis-sandbox,0.02,44.27,3072.0,1.44,0.0,0.0,1.86,0.0,3
2026-08-20T23:08:34Z,celmis-qdrant,0.05,246.3,6928.38,3.55,0.04,0.02,71.5,0.01,25
2026-08-20T23:08:40Z,celmis-api,0.15,513.9,6928.38,7.42,69.5,8.69,26.7,308.0,16
2026-08-20T23:08:40Z,celmis-postgres,0.03,31.56,6928.38,0.46,6.5,5.91,5.05,33.2,11
2026-08-20T23:08:40Z,celmis-web,0.07,83.87,6928.38,1.21,0.56,0.68,15.0,0.0,12
2026-08-20T23:08:40Z,celmis-sandbox,0.03,44.27,3072.0,1.44,0.0,0.0,1.86,0.0,3
2026-08-20T23:08:40Z,celmis-qdrant,0.07,246.3,6928.38,3.55,0.04,0.02,71.5,0.01,25
2026-08-20T23:08:45Z,celmis-api,0.10,513.9,6928.38,7.42,69.5,8.69,26.7,308.0,16
2026-08-20T23:08:45Z,celmis-postgres,0.00,31.68,6928.38,0.46,6.5,5.91,5.05,33.2,11
2026-08-20T23:08:45Z,celmis-web,0.03,83.87,6928.38,1.21,0.56,0.68,15.0,0.0,12
2026-08-20T23:08:45Z,celmis-sandbox,6.96,44.23,3072.0,1.44,0.0,0.0,1.86,0.0,3
2026-08-20T23:08:45Z,celmis-qdrant,0.04,246.3,6928.38,3.55,0.04,0.02,71.5,0.01,25
2026-08-20T23:08:51Z,celmis-api,0.30,513.9,6928.38,7.42,69.5,8.69,26.7,308.0,16
2026-08-20T23:08:51Z,celmis-postgres,1.20,31.84,6928.38,0.46,6.51,5.91,5.05,33.2,11
2026-08-20T23:08:51Z,celmis-web,0.00,83.98,6928.38,1.21,0.56,0.68,15.0,0.0,12
2026-08-20T23:08:51Z,celmis-sandbox,0.02,44.2,3072.0,1.44,0.0,0.0,1.86,0.0,3
2026-08-20T23:08:51Z,celmis-qdrant,0.06,246.7,6928.38,3.56,0.04,0.02,71.5,0.01,25
2026-08-20T23:08:56Z,celmis-api,0.55,513.9,6928.38,7.42,69.5,8.69,26.7,308.0,16
2026-08-20T23:08:56Z,celmis-postgres,0.10,31.21,6928.38,0.45,6.51,5.91,5.05,33.2,11
2026-08-20T23:08:56Z,celmis-web,0.01,83.98,6928.38,1.21,0.56,0.68,15.0,0.0,12
2026-08-20T23:08:56Z,celmis-sandbox,0.01,44.2,3072.0,1.44,0.0,0.0,1.86,0.0,3
2026-08-20T23:08:56Z,celmis-qdrant,0.06,246.7,6928.38,3.56,0.04,0.02,71.5,0.01,25
2026-08-20T23:09:02Z,celmis-api,0.65,513.9,6928.38,7.42,69.5,8.7,26.7,308.0,16
2026-08-20T23:09:02Z,celmis-postgres,2.02,31.83,6928.38,0.46,6.51,5.91,5.05,33.2,11
2026-08-20T23:09:02Z,celmis-web,0.01,83.98,6928.38,1.21,0.56,0.68,15.0,0.0,12
2026-08-20T23:09:02Z,celmis-sandbox,0.01,44.2,3072.0,1.44,0.0,0.0,1.86,0.0,3
2026-08-20T23:09:02Z,celmis-qdrant,0.05,246.7,6928.38,3.56,0.04,0.02,71.5,0.01,25
2026-08-20T23:09:07Z,celmis-api,0.14,514.1,6928.38,7.42,69.5,8.7,26.7,308.0,16
2026-08-20T23:09:07Z,celmis-postgres,1.05,31.72,6928.38,0.46,6.51,5.91,5.05,33.2,11
2026-08-20T23:09:07Z,celmis-web,0.00,83.88,6928.38,1.21,0.56,0.68,15.0,0.0,12
2026-08-20T23:09:07Z,celmis-sandbox,0.02,44.2,3072.0,1.44,0.0,0.0,1.86,0.0,3
2026-08-20T23:09:07Z,celmis-qdrant,0.06,246.8,6928.38,3.56,0.04,0.02,71.5,0.01,25
2026-08-20T23:09:13Z,celmis-api,0.19,514.1,6928.38,7.42,69.5,8.7,26.7,308.0,16
2026-08-20T23:09:13Z,celmis-postgres,0.98,31.8,6928.38,0.46,6.51,5.91,5.05,33.2,11
2026-08-20T23:09:13Z,celmis-web,0.01,83.88,6928.38,1.21,0.56,0.68,15.0,0.0,12
2026-08-20T23:09:13Z,celmis-sandbox,0.02,44.2,3072.0,1.44,0.0,0.0,1.86,0.0,3
2026-08-20T23:09:13Z,celmis-qdrant,0.07,246.8,6928.38,3.56,0.04,0.02,71.5,0.01,25
2026-08-20T23:09:18Z,celmis-api,1.24,514.0,6928.38,7.42,69.5,8.7,26.7,308.0,16
2026-08-20T23:09:18Z,celmis-postgres,0.00,31.71,6928.38,0.46,6.51,5.92,5.05,33.2,11
2026-08-20T23:09:18Z,celmis-web,0.00,83.88,6928.38,1.21,0.56,0.68,15.0,0.0,12
2026-08-20T23:09:18Z,celmis-sandbox,0.02,44.12,3072.0,1.44,0.0,0.0,1.86,0.0,3
2026-08-20T23:09:18Z,celmis-qdrant,0.77,246.5,6928.38,3.56,0.04,0.02,71.5,0.01,25
2026-08-20T23:09:24Z,celmis-api,0.22,513.9,6928.38,7.42,69.5,8.7,26.7,308.0,16
2026-08-20T23:09:24Z,celmis-postgres,0.53,31.52,6928.38,0.45,6.52,5.92,5.05,33.3,11
2026-08-20T23:09:24Z,celmis-web,0.01,84.06,6928.38,1.21,0.56,0.68,15.0,0.0,12
2026-08-20T23:09:24Z,celmis-sandbox,0.02,44.12,3072.0,1.44,0.0,0.0,1.86,0.0,3
2026-08-20T23:09:24Z,celmis-qdrant,0.07,246.5,6928.38,3.56,0.04,0.02,71.5,0.01,25
2026-08-20T23:09:30Z,celmis-api,0.19,513.9,6928.38,7.42,69.5,8.7,26.7,308.0,16
2026-08-20T23:09:30Z,celmis-postgres,0.02,31.65,6928.38,0.46,6.52,5.92,5.05,33.3,11
2026-08-20T23:09:30Z,celmis-web,0.01,84.06,6928.38,1.21,0.56,0.68,15.0,0.0,12
2026-08-20T23:09:30Z,celmis-sandbox,0.02,44.12,3072.0,1.44,0.0,0.0,1.86,0.0,3
2026-08-20T23:09:30Z,celmis-qdrant,0.07,246.5,6928.38,3.56,0.04,0.02,71.5,0.01,25
2026-08-20T23:09:35Z,celmis-api,0.29,513.9,6928.38,7.42,69.5,8.7,26.7,308.0,16
2026-08-20T23:09:35Z,celmis-postgres,0.00,31.43,6928.38,0.45,6.52,5.92,5.05,33.3,11
2026-08-20T23:09:35Z,celmis-web,0.02,84.1,6928.38,1.21,0.56,0.68,15.0,0.0,12
2026-08-20T23:09:35Z,celmis-sandbox,0.08,44.12,3072.0,1.44,0.0,0.0,1.86,0.0,3
2026-08-20T23:09:35Z,celmis-qdrant,0.13,246.4,6928.38,3.56,0.04,0.02,71.5,0.01,25
2026-08-20T23:09:41Z,celmis-api,0.12,513.9,6928.38,7.42,69.5,8.71,26.7,308.0,16
2026-08-20T23:09:41Z,celmis-postgres,0.00,31.68,6928.38,0.46,6.52,5.92,5.05,33.3,11
2026-08-20T23:09:41Z,celmis-web,0.00,84.04,6928.38,1.21,0.56,0.68,15.0,0.0,12
2026-08-20T23:09:41Z,celmis-sandbox,0.01,44.12,3072.0,1.44,0.0,0.0,1.86,0.0,3
2026-08-20T23:09:41Z,celmis-qdrant,0.06,246.4,6928.38,3.56,0.04,0.02,71.5,0.01,25
2026-08-20T23:09:46Z,celmis-api,0.50,513.9,6928.38,7.42,69.5,8.71,26.7,308.0,16
2026-08-20T23:09:46Z,celmis-postgres,0.13,31.41,6928.38,0.45,6.52,5.92,5.05,33.3,11
2026-08-20T23:09:46Z,celmis-web,0.00,84.04,6928.38,1.21,0.56,0.68,15.0,0.0,12
2026-08-20T23:09:46Z,celmis-sandbox,0.02,44.33,3072.0,1.44,0.0,0.0,1.86,0.0,3
2026-08-20T23:09:46Z,celmis-qdrant,0.06,246.4,6928.38,3.56,0.04,0.02,71.5,0.01,25
2026-08-20T23:09:52Z,celmis-api,0.21,514.2,6928.38,7.42,69.5,8.71,26.7,308.0,16
2026-08-20T23:09:52Z,celmis-postgres,0.15,31.59,6928.38,0.46,6.53,5.93,5.05,33.3,11
2026-08-20T23:09:52Z,celmis-web,0.00,84.06,6928.38,1.21,0.56,0.68,15.0,0.0,12
2026-08-20T23:09:52Z,celmis-sandbox,0.02,44.3,3072.0,1.44,0.0,0.0,1.86,0.0,3
2026-08-20T23:09:52Z,celmis-qdrant,0.06,246.5,6928.38,3.56,0.04,0.02,71.5,0.01,25
2026-08-20T23:09:57Z,celmis-api,0.12,514.1,6928.38,7.42,69.5,8.71,26.7,308.0,16
2026-08-20T23:09:57Z,celmis-postgres,0.94,31.76,6928.38,0.46,6.53,5.93,5.05,33.3,11
2026-08-20T23:09:57Z,celmis-web,0.00,84.06,6928.38,1.21,0.56,0.68,15.0,0.0,12
2026-08-20T23:09:57Z,celmis-sandbox,0.01,44.3,3072.0,1.44,0.0,0.0,1.86,0.0,3
2026-08-20T23:09:57Z,celmis-qdrant,0.07,246.5,6928.38,3.56,0.04,0.02,71.5,0.01,25
2026-08-20T23:10:03Z,celmis-api,1.60,514.1,6928.38,7.42,69.5,8.71,26.7,308.0,16
2026-08-20T23:10:03Z,celmis-postgres,0.05,31.67,6928.38,0.46,6.53,5.93,5.05,33.3,11
2026-08-20T23:10:03Z,celmis-web,1.15,85.73,6928.38,1.24,0.56,0.68,15.0,0.0,13
2026-08-20T23:10:03Z,celmis-sandbox,0.02,44.3,3072.0,1.44,0.0,0.0,1.86,0.0,3
2026-08-20T23:10:03Z,celmis-qdrant,1.02,246.4,6928.38,3.56,0.04,0.02,71.5,0.01,25
2026-08-20T23:10:08Z,celmis-api,0.26,513.8,6928.38,7.42,69.5,8.72,26.7,308.0,16
2026-08-20T23:10:08Z,celmis-postgres,0.03,31.95,6928.38,0.46,6.53,5.93,5.05,33.3,11
2026-08-20T23:10:08Z,celmis-web,0.01,83.93,6928.38,1.21,0.56,0.68,15.0,0.0,12
2026-08-20T23:10:08Z,celmis-sandbox,0.01,44.3,3072.0,1.44,0.0,0.0,1.86,0.0,3
2026-08-20T23:10:08Z,celmis-qdrant,0.06,246.4,6928.38,3.56,0.04,0.02,71.5,0.01,25
2026-08-20T23:10:14Z,celmis-api,0.16,513.8,6928.38,7.42,69.5,8.72,26.7,308.0,16
2026-08-20T23:10:14Z,celmis-postgres,0.02,31.66,6928.38,0.46,6.53,5.93,5.05,33.3,11
2026-08-20T23:10:14Z,celmis-web,0.01,83.93,6928.38,1.21,0.56,0.68,15.0,0.0,12
2026-08-20T23:10:14Z,celmis-sandbox,0.01,44.3,3072.0,1.44,0.0,0.0,1.86,0.0,3
2026-08-20T23:10:14Z,celmis-qdrant,0.06,246.4,6928.38,3.56,0.04,0.02,71.5,0.01,25
2026-08-20T23:10:20Z,celmis-api,0.18,514.1,6928.38,7.42,69.5,8.72,26.7,308.0,16
2026-08-20T23:10:20Z,celmis-postgres,0.02,31.91,6928.38,0.46,6.53,5.93,5.05,33.3,11
2026-08-20T23:10:20Z,celmis-web,1.48,83.95,6928.38,1.21,0.56,0.68,15.0,0.0,12
2026-08-20T23:10:20Z,celmis-sandbox,0.02,44.48,3072.0,1.45,0.0,0.0,1.86,0.0,3
2026-08-20T23:10:20Z,celmis-qdrant,0.07,246.9,6928.38,3.56,0.04,0.02,71.5,0.01,25
2026-08-20T23:10:25Z,celmis-api,0.56,514.1,6928.38,7.42,69.5,8.72,26.7,308.0,16
2026-08-20T23:10:25Z,celmis-postgres,0.12,31.41,6928.38,0.45,6.54,5.93,5.05,33.4,11
2026-08-20T23:10:25Z,celmis-web,0.00,83.91,6928.38,1.21,0.56,0.68,15.0,0.0,12
2026-08-20T23:10:25Z,celmis-sandbox,0.02,44.48,3072.0,1.45,0.0,0.0,1.86,0.0,3
2026-08-20T23:10:25Z,celmis-qdrant,0.07,246.9,6928.38,3.56,0.04,0.02,71.5,0.01,25
2026-08-20T23:10:31Z,celmis-api,0.25,514.1,6928.38,7.42,69.5,8.72,26.7,308.0,16
2026-08-20T23:10:31Z,celmis-postgres,1.17,31.86,6928.38,0.46,6.54,5.94,5.05,33.4,11
2026-08-20T23:10:31Z,celmis-web,0.01,83.91,6928.38,1.21,0.56,0.68,15.0,0.0,12
2026-08-20T23:10:31Z,celmis-sandbox,0.03,44.48,3072.0,1.45,0.0,0.0,1.86,0.0,3
2026-08-20T23:10:31Z,celmis-qdrant,0.08,246.9,6928.38,3.56,0.04,0.02,71.5,0.01,25
2026-08-20T23:10:36Z,celmis-api,0.57,514.3,6928.38,7.42,69.5,8.72,26.7,308.0,16
2026-08-20T23:10:36Z,celmis-postgres,0.12,31.68,6928.38,0.46,6.54,5.94,5.05,33.4,11
2026-08-20T23:10:36Z,celmis-web,0.00,84.01,6928.38,1.21,0.56,0.68,15.0,0.0,12
2026-08-20T23:10:36Z,celmis-sandbox,0.02,44.48,3072.0,1.45,0.0,0.0,1.86,0.0,3
2026-08-20T23:10:36Z,celmis-qdrant,0.09,246.8,6928.38,3.56,0.04,0.02,71.5,0.01,25
2026-08-20T23:10:42Z,celmis-api,0.14,514.3,6928.38,7.42,69.5,8.72,26.7,308.0,16
2026-08-20T23:10:42Z,celmis-postgres,0.12,31.71,6928.38,0.46,6.54,5.94,5.05,33.4,11
2026-08-20T23:10:42Z,celmis-web,0.00,84.01,6928.38,1.21,0.56,0.68,15.0,0.0,12
2026-08-20T23:10:42Z,celmis-sandbox,0.03,44.48,3072.0,1.45,0.0,0.0,1.86,0.0,3
2026-08-20T23:10:42Z,celmis-qdrant,0.08,246.8,6928.38,3.56,0.04,0.02,71.5,0.01,25
2026-08-20T23:10:47Z,celmis-api,0.18,514.3,6928.38,7.42,69.5,8.73,26.7,308.0,16
2026-08-20T23:10:47Z,celmis-postgres,0.11,31.66,6928.38,0.46,6.54,5.94,5.05,33.4,11
2026-08-20T23:10:47Z,celmis-web,0.00,84.01,6928.38,1.21,0.56,0.68,15.0,0.0,12
2026-08-20T23:10:47Z,celmis-sandbox,0.02,44.4,3072.0,1.45,0.0,0.0,1.86,0.0,3
2026-08-20T23:10:47Z,celmis-qdrant,0.05,246.8,6928.38,3.56,0.04,0.02,71.5,0.01,25
2026-08-20T23:10:53Z,celmis-api,0.15,514.2,6928.38,7.42,69.5,8.73,26.7,308.0,16
2026-08-20T23:10:53Z,celmis-postgres,0.00,31.76,6928.38,0.46,6.54,5.94,5.05,33.4,11
2026-08-20T23:10:53Z,celmis-web,0.00,83.95,6928.38,1.21,0.56,0.68,15.0,0.0,12
2026-08-20T23:10:53Z,celmis-sandbox,0.02,44.4,3072.0,1.45,0.0,0.0,1.86,0.0,3
2026-08-20T23:10:53Z,celmis-qdrant,0.06,246.7,6928.38,3.56,0.04,0.02,71.5,0.01,25
2026-08-20T23:10:58Z,celmis-api,0.15,514.2,6928.38,7.42,69.5,8.73,26.7,308.0,16
2026-08-20T23:10:58Z,celmis-postgres,1.03,31.73,6928.38,0.46,6.55,5.94,5.05,33.4,11
2026-08-20T23:10:58Z,celmis-web,0.00,83.95,6928.38,1.21,0.56,0.68,15.0,0.0,12
2026-08-20T23:10:58Z,celmis-sandbox,0.02,44.4,3072.0,1.45,0.0,0.0,1.86,0.0,3
2026-08-20T23:10:58Z,celmis-qdrant,0.10,246.7,6928.38,3.56,0.04,0.02,71.5,0.01,25
2026-08-20T23:11:04Z,celmis-api,0.15,514.4,6928.38,7.42,69.5,8.73,26.7,308.0,16
2026-08-20T23:11:04Z,celmis-postgres,0.02,31.67,6928.38,0.46,6.55,5.94,5.05,33.4,11
2026-08-20T23:11:04Z,celmis-web,0.01,83.86,6928.38,1.21,0.56,0.68,15.0,0.0,12
2026-08-20T23:11:04Z,celmis-sandbox,0.01,44.4,3072.0,1.45,0.0,0.0,1.86,0.0,3
2026-08-20T23:11:04Z,celmis-qdrant,0.08,246.8,6928.38,3.56,0.04,0.02,71.5,0.01,25
2026-08-20T23:11:10Z,celmis-api,0.24,514.4,6928.38,7.42,69.5,8.73,26.7,308.0,16
2026-08-20T23:11:10Z,celmis-postgres,0.00,31.4,6928.38,0.45,6.55,5.95,5.05,33.4,11
2026-08-20T23:11:10Z,celmis-web,0.02,83.86,6928.38,1.21,0.56,0.68,15.0,0.0,12
2026-08-20T23:11:10Z,celmis-sandbox,0.03,44.4,3072.0,1.45,0.0,0.0,1.86,0.0,3
2026-08-20T23:11:10Z,celmis-qdrant,0.13,246.8,6928.38,3.56,0.04,0.02,71.5,0.01,25
2026-08-20T23:11:15Z,celmis-api,0.23,514.4,6928.38,7.42,69.5,8.73,26.7,308.0,16
2026-08-20T23:11:15Z,celmis-postgres,0.00,31.44,6928.38,0.45,6.55,5.95,5.05,33.4,11
2026-08-20T23:11:15Z,celmis-web,0.01,83.86,6928.38,1.21,0.56,0.68,15.0,0.0,12
2026-08-20T23:11:15Z,celmis-sandbox,14.24,44.61,3072.0,1.45,0.0,0.0,1.86,0.0,3
2026-08-20T23:11:15Z,celmis-qdrant,0.12,246.8,6928.38,3.56,0.04,0.02,71.5,0.01,25
2026-08-20T23:11:21Z,celmis-api,0.30,514.4,6928.38,7.42,69.5,8.74,26.7,308.0,16
2026-08-20T23:11:21Z,celmis-postgres,0.00,31.56,6928.38,0.46,6.55,5.95,5.05,33.4,11
2026-08-20T23:11:21Z,celmis-web,0.00,83.95,6928.38,1.21,0.56,0.68,15.0,0.0,12
2026-08-20T23:11:21Z,celmis-sandbox,0.03,44.57,3072.0,1.45,0.0,0.0,1.86,0.0,3
2026-08-20T23:11:21Z,celmis-qdrant,0.10,246.4,6928.38,3.56,0.04,0.02,71.5,0.01,25
2026-08-20T23:11:26Z,celmis-api,0.77,514.3,6928.38,7.42,69.5,8.74,26.7,308.0,16
2026-08-20T23:11:26Z,celmis-postgres,0.22,31.32,6928.38,0.45,6.55,5.95,5.05,33.4,11
2026-08-20T23:11:26Z,celmis-web,0.01,83.93,6928.38,1.21,0.56,0.68,15.0,0.0,12
2026-08-20T23:11:26Z,celmis-sandbox,0.04,44.57,3072.0,1.45,0.0,0.0,1.86,0.0,3
2026-08-20T23:11:26Z,celmis-qdrant,0.09,246.4,6928.38,3.56,0.04,0.02,71.5,0.01,25
2026-08-20T23:11:32Z,celmis-api,0.56,514.3,6928.38,7.42,69.5,8.74,26.7,308.0,16
2026-08-20T23:11:32Z,celmis-postgres,0.57,31.85,6928.38,0.46,6.55,5.95,5.05,33.4,11
2026-08-20T23:11:32Z,celmis-web,0.00,83.93,6928.38,1.21,0.56,0.68,15.0,0.0,12
2026-08-20T23:11:32Z,celmis-sandbox,0.03,44.57,3072.0,1.45,0.0,0.0,1.86,0.0,3
2026-08-20T23:11:32Z,celmis-qdrant,0.07,246.4,6928.38,3.56,0.04,0.02,71.5,0.01,25
2026-08-20T23:11:37Z,celmis-api,0.18,514.2,6928.38,7.42,69.5,8.74,26.7,308.0,16
2026-08-20T23:11:37Z,celmis-postgres,0.00,31.65,6928.38,0.46,6.56,5.95,5.05,33.4,11
2026-08-20T23:11:37Z,celmis-web,0.01,83.86,6928.38,1.21,0.56,0.68,15.0,0.0,12
2026-08-20T23:11:37Z,celmis-sandbox,0.04,44.57,3072.0,1.45,0.0,0.0,1.86,0.0,3
2026-08-20T23:11:37Z,celmis-qdrant,0.05,246.5,6928.38,3.56,0.04,0.02,71.5,0.01,25
2026-08-20T23:11:43Z,celmis-api,0.19,514.2,6928.38,7.42,69.5,8.74,26.7,308.0,16
2026-08-20T23:11:43Z,celmis-postgres,1.07,31.71,6928.38,0.46,6.56,5.95,5.05,33.4,11
2026-08-20T23:11:43Z,celmis-web,0.01,83.86,6928.38,1.21,0.56,0.68,15.0,0.0,12
2026-08-20T23:11:43Z,celmis-sandbox,0.03,44.57,3072.0,1.45,0.0,0.0,1.86,0.0,3
2026-08-20T23:11:43Z,celmis-qdrant,0.05,246.5,6928.38,3.56,0.04,0.02,71.5,0.01,25
2026-08-20T23:11:48Z,celmis-api,2.07,514.4,6928.38,7.42,69.5,8.74,26.7,308.0,16
2026-08-20T23:11:48Z,celmis-postgres,0.00,31.58,6928.38,0.46,6.56,5.96,5.05,33.4,11
2026-08-20T23:11:48Z,celmis-web,1.81,83.95,6928.38,1.21,0.56,0.68,15.0,0.0,12
2026-08-20T23:11:48Z,celmis-sandbox,0.03,44.75,3072.0,1.46,0.0,0.0,1.86,0.0,3
2026-08-20T23:11:48Z,celmis-qdrant,1.23,246.4,6928.38,3.56,0.04,0.02,71.5,0.01,25
2026-08-20T23:11:54Z,celmis-api,0.19,514.4,6928.38,7.42,69.5,8.75,26.7,308.0,16
2026-08-20T23:11:54Z,celmis-postgres,0.00,31.46,6928.38,0.45,6.56,5.96,5.05,33.4,11
2026-08-20T23:11:54Z,celmis-web,0.00,83.91,6928.38,1.21,0.56,0.68,15.0,0.0,12
2026-08-20T23:11:54Z,celmis-sandbox,0.03,44.75,3072.0,1.46,0.0,0.0,1.86,0.0,3
2026-08-20T23:11:54Z,celmis-qdrant,0.09,246.4,6928.38,3.56,0.04,0.02,71.5,0.01,25
2026-08-20T23:12:00Z,celmis-api,0.18,514.4,6928.38,7.42,69.5,8.75,26.7,308.0,16
2026-08-20T23:12:00Z,celmis-postgres,1.11,31.47,6928.38,0.45,6.56,5.96,5.05,33.4,11
2026-08-20T23:12:00Z,celmis-web,0.00,83.91,6928.38,1.21,0.56,0.68,15.0,0.0,12
2026-08-20T23:12:00Z,celmis-sandbox,0.02,44.75,3072.0,1.46,0.0,0.0,1.86,0.0,3
2026-08-20T23:12:00Z,celmis-qdrant,0.11,246.4,6928.38,3.56,0.04,0.02,71.5,0.01,25
2026-08-20T23:12:05Z,celmis-api,0.15,514.6,6928.38,7.43,69.5,8.75,26.7,308.0,16
2026-08-20T23:12:05Z,celmis-postgres,0.02,31.34,6928.38,0.45,6.56,5.96,5.05,33.4,11
2026-08-20T23:12:05Z,celmis-web,0.01,84.25,6928.38,1.22,0.56,0.68,15.0,0.0,12
2026-08-20T23:12:05Z,celmis-sandbox,0.02,44.75,3072.0,1.46,0.0,0.0,1.86,0.0,3
2026-08-20T23:12:05Z,celmis-qdrant,0.09,246.6,6928.38,3.56,0.04,0.02,71.5,0.01,25
2026-08-20T23:12:11Z,celmis-api,0.24,514.6,6928.38,7.43,69.5,8.75,26.7,308.0,16
2026-08-20T23:12:11Z,celmis-postgres,0.84,31.71,6928.38,0.46,6.57,5.96,5.05,33.4,11
2026-08-20T23:12:11Z,celmis-web,0.02,84.24,6928.38,1.22,0.56,0.68,15.0,0.0,12
2026-08-20T23:12:11Z,celmis-sandbox,0.01,44.75,3072.0,1.46,0.0,0.0,1.86,0.0,3
2026-08-20T23:12:11Z,celmis-qdrant,0.11,246.6,6928.38,3.56,0.04,0.02,71.5,0.01,25
2026-08-20T23:12:16Z,celmis-api,0.54,514.6,6928.38,7.43,69.5,8.75,26.7,308.0,16
2026-08-20T23:12:16Z,celmis-postgres,0.14,31.64,6928.38,0.46,6.57,5.96,5.05,33.4,11
2026-08-20T23:12:16Z,celmis-web,0.01,84.24,6928.38,1.22,0.56,0.68,15.0,0.0,12
2026-08-20T23:12:16Z,celmis-sandbox,11.69,44.42,3072.0,1.45,0.0,0.0,1.86,0.0,3
2026-08-20T23:12:16Z,celmis-qdrant,0.05,246.6,6928.38,3.56,0.04,0.02,71.5,0.01,25
2026-08-20T23:12:22Z,celmis-api,0.16,514.5,6928.38,7.43,69.5,8.75,26.7,308.0,16
2026-08-20T23:12:22Z,celmis-postgres,0.08,31.37,6928.38,0.45,6.57,5.96,5.05,33.4,11
2026-08-20T23:12:22Z,celmis-web,0.00,84.03,6928.38,1.21,0.56,0.68,15.0,0.0,12
2026-08-20T23:12:22Z,celmis-sandbox,0.02,44.42,3072.0,1.45,0.0,0.0,1.86,0.0,3
2026-08-20T23:12:22Z,celmis-qdrant,0.05,246.5,6928.38,3.56,0.04,0.02,71.5,0.01,25
2026-08-20T23:12:27Z,celmis-api,0.15,514.5,6928.38,7.43,69.5,8.76,26.7,308.0,16
2026-08-20T23:12:27Z,celmis-postgres,0.12,31.33,6928.38,0.45,6.57,5.97,5.05,33.4,11
2026-08-20T23:12:27Z,celmis-web,0.00,83.89,6928.38,1.21,0.56,0.68,15.0,0.0,12
2026-08-20T23:12:27Z,celmis-sandbox,0.02,44.42,3072.0,1.45,0.0,0.0,1.86,0.0,3
2026-08-20T23:12:27Z,celmis-qdrant,0.05,246.5,6928.38,3.56,0.04,0.02,71.5,0.01,25
2026-08-20T23:12:33Z,celmis-api,0.13,514.5,6928.38,7.43,69.5,8.76,26.7,308.0,16
2026-08-20T23:12:33Z,celmis-postgres,0.02,31.67,6928.38,0.46,6.57,5.97,5.05,33.4,11
2026-08-20T23:12:33Z,celmis-web,0.00,83.89,6928.38,1.21,0.56,0.68,15.0,0.0,12
2026-08-20T23:12:33Z,celmis-sandbox,0.02,44.42,3072.0,1.45,0.0,0.0,1.86,0.0,3
2026-08-20T23:12:33Z,celmis-qdrant,0.08,246.5,6928.38,3.56,0.04,0.02,71.5,0.01,25
2026-08-20T23:12:38Z,celmis-api,0.17,513.9,6928.38,7.42,69.5,8.76,26.7,308.0,16
2026-08-20T23:12:38Z,celmis-postgres,1.89,31.43,6928.38,0.45,6.57,5.97,5.05,33.4,11
2026-08-20T23:12:38Z,celmis-web,0.00,83.98,6928.38,1.21,0.56,0.68,15.0,0.0,12
2026-08-20T23:12:38Z,celmis-sandbox,0.02,44.42,3072.0,1.45,0.0,0.0,1.86,0.0,3
2026-08-20T23:12:38Z,celmis-qdrant,0.07,246.4,6928.38,3.56,0.04,0.02,71.5,0.01,25
2026-08-20T23:12:44Z,celmis-api,0.16,513.9,6928.38,7.42,69.5,8.76,26.7,308.0,16
2026-08-20T23:12:44Z,celmis-postgres,0.80,31.74,6928.38,0.46,6.58,5.97,5.05,33.4,11
2026-08-20T23:12:44Z,celmis-web,0.00,83.98,6928.38,1.21,0.56,0.68,15.0,0.0,12
2026-08-20T23:12:44Z,celmis-sandbox,0.02,44.42,3072.0,1.45,0.0,0.0,1.86,0.0,3
2026-08-20T23:12:44Z,celmis-qdrant,0.05,246.4,6928.38,3.56,0.04,0.02,71.5,0.01,25
2026-08-20T23:12:50Z,celmis-api,0.37,514.0,6928.38,7.42,69.5,8.76,26.7,308.0,16
2026-08-20T23:12:50Z,celmis-postgres,1.52,31.38,6928.38,0.45,6.58,5.97,5.05,33.4,11
2026-08-20T23:12:50Z,celmis-web,1.21,84.14,6928.38,1.21,0.56,0.68,15.0,0.0,12
2026-08-20T23:12:50Z,celmis-sandbox,0.04,44.55,3072.0,1.45,0.0,0.0,1.86,0.0,3
2026-08-20T23:12:50Z,celmis-qdrant,0.11,246.6,6928.38,3.56,0.04,0.02,71.5,0.01,25
2026-08-20T23:12:55Z,celmis-api,0.80,514.0,6928.38,7.42,69.5,8.76,26.7,308.0,16
2026-08-20T23:12:55Z,celmis-postgres,0.17,31.44,6928.38,0.45,6.58,5.97,5.05,33.4,11
2026-08-20T23:12:55Z,celmis-web,0.01,83.99,6928.38,1.21,0.56,0.68,15.0,0.0,12
2026-08-20T23:12:55Z,celmis-sandbox,0.02,44.55,3072.0,1.45,0.0,0.0,1.86,0.0,3
2026-08-20T23:12:55Z,celmis-qdrant,0.05,246.6,6928.38,3.56,0.04,0.02,71.5,0.01,25
2026-08-20T23:13:01Z,celmis-api,0.28,514.0,6928.38,7.42,69.6,8.77,26.7,308.0,16
2026-08-20T23:13:01Z,celmis-postgres,0.02,32.0,6928.38,0.46,6.58,5.98,5.05,33.4,11
2026-08-20T23:13:01Z,celmis-web,0.01,83.99,6928.38,1.21,0.56,0.68,15.0,0.0,12
2026-08-20T23:13:01Z,celmis-sandbox,0.03,44.55,3072.0,1.45,0.0,0.0,1.86,0.0,3
2026-08-20T23:13:01Z,celmis-qdrant,0.10,246.6,6928.38,3.56,0.04,0.02,71.5,0.01,25
2026-08-20T23:13:06Z,celmis-api,0.85,514.2,6928.38,7.42,69.6,8.77,26.7,308.0,16
2026-08-20T23:13:06Z,celmis-postgres,0.22,31.41,6928.38,0.45,6.58,5.98,5.05,33.4,11
2026-08-20T23:13:06Z,celmis-web,0.00,83.68,6928.38,1.21,0.56,0.68,15.0,0.0,12
2026-08-20T23:13:06Z,celmis-sandbox,0.02,44.55,3072.0,1.45,0.0,0.0,1.86,0.0,3
2026-08-20T23:13:06Z,celmis-qdrant,0.06,246.7,6928.38,3.56,0.04,0.02,71.5,0.01,25
2026-08-20T23:13:12Z,celmis-api,0.27,514.2,6928.38,7.42,69.6,8.77,26.7,308.0,16
2026-08-20T23:13:12Z,celmis-postgres,0.12,31.55,6928.38,0.46,6.59,5.98,5.05,33.4,11
2026-08-20T23:13:12Z,celmis-web,0.01,83.66,6928.38,1.21,0.56,0.68,15.0,0.0,12
2026-08-20T23:13:12Z,celmis-sandbox,0.03,44.55,3072.0,1.45,0.0,0.0,1.86,0.0,3
2026-08-20T23:13:12Z,celmis-qdrant,0.09,246.7,6928.38,3.56,0.04,0.02,71.5,0.01,25
2026-08-20T23:13:17Z,celmis-api,0.24,514.2,6928.38,7.42,69.6,8.77,26.7,308.0,16
2026-08-20T23:13:17Z,celmis-postgres,0.00,31.7,6928.38,0.46,6.59,5.98,5.05,33.4,11
2026-08-20T23:13:17Z,celmis-web,0.01,83.66,6928.38,1.21,0.56,0.68,15.0,0.0,12
2026-08-20T23:13:17Z,celmis-sandbox,7.17,44.52,3072.0,1.45,0.0,0.0,1.86,0.0,3
2026-08-20T23:13:17Z,celmis-qdrant,0.06,246.7,6928.38,3.56,0.04,0.02,71.5,0.01,25
2026-08-20T23:13:23Z,celmis-api,0.16,514.1,6928.38,7.42,69.6,8.77,26.7,308.0,16
2026-08-20T23:13:23Z,celmis-postgres,0.00,31.61,6928.38,0.46,6.59,5.98,5.05,33.4,11
2026-08-20T23:13:23Z,celmis-web,0.00,84.02,6928.38,1.21,0.56,0.68,15.0,0.0,12
2026-08-20T23:13:23Z,celmis-sandbox,0.02,44.47,3072.0,1.45,0.0,0.0,1.86,0.0,3
2026-08-20T23:13:23Z,celmis-qdrant,0.07,246.4,6928.38,3.56,0.04,0.02,71.5,0.01,25
2026-08-20T23:13:29Z,celmis-api,0.17,514.1,6928.38,7.42,69.6,8.77,26.7,308.0,16
2026-08-20T23:13:29Z,celmis-postgres,1.00,31.52,6928.38,0.45,6.59,5.98,5.05,33.5,11
2026-08-20T23:13:29Z,celmis-web,0.00,83.96,6928.38,1.21,0.56,0.68,15.0,0.0,12
2026-08-20T23:13:29Z,celmis-sandbox,0.02,44.47,3072.0,1.45,0.0,0.0,1.86,0.0,3
2026-08-20T23:13:29Z,celmis-qdrant,0.08,246.4,6928.38,3.56,0.04,0.02,71.5,0.01,25
2026-08-20T23:13:34Z,celmis-api,1.23,514.3,6928.38,7.42,69.6,8.78,26.7,308.0,16
2026-08-20T23:13:34Z,celmis-postgres,0.83,31.68,6928.38,0.46,6.59,5.98,5.05,33.5,11
2026-08-20T23:13:34Z,celmis-web,1.16,84.06,6928.38,1.21,0.56,0.68,15.0,0.0,12
2026-08-20T23:13:34Z,celmis-sandbox,0.03,44.47,3072.0,1.45,0.0,0.0,1.86,0.0,3
2026-08-20T23:13:34Z,celmis-qdrant,0.68,246.3,6928.38,3.55,0.04,0.02,71.5,0.01,25
2026-08-20T23:13:40Z,celmis-api,0.18,514.3,6928.38,7.42,69.6,8.78,26.7,308.0,16
2026-08-20T23:13:40Z,celmis-postgres,1.02,31.98,6928.38,0.46,6.59,5.99,5.05,33.5,11
2026-08-20T23:13:40Z,celmis-web,0.01,84.06,6928.38,1.21,0.56,0.68,15.0,0.0,12
2026-08-20T23:13:40Z,celmis-sandbox,0.03,44.47,3072.0,1.45,0.0,0.0,1.86,0.0,3
2026-08-20T23:13:40Z,celmis-qdrant,0.06,246.3,6928.38,3.55,0.04,0.02,71.5,0.01,25
2026-08-20T23:13:45Z,celmis-api,0.14,514.3,6928.38,7.42,69.6,8.78,26.7,308.0,16
2026-08-20T23:13:45Z,celmis-postgres,0.00,31.66,6928.38,0.46,6.59,5.99,5.05,33.5,11
2026-08-20T23:13:45Z,celmis-web,0.03,84.06,6928.38,1.21,0.56,0.68,15.0,0.0,12
2026-08-20T23:13:45Z,celmis-sandbox,0.02,44.47,3072.0,1.45,0.0,0.0,1.86,0.0,3
2026-08-20T23:13:45Z,celmis-qdrant,0.06,246.3,6928.38,3.55,0.04,0.02,71.5,0.01,25
2026-08-20T23:13:51Z,celmis-api,0.17,514.4,6928.38,7.42,69.6,8.78,26.7,308.0,16
2026-08-20T23:13:51Z,celmis-postgres,0.61,31.79,6928.38,0.46,6.6,5.99,5.05,33.5,11
2026-08-20T23:13:51Z,celmis-web,0.01,84.29,6928.38,1.22,0.56,0.68,15.0,0.0,12
2026-08-20T23:13:51Z,celmis-sandbox,0.02,44.65,3072.0,1.45,0.0,0.0,1.86,0.0,3
2026-08-20T23:13:51Z,celmis-qdrant,0.08,246.7,6928.38,3.56,0.04,0.02,71.5,0.01,25
2026-08-20T23:13:56Z,celmis-api,0.78,514.4,6928.38,7.42,69.6,8.78,26.7,308.0,16
2026-08-20T23:13:56Z,celmis-postgres,0.17,31.91,6928.38,0.46,6.6,5.99,5.05,33.5,11
2026-08-20T23:13:56Z,celmis-web,0.01,84.29,6928.38,1.22,0.56,0.68,15.0,0.0,12
2026-08-20T23:13:56Z,celmis-sandbox,0.02,44.65,3072.0,1.45,0.0,0.0,1.86,0.0,3
2026-08-20T23:13:56Z,celmis-qdrant,0.09,246.7,6928.38,3.56,0.04,0.02,71.5,0.01,25
2026-08-20T23:14:02Z,celmis-api,0.19,514.4,6928.38,7.42,69.6,8.78,26.7,308.0,16
2026-08-20T23:14:02Z,celmis-postgres,0.16,31.88,6928.38,0.46,6.6,5.99,5.05,33.5,11
2026-08-20T23:14:02Z,celmis-web,0.00,84.29,6928.38,1.22,0.56,0.68,15.0,0.0,12
2026-08-20T23:14:02Z,celmis-sandbox,0.02,44.65,3072.0,1.45,0.0,0.0,1.86,0.0,3
2026-08-20T23:14:02Z,celmis-qdrant,0.06,246.7,6928.38,3.56,0.04,0.02,71.5,0.01,25
2026-08-20T23:14:07Z,celmis-api,0.15,514.2,6928.38,7.42,69.6,8.79,26.7,308.0,16
2026-08-20T23:14:07Z,celmis-postgres,0.03,31.61,6928.38,0.46,6.6,5.99,5.05,33.5,11
2026-08-20T23:14:07Z,celmis-web,0.00,83.94,6928.38,1.21,0.56,0.68,15.0,0.0,12
2026-08-20T23:14:07Z,celmis-sandbox,0.02,44.65,3072.0,1.45,0.0,0.0,1.86,0.0,3
2026-08-20T23:14:07Z,celmis-qdrant,0.06,246.8,6928.38,3.56,0.04,0.02,71.5,0.01,25
2026-08-20T23:14:13Z,celmis-api,0.29,514.2,6928.38,7.42,69.6,8.79,26.7,308.0,16
2026-08-20T23:14:13Z,celmis-postgres,0.04,31.84,6928.38,0.46,6.6,5.99,5.05,33.5,11
2026-08-20T23:14:13Z,celmis-web,0.01,83.94,6928.38,1.21,0.56,0.68,15.0,0.0,12
2026-08-20T23:14:13Z,celmis-sandbox,0.06,44.65,3072.0,1.45,0.0,0.0,1.86,0.0,3
2026-08-20T23:14:13Z,celmis-qdrant,0.09,246.8,6928.38,3.56,0.04,0.02,71.5,0.01,25
2026-08-20T23:14:19Z,celmis-api,0.25,514.4,6928.38,7.42,69.6,8.79,26.7,308.0,16
2026-08-20T23:14:19Z,celmis-postgres,0.84,31.45,6928.38,0.45,6.6,6.0,5.05,33.5,11
2026-08-20T23:14:19Z,celmis-web,0.00,83.94,6928.38,1.21,0.56,0.68,15.0,0.0,12
2026-08-20T23:14:19Z,celmis-sandbox,0.03,44.31,3072.0,1.44,0.0,0.0,1.86,0.0,3
2026-08-20T23:14:19Z,celmis-qdrant,0.10,246.8,6928.38,3.56,0.04,0.02,71.5,0.01,25
2026-08-20T23:14:24Z,celmis-api,0.20,514.2,6928.38,7.42,69.6,8.79,26.7,308.0,16
2026-08-20T23:14:24Z,celmis-postgres,1.63,31.7,6928.38,0.46,6.61,6.0,5.05,33.5,11
2026-08-20T23:14:24Z,celmis-web,0.00,83.89,6928.38,1.21,0.56,0.68,15.0,0.0,12
2026-08-20T23:14:24Z,celmis-sandbox,0.02,44.31,3072.0,1.44,0.0,0.0,1.86,0.0,3
2026-08-20T23:14:24Z,celmis-qdrant,0.06,246.4,6928.38,3.56,0.04,0.02,71.5,0.01,25
2026-08-20T23:14:30Z,celmis-api,0.18,514.2,6928.38,7.42,69.6,8.79,26.7,308.0,16
2026-08-20T23:14:30Z,celmis-postgres,0.02,31.61,6928.38,0.46,6.61,6.0,5.05,33.5,11
2026-08-20T23:14:30Z,celmis-web,0.00,83.89,6928.38,1.21,0.56,0.68,15.0,0.0,12
2026-08-20T23:14:30Z,celmis-sandbox,0.03,44.31,3072.0,1.44,0.0,0.0,1.86,0.0,3
2026-08-20T23:14:30Z,celmis-qdrant,0.06,246.4,6928.38,3.56,0.04,0.02,71.5,0.01,25
2026-08-20T23:14:35Z,celmis-api,0.22,514.2,6928.38,7.42,69.6,8.79,26.7,308.0,16
2026-08-20T23:14:35Z,celmis-postgres,0.03,31.8,6928.38,0.46,6.61,6.0,5.05,33.5,11
2026-08-20T23:14:35Z,celmis-web,0.00,84.33,6928.38,1.22,0.56,0.68,15.0,0.0,12
2026-08-20T23:14:35Z,celmis-sandbox,0.03,44.31,3072.0,1.44,0.0,0.0,1.86,0.0,3
2026-08-20T23:14:35Z,celmis-qdrant,0.08,246.6,6928.38,3.56,0.04,0.02,71.5,0.01,25
2026-08-20T23:14:41Z,celmis-api,0.18,514.2,6928.38,7.42,69.6,8.8,26.7,308.0,16
2026-08-20T23:14:41Z,celmis-postgres,0.82,31.93,6928.38,0.46,6.61,6.0,5.05,33.5,11
2026-08-20T23:14:41Z,celmis-web,0.00,84.33,6928.38,1.22,0.56,0.68,15.0,0.0,12
2026-08-20T23:14:41Z,celmis-sandbox,0.02,44.31,3072.0,1.44,0.0,0.0,1.86,0.0,3
2026-08-20T23:14:41Z,celmis-qdrant,0.09,246.6,6928.38,3.56,0.04,0.02,71.5,0.01,25
2026-08-20T23:14:46Z,celmis-api,0.15,514.2,6928.38,7.42,69.6,8.8,26.7,308.0,16
2026-08-20T23:14:46Z,celmis-postgres,0.01,31.68,6928.38,0.46,6.61,6.0,5.05,33.5,11
2026-08-20T23:14:46Z,celmis-web,0.00,84.33,6928.38,1.22,0.56,0.68,15.0,0.0,12
2026-08-20T23:14:46Z,celmis-sandbox,14.63,44.67,3072.0,1.45,0.0,0.0,1.86,0.0,3
2026-08-20T23:14:46Z,celmis-qdrant,0.09,246.6,6928.38,3.56,0.04,0.02,71.5,0.01,25
2026-08-20T23:14:52Z,celmis-api,0.64,514.2,6928.38,7.42,69.6,8.8,26.7,308.0,16
2026-08-20T23:14:52Z,celmis-postgres,0.13,32.01,6928.38,0.46,6.61,6.0,5.05,33.5,11
2026-08-20T23:14:52Z,celmis-web,0.00,83.88,6928.38,1.21,0.56,0.68,15.0,0.0,12
2026-08-20T23:14:52Z,celmis-sandbox,0.02,44.48,3072.0,1.45,0.0,0.0,1.86,0.0,3
2026-08-20T23:14:52Z,celmis-qdrant,0.09,246.2,6928.38,3.55,0.04,0.02,71.5,0.01,25
2026-08-20T23:14:57Z,celmis-api,0.22,514.2,6928.38,7.42,69.6,8.8,26.7,308.0,16
2026-08-20T23:14:57Z,celmis-postgres,0.00,31.68,6928.38,0.46,6.62,6.01,5.05,33.6,11
2026-08-20T23:14:57Z,celmis-web,0.00,83.88,6928.38,1.21,0.56,0.68,15.0,0.0,12
2026-08-20T23:14:57Z,celmis-sandbox,0.03,44.48,3072.0,1.45,0.0,0.0,1.86,0.0,3
2026-08-20T23:14:57Z,celmis-qdrant,0.09,246.2,6928.38,3.55,0.04,0.02,71.5,0.01,25
2026-08-20T23:15:03Z,celmis-api,0.48,514.1,6928.38,7.42,69.6,8.8,26.7,308.0,16
2026-08-20T23:15:03Z,celmis-postgres,0.03,31.93,6928.38,0.46,6.62,6.01,5.05,33.6,11
2026-08-20T23:15:03Z,celmis-web,0.01,83.88,6928.38,1.21,0.56,0.68,15.0,0.0,12
2026-08-20T23:15:03Z,celmis-sandbox,0.01,44.48,3072.0,1.45,0.0,0.0,1.86,0.0,3
2026-08-20T23:15:03Z,celmis-qdrant,0.06,246.2,6928.38,3.55,0.04,0.02,71.5,0.01,25
2026-08-20T23:15:09Z,celmis-api,0.20,514.3,6928.38,7.42,69.6,8.8,26.7,308.0,16
2026-08-20T23:15:09Z,celmis-postgres,0.03,31.68,6928.38,0.46,6.62,6.01,5.05,33.6,11
2026-08-20T23:15:09Z,celmis-web,0.00,84.14,6928.38,1.21,0.56,0.68,15.0,0.0,12
2026-08-20T23:15:09Z,celmis-sandbox,0.02,44.48,3072.0,1.45,0.0,0.0,1.86,0.0,3
2026-08-20T23:15:09Z,celmis-qdrant,0.10,246.6,6928.38,3.56,0.04,0.02,71.5,0.01,25
2026-08-20T23:15:14Z,celmis-api,0.16,514.3,6928.38,7.42,69.6,8.81,26.7,308.0,16
2026-08-20T23:15:14Z,celmis-postgres,1.27,31.62,6928.38,0.46,6.62,6.01,5.05,33.6,11
2026-08-20T23:15:14Z,celmis-web,0.00,84.14,6928.38,1.21,0.56,0.68,15.0,0.0,12
2026-08-20T23:15:14Z,celmis-sandbox,0.02,44.48,3072.0,1.45,0.0,0.0,1.86,0.0,3
2026-08-20T23:15:14Z,celmis-qdrant,0.07,246.6,6928.38,3.56,0.04,0.02,71.5,0.01,25
2026-08-20T23:15:20Z,celmis-api,0.16,514.0,6928.38,7.42,69.6,8.81,26.7,308.0,16
2026-08-20T23:15:20Z,celmis-postgres,0.00,31.69,6928.38,0.46,6.62,6.01,5.05,33.6,11
2026-08-20T23:15:20Z,celmis-web,0.01,83.89,6928.38,1.21,0.56,0.68,15.0,0.0,12
2026-08-20T23:15:20Z,celmis-sandbox,0.01,44.66,3072.0,1.45,0.0,0.0,1.86,0.0,3
2026-08-20T23:15:20Z,celmis-qdrant,0.10,246.5,6928.38,3.56,0.04,0.02,71.5,0.01,25
2026-08-20T23:15:25Z,celmis-api,1.19,514.0,6928.38,7.42,69.6,8.81,26.7,308.0,16
2026-08-20T23:15:25Z,celmis-postgres,0.58,31.38,6928.38,0.45,6.63,6.01,5.05,33.6,11
2026-08-20T23:15:25Z,celmis-web,0.02,83.89,6928.38,1.21,0.56,0.68,15.0,0.0,12
2026-08-20T23:15:25Z,celmis-sandbox,0.03,44.66,3072.0,1.45,0.0,0.0,1.86,0.0,3
2026-08-20T23:15:25Z,celmis-qdrant,0.07,246.5,6928.38,3.56,0.04,0.02,71.5,0.01,25
2026-08-20T23:15:31Z,celmis-api,0.13,514.0,6928.38,7.42,69.6,8.81,26.7,308.0,16
2026-08-20T23:15:31Z,celmis-postgres,0.68,31.9,6928.38,0.46,6.63,6.02,5.05,33.6,11
2026-08-20T23:15:31Z,celmis-web,0.01,83.89,6928.38,1.21,0.56,0.68,15.0,0.0,12
2026-08-20T23:15:31Z,celmis-sandbox,0.03,44.66,3072.0,1.45,0.0,0.0,1.86,0.0,3
2026-08-20T23:15:31Z,celmis-qdrant,0.12,246.5,6928.38,3.56,0.04,0.02,71.5,0.01,25
2026-08-20T23:15:36Z,celmis-api,0.20,513.9,6928.38,7.42,69.6,8.81,26.7,308.0,16
2026-08-20T23:15:36Z,celmis-postgres,0.03,31.78,6928.38,0.46,6.63,6.02,5.05,33.6,11
2026-08-20T23:15:36Z,celmis-web,0.00,84.35,6928.38,1.22,0.56,0.68,15.0,0.0,12
2026-08-20T23:15:36Z,celmis-sandbox,0.03,44.66,3072.0,1.45,0.0,0.0,1.86,0.0,3
2026-08-20T23:15:36Z,celmis-qdrant,0.10,246.4,6928.38,3.56,0.04,0.02,71.5,0.01,25
2026-08-20T23:15:42Z,celmis-api,0.49,513.9,6928.38,7.42,69.6,8.82,26.7,308.0,16
2026-08-20T23:15:42Z,celmis-postgres,0.15,31.88,6928.38,0.46,6.63,6.02,5.05,33.6,11
2026-08-20T23:15:42Z,celmis-web,0.00,84.35,6928.38,1.22,0.56,0.68,15.0,0.0,12
2026-08-20T23:15:42Z,celmis-sandbox,0.04,44.66,3072.0,1.45,0.0,0.0,1.86,0.0,3
2026-08-20T23:15:42Z,celmis-qdrant,0.07,246.4,6928.38,3.56,0.04,0.02,71.5,0.01,25
2026-08-20T23:15:47Z,celmis-api,0.24,513.9,6928.38,7.42,69.6,8.82,26.7,308.0,16
2026-08-20T23:15:47Z,celmis-postgres,0.04,31.56,6928.38,0.46,6.63,6.02,5.05,33.6,11
2026-08-20T23:15:47Z,celmis-web,0.01,84.35,6928.38,1.22,0.56,0.68,15.0,0.0,12
2026-08-20T23:15:47Z,celmis-sandbox,0.03,44.64,3072.0,1.45,0.0,0.0,1.86,0.0,3
2026-08-20T23:15:47Z,celmis-qdrant,0.06,246.4,6928.38,3.56,0.04,0.02,71.5,0.01,25
2026-08-20T23:15:53Z,celmis-api,0.20,514.2,6928.38,7.42,69.6,8.82,26.7,308.0,16
2026-08-20T23:15:53Z,celmis-postgres,0.00,31.89,6928.38,0.46,6.63,6.02,5.05,33.6,11
2026-08-20T23:15:53Z,celmis-web,0.01,83.85,6928.38,1.21,0.56,0.68,15.0,0.0,12
2026-08-20T23:15:53Z,celmis-sandbox,0.03,44.58,3072.0,1.45,0.0,0.0,1.86,0.0,3
2026-08-20T23:15:53Z,celmis-qdrant,0.06,246.6,6928.38,3.56,0.04,0.02,71.5,0.01,25
2026-08-20T23:15:58Z,celmis-api,0.14,514.2,6928.38,7.42,69.6,8.82,26.7,308.0,16
2026-08-20T23:15:58Z,celmis-postgres,0.00,31.91,6928.38,0.46,6.64,6.02,5.05,33.6,11
2026-08-20T23:15:58Z,celmis-web,0.00,83.85,6928.38,1.21,0.56,0.68,15.0,0.0,12
2026-08-20T23:15:58Z,celmis-sandbox,0.02,44.58,3072.0,1.45,0.0,0.0,1.86,0.0,3
2026-08-20T23:15:58Z,celmis-qdrant,0.06,246.6,6928.38,3.56,0.04,0.02,71.5,0.01,25
2026-08-20T23:16:04Z,celmis-api,1.32,513.9,6928.38,7.42,69.6,8.82,26.7,308.0,16
2026-08-20T23:16:04Z,celmis-postgres,0.02,31.86,6928.38,0.46,6.64,6.03,5.05,33.6,11
2026-08-20T23:16:04Z,celmis-web,1.39,84.14,6928.38,1.21,0.56,0.68,15.0,0.0,12
2026-08-20T23:16:04Z,celmis-sandbox,0.02,44.58,3072.0,1.45,0.0,0.0,1.86,0.0,3
2026-08-20T23:16:04Z,celmis-qdrant,0.87,246.5,6928.38,3.56,0.04,0.02,71.5,0.01,25
2026-08-20T23:16:10Z,celmis-api,0.17,513.9,6928.38,7.42,69.6,8.82,26.7,308.0,16
2026-08-20T23:16:10Z,celmis-postgres,1.18,31.71,6928.38,0.46,6.64,6.03,5.05,33.6,11
2026-08-20T23:16:10Z,celmis-web,0.01,84.09,6928.38,1.21,0.56,0.68,15.0,0.0,12
2026-08-20T23:16:10Z,celmis-sandbox,0.02,44.58,3072.0,1.45,0.0,0.0,1.86,0.0,3
2026-08-20T23:16:10Z,celmis-qdrant,0.05,246.5,6928.38,3.56,0.04,0.02,71.5,0.01,25
2026-08-20T23:16:15Z,celmis-api,0.20,513.9,6928.38,7.42,69.6,8.83,26.7,308.0,16
2026-08-20T23:16:15Z,celmis-postgres,0.94,32.23,6928.38,0.47,6.64,6.03,5.05,33.6,11
2026-08-20T23:16:15Z,celmis-web,0.02,84.09,6928.38,1.21,0.56,0.68,15.0,0.0,12
2026-08-20T23:16:15Z,celmis-sandbox,0.02,44.58,3072.0,1.45,0.0,0.0,1.86,0.0,3
2026-08-20T23:16:15Z,celmis-qdrant,0.08,246.5,6928.38,3.56,0.04,0.02,71.5,0.01,25
2026-08-20T23:16:21Z,celmis-api,0.27,514.1,6928.38,7.42,69.6,8.83,26.7,308.0,16
2026-08-20T23:16:21Z,celmis-postgres,1.08,31.77,6928.38,0.46,6.64,6.03,5.05,33.6,11
2026-08-20T23:16:21Z,celmis-web,0.01,84.05,6928.38,1.21,0.56,0.68,15.0,0.0,12
2026-08-20T23:16:21Z,celmis-sandbox,0.03,45.01,3072.0,1.47,0.0,0.0,1.86,0.0,3
2026-08-20T23:16:21Z,celmis-qdrant,0.14,246.4,6928.38,3.56,0.04,0.02,71.5,0.01,25
2026-08-20T23:16:26Z,celmis-api,0.14,514.0,6928.38,7.42,69.6,8.83,26.7,308.0,16
2026-08-20T23:16:26Z,celmis-postgres,0.00,31.88,6928.38,0.46,6.64,6.03,5.05,33.6,11
2026-08-20T23:16:26Z,celmis-web,0.00,84.05,6928.38,1.21,0.56,0.68,15.0,0.0,12
2026-08-20T23:16:26Z,celmis-sandbox,0.02,45.01,3072.0,1.47,0.0,0.0,1.86,0.0,3
2026-08-20T23:16:26Z,celmis-qdrant,0.09,246.4,6928.38,3.56,0.04,0.02,71.5,0.01,25
2026-08-20T23:16:32Z,celmis-api,0.65,514.0,6928.38,7.42,69.6,8.83,26.7,308.0,16
2026-08-20T23:16:32Z,celmis-postgres,0.11,32.18,6928.38,0.46,6.65,6.03,5.05,33.6,11
2026-08-20T23:16:32Z,celmis-web,0.01,84.05,6928.38,1.21,0.56,0.68,15.0,0.0,12
2026-08-20T23:16:32Z,celmis-sandbox,0.03,45.01,3072.0,1.47,0.0,0.0,1.86,0.0,3
2026-08-20T23:16:32Z,celmis-qdrant,0.10,246.4,6928.38,3.56,0.04,0.02,71.5,0.01,25
2026-08-20T23:16:37Z,celmis-api,0.21,513.9,6928.38,7.42,69.6,8.83,26.7,308.0,16
2026-08-20T23:16:37Z,celmis-postgres,0.02,31.95,6928.38,0.46,6.65,6.03,5.05,33.6,11
2026-08-20T23:16:37Z,celmis-web,0.00,84.27,6928.38,1.22,0.56,0.68,15.0,0.0,12
2026-08-20T23:16:37Z,celmis-sandbox,0.02,45.01,3072.0,1.47,0.0,0.0,1.86,0.0,3
2026-08-20T23:16:37Z,celmis-qdrant,0.08,246.8,6928.38,3.56,0.04,0.02,71.5,0.01,25
2026-08-20T23:16:43Z,celmis-api,0.21,513.9,6928.38,7.42,69.6,8.83,26.7,308.0,16
2026-08-20T23:16:43Z,celmis-postgres,0.04,31.91,6928.38,0.46,6.65,6.04,5.05,33.6,11
2026-08-20T23:16:43Z,celmis-web,0.01,84.27,6928.38,1.22,0.56,0.68,15.0,0.0,12
2026-08-20T23:16:43Z,celmis-sandbox,0.04,45.01,3072.0,1.47,0.0,0.0,1.86,0.0,3
2026-08-20T23:16:43Z,celmis-qdrant,0.11,246.8,6928.38,3.56,0.04,0.02,71.5,0.01,25
2026-08-20T23:16:49Z,celmis-api,0.16,513.9,6928.38,7.42,69.6,8.84,26.7,308.0,16
2026-08-20T23:16:49Z,celmis-postgres,0.00,31.9,6928.38,0.46,6.65,6.04,5.05,33.6,11
2026-08-20T23:16:49Z,celmis-web,0.00,84.27,6928.38,1.22,0.56,0.68,15.0,0.0,18
2026-08-20T23:16:49Z,celmis-sandbox,0.03,44.68,3072.0,1.45,0.0,0.0,1.86,0.0,3
2026-08-20T23:16:49Z,celmis-qdrant,0.08,246.8,6928.38,3.56,0.04,0.02,71.5,0.01,25
2026-08-20T23:16:54Z,celmis-api,0.19,513.9,6928.38,7.42,69.6,8.84,26.7,308.0,16
2026-08-20T23:16:54Z,celmis-postgres,0.01,32.23,6928.38,0.47,6.65,6.04,5.05,33.6,11
2026-08-20T23:16:54Z,celmis-web,0.00,84.09,6928.38,1.21,0.56,0.68,15.0,0.0,12
2026-08-20T23:16:54Z,celmis-sandbox,0.03,44.68,3072.0,1.45,0.0,0.0,1.86,0.0,3
2026-08-20T23:16:54Z,celmis-qdrant,0.09,246.5,6928.38,3.56,0.04,0.02,71.5,0.01,25
2026-08-20T23:17:00Z,celmis-api,0.14,513.9,6928.38,7.42,69.6,8.84,26.7,308.0,16
2026-08-20T23:17:00Z,celmis-postgres,0.00,31.87,6928.38,0.46,6.65,6.04,5.05,33.6,11
2026-08-20T23:17:00Z,celmis-web,0.00,84.09,6928.38,1.21,0.56,0.68,15.0,0.0,12
2026-08-20T23:17:00Z,celmis-sandbox,0.01,44.68,3072.0,1.45,0.0,0.0,1.86,0.0,3
2026-08-20T23:17:00Z,celmis-qdrant,0.05,246.5,6928.38,3.56,0.04,0.02,71.5,0.01,25
2026-08-20T23:17:05Z,celmis-api,0.16,514.1,6928.38,7.42,69.6,8.84,26.7,308.0,16
2026-08-20T23:17:05Z,celmis-postgres,0.99,31.82,6928.38,0.46,6.66,6.04,5.05,33.6,11
2026-08-20T23:17:05Z,celmis-web,0.04,84.21,6928.38,1.22,0.56,0.68,15.0,0.0,12
2026-08-20T23:17:05Z,celmis-sandbox,0.01,44.68,3072.0,1.45,0.0,0.0,1.86,0.0,3
2026-08-20T23:17:05Z,celmis-qdrant,0.05,246.6,6928.38,3.56,0.04,0.02,71.5,0.01,25
2026-08-20T23:17:11Z,celmis-api,0.17,514.1,6928.38,7.42,69.6,8.84,26.7,308.0,16
2026-08-20T23:17:11Z,celmis-postgres,0.58,32.34,6928.38,0.47,6.66,6.04,5.05,33.6,11
2026-08-20T23:17:11Z,celmis-web,0.01,84.21,6928.38,1.22,0.56,0.68,15.0,0.0,12
2026-08-20T23:17:11Z,celmis-sandbox,0.03,44.68,3072.0,1.45,0.0,0.0,1.86,0.0,3
2026-08-20T23:17:11Z,celmis-qdrant,0.07,246.6,6928.38,3.56,0.04,0.02,71.5,0.01,25
2026-08-20T23:17:16Z,celmis-api,0.26,514.1,6928.38,7.42,69.6,8.84,26.7,308.0,16
2026-08-20T23:17:16Z,celmis-postgres,0.00,31.85,6928.38,0.46,6.66,6.04,5.05,33.6,11
2026-08-20T23:17:16Z,celmis-web,0.01,84.21,6928.38,1.22,0.56,0.68,15.0,0.0,12
2026-08-20T23:17:16Z,celmis-sandbox,0.02,44.68,3072.0,1.45,0.0,0.0,1.86,0.0,3
2026-08-20T23:17:16Z,celmis-qdrant,0.08,246.6,6928.38,3.56,0.04,0.02,71.5,0.01,25
2026-08-20T23:17:22Z,celmis-api,1.09,514.0,6928.38,7.42,69.6,8.85,26.7,308.0,16
2026-08-20T23:17:22Z,celmis-postgres,0.33,31.98,6928.38,0.46,6.66,6.05,5.05,33.6,11
2026-08-20T23:17:22Z,celmis-web,0.00,84.15,6928.38,1.21,0.56,0.68,15.0,0.0,12
2026-08-20T23:17:22Z,celmis-sandbox,0.05,44.87,3072.0,1.46,0.0,0.0,1.86,0.0,3
2026-08-20T23:17:22Z,celmis-qdrant,0.06,246.3,6928.38,3.55,0.04,0.02,71.5,0.01,25
2026-08-20T23:17:27Z,celmis-api,0.25,514.0,6928.38,7.42,69.6,8.85,26.7,308.0,16
2026-08-20T23:17:27Z,celmis-postgres,0.00,32.07,6928.38,0.46,6.66,6.05,5.05,33.6,11
2026-08-20T23:17:27Z,celmis-web,0.01,84.15,6928.38,1.21,0.56,0.68,15.0,0.0,12
2026-08-20T23:17:27Z,celmis-sandbox,0.02,44.87,3072.0,1.46,0.0,0.0,1.86,0.0,3
2026-08-20T23:17:27Z,celmis-qdrant,0.07,246.3,6928.38,3.55,0.04,0.02,71.5,0.01,25
2026-08-20T23:17:33Z,celmis-api,0.16,514.0,6928.38,7.42,69.6,8.85,26.7,308.0,16
2026-08-20T23:17:33Z,celmis-postgres,0.00,32.05,6928.38,0.46,6.66,6.05,5.05,33.6,11
2026-08-20T23:17:33Z,celmis-web,0.01,84.15,6928.38,1.21,0.56,0.68,15.0,0.0,12
2026-08-20T23:17:33Z,celmis-sandbox,0.02,44.87,3072.0,1.46,0.0,0.0,1.86,0.0,3
2026-08-20T23:17:33Z,celmis-qdrant,0.06,246.3,6928.38,3.55,0.04,0.02,71.5,0.01,25
2026-08-20T23:17:39Z,celmis-api,0.21,514.2,6928.38,7.42,69.6,8.85,26.7,308.0,16
2026-08-20T23:17:39Z,celmis-postgres,0.03,31.8,6928.38,0.46,6.67,6.05,5.05,33.6,11
2026-08-20T23:17:39Z,celmis-web,0.00,84.14,6928.38,1.21,0.56,0.68,15.0,0.0,12
2026-08-20T23:17:39Z,celmis-sandbox,0.02,44.87,3072.0,1.46,0.0,0.0,1.86,0.0,3
2026-08-20T23:17:39Z,celmis-qdrant,0.08,246.4,6928.38,3.56,0.04,0.02,71.5,0.01,25
2026-08-20T23:17:44Z,celmis-api,0.17,514.2,6928.38,7.42,69.6,8.85,26.7,308.0,16
2026-08-20T23:17:44Z,celmis-postgres,0.02,32.03,6928.38,0.46,6.67,6.05,5.05,33.6,11
2026-08-20T23:17:44Z,celmis-web,0.00,84.14,6928.38,1.21,0.56,0.68,15.0,0.0,12
2026-08-20T23:17:44Z,celmis-sandbox,0.02,44.87,3072.0,1.46,0.0,0.0,1.86,0.0,3
2026-08-20T23:17:44Z,celmis-qdrant,0.07,246.4,6928.38,3.56,0.04,0.02,71.5,0.01,25
2026-08-20T23:17:50Z,celmis-api,32.67,514.2,6928.38,7.42,69.6,8.85,26.7,308.0,16
2026-08-20T23:17:50Z,celmis-postgres,0.00,31.91,6928.38,0.46,6.67,6.05,5.05,33.6,11
2026-08-20T23:17:50Z,celmis-web,1.50,83.84,6928.38,1.21,0.56,0.68,15.0,0.0,12
2026-08-20T23:17:50Z,celmis-sandbox,0.03,44.8,3072.0,1.46,0.0,0.0,1.86,0.0,3
2026-08-20T23:17:50Z,celmis-qdrant,0.83,246.3,6928.38,3.56,0.04,0.02,71.5,0.01,25
2026-08-20T23:17:55Z,celmis-api,1.07,514.1,6928.38,7.42,69.6,8.86,26.7,308.0,16
2026-08-20T23:17:55Z,celmis-postgres,1.21,31.84,6928.38,0.46,6.67,6.05,5.05,33.6,11
2026-08-20T23:17:55Z,celmis-web,0.24,83.84,6928.38,1.21,0.56,0.68,15.0,0.0,12
2026-08-20T23:17:55Z,celmis-sandbox,0.02,44.8,3072.0,1.46,0.0,0.0,1.86,0.0,3
2026-08-20T23:17:55Z,celmis-qdrant,0.05,246.3,6928.38,3.56,0.04,0.02,71.5,0.01,25
2026-08-20T23:18:01Z,celmis-api,0.24,514.1,6928.38,7.42,69.6,8.86,26.7,308.0,16
2026-08-20T23:18:01Z,celmis-postgres,2.19,31.55,6928.38,0.46,6.67,6.06,5.05,33.6,11
2026-08-20T23:18:01Z,celmis-web,0.00,83.84,6928.38,1.21,0.56,0.68,15.0,0.0,12
2026-08-20T23:18:01Z,celmis-sandbox,0.03,44.8,3072.0,1.46,0.0,0.0,1.86,0.0,3
2026-08-20T23:18:01Z,celmis-qdrant,0.07,246.3,6928.38,3.56,0.04,0.02,71.5,0.01,25
2026-08-20T23:18:06Z,celmis-api,0.22,514.1,6928.38,7.42,69.6,8.86,26.7,308.0,16
2026-08-20T23:18:06Z,celmis-postgres,0.02,32.03,6928.38,0.46,6.67,6.06,5.05,33.7,11
2026-08-20T23:18:06Z,celmis-web,0.00,84.08,6928.38,1.21,0.56,0.68,15.0,0.0,12
2026-08-20T23:18:06Z,celmis-sandbox,0.03,44.8,3072.0,1.46,0.0,0.0,1.86,0.0,3
2026-08-20T23:18:06Z,celmis-qdrant,0.07,246.2,6928.38,3.55,0.04,0.02,71.5,0.01,25
2026-08-20T23:18:12Z,celmis-api,0.69,514.1,6928.38,7.42,69.6,8.86,26.7,308.0,16
2026-08-20T23:18:12Z,celmis-postgres,0.17,32.39,6928.38,0.47,6.68,6.06,5.05,33.7,11
2026-08-20T23:18:12Z,celmis-web,0.01,84.04,6928.38,1.21,0.56,0.68,15.0,0.0,12
2026-08-20T23:18:12Z,celmis-sandbox,0.03,44.8,3072.0,1.46,0.0,0.0,1.86,0.0,3
2026-08-20T23:18:12Z,celmis-qdrant,0.09,246.2,6928.38,3.55,0.04,0.02,71.5,0.01,25
2026-08-20T23:18:17Z,celmis-api,0.96,514.1,6928.38,7.42,69.6,8.86,26.7,308.0,16
2026-08-20T23:18:17Z,celmis-postgres,0.00,31.96,6928.38,0.46,6.68,6.06,5.05,33.7,11
2026-08-20T23:18:17Z,celmis-web,0.00,84.04,6928.38,1.21,0.56,0.68,15.0,0.0,12
2026-08-20T23:18:17Z,celmis-sandbox,0.01,44.8,3072.0,1.46,0.0,0.0,1.86,0.0,3
2026-08-20T23:18:17Z,celmis-qdrant,0.05,246.2,6928.38,3.55,0.04,0.02,71.5,0.01,25
2026-08-20T23:18:23Z,celmis-api,0.69,514.0,6928.38,7.42,69.6,8.86,26.7,308.0,16
2026-08-20T23:18:23Z,celmis-postgres,0.00,32.2,6928.38,0.46,6.68,6.06,5.05,33.7,11
2026-08-20T23:18:23Z,celmis-web,0.01,83.86,6928.38,1.21,0.56,0.68,15.0,0.0,12
2026-08-20T23:18:23Z,celmis-sandbox,0.02,44.98,3072.0,1.46,0.0,0.0,1.86,0.0,3
2026-08-20T23:18:23Z,celmis-qdrant,0.07,246.3,6928.38,3.55,0.04,0.02,71.5,0.01,25
2026-08-20T23:18:29Z,celmis-api,0.28,514.0,6928.38,7.42,69.6,8.87,26.7,308.0,16
2026-08-20T23:18:29Z,celmis-postgres,0.03,31.97,6928.38,0.46,6.68,6.06,5.05,33.7,11
2026-08-20T23:18:29Z,celmis-web,0.01,83.86,6928.38,1.21,0.56,0.68,15.0,0.0,12
2026-08-20T23:18:29Z,celmis-sandbox,0.03,44.98,3072.0,1.46,0.0,0.0,1.86,0.0,3
2026-08-20T23:18:29Z,celmis-qdrant,0.10,246.3,6928.38,3.55,0.04,0.02,71.5,0.01,25
2026-08-20T23:18:34Z,celmis-api,1.48,514.0,6928.38,7.42,69.6,8.87,26.7,308.0,16
2026-08-20T23:18:34Z,celmis-postgres,0.04,31.78,6928.38,0.46,6.68,6.07,5.05,33.7,11
2026-08-20T23:18:34Z,celmis-web,1.47,83.96,6928.38,1.21,0.56,0.68,15.0,0.0,12
2026-08-20T23:18:34Z,celmis-sandbox,0.03,44.98,3072.0,1.46,0.0,0.0,1.86,0.0,3
2026-08-20T23:18:34Z,celmis-qdrant,1.32,246.7,6928.38,3.56,0.04,0.02,71.5,0.01,25
2026-08-20T23:18:40Z,celmis-api,0.27,514.0,6928.38,7.42,69.6,8.87,26.7,308.0,16
2026-08-20T23:18:40Z,celmis-postgres,0.00,32.09,6928.38,0.46,6.68,6.07,5.05,33.7,11
2026-08-20T23:18:40Z,celmis-web,0.00,83.85,6928.38,1.21,0.56,0.68,15.0,0.0,12
2026-08-20T23:18:40Z,celmis-sandbox,0.03,44.98,3072.0,1.46,0.0,0.0,1.86,0.0,3
2026-08-20T23:18:40Z,celmis-qdrant,0.07,246.7,6928.38,3.56,0.04,0.02,71.5,0.01,25
2026-08-20T23:18:45Z,celmis-api,0.26,514.0,6928.38,7.42,69.6,8.87,26.7,308.0,16
2026-08-20T23:18:45Z,celmis-postgres,0.01,32.23,6928.38,0.47,6.69,6.07,5.05,33.7,11
2026-08-20T23:18:45Z,celmis-web,0.02,83.85,6928.38,1.21,0.56,0.68,15.0,0.0,12
2026-08-20T23:18:45Z,celmis-sandbox,0.03,44.98,3072.0,1.46,0.0,0.0,1.86,0.0,3
2026-08-20T23:18:45Z,celmis-qdrant,0.10,246.7,6928.38,3.56,0.04,0.02,71.5,0.01,25
2026-08-20T23:18:51Z,celmis-api,0.31,514.2,6928.38,7.42,69.6,8.87,26.7,308.0,16
2026-08-20T23:18:51Z,celmis-postgres,0.00,31.97,6928.38,0.46,6.69,6.07,5.05,33.7,11
2026-08-20T23:18:51Z,celmis-web,1.45,84.03,6928.38,1.21,0.56,0.68,15.0,0.0,12
2026-08-20T23:18:51Z,celmis-sandbox,0.03,44.85,3072.0,1.46,0.0,0.0,1.86,0.0,3
2026-08-20T23:18:51Z,celmis-qdrant,0.09,246.8,6928.38,3.56,0.04,0.02,71.5,0.01,25
2026-08-20T23:18:56Z,celmis-api,0.27,514.4,6928.38,7.42,69.6,8.87,26.7,308.0,16
2026-08-20T23:18:56Z,celmis-postgres,1.81,32.19,6928.38,0.46,6.69,6.07,5.05,33.7,11
2026-08-20T23:18:56Z,celmis-web,0.01,83.94,6928.38,1.21,0.56,0.68,15.0,0.0,12
2026-08-20T23:18:56Z,celmis-sandbox,0.04,44.85,3072.0,1.46,0.0,0.0,1.86,0.0,3
2026-08-20T23:18:56Z,celmis-qdrant,0.07,246.8,6928.38,3.56,0.04,0.02,71.5,0.01,25
2026-08-20T23:19:02Z,celmis-api,0.66,514.4,6928.38,7.42,69.6,8.88,26.7,308.0,16
2026-08-20T23:19:02Z,celmis-postgres,1.76,31.89,6928.38,0.46,6.69,6.07,5.05,33.7,11
2026-08-20T23:19:02Z,celmis-web,0.01,83.94,6928.38,1.21,0.56,0.68,15.0,0.0,12
2026-08-20T23:19:02Z,celmis-sandbox,0.03,44.85,3072.0,1.46,0.0,0.0,1.86,0.0,3
2026-08-20T23:19:02Z,celmis-qdrant,0.09,246.8,6928.38,3.56,0.04,0.02,71.5,0.01,25
2026-08-20T23:19:07Z,celmis-api,0.58,513.9,6928.38,7.42,69.6,8.88,26.7,308.0,16
2026-08-20T23:19:07Z,celmis-postgres,0.09,32.02,6928.38,0.46,6.69,6.07,5.05,33.7,11
2026-08-20T23:19:07Z,celmis-web,0.01,84.0,6928.38,1.21,0.56,0.68,15.0,0.0,12
2026-08-20T23:19:07Z,celmis-sandbox,0.03,44.85,3072.0,1.46,0.0,0.0,1.86,0.0,3
2026-08-20T23:19:07Z,celmis-qdrant,0.07,246.2,6928.38,3.55,0.04,0.02,71.5,0.01,25
2026-08-20T23:19:13Z,celmis-api,0.71,513.9,6928.38,7.42,69.7,8.88,26.7,308.0,16
2026-08-20T23:19:13Z,celmis-postgres,0.00,32.12,6928.38,0.46,6.69,6.08,5.05,33.7,11
2026-08-20T23:19:13Z,celmis-web,0.00,84.0,6928.38,1.21,0.56,0.68,15.0,0.0,12
2026-08-20T23:19:13Z,celmis-sandbox,0.04,44.85,3072.0,1.46,0.0,0.0,1.86,0.0,3
2026-08-20T23:19:13Z,celmis-qdrant,0.06,246.2,6928.38,3.55,0.04,0.02,71.5,0.01,25
2026-08-20T23:19:19Z,celmis-api,0.21,513.9,6928.38,7.42,69.7,8.88,26.7,308.0,16
2026-08-20T23:19:19Z,celmis-postgres,0.00,32.27,6928.38,0.47,6.7,6.08,5.05,33.7,11
2026-08-20T23:19:19Z,celmis-web,0.01,84.0,6928.38,1.21,0.56,0.68,15.0,0.0,12
2026-08-20T23:19:19Z,celmis-sandbox,0.03,45.05,3072.0,1.47,0.0,0.0,1.86,0.0,3
2026-08-20T23:19:19Z,celmis-qdrant,0.06,246.2,6928.38,3.55,0.04,0.02,71.5,0.01,25
2026-08-20T23:19:24Z,celmis-api,0.26,513.8,6928.38,7.42,69.7,8.88,26.7,308.0,16
2026-08-20T23:19:24Z,celmis-postgres,0.26,31.78,6928.38,0.46,6.7,6.08,5.05,33.7,11
2026-08-20T23:19:24Z,celmis-web,0.01,84.12,6928.38,1.21,0.56,0.68,15.0,0.0,12
2026-08-20T23:19:24Z,celmis-sandbox,0.03,45.02,3072.0,1.47,0.0,0.0,1.86,0.0,3
2026-08-20T23:19:24Z,celmis-qdrant,0.08,246.1,6928.38,3.55,0.04,0.02,71.5,0.01,25
2026-08-20T23:19:30Z,celmis-api,0.29,514.1,6928.38,7.42,69.7,8.88,26.7,308.0,16
2026-08-20T23:19:30Z,celmis-postgres,0.02,31.75,6928.38,0.46,6.7,6.08,5.05,33.8,11
2026-08-20T23:19:30Z,celmis-web,0.01,84.12,6928.38,1.21,0.56,0.68,15.0,0.0,12
2026-08-20T23:19:30Z,celmis-sandbox,0.03,45.02,3072.0,1.47,0.0,0.0,1.86,0.0,3
2026-08-20T23:19:30Z,celmis-qdrant,0.09,246.1,6928.38,3.55,0.04,0.02,71.5,0.01,25
2026-08-20T23:19:35Z,celmis-api,0.42,514.0,6928.38,7.42,69.7,8.89,26.7,308.0,16
2026-08-20T23:19:35Z,celmis-postgres,0.04,32.07,6928.38,0.46,6.7,6.08,5.05,33.8,11
2026-08-20T23:19:35Z,celmis-web,0.02,84.25,6928.38,1.22,0.56,0.68,15.0,0.0,12
2026-08-20T23:19:35Z,celmis-sandbox,0.07,45.02,3072.0,1.47,0.0,0.0,1.86,0.0,3
2026-08-20T23:19:35Z,celmis-qdrant,0.09,246.4,6928.38,3.56,0.04,0.02,71.5,0.01,25
2026-08-20T23:19:41Z,celmis-api,0.28,514.0,6928.38,7.42,69.7,8.89,26.7,308.0,16
2026-08-20T23:19:41Z,celmis-postgres,0.00,32.08,6928.38,0.46,6.7,6.08,5.05,33.8,11
2026-08-20T23:19:41Z,celmis-web,1.91,84.24,6928.38,1.22,0.56,0.68,15.0,0.0,12
2026-08-20T23:19:41Z,celmis-sandbox,0.02,45.02,3072.0,1.47,0.0,0.0,1.86,0.0,3
2026-08-20T23:19:41Z,celmis-qdrant,0.12,246.4,6928.38,3.56,0.04,0.02,71.5,0.01,25
2026-08-20T23:19:46Z,celmis-api,0.14,514.0,6928.38,7.42,69.7,8.89,26.7,308.0,16
2026-08-20T23:19:46Z,celmis-postgres,1.18,32.16,6928.38,0.46,6.7,6.08,5.05,33.8,11
2026-08-20T23:19:46Z,celmis-web,0.00,84.24,6928.38,1.22,0.56,0.68,15.0,0.0,12
2026-08-20T23:19:46Z,celmis-sandbox,0.02,45.02,3072.0,1.47,0.0,0.0,1.86,0.0,3
2026-08-20T23:19:46Z,celmis-qdrant,0.06,246.4,6928.38,3.56,0.04,0.02,71.5,0.01,25
2026-08-20T23:19:52Z,celmis-api,0.53,513.8,6928.38,7.42,69.7,8.89,26.7,308.0,16
2026-08-20T23:19:52Z,celmis-postgres,1.39,32.55,6928.38,0.47,6.71,6.09,5.05,33.8,11
2026-08-20T23:19:52Z,celmis-web,0.00,84.22,6928.38,1.22,0.56,0.68,15.0,0.0,12
2026-08-20T23:19:52Z,celmis-sandbox,0.03,44.95,3072.0,1.46,0.0,0.0,1.86,0.0,3
2026-08-20T23:19:52Z,celmis-qdrant,0.08,246.3,6928.38,3.55,0.04,0.02,71.5,0.01,25
2026-08-20T23:19:57Z,celmis-api,0.24,513.8,6928.38,7.42,69.7,8.89,26.7,308.0,16
2026-08-20T23:19:57Z,celmis-postgres,0.21,31.83,6928.38,0.46,6.71,6.09,5.05,33.8,11
2026-08-20T23:19:57Z,celmis-web,0.00,84.22,6928.38,1.22,0.56,0.68,15.0,0.0,12
2026-08-20T23:19:57Z,celmis-sandbox,0.02,44.69,3072.0,1.45,0.0,0.0,1.86,0.0,3
2026-08-20T23:19:57Z,celmis-qdrant,0.06,246.3,6928.38,3.55,0.04,0.02,71.5,0.01,25
2026-08-20T23:20:03Z,celmis-api,0.44,513.8,6928.38,7.42,69.7,8.89,26.7,308.0,16
2026-08-20T23:20:03Z,celmis-postgres,0.02,32.07,6928.38,0.46,6.71,6.09,5.05,33.8,11
2026-08-20T23:20:03Z,celmis-web,0.01,84.22,6928.38,1.22,0.56,0.68,15.0,0.0,12
2026-08-20T23:20:03Z,celmis-sandbox,0.02,44.69,3072.0,1.45,0.0,0.0,1.86,0.0,3
2026-08-20T23:20:03Z,celmis-qdrant,0.04,246.3,6928.38,3.55,0.04,0.02,71.5,0.01,25
2026-08-20T23:20:09Z,celmis-api,0.17,514.3,6928.38,7.42,69.7,8.9,26.7,308.0,16
2026-08-20T23:20:09Z,celmis-postgres,0.02,31.8,6928.38,0.46,6.71,6.09,5.05,33.8,11
2026-08-20T23:20:09Z,celmis-web,0.00,84.09,6928.38,1.21,0.56,0.68,15.0,0.0,12
2026-08-20T23:20:09Z,celmis-sandbox,0.01,44.69,3072.0,1.45,0.0,0.0,1.86,0.0,3
2026-08-20T23:20:09Z,celmis-qdrant,0.05,246.5,6928.38,3.56,0.04,0.02,71.5,0.01,25
2026-08-20T23:20:14Z,celmis-api,0.28,514.3,6928.38,7.42,69.7,8.9,26.7,308.0,16
2026-08-20T23:20:14Z,celmis-postgres,0.00,32.25,6928.38,0.47,6.71,6.09,5.05,33.8,11
2026-08-20T23:20:14Z,celmis-web,0.01,84.09,6928.38,1.21,0.56,0.68,15.0,0.0,12
2026-08-20T23:20:14Z,celmis-sandbox,0.02,44.69,3072.0,1.45,0.0,0.0,1.86,0.0,3
2026-08-20T23:20:14Z,celmis-qdrant,0.09,246.5,6928.38,3.56,0.04,0.02,71.5,0.01,25
2026-08-20T23:20:20Z,celmis-api,1.12,514.0,6928.38,7.42,69.7,8.9,26.7,308.0,16
2026-08-20T23:20:20Z,celmis-postgres,0.00,31.87,6928.38,0.46,6.71,6.09,5.05,33.8,11
2026-08-20T23:20:20Z,celmis-web,1.19,83.86,6928.38,1.21,0.56,0.68,15.0,0.0,12
2026-08-20T23:20:20Z,celmis-sandbox,0.08,44.6,3072.0,1.45,0.0,0.0,1.86,0.0,3
2026-08-20T23:20:20Z,celmis-qdrant,0.08,246.5,6928.38,3.56,0.04,0.02,71.5,0.01,25
2026-08-20T23:20:25Z,celmis-api,0.62,513.9,6928.38,7.42,69.7,8.9,26.7,308.0,16
2026-08-20T23:20:25Z,celmis-postgres,0.11,31.88,6928.38,0.46,6.72,6.09,5.05,33.8,11
2026-08-20T23:20:25Z,celmis-web,0.00,83.84,6928.38,1.21,0.56,0.68,15.0,0.0,12
2026-08-20T23:20:25Z,celmis-sandbox,0.02,44.6,3072.0,1.45,0.0,0.0,1.86,0.0,3
2026-08-20T23:20:25Z,celmis-qdrant,0.06,246.4,6928.38,3.56,0.04,0.02,71.5,0.01,25
2026-08-20T23:20:31Z,celmis-api,0.20,513.9,6928.38,7.42,69.7,8.9,26.7,308.0,16
2026-08-20T23:20:31Z,celmis-postgres,0.61,32.24,6928.38,0.47,6.72,6.1,5.05,33.8,11
2026-08-20T23:20:31Z,celmis-web,0.00,83.84,6928.38,1.21,0.56,0.68,15.0,0.0,12
2026-08-20T23:20:31Z,celmis-sandbox,0.02,44.6,3072.0,1.45,0.0,0.0,1.86,0.0,3
2026-08-20T23:20:31Z,celmis-qdrant,0.06,246.4,6928.38,3.56,0.04,0.02,71.5,0.01,25
2026-08-20T23:20:36Z,celmis-api,0.16,514.1,6928.38,7.42,69.7,8.9,26.7,308.0,16
2026-08-20T23:20:36Z,celmis-postgres,0.04,31.88,6928.38,0.46,6.72,6.1,5.05,33.8,17
2026-08-20T23:20:36Z,celmis-web,0.00,83.69,6928.38,1.21,0.56,0.68,15.0,0.0,12
2026-08-20T23:20:36Z,celmis-sandbox,0.02,44.6,3072.0,1.45,0.0,0.0,1.86,0.0,3
2026-08-20T23:20:36Z,celmis-qdrant,0.08,246.5,6928.38,3.56,0.04,0.02,71.5,0.01,25
2026-08-20T23:20:42Z,celmis-api,0.16,514.1,6928.38,7.42,69.7,8.9,26.7,308.0,16
2026-08-20T23:20:42Z,celmis-postgres,1.14,31.94,6928.38,0.46,6.72,6.1,5.05,33.8,11
2026-08-20T23:20:42Z,celmis-web,0.00,83.69,6928.38,1.21,0.56,0.68,15.0,0.0,12
2026-08-20T23:20:42Z,celmis-sandbox,0.03,44.6,3072.0,1.45,0.0,0.0,1.86,0.0,3
2026-08-20T23:20:42Z,celmis-qdrant,0.06,246.5,6928.38,3.56,0.04,0.02,71.5,0.01,25
2026-08-20T23:20:47Z,celmis-api,0.70,514.1,6928.38,7.42,69.7,8.91,26.7,308.0,16
2026-08-20T23:20:47Z,celmis-postgres,1.21,32.35,6928.38,0.47,6.72,6.1,5.05,33.8,11
2026-08-20T23:20:47Z,celmis-web,0.01,83.69,6928.38,1.21,0.56,0.68,15.0,0.0,12
2026-08-20T23:20:47Z,celmis-sandbox,0.03,44.6,3072.0,1.45,0.0,0.0,1.86,0.0,3
2026-08-20T23:20:47Z,celmis-qdrant,0.09,246.5,6928.38,3.56,0.04,0.02,71.5,0.01,25
2026-08-20T23:20:53Z,celmis-api,0.27,514.2,6928.38,7.42,69.7,8.91,26.7,308.0,16
2026-08-20T23:20:53Z,celmis-postgres,1.03,32.3,6928.38,0.47,6.72,6.1,5.05,33.8,11
2026-08-20T23:20:53Z,celmis-web,0.00,83.94,6928.38,1.21,0.56,0.68,15.0,0.0,12
2026-08-20T23:20:53Z,celmis-sandbox,0.03,44.77,3072.0,1.46,0.0,0.0,1.86,0.0,3
2026-08-20T23:20:53Z,celmis-qdrant,0.07,246.4,6928.38,3.56,0.04,0.02,71.5,0.01,25
2026-08-20T23:20:59Z,celmis-api,0.16,514.2,6928.38,7.42,69.7,8.91,26.7,308.0,16
2026-08-20T23:20:59Z,celmis-postgres,0.06,31.93,6928.38,0.46,6.73,6.1,5.05,33.8,11
2026-08-20T23:20:59Z,celmis-web,0.01,83.94,6928.38,1.21,0.56,0.68,15.0,0.0,12
2026-08-20T23:20:59Z,celmis-sandbox,0.02,44.77,3072.0,1.46,0.0,0.0,1.86,0.0,3
2026-08-20T23:20:59Z,celmis-qdrant,0.06,246.4,6928.38,3.56,0.04,0.02,71.5,0.01,25
2026-08-20T23:21:04Z,celmis-api,0.23,514.2,6928.38,7.42,69.7,8.91,26.7,308.0,16
2026-08-20T23:21:04Z,celmis-postgres,0.03,32.18,6928.38,0.46,6.73,6.11,5.05,33.8,11
2026-08-20T23:21:04Z,celmis-web,0.00,83.94,6928.38,1.21,0.56,0.68,15.0,0.0,12
2026-08-20T23:21:04Z,celmis-sandbox,0.02,44.77,3072.0,1.46,0.0,0.0,1.86,0.0,3
2026-08-20T23:21:04Z,celmis-qdrant,0.08,246.4,6928.38,3.56,0.04,0.02,71.5,0.01,25
2026-08-20T23:21:10Z,celmis-api,40.55,550.7,6928.38,7.95,69.7,8.91,26.7,308.0,17
2026-08-20T23:21:10Z,celmis-postgres,0.02,31.92,6928.38,0.46,6.73,6.11,5.05,33.8,11
2026-08-20T23:21:10Z,celmis-web,0.01,83.96,6928.38,1.21,0.56,0.68,15.0,0.0,12
2026-08-20T23:21:10Z,celmis-sandbox,0.02,44.77,3072.0,1.46,0.0,0.0,1.86,0.0,3
2026-08-20T23:21:10Z,celmis-qdrant,0.08,246.6,6928.38,3.56,0.04,0.02,71.5,0.01,25
2026-08-20T23:21:15Z,celmis-api,0.14,514.1,6928.38,7.42,69.7,8.91,26.7,308.0,16
2026-08-20T23:21:15Z,celmis-postgres,0.00,31.99,6928.38,0.46,6.73,6.11,5.05,33.8,11
2026-08-20T23:21:15Z,celmis-web,0.00,83.96,6928.38,1.21,0.56,0.68,15.0,0.0,12
2026-08-20T23:21:15Z,celmis-sandbox,0.02,44.77,3072.0,1.46,0.0,0.0,1.86,0.0,3
2026-08-20T23:21:15Z,celmis-qdrant,0.05,246.6,6928.38,3.56,0.04,0.02,71.5,0.01,25
2026-08-20T23:21:21Z,celmis-api,0.20,514.2,6928.38,7.42,69.7,8.92,26.7,308.0,16
2026-08-20T23:21:21Z,celmis-postgres,0.00,32.0,6928.38,0.46,6.73,6.11,5.05,33.8,11
2026-08-20T23:21:21Z,celmis-web,1.38,84.17,6928.38,1.21,0.56,0.68,15.0,0.0,12
2026-08-20T23:21:21Z,celmis-sandbox,0.02,44.95,3072.0,1.46,0.0,0.0,1.86,0.0,3
2026-08-20T23:21:21Z,celmis-qdrant,0.67,246.5,6928.38,3.56,0.04,0.02,71.5,0.01,25
2026-08-20T23:21:26Z,celmis-api,0.19,514.2,6928.38,7.42,69.7,8.92,26.7,308.0,16
2026-08-20T23:21:26Z,celmis-postgres,0.00,31.62,6928.38,0.46,6.73,6.11,5.05,33.8,11
2026-08-20T23:21:26Z,celmis-web,0.02,84.12,6928.38,1.21,0.56,0.68,15.0,0.0,12
2026-08-20T23:21:26Z,celmis-sandbox,0.02,44.95,3072.0,1.46,0.0,0.0,1.86,0.0,3
2026-08-20T23:21:26Z,celmis-qdrant,0.06,246.5,6928.38,3.56,0.04,0.02,71.5,0.01,25
2026-08-20T23:21:32Z,celmis-api,0.28,514.2,6928.38,7.42,69.7,8.92,26.7,308.0,16
2026-08-20T23:21:32Z,celmis-postgres,1.31,31.91,6928.38,0.46,6.74,6.11,5.05,33.8,11
2026-08-20T23:21:32Z,celmis-web,0.00,84.12,6928.38,1.21,0.56,0.68,15.0,0.0,12
2026-08-20T23:21:32Z,celmis-sandbox,0.02,44.95,3072.0,1.46,0.0,0.0,1.86,0.0,3
2026-08-20T23:21:32Z,celmis-qdrant,0.07,246.5,6928.38,3.56,0.04,0.02,71.5,0.01,25
2026-08-20T23:21:37Z,celmis-api,0.27,514.2,6928.38,7.42,69.7,8.92,26.7,308.0,16
2026-08-20T23:21:37Z,celmis-postgres,0.98,32.2,6928.38,0.46,6.74,6.11,5.05,33.8,11
2026-08-20T23:21:37Z,celmis-web,0.00,84.21,6928.38,1.22,0.56,0.68,15.0,0.0,12
2026-08-20T23:21:37Z,celmis-sandbox,0.02,44.95,3072.0,1.46,0.0,0.0,1.86,0.0,3
2026-08-20T23:21:37Z,celmis-qdrant,0.06,246.6,6928.38,3.56,0.04,0.02,71.5,0.01,25
2026-08-20T23:21:43Z,celmis-api,0.37,514.2,6928.38,7.42,69.7,8.92,26.7,308.0,16
2026-08-20T23:21:43Z,celmis-postgres,0.00,32.07,6928.38,0.46,6.74,6.12,5.05,33.8,11
2026-08-20T23:21:43Z,celmis-web,0.01,84.21,6928.38,1.22,0.56,0.68,15.0,0.0,12
2026-08-20T23:21:43Z,celmis-sandbox,0.03,44.95,3072.0,1.46,0.0,0.0,1.86,0.0,3
2026-08-20T23:21:43Z,celmis-qdrant,0.04,246.6,6928.38,3.56,0.04,0.02,71.5,0.01,25
2026-08-20T23:21:49Z,celmis-api,0.18,514.2,6928.38,7.42,69.7,8.92,26.7,308.0,16
2026-08-20T23:21:49Z,celmis-postgres,0.00,31.81,6928.38,0.46,6.74,6.12,5.05,33.8,11
2026-08-20T23:21:49Z,celmis-web,0.00,84.21,6928.38,1.22,0.56,0.68,15.0,0.0,12
2026-08-20T23:21:49Z,celmis-sandbox,14.47,45.16,3072.0,1.47,0.0,0.0,1.86,0.0,3
2026-08-20T23:21:49Z,celmis-qdrant,0.08,246.6,6928.38,3.56,0.04,0.02,71.5,0.01,25
2026-08-20T23:21:54Z,celmis-api,0.23,513.8,6928.38,7.42,69.7,8.93,26.7,309.0,16
2026-08-20T23:21:54Z,celmis-postgres,0.02,32.17,6928.38,0.46,6.74,6.12,5.05,33.8,11
2026-08-20T23:21:54Z,celmis-web,0.00,83.98,6928.38,1.21,0.56,0.68,15.0,0.0,12
2026-08-20T23:21:54Z,celmis-sandbox,0.01,45.13,3072.0,1.47,0.0,0.0,1.86,0.0,3
2026-08-20T23:21:54Z,celmis-qdrant,0.08,246.5,6928.38,3.56,0.04,0.02,71.5,0.01,25
2026-08-20T23:22:00Z,celmis-api,0.15,513.8,6928.38,7.42,69.7,8.93,26.7,309.0,16
2026-08-20T23:22:00Z,celmis-postgres,0.07,31.82,6928.38,0.46,6.74,6.12,5.05,33.8,11
2026-08-20T23:22:00Z,celmis-web,0.00,83.98,6928.38,1.21,0.56,0.68,15.0,0.0,12
2026-08-20T23:22:00Z,celmis-sandbox,0.02,45.13,3072.0,1.47,0.0,0.0,1.86,0.0,3
2026-08-20T23:22:00Z,celmis-qdrant,0.06,246.5,6928.38,3.56,0.04,0.02,71.5,0.01,25
2026-08-20T23:22:05Z,celmis-api,1.57,514.0,6928.38,7.42,69.7,8.93,26.7,309.0,16
2026-08-20T23:22:05Z,celmis-postgres,0.03,31.8,6928.38,0.46,6.75,6.12,5.05,33.8,11
2026-08-20T23:22:05Z,celmis-web,1.68,84.25,6928.38,1.22,0.56,0.68,15.0,0.0,12
2026-08-20T23:22:05Z,celmis-sandbox,0.02,45.13,3072.0,1.47,0.0,0.0,1.86,0.0,3
2026-08-20T23:22:05Z,celmis-qdrant,0.86,246.7,6928.38,3.56,0.04,0.02,71.5,0.01,25
2026-08-20T23:22:11Z,celmis-api,0.24,514.0,6928.38,7.42,69.7,8.93,26.7,309.0,16
2026-08-20T23:22:11Z,celmis-postgres,0.03,32.05,6928.38,0.46,6.75,6.12,5.05,33.8,11
2026-08-20T23:22:11Z,celmis-web,0.03,84.23,6928.38,1.22,0.56,0.68,15.0,0.0,12
2026-08-20T23:22:11Z,celmis-sandbox,0.02,45.13,3072.0,1.47,0.0,0.0,1.86,0.0,3
2026-08-20T23:22:11Z,celmis-qdrant,0.08,246.7,6928.38,3.56,0.04,0.02,71.5,0.01,25
2026-08-20T23:22:16Z,celmis-api,0.16,514.0,6928.38,7.42,69.7,8.93,26.7,309.0,16
2026-08-20T23:22:16Z,celmis-postgres,0.00,31.88,6928.38,0.46,6.75,6.12,5.05,33.8,11
2026-08-20T23:22:16Z,celmis-web,0.04,84.23,6928.38,1.22,0.56,0.68,15.0,0.0,12
2026-08-20T23:22:16Z,celmis-sandbox,0.02,45.13,3072.0,1.47,0.0,0.0,1.86,0.0,3
2026-08-20T23:22:16Z,celmis-qdrant,0.05,246.7,6928.38,3.56,0.04,0.02,71.5,0.01,25
2026-08-20T23:22:22Z,celmis-api,0.51,514.3,6928.38,7.42,69.7,8.93,26.7,309.0,16
2026-08-20T23:22:22Z,celmis-postgres,0.02,32.07,6928.38,0.46,6.75,6.12,5.05,33.8,11
2026-08-20T23:22:22Z,celmis-web,0.00,83.69,6928.38,1.21,0.56,0.68,15.0,0.0,12
2026-08-20T23:22:22Z,celmis-sandbox,0.02,45.3,3072.0,1.47,0.0,0.0,1.86,0.0,3
2026-08-20T23:22:22Z,celmis-qdrant,0.06,246.6,6928.38,3.56,0.04,0.02,71.5,0.01,25
2026-08-20T23:22:27Z,celmis-api,0.54,514.2,6928.38,7.42,69.7,8.94,26.7,309.0,16
2026-08-20T23:22:27Z,celmis-postgres,0.00,31.62,6928.38,0.46,6.75,6.13,5.05,33.8,11
2026-08-20T23:22:27Z,celmis-web,0.01,83.69,6928.38,1.21,0.56,0.68,15.0,0.0,12
2026-08-20T23:22:27Z,celmis-sandbox,0.02,45.3,3072.0,1.47,0.0,0.0,1.86,0.0,3
2026-08-20T23:22:27Z,celmis-qdrant,0.07,246.6,6928.38,3.56,0.04,0.02,71.5,0.01,25
2026-08-20T23:22:33Z,celmis-api,0.17,514.2,6928.38,7.42,69.7,8.94,26.7,309.0,16
2026-08-20T23:22:33Z,celmis-postgres,1.36,31.77,6928.38,0.46,6.76,6.13,5.05,33.9,11
2026-08-20T23:22:33Z,celmis-web,0.01,83.69,6928.38,1.21,0.56,0.68,15.0,0.0,12
2026-08-20T23:22:33Z,celmis-sandbox,0.02,45.3,3072.0,1.47,0.0,0.0,1.86,0.0,3
2026-08-20T23:22:33Z,celmis-qdrant,0.05,246.6,6928.38,3.56,0.04,0.02,71.5,0.01,25
2026-08-20T23:22:39Z,celmis-api,0.18,514.2,6928.38,7.42,69.7,8.94,26.7,309.0,16
2026-08-20T23:22:39Z,celmis-postgres,0.03,31.52,6928.38,0.45,6.76,6.13,5.05,33.9,11
2026-08-20T23:22:39Z,celmis-web,0.01,84.16,6928.38,1.21,0.56,0.68,15.0,0.0,12
2026-08-20T23:22:39Z,celmis-sandbox,0.03,45.3,3072.0,1.47,0.0,0.0,1.86,0.0,3
2026-08-20T23:22:39Z,celmis-qdrant,0.08,246.8,6928.38,3.56,0.04,0.02,71.5,0.01,25
2026-08-20T23:22:44Z,celmis-api,0.18,514.2,6928.38,7.42,69.7,8.94,26.7,309.0,16
2026-08-20T23:22:44Z,celmis-postgres,0.00,31.68,6928.38,0.46,6.76,6.13,5.05,33.9,11
2026-08-20T23:22:44Z,celmis-web,0.01,83.91,6928.38,1.21,0.56,0.68,15.0,0.0,12
2026-08-20T23:22:44Z,celmis-sandbox,0.03,45.3,3072.0,1.47,0.0,0.0,1.86,0.0,3
2026-08-20T23:22:44Z,celmis-qdrant,0.07,246.8,6928.38,3.56,0.04,0.02,71.5,0.01,25
2026-08-20T23:22:50Z,celmis-api,1.71,514.1,6928.38,7.42,69.7,8.94,26.7,309.0,16
2026-08-20T23:22:50Z,celmis-postgres,0.00,31.68,6928.38,0.46,6.76,6.13,5.05,33.9,11
2026-08-20T23:22:50Z,celmis-web,1.55,84.22,6928.38,1.22,0.56,0.68,15.0,0.0,12
2026-08-20T23:22:50Z,celmis-sandbox,0.02,45.22,3072.0,1.47,0.0,0.0,1.86,0.0,3
2026-08-20T23:22:50Z,celmis-qdrant,0.06,246.8,6928.38,3.56,0.04,0.02,71.5,0.01,25
2026-08-20T23:22:55Z,celmis-api,1.55,514.1,6928.38,7.42,69.7,8.95,26.7,309.0,16
2026-08-20T23:22:55Z,celmis-postgres,0.32,31.74,6928.38,0.46,6.76,6.14,5.05,33.9,11
2026-08-20T23:22:55Z,celmis-web,0.00,84.02,6928.38,1.21,0.56,0.68,15.0,0.0,12
2026-08-20T23:22:55Z,celmis-sandbox,0.02,45.22,3072.0,1.47,0.0,0.0,1.86,0.0,3
2026-08-20T23:22:55Z,celmis-qdrant,0.05,246.4,6928.38,3.56,0.04,0.02,71.5,0.01,25
2026-08-20T23:23:01Z,celmis-api,0.23,514.0,6928.38,7.42,69.7,8.95,26.7,309.0,16
2026-08-20T23:23:01Z,celmis-postgres,0.00,31.6,6928.38,0.46,6.76,6.14,5.05,33.9,11
2026-08-20T23:23:01Z,celmis-web,0.00,84.02,6928.38,1.21,0.56,0.68,15.0,0.0,12
2026-08-20T23:23:01Z,celmis-sandbox,0.03,45.22,3072.0,1.47,0.0,0.0,1.86,0.0,3
2026-08-20T23:23:01Z,celmis-qdrant,0.09,246.4,6928.38,3.56,0.04,0.02,71.5,0.01,25
2026-08-20T23:23:06Z,celmis-api,0.16,514.0,6928.38,7.42,69.7,8.95,26.7,309.0,16
2026-08-20T23:23:06Z,celmis-postgres,0.02,31.21,6928.38,0.45,6.77,6.14,5.05,33.9,11
2026-08-20T23:23:06Z,celmis-web,3.81,83.91,6928.38,1.21,0.56,0.68,15.0,0.0,12
2026-08-20T23:23:06Z,celmis-sandbox,0.01,45.22,3072.0,1.47,0.0,0.0,1.86,0.0,3
2026-08-20T23:23:06Z,celmis-qdrant,0.08,246.8,6928.38,3.56,0.04,0.02,71.5,0.01,25
2026-08-20T23:23:12Z,celmis-api,0.13,513.9,6928.38,7.42,69.7,8.95,26.7,309.0,16
2026-08-20T23:23:12Z,celmis-postgres,0.10,32.02,6928.38,0.46,6.77,6.14,5.05,33.9,11
2026-08-20T23:23:12Z,celmis-web,0.01,83.81,6928.38,1.21,0.56,0.68,15.0,0.0,12
2026-08-20T23:23:12Z,celmis-sandbox,0.02,45.22,3072.0,1.47,0.0,0.0,1.86,0.0,3
2026-08-20T23:23:12Z,celmis-qdrant,0.07,246.8,6928.38,3.56,0.04,0.02,71.5,0.01,25
2026-08-20T23:23:18Z,celmis-api,0.17,513.9,6928.38,7.42,69.7,8.95,26.7,309.0,16
2026-08-20T23:23:18Z,celmis-postgres,0.34,31.77,6928.38,0.46,6.77,6.14,5.05,33.9,11
2026-08-20T23:23:18Z,celmis-web,0.00,83.81,6928.38,1.21,0.56,0.68,15.0,0.0,12
2026-08-20T23:23:18Z,celmis-sandbox,0.02,45.22,3072.0,1.47,0.0,0.0,1.86,0.0,3
2026-08-20T23:23:18Z,celmis-qdrant,0.07,246.8,6928.38,3.56,0.04,0.02,71.5,0.01,25
2026-08-20T23:23:23Z,celmis-api,0.57,513.9,6928.38,7.42,69.7,8.96,26.7,309.0,16
2026-08-20T23:23:23Z,celmis-postgres,0.00,31.75,6928.38,0.46,6.77,6.14,5.05,33.9,11
2026-08-20T23:23:23Z,celmis-web,0.00,83.83,6928.38,1.21,0.56,0.68,15.0,0.0,12
2026-08-20T23:23:23Z,celmis-sandbox,0.01,45.02,3072.0,1.47,0.0,0.0,1.86,0.0,3
2026-08-20T23:23:23Z,celmis-qdrant,0.08,246.7,6928.38,3.56,0.04,0.02,71.5,0.01,25
2026-08-20T23:23:29Z,celmis-api,0.14,513.9,6928.38,7.42,69.7,8.96,26.7,309.0,16
2026-08-20T23:23:29Z,celmis-postgres,0.02,31.44,6928.38,0.45,6.77,6.15,5.05,33.9,11
2026-08-20T23:23:29Z,celmis-web,0.00,83.83,6928.38,1.21,0.56,0.68,15.0,0.0,12
2026-08-20T23:23:29Z,celmis-sandbox,0.02,45.02,3072.0,1.47,0.0,0.0,1.86,0.0,3
2026-08-20T23:23:29Z,celmis-qdrant,0.05,246.7,6928.38,3.56,0.04,0.02,71.5,0.01,25
2026-08-20T23:23:35Z,celmis-api,0.15,513.9,6928.38,7.42,69.7,8.96,26.7,309.0,16
2026-08-20T23:23:35Z,celmis-postgres,0.02,31.42,6928.38,0.45,6.77,6.15,5.05,33.9,11
2026-08-20T23:23:35Z,celmis-web,0.00,83.83,6928.38,1.21,0.56,0.68,15.0,0.0,12
2026-08-20T23:23:35Z,celmis-sandbox,0.02,45.02,3072.0,1.47,0.0,0.0,1.86,0.0,3
2026-08-20T23:23:35Z,celmis-qdrant,0.07,246.7,6928.38,3.56,0.04,0.02,71.5,0.01,25
2026-08-20T23:23:40Z,celmis-api,0.15,514.1,6928.38,7.42,69.7,8.96,26.7,309.0,16
2026-08-20T23:23:40Z,celmis-postgres,0.00,31.96,6928.38,0.46,6.78,6.15,5.05,33.9,11
2026-08-20T23:23:40Z,celmis-web,0.00,83.92,6928.38,1.21,0.56,0.68,15.0,0.0,12
2026-08-20T23:23:40Z,celmis-sandbox,0.02,45.02,3072.0,1.47,0.0,0.0,1.86,0.0,3
2026-08-20T23:23:40Z,celmis-qdrant,0.09,246.6,6928.38,3.56,0.04,0.02,71.5,0.01,25
2026-08-20T23:23:45Z,celmis-api,0.16,514.1,6928.38,7.42,69.7,8.96,26.7,309.0,16
2026-08-20T23:23:45Z,celmis-postgres,0.00,31.91,6928.38,0.46,6.78,6.15,5.05,33.9,11
2026-08-20T23:23:45Z,celmis-web,0.00,83.92,6928.38,1.21,0.56,0.68,15.0,0.0,12
2026-08-20T23:23:45Z,celmis-sandbox,0.02,45.02,3072.0,1.47,0.0,0.0,1.86,0.0,3
2026-08-20T23:23:45Z,celmis-qdrant,0.05,246.6,6928.38,3.56,0.04,0.02,71.5,0.01,25
2026-08-20T23:23:51Z,celmis-api,1.19,514.1,6928.38,7.42,69.7,8.96,26.7,309.0,16
2026-08-20T23:23:51Z,celmis-postgres,0.83,31.56,6928.38,0.46,6.78,6.15,5.05,33.9,11
2026-08-20T23:23:51Z,celmis-web,0.01,84.53,6928.38,1.22,0.56,0.68,15.0,0.0,12
2026-08-20T23:23:51Z,celmis-sandbox,0.04,44.93,3072.0,1.46,0.0,0.0,1.86,0.0,3
2026-08-20T23:23:51Z,celmis-qdrant,0.09,246.8,6928.38,3.56,0.04,0.02,71.5,0.01,25
2026-08-20T23:23:56Z,celmis-api,0.22,514.1,6928.38,7.42,69.7,8.97,26.7,309.0,16
2026-08-20T23:23:56Z,celmis-postgres,0.05,31.71,6928.38,0.46,6.78,6.15,5.05,33.9,11
2026-08-20T23:23:56Z,celmis-web,0.02,84.45,6928.38,1.22,0.56,0.68,15.0,0.0,12
2026-08-20T23:23:56Z,celmis-sandbox,0.03,44.93,3072.0,1.46,0.0,0.0,1.86,0.0,3
2026-08-20T23:23:56Z,celmis-qdrant,0.07,246.8,6928.38,3.56,0.04,0.02,71.5,0.01,25
2026-08-20T23:24:02Z,celmis-api,0.48,514.1,6928.38,7.42,69.7,8.97,26.7,309.0,16
2026-08-20T23:24:02Z,celmis-postgres,0.10,31.73,6928.38,0.46,6.78,6.16,5.05,33.9,11
2026-08-20T23:24:02Z,celmis-web,0.00,84.45,6928.38,1.22,0.56,0.68,15.0,0.0,12
2026-08-20T23:24:02Z,celmis-sandbox,0.02,44.93,3072.0,1.46,0.0,0.0,1.86,0.0,3
2026-08-20T23:24:02Z,celmis-qdrant,0.06,246.8,6928.38,3.56,0.04,0.02,71.5,0.01,25
2026-08-20T23:24:07Z,celmis-api,1.24,514.1,6928.38,7.42,69.7,8.97,26.7,309.0,16
2026-08-20T23:24:07Z,celmis-postgres,0.04,31.93,6928.38,0.46,6.78,6.16,5.05,33.9,11
2026-08-20T23:24:07Z,celmis-web,0.00,83.73,6928.38,1.21,0.56,0.68,15.0,0.0,12
2026-08-20T23:24:07Z,celmis-sandbox,0.03,44.93,3072.0,1.46,0.0,0.0,1.86,0.0,3
2026-08-20T23:24:07Z,celmis-qdrant,0.07,246.7,6928.38,3.56,0.04,0.02,71.5,0.01,25
2026-08-20T23:24:13Z,celmis-api,0.21,514.1,6928.38,7.42,69.7,8.97,26.7,309.0,16
2026-08-20T23:24:13Z,celmis-postgres,0.11,31.75,6928.38,0.46,6.79,6.16,5.05,33.9,11
2026-08-20T23:24:13Z,celmis-web,0.00,83.67,6928.38,1.21,0.56,0.68,15.0,0.0,12
2026-08-20T23:24:13Z,celmis-sandbox,0.05,44.93,3072.0,1.46,0.0,0.0,1.86,0.0,3
2026-08-20T23:24:13Z,celmis-qdrant,0.06,246.7,6928.38,3.56,0.04,0.02,71.5,0.01,25
2026-08-20T23:24:19Z,celmis-api,0.44,514.3,6928.38,7.42,69.7,8.97,26.7,309.0,16
2026-08-20T23:24:19Z,celmis-postgres,0.34,31.85,6928.38,0.46,6.79,6.16,5.05,33.9,11
2026-08-20T23:24:19Z,celmis-web,0.00,83.67,6928.38,1.21,0.56,0.68,15.0,0.0,12
2026-08-20T23:24:19Z,celmis-sandbox,0.02,44.93,3072.0,1.46,0.0,0.0,1.86,0.0,3
2026-08-20T23:24:19Z,celmis-qdrant,0.07,246.7,6928.38,3.56,0.04,0.02,71.5,0.01,25
2026-08-20T23:24:24Z,celmis-api,0.23,514.2,6928.38,7.42,69.7,8.97,26.7,309.0,16
2026-08-20T23:24:24Z,celmis-postgres,0.66,31.71,6928.38,0.46,6.79,6.16,5.05,33.9,11
2026-08-20T23:24:24Z,celmis-web,0.00,83.95,6928.38,1.21,0.56,0.68,15.0,0.0,12
2026-08-20T23:24:24Z,celmis-sandbox,0.02,45.11,3072.0,1.47,0.0,0.0,1.86,0.0,3
2026-08-20T23:24:24Z,celmis-qdrant,0.13,246.6,6928.38,3.56,0.04,0.02,71.5,0.01,25
2026-08-20T23:24:30Z,celmis-api,0.17,514.2,6928.38,7.42,69.7,8.98,26.7,309.0,16
2026-08-20T23:24:30Z,celmis-postgres,0.04,31.7,6928.38,0.46,6.79,6.16,5.05,34.0,11
2026-08-20T23:24:30Z,celmis-web,0.01,83.95,6928.38,1.21,0.56,0.68,15.0,0.0,12
2026-08-20T23:24:30Z,celmis-sandbox,0.02,45.11,3072.0,1.47,0.0,0.0,1.86,0.0,3
2026-08-20T23:24:30Z,celmis-qdrant,0.06,246.6,6928.38,3.56,0.04,0.02,71.5,0.01,25
2026-08-20T23:24:35Z,celmis-api,2.13,514.1,6928.38,7.42,69.7,8.98,26.7,309.0,16
2026-08-20T23:24:35Z,celmis-postgres,0.02,31.45,6928.38,0.45,6.79,6.16,5.05,34.0,11
2026-08-20T23:24:35Z,celmis-web,2.82,83.93,6928.38,1.21,0.56,0.68,15.0,0.0,12
2026-08-20T23:24:35Z,celmis-sandbox,0.01,45.11,3072.0,1.47,0.0,0.0,1.86,0.0,3
2026-08-20T23:24:35Z,celmis-qdrant,0.78,246.5,6928.38,3.56,0.04,0.02,71.5,0.01,25
2026-08-20T23:24:41Z,celmis-api,0.25,514.1,6928.38,7.42,69.7,8.98,26.7,309.0,16
2026-08-20T23:24:41Z,celmis-postgres,0.00,31.73,6928.38,0.46,6.79,6.16,5.05,34.0,11
2026-08-20T23:24:41Z,celmis-web,0.02,83.91,6928.38,1.21,0.56,0.68,15.0,0.0,12
2026-08-20T23:24:41Z,celmis-sandbox,0.02,45.11,3072.0,1.47,0.0,0.0,1.86,0.0,3
2026-08-20T23:24:41Z,celmis-qdrant,0.07,246.5,6928.38,3.56,0.04,0.02,71.5,0.01,25
2026-08-20T23:24:46Z,celmis-api,0.14,514.2,6928.38,7.42,69.7,8.98,26.7,309.0,16
2026-08-20T23:24:46Z,celmis-postgres,0.00,31.47,6928.38,0.45,6.79,6.17,5.05,34.0,11
2026-08-20T23:24:46Z,celmis-web,0.02,83.91,6928.38,1.21,0.56,0.68,15.0,0.0,12
2026-08-20T23:24:46Z,celmis-sandbox,0.02,45.11,3072.0,1.47,0.0,0.0,1.86,0.0,3
2026-08-20T23:24:46Z,celmis-qdrant,0.08,246.5,6928.38,3.56,0.04,0.02,71.5,0.01,25
2026-08-20T23:24:52Z,celmis-api,0.15,514.3,6928.38,7.42,69.7,8.98,26.7,309.0,16
2026-08-20T23:24:52Z,celmis-postgres,0.00,31.57,6928.38,0.46,6.8,6.17,5.05,34.0,11
2026-08-20T23:24:52Z,celmis-web,0.00,83.87,6928.38,1.21,0.56,0.68,15.0,0.0,12
2026-08-20T23:24:52Z,celmis-sandbox,0.02,45.29,3072.0,1.47,0.0,0.0,1.86,0.0,3
2026-08-20T23:24:52Z,celmis-qdrant,0.06,246.4,6928.38,3.56,0.04,0.02,71.5,0.01,25
2026-08-20T23:24:57Z,celmis-api,0.20,514.3,6928.38,7.42,69.7,8.98,26.7,309.0,16
2026-08-20T23:24:57Z,celmis-postgres,0.18,31.75,6928.38,0.46,6.8,6.17,5.05,34.0,11
2026-08-20T23:24:57Z,celmis-web,0.00,83.82,6928.38,1.21,0.56,0.68,15.0,0.0,12
2026-08-20T23:24:57Z,celmis-sandbox,0.02,45.29,3072.0,1.47,0.0,0.0,1.86,0.0,3
2026-08-20T23:24:57Z,celmis-qdrant,0.06,246.4,6928.38,3.56,0.04,0.02,71.5,0.01,25
2026-08-20T23:25:03Z,celmis-api,0.60,514.3,6928.38,7.42,69.7,8.99,26.7,309.0,16
2026-08-20T23:25:03Z,celmis-postgres,1.00,31.58,6928.38,0.46,6.8,6.17,5.05,34.0,11
2026-08-20T23:25:03Z,celmis-web,0.00,83.82,6928.38,1.21,0.56,0.68,15.0,0.0,12
2026-08-20T23:25:03Z,celmis-sandbox,0.03,45.29,3072.0,1.47,0.0,0.0,1.86,0.0,3
2026-08-20T23:25:03Z,celmis-qdrant,0.03,246.4,6928.38,3.56,0.04,0.02,71.5,0.01,25
2026-08-20T23:25:09Z,celmis-api,0.15,514.2,6928.38,7.42,69.7,8.99,26.7,309.0,16
2026-08-20T23:25:09Z,celmis-postgres,1.04,31.58,6928.38,0.46,6.8,6.17,5.05,34.0,11
2026-08-20T23:25:09Z,celmis-web,0.00,84.06,6928.38,1.21,0.56,0.68,15.0,0.0,12
2026-08-20T23:25:09Z,celmis-sandbox,0.02,45.29,3072.0,1.47,0.0,0.0,1.86,0.0,3
2026-08-20T23:25:09Z,celmis-qdrant,0.05,246.6,6928.38,3.56,0.04,0.02,71.5,0.01,25
2026-08-20T23:25:14Z,celmis-api,0.14,514.2,6928.38,7.42,69.7,8.99,26.7,309.0,16
2026-08-20T23:25:14Z,celmis-postgres,0.00,31.55,6928.38,0.46,6.8,6.17,5.05,34.0,11
2026-08-20T23:25:14Z,celmis-web,0.00,84.06,6928.38,1.21,0.56,0.68,15.0,0.0,12
2026-08-20T23:25:14Z,celmis-sandbox,0.02,45.29,3072.0,1.47,0.0,0.0,1.86,0.0,3
2026-08-20T23:25:14Z,celmis-qdrant,0.07,246.6,6928.38,3.56,0.04,0.02,71.5,0.01,25
2026-08-20T23:25:20Z,celmis-api,0.27,514.1,6928.38,7.42,69.7,8.99,26.7,309.0,16
2026-08-20T23:25:20Z,celmis-postgres,0.00,31.54,6928.38,0.46,6.8,6.17,5.05,34.0,11
2026-08-20T23:25:20Z,celmis-web,2.83,83.88,6928.38,1.21,0.56,0.68,15.0,0.0,12
2026-08-20T23:25:20Z,celmis-sandbox,13.10,45.2,3072.0,1.47,0.0,0.0,1.86,0.0,3
2026-08-20T23:25:20Z,celmis-qdrant,1.03,246.5,6928.38,3.56,0.04,0.02,71.5,0.01,25
2026-08-20T23:25:26Z,celmis-api,1.31,514.1,6928.38,7.42,69.8,8.99,26.7,309.0,16
2026-08-20T23:25:26Z,celmis-postgres,0.23,31.52,6928.38,0.45,6.81,6.18,5.05,34.0,11
2026-08-20T23:25:26Z,celmis-web,0.00,83.84,6928.38,1.21,0.56,0.68,15.0,0.0,12
2026-08-20T23:25:26Z,celmis-sandbox,0.03,45.2,3072.0,1.47,0.0,0.0,1.86,0.0,3
2026-08-20T23:25:26Z,celmis-qdrant,0.08,246.5,6928.38,3.56,0.04,0.02,71.5,0.01,25
2026-08-20T23:25:31Z,celmis-api,0.25,514.1,6928.38,7.42,69.8,8.99,26.7,309.0,16
2026-08-20T23:25:31Z,celmis-postgres,1.23,31.69,6928.38,0.46,6.81,6.18,5.05,34.0,11
2026-08-20T23:25:31Z,celmis-web,0.01,83.84,6928.38,1.21,0.56,0.68,15.0,0.0,12
2026-08-20T23:25:31Z,celmis-sandbox,0.07,45.2,3072.0,1.47,0.0,0.0,1.86,0.0,3
2026-08-20T23:25:31Z,celmis-qdrant,0.07,246.5,6928.38,3.56,0.04,0.02,71.5,0.01,25
2026-08-20T23:25:36Z,celmis-api,0.27,514.0,6928.38,7.42,69.8,8.99,26.7,309.0,16
2026-08-20T23:25:36Z,celmis-postgres,0.04,31.36,6928.38,0.45,6.81,6.18,5.05,34.0,11
2026-08-20T23:25:36Z,celmis-web,0.02,84.4,6928.38,1.22,0.56,0.68,15.0,0.0,12
2026-08-20T23:25:36Z,celmis-sandbox,0.03,45.2,3072.0,1.47,0.0,0.0,1.86,0.0,3
2026-08-20T23:25:36Z,celmis-qdrant,0.12,246.6,6928.38,3.56,0.04,0.02,71.5,0.01,25
2026-08-20T23:25:42Z,celmis-api,0.14,514.0,6928.38,7.42,69.8,9.0,26.7,309.0,16
2026-08-20T23:25:42Z,celmis-postgres,0.00,31.64,6928.38,0.46,6.81,6.18,5.05,34.0,11
2026-08-20T23:25:42Z,celmis-web,0.00,84.31,6928.38,1.22,0.56,0.68,15.0,0.0,12
2026-08-20T23:25:42Z,celmis-sandbox,0.03,45.2,3072.0,1.47,0.0,0.0,1.86,0.0,3
2026-08-20T23:25:42Z,celmis-qdrant,0.11,246.6,6928.38,3.56,0.04,0.02,71.5,0.01,25
2026-08-20T23:25:47Z,celmis-api,0.61,514.0,6928.38,7.42,69.8,9.0,26.7,309.0,16
2026-08-20T23:25:47Z,celmis-postgres,0.00,31.33,6928.38,0.45,6.81,6.18,5.05,34.0,11
2026-08-20T23:25:47Z,celmis-web,0.01,84.31,6928.38,1.22,0.56,0.68,15.0,0.0,12
2026-08-20T23:25:47Z,celmis-sandbox,0.02,45.2,3072.0,1.47,0.0,0.0,1.86,0.0,3
2026-08-20T23:25:47Z,celmis-qdrant,0.08,246.6,6928.38,3.56,0.04,0.02,71.5,0.01,25
2026-08-20T23:25:53Z,celmis-api,0.17,514.2,6928.38,7.42,69.8,9.0,26.7,309.0,16
2026-08-20T23:25:53Z,celmis-postgres,0.00,31.65,6928.38,0.46,6.82,6.18,5.05,34.0,11
2026-08-20T23:25:53Z,celmis-web,0.00,84.03,6928.38,1.21,0.56,0.68,15.0,0.0,12
2026-08-20T23:25:53Z,celmis-sandbox,0.02,44.87,3072.0,1.46,0.0,0.0,1.86,0.0,3
2026-08-20T23:25:53Z,celmis-qdrant,0.04,246.5,6928.38,3.56,0.04,0.02,71.5,0.01,25
2026-08-20T23:25:59Z,celmis-api,0.20,514.2,6928.38,7.42,69.8,9.0,26.7,309.0,16
2026-08-20T23:25:59Z,celmis-postgres,1.34,31.62,6928.38,0.46,6.82,6.19,5.05,34.0,11
2026-08-20T23:25:59Z,celmis-web,0.00,84.03,6928.38,1.21,0.56,0.68,15.0,0.0,12
2026-08-20T23:25:59Z,celmis-sandbox,0.01,44.87,3072.0,1.46,0.0,0.0,1.86,0.0,3
2026-08-20T23:25:59Z,celmis-qdrant,0.06,246.5,6928.38,3.56,0.04,0.02,71.5,0.01,25
2026-08-20T23:26:04Z,celmis-api,0.19,514.2,6928.38,7.42,69.8,9.0,26.7,309.0,16
2026-08-20T23:26:04Z,celmis-postgres,1.28,31.93,6928.38,0.46,6.82,6.19,5.05,34.0,11
2026-08-20T23:26:04Z,celmis-web,0.00,84.03,6928.38,1.21,0.56,0.68,15.0,0.0,12
2026-08-20T23:26:04Z,celmis-sandbox,0.02,44.87,3072.0,1.46,0.0,0.0,1.86,0.0,3
2026-08-20T23:26:04Z,celmis-qdrant,0.09,246.5,6928.38,3.56,0.04,0.02,71.5,0.01,25
2026-08-20T23:26:10Z,celmis-api,0.23,514.2,6928.38,7.42,69.8,9.0,26.7,309.0,16
2026-08-20T23:26:10Z,celmis-postgres,0.00,31.67,6928.38,0.46,6.82,6.19,5.05,34.0,11
2026-08-20T23:26:10Z,celmis-web,0.01,84.21,6928.38,1.22,0.56,0.68,15.0,0.0,12
2026-08-20T23:26:10Z,celmis-sandbox,0.02,44.87,3072.0,1.46,0.0,0.0,1.86,0.0,3
2026-08-20T23:26:10Z,celmis-qdrant,0.06,246.7,6928.38,3.56,0.04,0.02,71.5,0.01,25
2026-08-20T23:26:15Z,celmis-api,0.20,514.2,6928.38,7.42,69.8,9.01,26.7,309.0,16
2026-08-20T23:26:15Z,celmis-postgres,0.00,31.67,6928.38,0.46,6.82,6.19,5.05,34.0,11
2026-08-20T23:26:15Z,celmis-web,0.00,84.21,6928.38,1.22,0.56,0.68,15.0,0.0,12
2026-08-20T23:26:15Z,celmis-sandbox,0.02,44.87,3072.0,1.46,0.0,0.0,1.86,0.0,3
2026-08-20T23:26:15Z,celmis-qdrant,0.05,246.7,6928.38,3.56,0.04,0.02,71.5,0.01,25
2026-08-20T23:26:21Z,celmis-api,1.23,514.1,6928.38,7.42,69.8,9.01,26.7,309.0,16
2026-08-20T23:26:21Z,celmis-postgres,0.00,31.66,6928.38,0.46,6.82,6.19,5.05,34.0,11
2026-08-20T23:26:21Z,celmis-web,1.08,84.08,6928.38,1.21,0.56,0.68,15.0,0.0,12
2026-08-20T23:26:21Z,celmis-sandbox,0.01,45.04,3072.0,1.47,0.0,0.0,1.86,0.0,3
2026-08-20T23:26:21Z,celmis-qdrant,0.05,246.7,6928.38,3.56,0.04,0.02,71.5,0.01,25
2026-08-20T23:26:26Z,celmis-api,0.27,514.1,6928.38,7.42,69.8,9.01,26.7,309.0,16
2026-08-20T23:26:26Z,celmis-postgres,0.00,31.64,6928.38,0.46,6.83,6.19,5.05,34.1,11
2026-08-20T23:26:26Z,celmis-web,0.02,83.91,6928.38,1.21,0.56,0.68,15.0,0.0,12
2026-08-20T23:26:26Z,celmis-sandbox,0.03,45.04,3072.0,1.47,0.0,0.0,1.86,0.0,3
2026-08-20T23:26:26Z,celmis-qdrant,0.10,246.6,6928.38,3.56,0.04,0.02,71.5,0.01,25
2026-08-20T23:26:32Z,celmis-api,0.23,514.1,6928.38,7.42,69.8,9.01,26.7,309.0,16
2026-08-20T23:26:32Z,celmis-postgres,0.12,31.82,6928.38,0.46,6.83,6.19,5.05,34.1,11
2026-08-20T23:26:32Z,celmis-web,0.01,83.91,6928.38,1.21,0.56,0.68,15.0,0.0,12
2026-08-20T23:26:32Z,celmis-sandbox,0.03,45.04,3072.0,1.47,0.0,0.0,1.86,0.0,3
2026-08-20T23:26:32Z,celmis-qdrant,0.05,246.6,6928.38,3.56,0.04,0.02,71.5,0.01,25
2026-08-20T23:26:37Z,celmis-api,0.61,514.0,6928.38,7.42,69.8,9.01,26.7,309.0,16
2026-08-20T23:26:37Z,celmis-postgres,0.24,31.7,6928.38,0.46,6.83,6.2,5.05,34.1,11
2026-08-20T23:26:37Z,celmis-web,0.11,84.22,6928.38,1.22,0.56,0.68,15.0,0.0,12
2026-08-20T23:26:37Z,celmis-sandbox,0.02,45.04,3072.0,1.47,0.0,0.0,1.86,0.0,3
2026-08-20T23:26:37Z,celmis-qdrant,0.06,246.5,6928.38,3.56,0.04,0.02,71.5,0.01,25
2026-08-20T23:26:43Z,celmis-api,0.16,514.0,6928.38,7.42,69.8,9.01,26.7,309.0,16
2026-08-20T23:26:43Z,celmis-postgres,0.00,31.79,6928.38,0.46,6.83,6.2,5.05,34.1,11
2026-08-20T23:26:43Z,celmis-web,0.00,84.22,6928.38,1.22,0.56,0.68,15.0,0.0,12
2026-08-20T23:26:43Z,celmis-sandbox,0.05,45.04,3072.0,1.47,0.0,0.0,1.86,0.0,3
2026-08-20T23:26:43Z,celmis-qdrant,0.06,246.5,6928.38,3.56,0.04,0.02,71.5,0.01,25
2026-08-20T23:26:49Z,celmis-api,0.22,514.0,6928.38,7.42,69.8,9.02,26.7,309.0,16
2026-08-20T23:26:49Z,celmis-postgres,0.92,31.71,6928.38,0.46,6.83,6.2,5.05,34.1,11
2026-08-20T23:26:49Z,celmis-web,0.00,84.22,6928.38,1.22,0.56,0.68,15.0,0.0,12
2026-08-20T23:26:49Z,celmis-sandbox,0.03,45.04,3072.0,1.47,0.0,0.0,1.86,0.0,3
2026-08-20T23:26:49Z,celmis-qdrant,0.07,246.5,6928.38,3.56,0.04,0.02,71.5,0.01,25
2026-08-20T23:26:54Z,celmis-api,0.25,513.9,6928.38,7.42,69.8,9.02,26.7,309.0,16
2026-08-20T23:26:54Z,celmis-postgres,2.01,31.55,6928.38,0.46,6.83,6.2,5.05,34.1,11
2026-08-20T23:26:54Z,celmis-web,0.01,84.34,6928.38,1.22,0.56,0.68,15.0,0.0,12
2026-08-20T23:26:54Z,celmis-sandbox,0.03,45.22,3072.0,1.47,0.0,0.0,1.86,0.0,3
2026-08-20T23:26:54Z,celmis-qdrant,0.06,246.4,6928.38,3.56,0.04,0.02,71.5,0.01,25
2026-08-20T23:27:00Z,celmis-api,0.16,513.8,6928.38,7.42,69.8,9.02,26.7,309.0,16
2026-08-20T23:27:00Z,celmis-postgres,0.07,31.75,6928.38,0.46,6.84,6.2,5.05,34.1,11
2026-08-20T23:27:00Z,celmis-web,0.00,84.34,6928.38,1.22,0.56,0.68,15.0,0.0,12
2026-08-20T23:27:00Z,celmis-sandbox,0.02,45.22,3072.0,1.47,0.0,0.0,1.86,0.0,3
2026-08-20T23:27:00Z,celmis-qdrant,0.06,246.4,6928.38,3.56,0.04,0.02,71.5,0.01,25
2026-08-20T23:27:05Z,celmis-api,1.24,513.8,6928.38,7.42,69.8,9.02,26.7,309.0,16
2026-08-20T23:27:05Z,celmis-postgres,0.02,31.45,6928.38,0.45,6.84,6.2,5.05,34.1,11
2026-08-20T23:27:05Z,celmis-web,1.30,84.04,6928.38,1.21,0.56,0.68,15.0,0.0,12
2026-08-20T23:27:05Z,celmis-sandbox,0.01,45.22,3072.0,1.47,0.0,0.0,1.86,0.0,3
2026-08-20T23:27:05Z,celmis-qdrant,0.81,246.6,6928.38,3.56,0.04,0.02,71.5,0.01,25
2026-08-20T23:27:11Z,celmis-api,0.17,513.8,6928.38,7.42,69.8,9.02,26.7,309.0,16
2026-08-20T23:27:11Z,celmis-postgres,0.52,31.53,6928.38,0.46,6.84,6.2,5.05,34.1,11
2026-08-20T23:27:11Z,celmis-web,0.01,83.79,6928.38,1.21,0.56,0.68,15.0,0.0,12
2026-08-20T23:27:11Z,celmis-sandbox,0.02,45.22,3072.0,1.47,0.0,0.0,1.86,0.0,3
2026-08-20T23:27:11Z,celmis-qdrant,0.06,246.6,6928.38,3.56,0.04,0.02,71.5,0.01,25
2026-08-20T23:27:16Z,celmis-api,0.16,513.8,6928.38,7.42,69.8,9.02,26.7,309.0,16
2026-08-20T23:27:16Z,celmis-postgres,0.00,31.48,6928.38,0.45,6.84,6.21,5.05,34.1,11
2026-08-20T23:27:16Z,celmis-web,0.01,83.79,6928.38,1.21,0.56,0.68,15.0,0.0,12
2026-08-20T23:27:16Z,celmis-sandbox,0.03,45.22,3072.0,1.47,0.0,0.0,1.86,0.0,3
2026-08-20T23:27:16Z,celmis-qdrant,0.05,246.6,6928.38,3.56,0.04,0.02,71.5,0.01,25
2026-08-20T23:27:22Z,celmis-api,0.25,514.0,6928.38,7.42,69.8,9.03,26.7,309.0,16
2026-08-20T23:27:22Z,celmis-postgres,0.00,31.43,6928.38,0.45,6.84,6.21,5.05,34.1,11
2026-08-20T23:27:22Z,celmis-web,0.00,84.16,6928.38,1.21,0.56,0.68,15.0,0.0,12
2026-08-20T23:27:22Z,celmis-sandbox,12.52,45.4,3072.0,1.48,0.0,0.0,1.86,0.0,3
2026-08-20T23:27:22Z,celmis-qdrant,0.09,246.4,6928.38,3.56,0.04,0.02,71.5,0.01,25
2026-08-20T23:27:27Z,celmis-api,0.76,514.0,6928.38,7.42,69.8,9.03,26.7,309.0,16
2026-08-20T23:27:27Z,celmis-postgres,0.16,31.61,6928.38,0.46,6.84,6.21,5.05,34.1,11
2026-08-20T23:27:27Z,celmis-web,0.02,84.06,6928.38,1.21,0.56,0.68,15.0,0.0,12
2026-08-20T23:27:27Z,celmis-sandbox,0.08,45.4,3072.0,1.48,0.0,0.0,1.86,0.0,3
2026-08-20T23:27:27Z,celmis-qdrant,0.09,246.4,6928.38,3.56,0.04,0.02,71.5,0.01,25
2026-08-20T23:27:33Z,celmis-api,0.15,514.0,6928.38,7.42,69.8,9.03,26.7,309.0,16
2026-08-20T23:27:33Z,celmis-postgres,0.02,31.51,6928.38,0.45,6.85,6.21,5.05,34.1,11
2026-08-20T23:27:33Z,celmis-web,0.00,84.06,6928.38,1.21,0.56,0.68,15.0,0.0,12
2026-08-20T23:27:33Z,celmis-sandbox,0.02,45.4,3072.0,1.48,0.0,0.0,1.86,0.0,3
2026-08-20T23:27:33Z,celmis-qdrant,0.08,246.4,6928.38,3.56,0.04,0.02,71.5,0.01,25
2026-08-20T23:27:39Z,celmis-api,0.15,514.1,6928.38,7.42,69.8,9.03,26.7,309.0,16
2026-08-20T23:27:39Z,celmis-postgres,0.02,31.44,6928.38,0.45,6.85,6.21,5.05,34.1,11
2026-08-20T23:27:39Z,celmis-web,0.01,84.05,6928.38,1.21,0.56,0.68,15.0,0.0,12
2026-08-20T23:27:39Z,celmis-sandbox,0.02,45.4,3072.0,1.48,0.0,0.0,1.86,0.0,3
2026-08-20T23:27:39Z,celmis-qdrant,0.10,246.8,6928.38,3.56,0.04,0.02,71.5,0.01,25
2026-08-20T23:27:44Z,celmis-api,0.15,514.1,6928.38,7.42,69.8,9.03,26.7,309.0,16
2026-08-20T23:27:44Z,celmis-postgres,1.85,31.71,6928.38,0.46,6.85,6.21,5.05,34.1,11
2026-08-20T23:27:44Z,celmis-web,0.00,84.05,6928.38,1.21,0.56,0.68,15.0,0.0,12
2026-08-20T23:27:44Z,celmis-sandbox,0.01,45.4,3072.0,1.48,0.0,0.0,1.86,0.0,3
2026-08-20T23:27:44Z,celmis-qdrant,0.07,246.8,6928.38,3.56,0.04,0.02,71.5,0.01,25
2026-08-20T23:27:50Z,celmis-api,0.27,514.1,6928.38,7.42,69.8,9.03,26.7,309.0,16
2026-08-20T23:27:50Z,celmis-postgres,0.00,31.57,6928.38,0.46,6.85,6.21,5.05,34.1,11
2026-08-20T23:27:50Z,celmis-web,0.01,84.05,6928.38,1.21,0.56,0.68,15.0,0.0,12
2026-08-20T23:27:50Z,celmis-sandbox,0.03,45.4,3072.0,1.48,0.0,0.0,1.86,0.0,3
2026-08-20T23:27:50Z,celmis-qdrant,0.10,246.8,6928.38,3.56,0.04,0.02,71.5,0.01,25
2026-08-20T23:27:55Z,celmis-api,2.30,514.1,6928.38,7.42,69.8,9.04,26.7,309.0,16
2026-08-20T23:27:55Z,celmis-postgres,0.39,31.5,6928.38,0.45,6.85,6.22,5.05,34.1,11
2026-08-20T23:27:55Z,celmis-web,0.02,84.07,6928.38,1.21,0.56,0.68,15.0,0.0,12
2026-08-20T23:27:55Z,celmis-sandbox,0.03,45.32,3072.0,1.48,0.0,0.0,1.86,0.0,3
2026-08-20T23:27:55Z,celmis-qdrant,0.13,246.7,6928.38,3.56,0.04,0.02,71.5,0.01,25
2026-08-20T23:28:01Z,celmis-api,0.28,514.1,6928.38,7.42,69.8,9.04,26.7,309.0,16
2026-08-20T23:28:01Z,celmis-postgres,0.08,31.64,6928.38,0.46,6.85,6.22,5.05,34.1,11
2026-08-20T23:28:01Z,celmis-web,0.01,84.07,6928.38,1.21,0.56,0.68,15.0,0.0,12
2026-08-20T23:28:01Z,celmis-sandbox,0.03,45.32,3072.0,1.48,0.0,0.0,1.86,0.0,3
2026-08-20T23:28:01Z,celmis-qdrant,0.12,246.7,6928.38,3.56,0.04,0.02,71.5,0.01,25
2026-08-20T23:28:06Z,celmis-api,0.28,514.0,6928.38,7.42,69.8,9.04,26.7,309.0,16
2026-08-20T23:28:06Z,celmis-postgres,0.03,31.63,6928.38,0.46,6.86,6.22,5.05,34.1,11
2026-08-20T23:28:06Z,celmis-web,0.02,84.07,6928.38,1.21,0.56,0.68,15.0,0.0,12
2026-08-20T23:28:06Z,celmis-sandbox,0.03,45.32,3072.0,1.48,0.0,0.0,1.86,0.0,3
2026-08-20T23:28:06Z,celmis-qdrant,0.13,246.4,6928.38,3.56,0.04,0.02,71.5,0.01,25
2026-08-20T23:28:12Z,celmis-api,0.26,514.0,6928.38,7.42,69.8,9.04,26.7,309.0,16
2026-08-20T23:28:12Z,celmis-postgres,0.04,31.52,6928.38,0.45,6.86,6.22,5.05,34.1,11
2026-08-20T23:28:12Z,celmis-web,0.01,84.06,6928.38,1.21,0.56,0.68,15.0,0.0,12
2026-08-20T23:28:12Z,celmis-sandbox,0.04,45.32,3072.0,1.48,0.0,0.0,1.86,0.0,3
2026-08-20T23:28:12Z,celmis-qdrant,0.09,246.4,6928.38,3.56,0.04,0.02,71.5,0.01,25
2026-08-20T23:28:17Z,celmis-api,0.68,514.0,6928.38,7.42,69.8,9.04,26.7,309.0,16
2026-08-20T23:28:17Z,celmis-postgres,0.01,31.52,6928.38,0.45,6.86,6.22,5.05,34.1,11
2026-08-20T23:28:17Z,celmis-web,0.00,84.06,6928.38,1.21,0.56,0.68,15.0,0.0,12
2026-08-20T23:28:17Z,celmis-sandbox,0.03,45.32,3072.0,1.48,0.0,0.0,1.86,0.0,3
2026-08-20T23:28:17Z,celmis-qdrant,0.11,246.4,6928.38,3.56,0.04,0.02,71.5,0.01,25
2026-08-20T23:28:23Z,celmis-api,0.26,514.2,6928.38,7.42,69.8,9.04,26.7,309.0,16
2026-08-20T23:28:23Z,celmis-postgres,0.00,31.67,6928.38,0.46,6.86,6.22,5.05,34.1,11
2026-08-20T23:28:23Z,celmis-web,0.01,83.94,6928.38,1.21,0.56,0.68,15.0,0.0,12
2026-08-20T23:28:23Z,celmis-sandbox,0.03,45.3,3072.0,1.47,0.0,0.0,1.86,0.0,3
2026-08-20T23:28:23Z,celmis-qdrant,0.07,246.5,6928.38,3.56,0.04,0.02,71.5,0.01,25
2026-08-20T23:28:29Z,celmis-api,0.66,514.2,6928.38,7.42,69.8,9.05,26.7,309.0,16
2026-08-20T23:28:29Z,celmis-postgres,0.00,31.63,6928.38,0.46,6.86,6.23,5.05,34.1,11
2026-08-20T23:28:29Z,celmis-web,0.00,83.94,6928.38,1.21,0.56,0.68,15.0,0.0,12
2026-08-20T23:28:29Z,celmis-sandbox,0.02,45.25,3072.0,1.47,0.0,0.0,1.86,0.0,3
2026-08-20T23:28:29Z,celmis-qdrant,0.08,246.5,6928.38,3.56,0.04,0.02,71.5,0.01,25
2026-08-20T23:28:34Z,celmis-api,0.29,514.2,6928.38,7.42,69.8,9.05,26.7,309.0,16
2026-08-20T23:28:34Z,celmis-postgres,0.03,31.46,6928.38,0.45,6.86,6.23,5.05,34.1,11
2026-08-20T23:28:34Z,celmis-web,0.00,83.94,6928.38,1.21,0.56,0.68,15.0,0.0,12
2026-08-20T23:28:34Z,celmis-sandbox,0.03,45.25,3072.0,1.47,0.0,0.0,1.86,0.0,3
2026-08-20T23:28:34Z,celmis-qdrant,0.11,246.5,6928.38,3.56,0.04,0.02,71.5,0.01,25
2026-08-20T23:28:40Z,celmis-api,0.27,514.3,6928.38,7.42,69.8,9.05,26.7,309.0,16
2026-08-20T23:28:40Z,celmis-postgres,1.73,31.73,6928.38,0.46,6.87,6.23,5.05,34.1,11
2026-08-20T23:28:40Z,celmis-web,0.01,84.05,6928.38,1.21,0.56,0.68,15.0,0.0,12
2026-08-20T23:28:40Z,celmis-sandbox,0.03,45.25,3072.0,1.47,0.0,0.0,1.86,0.0,3
2026-08-20T23:28:40Z,celmis-qdrant,0.11,246.9,6928.38,3.56,0.04,0.02,71.5,0.01,25
2026-08-20T23:28:45Z,celmis-api,0.25,514.3,6928.38,7.42,69.8,9.05,26.7,309.0,16
2026-08-20T23:28:45Z,celmis-postgres,1.83,31.59,6928.38,0.46,6.87,6.23,5.05,34.1,11
2026-08-20T23:28:45Z,celmis-web,0.00,84.05,6928.38,1.21,0.56,0.68,15.0,0.0,12
2026-08-20T23:28:45Z,celmis-sandbox,0.03,45.25,3072.0,1.47,0.0,0.0,1.86,0.0,3
2026-08-20T23:28:45Z,celmis-qdrant,0.09,246.9,6928.38,3.56,0.04,0.02,71.5,0.01,25
2026-08-20T23:28:51Z,celmis-api,0.28,514.3,6928.38,7.42,69.8,9.05,26.7,309.0,16
2026-08-20T23:28:51Z,celmis-postgres,0.43,31.77,6928.38,0.46,6.87,6.23,5.05,34.1,11
2026-08-20T23:28:51Z,celmis-web,1.24,83.98,6928.38,1.21,0.56,0.68,15.0,0.0,12
2026-08-20T23:28:51Z,celmis-sandbox,12.80,45.21,3072.0,1.47,0.0,0.0,1.86,0.0,3
2026-08-20T23:28:51Z,celmis-qdrant,0.07,246.9,6928.38,3.56,0.04,0.02,71.5,0.01,25
2026-08-20T23:28:56Z,celmis-api,0.23,513.9,6928.38,7.42,69.8,9.06,26.7,309.0,16
2026-08-20T23:28:56Z,celmis-postgres,0.00,31.49,6928.38,0.45,6.87,6.23,5.05,34.1,11
2026-08-20T23:28:56Z,celmis-web,0.02,83.98,6928.38,1.21,0.56,0.68,15.0,0.0,12
2026-08-20T23:28:56Z,celmis-sandbox,0.03,45.16,3072.0,1.47,0.0,0.0,1.86,0.0,3
2026-08-20T23:28:56Z,celmis-qdrant,0.08,246.8,6928.38,3.56,0.04,0.02,71.5,0.01,25
2026-08-20T23:29:02Z,celmis-api,0.30,513.9,6928.38,7.42,69.8,9.06,26.7,309.0,16
2026-08-20T23:29:02Z,celmis-postgres,0.01,31.73,6928.38,0.46,6.87,6.23,5.05,34.1,11
2026-08-20T23:29:02Z,celmis-web,0.01,83.98,6928.38,1.21,0.56,0.68,15.0,0.0,12
2026-08-20T23:29:02Z,celmis-sandbox,0.03,45.16,3072.0,1.47,0.0,0.0,1.86,0.0,3
2026-08-20T23:29:02Z,celmis-qdrant,0.08,246.8,6928.38,3.56,0.04,0.02,71.5,0.01,25
2026-08-20T23:29:07Z,celmis-api,0.80,514.1,6928.38,7.42,69.8,9.06,26.7,309.0,16
2026-08-20T23:29:07Z,celmis-postgres,0.04,31.73,6928.38,0.46,6.87,6.24,5.05,34.1,11
2026-08-20T23:29:07Z,celmis-web,0.01,83.98,6928.38,1.21,0.56,0.68,15.0,0.0,12
2026-08-20T23:29:07Z,celmis-sandbox,0.03,45.16,3072.0,1.47,0.0,0.0,1.86,0.0,3
2026-08-20T23:29:07Z,celmis-qdrant,0.10,246.4,6928.38,3.56,0.04,0.02,71.5,0.01,25
2026-08-20T23:29:13Z,celmis-api,0.39,514.1,6928.38,7.42,69.8,9.06,26.7,309.0,16
2026-08-20T23:29:13Z,celmis-postgres,0.07,31.87,6928.38,0.46,6.88,6.24,5.05,34.1,11
2026-08-20T23:29:13Z,celmis-web,0.01,83.96,6928.38,1.21,0.56,0.68,15.0,0.0,12
2026-08-20T23:29:13Z,celmis-sandbox,0.05,45.16,3072.0,1.47,0.0,0.0,1.86,0.0,3
2026-08-20T23:29:13Z,celmis-qdrant,0.09,246.4,6928.38,3.56,0.04,0.02,71.5,0.01,25
2026-08-20T23:29:19Z,celmis-api,0.29,514.1,6928.38,7.42,69.8,9.06,26.7,309.0,16
2026-08-20T23:29:19Z,celmis-postgres,0.00,31.76,6928.38,0.46,6.88,6.24,5.05,34.1,11
2026-08-20T23:29:19Z,celmis-web,0.00,83.96,6928.38,1.21,0.56,0.68,15.0,0.0,12
2026-08-20T23:29:19Z,celmis-sandbox,0.03,45.16,3072.0,1.47,0.0,0.0,1.86,0.0,3
2026-08-20T23:29:19Z,celmis-qdrant,0.06,246.4,6928.38,3.56,0.04,0.02,71.5,0.01,25
2026-08-20T23:29:24Z,celmis-api,0.30,514.3,6928.38,7.42,69.8,9.06,26.7,309.0,16
2026-08-20T23:29:24Z,celmis-postgres,0.93,31.48,6928.38,0.45,6.88,6.24,5.05,34.2,11
2026-08-20T23:29:24Z,celmis-web,0.00,84.23,6928.38,1.22,0.56,0.68,15.0,0.0,12
2026-08-20T23:29:24Z,celmis-sandbox,0.03,45.35,3072.0,1.48,0.0,0.0,1.86,0.0,3
2026-08-20T23:29:24Z,celmis-qdrant,0.12,246.4,6928.38,3.56,0.04,0.02,71.5,0.01,25
2026-08-20T23:29:30Z,celmis-api,0.30,514.2,6928.38,7.42,69.8,9.07,26.7,309.0,16
2026-08-20T23:29:30Z,celmis-postgres,1.82,31.99,6928.38,0.46,6.88,6.24,5.05,34.2,11
2026-08-20T23:29:30Z,celmis-web,0.01,84.23,6928.38,1.22,0.56,0.68,15.0,0.0,12
2026-08-20T23:29:30Z,celmis-sandbox,0.04,45.35,3072.0,1.48,0.0,0.0,1.86,0.0,3
2026-08-20T23:29:30Z,celmis-qdrant,0.08,246.4,6928.38,3.56,0.04,0.02,71.5,0.01,25
2026-08-20T23:29:35Z,celmis-api,0.25,514.2,6928.38,7.42,69.8,9.07,26.7,309.0,16
2026-08-20T23:29:35Z,celmis-postgres,1.83,31.69,6928.38,0.46,6.88,6.24,5.05,34.2,11
2026-08-20T23:29:35Z,celmis-web,0.01,84.23,6928.38,1.22,0.56,0.68,15.0,0.0,12
2026-08-20T23:29:35Z,celmis-sandbox,0.03,45.35,3072.0,1.48,0.0,0.0,1.86,0.0,3
2026-08-20T23:29:35Z,celmis-qdrant,0.11,246.4,6928.38,3.56,0.04,0.02,71.5,0.01,25
2026-08-20T23:29:41Z,celmis-api,0.28,514.0,6928.38,7.42,69.8,9.07,26.7,309.0,16
2026-08-20T23:29:41Z,celmis-postgres,1.80,31.57,6928.38,0.46,6.88,6.24,5.05,34.2,11
2026-08-20T23:29:41Z,celmis-web,0.00,83.95,6928.38,1.21,0.56,0.68,15.0,0.0,12
2026-08-20T23:29:41Z,celmis-sandbox,0.03,45.35,3072.0,1.48,0.0,0.0,1.86,0.0,3
2026-08-20T23:29:41Z,celmis-qdrant,0.11,246.3,6928.38,3.55,0.04,0.02,71.5,0.01,25
2026-08-20T23:29:46Z,celmis-api,0.25,514.0,6928.38,7.42,69.8,9.07,26.7,309.0,16
2026-08-20T23:29:46Z,celmis-postgres,0.00,31.64,6928.38,0.46,6.88,6.25,5.05,34.2,11
2026-08-20T23:29:46Z,celmis-web,0.02,83.95,6928.38,1.21,0.56,0.68,15.0,0.0,12
2026-08-20T23:29:46Z,celmis-sandbox,0.03,45.35,3072.0,1.48,0.0,0.0,1.86,0.0,3
2026-08-20T23:29:46Z,celmis-qdrant,0.11,246.3,6928.38,3.55,0.04,0.02,71.5,0.01,25
2026-08-20T23:29:52Z,celmis-api,1.63,514.2,6928.38,7.42,69.8,9.07,26.7,309.0,16
2026-08-20T23:29:52Z,celmis-postgres,0.00,31.35,6928.38,0.45,6.89,6.25,5.05,34.2,11
2026-08-20T23:29:52Z,celmis-web,0.00,83.9,6928.38,1.21,0.56,0.68,15.0,0.0,12
2026-08-20T23:29:52Z,celmis-sandbox,0.04,45.58,3072.0,1.48,0.0,0.0,1.86,0.0,3
2026-08-20T23:29:52Z,celmis-qdrant,1.28,246.4,6928.38,3.56,0.04,0.02,71.5,0.01,25
2026-08-20T23:29:57Z,celmis-api,0.64,514.1,6928.38,7.42,69.8,9.07,26.7,309.0,16
2026-08-20T23:29:57Z,celmis-postgres,0.13,31.82,6928.38,0.46,6.89,6.25,5.05,34.2,11
2026-08-20T23:29:57Z,celmis-web,0.00,83.9,6928.38,1.21,0.56,0.68,15.0,0.0,12
2026-08-20T23:29:57Z,celmis-sandbox,0.03,45.53,3072.0,1.48,0.0,0.0,1.86,0.0,3
2026-08-20T23:29:57Z,celmis-qdrant,0.10,246.4,6928.38,3.56,0.04,0.02,71.5,0.01,25
2026-08-20T23:30:03Z,celmis-api,0.27,514.1,6928.38,7.42,69.8,9.07,26.7,309.0,16
2026-08-20T23:30:03Z,celmis-postgres,0.05,31.55,6928.38,0.46,6.89,6.25,5.05,34.2,11
2026-08-20T23:30:03Z,celmis-web,0.01,83.9,6928.38,1.21,0.56,0.68,15.0,0.0,12
2026-08-20T23:30:03Z,celmis-sandbox,0.03,45.53,3072.0,1.48,0.0,0.0,1.86,0.0,3
2026-08-20T23:30:03Z,celmis-qdrant,0.06,246.4,6928.38,3.56,0.04,0.02,71.5,0.01,25
2026-08-20T23:30:09Z,celmis-api,0.25,514.1,6928.38,7.42,69.8,9.08,26.7,309.0,16
2026-08-20T23:30:09Z,celmis-postgres,0.04,31.74,6928.38,0.46,6.89,6.25,5.05,34.2,11
2026-08-20T23:30:09Z,celmis-web,0.01,84.2,6928.38,1.22,0.56,0.68,15.0,0.0,12
2026-08-20T23:30:09Z,celmis-sandbox,0.03,45.53,3072.0,1.48,0.0,0.0,1.86,0.0,3
2026-08-20T23:30:09Z,celmis-qdrant,0.07,246.5,6928.38,3.56,0.04,0.02,71.5,0.01,25
2026-08-20T23:30:14Z,celmis-api,0.27,514.1,6928.38,7.42,69.8,9.08,26.7,309.0,16
2026-08-20T23:30:14Z,celmis-postgres,0.03,31.82,6928.38,0.46,6.89,6.25,5.05,34.2,11
2026-08-20T23:30:14Z,celmis-web,0.01,84.05,6928.38,1.21,0.56,0.68,15.0,0.0,12
2026-08-20T23:30:14Z,celmis-sandbox,0.02,45.53,3072.0,1.48,0.0,0.0,1.86,0.0,3
2026-08-20T23:30:14Z,celmis-qdrant,0.10,246.5,6928.38,3.56,0.04,0.02,71.5,0.01,25
2026-08-20T23:30:20Z,celmis-api,0.29,514.1,6928.38,7.42,69.8,9.08,26.7,309.0,16
2026-08-20T23:30:20Z,celmis-postgres,0.00,31.79,6928.38,0.46,6.89,6.25,5.05,34.2,11
2026-08-20T23:30:20Z,celmis-web,0.00,84.05,6928.38,1.21,0.56,0.68,15.0,0.0,12
2026-08-20T23:30:20Z,celmis-sandbox,0.05,45.53,3072.0,1.48,0.0,0.0,1.86,0.0,3
2026-08-20T23:30:20Z,celmis-qdrant,0.08,246.5,6928.38,3.56,0.04,0.02,71.5,0.01,25
2026-08-20T23:30:25Z,celmis-api,1.00,514.1,6928.38,7.42,69.8,9.08,26.7,309.0,16
2026-08-20T23:30:25Z,celmis-postgres,0.20,31.77,6928.38,0.46,6.9,6.26,5.05,34.2,11
2026-08-20T23:30:25Z,celmis-web,0.01,84.38,6928.38,1.22,0.56,0.68,15.0,0.0,12
2026-08-20T23:30:25Z,celmis-sandbox,0.03,45.95,3072.0,1.50,0.0,0.0,1.86,0.0,3
2026-08-20T23:30:25Z,celmis-qdrant,0.10,246.7,6928.38,3.56,0.04,0.02,71.5,0.01,25
2026-08-20T23:30:31Z,celmis-api,0.22,514.1,6928.38,7.42,69.8,9.08,26.7,309.0,16
2026-08-20T23:30:31Z,celmis-postgres,2.22,31.62,6928.38,0.46,6.9,6.26,5.05,34.2,11
2026-08-20T23:30:31Z,celmis-web,0.01,84.38,6928.38,1.22,0.56,0.68,15.0,0.0,12
2026-08-20T23:30:31Z,celmis-sandbox,0.03,45.95,3072.0,1.50,0.0,0.0,1.86,0.0,3
2026-08-20T23:30:31Z,celmis-qdrant,0.09,246.7,6928.38,3.56,0.04,0.02,71.5,0.01,25
2026-08-20T23:30:36Z,celmis-api,1.63,514.1,6928.38,7.42,69.8,9.08,26.7,309.0,16
2026-08-20T23:30:36Z,celmis-postgres,1.64,31.7,6928.38,0.46,6.9,6.26,5.05,34.2,11
2026-08-20T23:30:36Z,celmis-web,1.72,84.64,6928.38,1.22,0.56,0.68,15.0,0.0,12
2026-08-20T23:30:36Z,celmis-sandbox,0.03,45.95,3072.0,1.50,0.0,0.0,1.86,0.0,3
2026-08-20T23:30:36Z,celmis-qdrant,1.28,246.6,6928.38,3.56,0.04,0.02,71.5,0.01,25
2026-08-20T23:30:42Z,celmis-api,0.32,514.1,6928.38,7.42,69.8,9.09,26.7,309.0,16
2026-08-20T23:30:42Z,celmis-postgres,0.03,31.63,6928.38,0.46,6.9,6.26,5.05,34.2,11
2026-08-20T23:30:42Z,celmis-web,0.02,84.5,6928.38,1.22,0.56,0.68,15.0,0.0,12
2026-08-20T23:30:42Z,celmis-sandbox,0.03,45.95,3072.0,1.50,0.0,0.0,1.86,0.0,3
2026-08-20T23:30:42Z,celmis-qdrant,0.12,246.6,6928.38,3.56,0.04,0.02,71.5,0.01,25
2026-08-20T23:30:47Z,celmis-api,0.63,514.0,6928.38,7.42,69.8,9.09,26.7,309.0,16
2026-08-20T23:30:47Z,celmis-postgres,0.12,31.74,6928.38,0.46,6.9,6.26,5.05,34.2,11
2026-08-20T23:30:47Z,celmis-web,0.01,84.5,6928.38,1.22,0.56,0.68,15.0,0.0,12
2026-08-20T23:30:47Z,celmis-sandbox,0.02,45.95,3072.0,1.50,0.0,0.0,1.86,0.0,3
2026-08-20T23:30:47Z,celmis-qdrant,0.10,246.6,6928.38,3.56,0.04,0.02,71.5,0.01,25
2026-08-20T23:30:53Z,celmis-api,0.43,514.2,6928.38,7.42,69.8,9.09,26.7,309.0,16
2026-08-20T23:30:53Z,celmis-postgres,0.05,31.65,6928.38,0.46,6.9,6.26,5.05,34.2,11
2026-08-20T23:30:53Z,celmis-web,0.00,84.45,6928.38,1.22,0.56,0.68,15.0,0.0,12
2026-08-20T23:30:53Z,celmis-sandbox,0.03,45.61,3072.0,1.48,0.0,0.0,1.86,0.0,3
2026-08-20T23:30:53Z,celmis-qdrant,0.10,246.7,6928.38,3.56,0.04,0.02,71.5,0.01,25
2026-08-20T23:30:59Z,celmis-api,0.27,514.2,6928.38,7.42,69.8,9.09,26.7,309.0,16
2026-08-20T23:30:59Z,celmis-postgres,0.12,31.65,6928.38,0.46,6.91,6.27,5.05,34.2,11
2026-08-20T23:30:59Z,celmis-web,0.01,84.45,6928.38,1.22,0.56,0.68,15.0,0.0,12
2026-08-20T23:30:59Z,celmis-sandbox,0.03,45.61,3072.0,1.48,0.0,0.0,1.86,0.0,3
2026-08-20T23:30:59Z,celmis-qdrant,0.09,246.7,6928.38,3.56,0.04,0.02,71.5,0.01,25
2026-08-20T23:31:04Z,celmis-api,0.23,514.2,6928.38,7.42,69.8,9.09,26.7,309.0,16
2026-08-20T23:31:04Z,celmis-postgres,0.00,31.62,6928.38,0.46,6.91,6.27,5.05,34.2,11
2026-08-20T23:31:04Z,celmis-web,0.01,84.45,6928.38,1.22,0.56,0.68,15.0,0.0,12
2026-08-20T23:31:04Z,celmis-sandbox,0.03,45.61,3072.0,1.48,0.0,0.0,1.86,0.0,3
2026-08-20T23:31:04Z,celmis-qdrant,0.14,246.7,6928.38,3.56,0.04,0.02,71.5,0.01,25
2026-08-20T23:31:10Z,celmis-api,0.25,514.1,6928.38,7.42,69.8,9.09,26.7,309.0,16
2026-08-20T23:31:10Z,celmis-postgres,0.05,31.59,6928.38,0.46,6.91,6.27,5.05,34.3,11
2026-08-20T23:31:10Z,celmis-web,0.00,84.24,6928.38,1.22,0.56,0.68,15.0,0.0,12
2026-08-20T23:31:10Z,celmis-sandbox,0.03,45.61,3072.0,1.48,0.0,0.0,1.86,0.0,3
2026-08-20T23:31:10Z,celmis-qdrant,0.12,246.6,6928.38,3.56,0.04,0.02,71.5,0.01,25
2026-08-20T23:31:15Z,celmis-api,0.26,514.1,6928.38,7.42,69.8,9.1,26.7,309.0,16
2026-08-20T23:31:15Z,celmis-postgres,0.04,31.65,6928.38,0.46,6.91,6.27,5.05,34.3,11
2026-08-20T23:31:15Z,celmis-web,0.01,84.24,6928.38,1.22,0.56,0.68,15.0,0.0,12
2026-08-20T23:31:15Z,celmis-sandbox,0.03,45.61,3072.0,1.48,0.0,0.0,1.86,0.0,3
2026-08-20T23:31:15Z,celmis-qdrant,0.17,246.6,6928.38,3.56,0.04,0.02,71.5,0.01,25
2026-08-20T23:31:21Z,celmis-api,2.60,514.3,6928.38,7.42,69.8,9.1,26.7,309.0,16
2026-08-20T23:31:21Z,celmis-postgres,0.01,32.0,6928.38,0.46,6.91,6.27,5.05,34.3,11
2026-08-20T23:31:21Z,celmis-web,2.45,84.04,6928.38,1.21,0.56,0.68,15.0,0.0,12
2026-08-20T23:31:21Z,celmis-sandbox,0.02,45.61,3072.0,1.48,0.0,0.0,1.86,0.0,3
2026-08-20T23:31:21Z,celmis-qdrant,0.11,246.6,6928.38,3.56,0.04,0.02,71.5,0.01,25
2026-08-20T23:31:26Z,celmis-api,0.28,514.2,6928.38,7.42,69.8,9.1,26.7,309.0,16
2026-08-20T23:31:26Z,celmis-postgres,1.80,31.91,6928.38,0.46,6.92,6.27,5.05,34.3,11
2026-08-20T23:31:26Z,celmis-web,0.02,84.04,6928.38,1.21,0.56,0.68,15.0,0.0,12
2026-08-20T23:31:26Z,celmis-sandbox,0.02,45.79,3072.0,1.49,0.0,0.0,1.86,0.0,3
2026-08-20T23:31:26Z,celmis-qdrant,0.10,246.5,6928.38,3.56,0.04,0.02,71.5,0.01,25
2026-08-20T23:31:32Z,celmis-api,0.27,514.2,6928.38,7.42,69.8,9.1,26.7,309.0,16
2026-08-20T23:31:32Z,celmis-postgres,0.04,31.7,6928.38,0.46,6.92,6.27,5.05,34.3,11
2026-08-20T23:31:32Z,celmis-web,0.01,84.04,6928.38,1.21,0.56,0.68,15.0,0.0,12
2026-08-20T23:31:32Z,celmis-sandbox,0.02,45.79,3072.0,1.49,0.0,0.0,1.86,0.0,3
2026-08-20T23:31:32Z,celmis-qdrant,0.15,246.5,6928.38,3.56,0.04,0.02,71.5,0.01,25
2026-08-20T23:31:37Z,celmis-api,0.17,514.2,6928.38,7.42,69.9,9.1,26.7,309.0,16
2026-08-20T23:31:37Z,celmis-postgres,0.13,31.75,6928.38,0.46,6.92,6.28,5.05,34.3,11
2026-08-20T23:31:37Z,celmis-web,0.00,84.14,6928.38,1.21,0.56,0.68,15.0,0.0,12
2026-08-20T23:31:37Z,celmis-sandbox,0.04,45.79,3072.0,1.49,0.0,0.0,1.86,0.0,3
2026-08-20T23:31:37Z,celmis-qdrant,0.06,246.3,6928.38,3.55,0.04,0.02,71.5,0.01,25
2026-08-20T23:31:43Z,celmis-api,0.29,514.2,6928.38,7.42,69.9,9.1,26.7,309.0,16
2026-08-20T23:31:43Z,celmis-postgres,0.07,31.68,6928.38,0.46,6.92,6.28,5.05,34.3,11
2026-08-20T23:31:43Z,celmis-web,0.02,84.14,6928.38,1.21,0.56,0.68,15.0,0.0,12
2026-08-20T23:31:43Z,celmis-sandbox,0.05,45.79,3072.0,1.49,0.0,0.0,1.86,0.0,3
2026-08-20T23:31:43Z,celmis-qdrant,0.10,246.3,6928.38,3.55,0.04,0.02,71.5,0.01,25
2026-08-20T23:31:49Z,celmis-api,0.29,514.2,6928.38,7.42,69.9,9.11,26.7,309.0,16
2026-08-20T23:31:49Z,celmis-postgres,0.00,31.45,6928.38,0.45,6.92,6.28,5.05,34.3,11
2026-08-20T23:31:49Z,celmis-web,0.01,84.14,6928.38,1.21,0.56,0.68,15.0,0.0,12
2026-08-20T23:31:49Z,celmis-sandbox,0.03,45.79,3072.0,1.49,0.0,0.0,1.86,0.0,3
2026-08-20T23:31:49Z,celmis-qdrant,0.08,246.3,6928.38,3.55,0.04,0.02,71.5,0.01,25
2026-08-20T23:31:54Z,celmis-api,0.27,514.1,6928.38,7.42,69.9,9.11,26.7,309.0,16
2026-08-20T23:31:54Z,celmis-postgres,0.00,31.75,6928.38,0.46,6.92,6.28,5.05,34.3,11
2026-08-20T23:31:54Z,celmis-web,0.01,84.08,6928.38,1.21,0.56,0.68,15.0,0.0,12
2026-08-20T23:31:54Z,celmis-sandbox,0.03,45.46,3072.0,1.48,0.0,0.0,1.86,0.0,3
2026-08-20T23:31:54Z,celmis-qdrant,0.11,246.4,6928.38,3.56,0.04,0.02,71.5,0.01,25
2026-08-20T23:32:00Z,celmis-api,0.31,514.1,6928.38,7.42,69.9,9.11,26.7,309.0,16
2026-08-20T23:32:00Z,celmis-postgres,0.03,31.81,6928.38,0.46,6.93,6.28,5.05,34.3,11
2026-08-20T23:32:00Z,celmis-web,0.01,84.08,6928.38,1.21,0.56,0.68,15.0,0.0,12
2026-08-20T23:32:00Z,celmis-sandbox,0.03,45.46,3072.0,1.48,0.0,0.0,1.86,0.0,3
2026-08-20T23:32:00Z,celmis-qdrant,0.13,246.4,6928.38,3.56,0.04,0.02,71.5,0.01,25
2026-08-20T23:32:05Z,celmis-api,0.25,514.1,6928.38,7.42,69.9,9.11,26.7,309.0,16
2026-08-20T23:32:05Z,celmis-postgres,0.04,31.96,6928.38,0.46,6.93,6.28,5.05,34.3,11
2026-08-20T23:32:05Z,celmis-web,0.00,84.08,6928.38,1.21,0.56,0.68,15.0,0.0,12
2026-08-20T23:32:05Z,celmis-sandbox,0.03,45.46,3072.0,1.48,0.0,0.0,1.86,0.0,3
2026-08-20T23:32:05Z,celmis-qdrant,0.15,246.4,6928.38,3.56,0.04,0.02,71.5,0.01,25
2026-08-20T23:32:11Z,celmis-api,0.28,514.3,6928.38,7.42,69.9,9.11,26.7,309.0,16
2026-08-20T23:32:11Z,celmis-postgres,0.74,31.57,6928.38,0.46,6.93,6.28,5.05,34.3,11
2026-08-20T23:32:11Z,celmis-web,0.01,84.12,6928.38,1.21,0.56,0.68,15.0,0.0,12
2026-08-20T23:32:11Z,celmis-sandbox,0.03,45.46,3072.0,1.48,0.0,0.0,1.86,0.0,3
2026-08-20T23:32:11Z,celmis-qdrant,0.10,246.3,6928.38,3.56,0.04,0.02,71.5,0.01,25
2026-08-20T23:32:16Z,celmis-api,0.30,514.3,6928.38,7.42,69.9,9.11,26.7,309.0,16
2026-08-20T23:32:16Z,celmis-postgres,1.70,31.65,6928.38,0.46,6.93,6.29,5.05,34.3,11
2026-08-20T23:32:16Z,celmis-web,0.02,84.12,6928.38,1.21,0.56,0.68,15.0,0.0,12
2026-08-20T23:32:16Z,celmis-sandbox,0.03,45.46,3072.0,1.48,0.0,0.0,1.86,0.0,3
2026-08-20T23:32:16Z,celmis-qdrant,0.14,246.3,6928.38,3.56,0.04,0.02,71.5,0.01,25
2026-08-20T23:32:22Z,celmis-api,1.71,514.2,6928.38,7.42,69.9,9.11,26.7,309.0,16
2026-08-20T23:32:22Z,celmis-postgres,1.73,31.77,6928.38,0.46,6.93,6.29,5.05,34.3,11
2026-08-20T23:32:22Z,celmis-web,0.01,83.86,6928.38,1.21,0.56,0.68,15.0,0.0,12
2026-08-20T23:32:22Z,celmis-sandbox,13.49,45.69,3072.0,1.49,0.0,0.0,1.86,0.0,3
2026-08-20T23:32:22Z,celmis-qdrant,0.06,246.2,6928.38,3.55,0.04,0.02,71.5,0.01,25
2026-08-20T23:32:27Z,celmis-api,0.74,514.2,6928.38,7.42,69.9,9.12,26.7,309.0,16
2026-08-20T23:32:27Z,celmis-postgres,0.20,31.73,6928.38,0.46,6.93,6.29,5.05,34.3,11
2026-08-20T23:32:27Z,celmis-web,0.01,83.86,6928.38,1.21,0.56,0.68,15.0,0.0,12
2026-08-20T23:32:27Z,celmis-sandbox,0.03,45.62,3072.0,1.49,0.0,0.0,1.86,0.0,3
2026-08-20T23:32:27Z,celmis-qdrant,0.09,246.2,6928.38,3.55,0.04,0.02,71.5,0.01,25
2026-08-20T23:32:33Z,celmis-api,0.48,514.2,6928.38,7.42,69.9,9.12,26.7,309.0,16
2026-08-20T23:32:33Z,celmis-postgres,0.11,32.13,6928.38,0.46,6.94,6.29,5.05,34.3,11
2026-08-20T23:32:33Z,celmis-web,0.01,83.86,6928.38,1.21,0.56,0.68,15.0,0.0,12
2026-08-20T23:32:33Z,celmis-sandbox,0.03,45.62,3072.0,1.49,0.0,0.0,1.86,0.0,3
2026-08-20T23:32:33Z,celmis-qdrant,0.07,246.2,6928.38,3.55,0.04,0.02,71.5,0.01,25
2026-08-20T23:32:39Z,celmis-api,0.28,514.0,6928.38,7.42,69.9,9.12,26.7,309.0,16
2026-08-20T23:32:39Z,celmis-postgres,0.18,31.69,6928.38,0.46,6.94,6.29,5.05,34.3,11
2026-08-20T23:32:39Z,celmis-web,0.01,84.0,6928.38,1.21,0.56,0.68,15.0,0.0,12
2026-08-20T23:32:39Z,celmis-sandbox,0.02,45.62,3072.0,1.49,0.0,0.0,1.86,0.0,3
2026-08-20T23:32:39Z,celmis-qdrant,0.08,246.4,6928.38,3.56,0.04,0.02,71.5,0.01,25
2026-08-20T23:32:44Z,celmis-api,0.29,514.0,6928.38,7.42,69.9,9.12,26.7,309.0,16
2026-08-20T23:32:44Z,celmis-postgres,0.00,31.63,6928.38,0.46,6.94,6.29,5.05,34.3,11
2026-08-20T23:32:44Z,celmis-web,0.01,84.0,6928.38,1.21,0.56,0.68,15.0,0.0,12
2026-08-20T23:32:44Z,celmis-sandbox,0.03,45.62,3072.0,1.49,0.0,0.0,1.86,0.0,3
2026-08-20T23:32:44Z,celmis-qdrant,0.10,246.4,6928.38,3.56,0.04,0.02,71.5,0.01,25
2026-08-20T23:32:50Z,celmis-api,0.29,514.0,6928.38,7.42,69.9,9.12,26.7,309.0,16
2026-08-20T23:32:50Z,celmis-postgres,0.00,31.61,6928.38,0.46,6.94,6.29,5.05,34.3,11
2026-08-20T23:32:50Z,celmis-web,0.00,84.0,6928.38,1.21,0.56,0.68,15.0,0.0,12
2026-08-20T23:32:50Z,celmis-sandbox,0.04,45.62,3072.0,1.49,0.0,0.0,1.86,0.0,3
2026-08-20T23:32:50Z,celmis-qdrant,0.11,246.4,6928.38,3.56,0.04,0.02,71.5,0.01,25
2026-08-20T23:32:55Z,celmis-api,0.93,514.0,6928.38,7.42,69.9,9.13,26.7,309.0,16
2026-08-20T23:32:55Z,celmis-postgres,0.16,31.57,6928.38,0.46,6.94,6.3,5.05,34.3,11
2026-08-20T23:32:55Z,celmis-web,0.01,84.41,6928.38,1.22,0.56,0.68,15.0,0.0,12
2026-08-20T23:32:55Z,celmis-sandbox,0.03,45.55,3072.0,1.48,0.0,0.0,1.86,0.0,3
2026-08-20T23:32:55Z,celmis-qdrant,0.10,246.3,6928.38,3.55,0.04,0.02,71.5,0.01,25
2026-08-20T23:33:01Z,celmis-api,0.26,514.0,6928.38,7.42,69.9,9.13,26.7,309.0,16
2026-08-20T23:33:01Z,celmis-postgres,0.04,31.6,6928.38,0.46,6.94,6.3,5.05,34.3,11
2026-08-20T23:33:01Z,celmis-web,0.01,84.41,6928.38,1.22,0.56,0.68,15.0,0.0,12
2026-08-20T23:33:01Z,celmis-sandbox,0.04,45.55,3072.0,1.48,0.0,0.0,1.86,0.0,3
2026-08-20T23:33:01Z,celmis-qdrant,0.10,246.3,6928.38,3.55,0.04,0.02,71.5,0.01,25
2026-08-20T23:33:06Z,celmis-api,1.40,514.2,6928.38,7.42,69.9,9.13,26.7,309.0,16
2026-08-20T23:33:06Z,celmis-postgres,0.03,31.53,6928.38,0.46,6.94,6.3,5.05,34.3,11
2026-08-20T23:33:06Z,celmis-web,1.31,84.2,6928.38,1.22,0.56,0.68,15.0,0.0,12
2026-08-20T23:33:06Z,celmis-sandbox,0.03,45.55,3072.0,1.48,0.0,0.0,1.86,0.0,3
2026-08-20T23:33:06Z,celmis-qdrant,0.76,246.2,6928.38,3.55,0.04,0.02,71.5,0.01,25
2026-08-20T23:33:12Z,celmis-api,0.28,514.2,6928.38,7.42,69.9,9.13,26.7,309.0,16
2026-08-20T23:33:12Z,celmis-postgres,1.73,31.72,6928.38,0.46,6.95,6.3,5.05,34.3,11
2026-08-20T23:33:12Z,celmis-web,0.02,84.1,6928.38,1.21,0.56,0.68,15.0,0.0,12
2026-08-20T23:33:12Z,celmis-sandbox,0.03,45.55,3072.0,1.48,0.0,0.0,1.86,0.0,3
2026-08-20T23:33:12Z,celmis-qdrant,0.10,246.2,6928.38,3.55,0.04,0.02,71.5,0.01,25
2026-08-20T23:33:17Z,celmis-api,0.65,514.2,6928.38,7.42,69.9,9.13,26.7,309.0,16
2026-08-20T23:33:17Z,celmis-postgres,1.80,31.77,6928.38,0.46,6.95,6.3,5.05,34.3,11
2026-08-20T23:33:17Z,celmis-web,0.00,84.1,6928.38,1.21,0.56,0.68,15.0,0.0,12
2026-08-20T23:33:17Z,celmis-sandbox,0.03,45.55,3072.0,1.48,0.0,0.0,1.86,0.0,3
2026-08-20T23:33:17Z,celmis-qdrant,0.08,246.2,6928.38,3.55,0.04,0.02,71.5,0.01,25
2026-08-20T23:33:23Z,celmis-api,0.63,514.2,6928.38,7.42,69.9,9.13,26.7,309.0,16
2026-08-20T23:33:23Z,celmis-postgres,0.13,31.57,6928.38,0.46,6.95,6.3,5.05,34.3,11
2026-08-20T23:33:23Z,celmis-web,0.01,84.09,6928.38,1.21,0.56,0.68,15.0,0.0,12
2026-08-20T23:33:23Z,celmis-sandbox,0.03,45.55,3072.0,1.48,0.0,0.0,1.86,0.0,3
2026-08-20T23:33:23Z,celmis-qdrant,0.10,246.6,6928.38,3.56,0.04,0.02,71.5,0.01,25
2026-08-20T23:33:29Z,celmis-api,0.74,514.1,6928.38,7.42,69.9,9.14,26.7,309.0,16
2026-08-20T23:33:29Z,celmis-postgres,0.21,31.82,6928.38,0.46,6.95,6.31,5.05,34.3,11
2026-08-20T23:33:29Z,celmis-web,0.00,84.09,6928.38,1.21,0.56,0.68,15.0,0.0,12
2026-08-20T23:33:29Z,celmis-sandbox,0.03,45.48,3072.0,1.48,0.0,0.0,1.86,0.0,3
2026-08-20T23:33:29Z,celmis-qdrant,0.07,246.6,6928.38,3.56,0.04,0.02,71.5,0.01,25
2026-08-20T23:33:34Z,celmis-api,0.27,514.1,6928.38,7.42,69.9,9.14,26.7,309.0,16
2026-08-20T23:33:34Z,celmis-postgres,0.03,31.7,6928.38,0.46,6.95,6.31,5.05,34.3,11
2026-08-20T23:33:34Z,celmis-web,0.01,84.09,6928.38,1.21,0.56,0.68,15.0,0.0,12
2026-08-20T23:33:34Z,celmis-sandbox,0.03,45.48,3072.0,1.48,0.0,0.0,1.86,0.0,3
2026-08-20T23:33:34Z,celmis-qdrant,0.09,246.6,6928.38,3.56,0.04,0.02,71.5,0.01,25
2026-08-20T23:33:40Z,celmis-api,0.28,514.3,6928.38,7.42,69.9,9.14,26.7,309.0,16
2026-08-20T23:33:40Z,celmis-postgres,0.00,31.45,6928.38,0.45,6.95,6.31,5.05,34.3,11
2026-08-20T23:33:40Z,celmis-web,0.00,84.55,6928.38,1.22,0.56,0.68,15.0,0.0,12
2026-08-20T23:33:40Z,celmis-sandbox,0.05,45.48,3072.0,1.48,0.0,0.0,1.86,0.0,3
2026-08-20T23:33:40Z,celmis-qdrant,0.08,246.4,6928.38,3.56,0.04,0.02,71.5,0.01,25
2026-08-20T23:33:45Z,celmis-api,0.25,514.3,6928.38,7.42,69.9,9.14,26.7,309.0,16
2026-08-20T23:33:45Z,celmis-postgres,0.00,31.84,6928.38,0.46,6.96,6.31,5.05,34.3,11
2026-08-20T23:33:45Z,celmis-web,0.02,84.55,6928.38,1.22,0.56,0.68,15.0,0.0,12
2026-08-20T23:33:45Z,celmis-sandbox,0.03,45.48,3072.0,1.48,0.0,0.0,1.86,0.0,3
2026-08-20T23:33:45Z,celmis-qdrant,0.08,246.4,6928.38,3.56,0.04,0.02,71.5,0.01,25
2026-08-20T23:33:51Z,celmis-api,0.29,514.3,6928.38,7.42,69.9,9.14,26.7,309.0,16
2026-08-20T23:33:51Z,celmis-postgres,0.79,31.68,6928.38,0.46,6.96,6.31,5.05,34.3,11
2026-08-20T23:33:51Z,celmis-web,1.65,88.75,6928.38,1.28,0.56,0.68,15.0,0.0,13
2026-08-20T23:33:51Z,celmis-sandbox,0.03,45.48,3072.0,1.48,0.0,0.0,1.86,0.0,3
2026-08-20T23:33:51Z,celmis-qdrant,1.17,246.6,6928.38,3.56,0.04,0.02,71.5,0.01,25
2026-08-20T23:33:56Z,celmis-api,0.28,514.5,6928.38,7.43,69.9,9.14,26.7,309.0,16
2026-08-20T23:33:56Z,celmis-postgres,0.00,31.66,6928.38,0.46,6.96,6.31,5.05,34.3,11
2026-08-20T23:33:56Z,celmis-web,0.01,84.18,6928.38,1.21,0.56,0.68,15.0,0.0,12
2026-08-20T23:33:56Z,celmis-sandbox,0.04,45.4,3072.0,1.48,0.0,0.0,1.86,0.0,3
2026-08-20T23:33:56Z,celmis-qdrant,0.08,246.6,6928.38,3.56,0.04,0.02,71.5,0.01,25
2026-08-20T23:34:02Z,celmis-api,0.27,514.5,6928.38,7.43,69.9,9.15,26.7,309.0,16
2026-08-20T23:34:02Z,celmis-postgres,0.03,31.66,6928.38,0.46,6.96,6.31,5.05,34.3,11
2026-08-20T23:34:02Z,celmis-web,0.01,84.18,6928.38,1.21,0.56,0.68,15.0,0.0,12
2026-08-20T23:34:02Z,celmis-sandbox,0.03,45.4,3072.0,1.48,0.0,0.0,1.86,0.0,3
2026-08-20T23:34:02Z,celmis-qdrant,0.07,246.6,6928.38,3.56,0.04,0.02,71.5,0.01,25
2026-08-20T23:34:07Z,celmis-api,0.58,514.2,6928.38,7.42,69.9,9.15,26.7,309.0,16
2026-08-20T23:34:07Z,celmis-postgres,1.85,31.52,6928.38,0.45,6.96,6.32,5.05,34.3,11
2026-08-20T23:34:07Z,celmis-web,1.54,84.26,6928.38,1.22,0.56,0.68,15.0,0.0,12
2026-08-20T23:34:07Z,celmis-sandbox,0.02,45.4,3072.0,1.48,0.0,0.0,1.86,0.0,3
2026-08-20T23:34:07Z,celmis-qdrant,0.08,246.5,6928.38,3.56,0.04,0.02,71.5,0.01,25
2026-08-20T23:34:13Z,celmis-api,0.25,514.2,6928.38,7.42,69.9,9.15,26.7,309.0,16
2026-08-20T23:34:13Z,celmis-postgres,0.12,31.74,6928.38,0.46,6.96,6.32,5.05,34.3,11
2026-08-20T23:34:13Z,celmis-web,0.00,84.26,6928.38,1.22,0.56,0.68,15.0,0.0,12
2026-08-20T23:34:13Z,celmis-sandbox,0.02,45.4,3072.0,1.48,0.0,0.0,1.86,0.0,3
2026-08-20T23:34:13Z,celmis-qdrant,0.10,246.5,6928.38,3.56,0.04,0.02,71.5,0.01,25
2026-08-20T23:34:19Z,celmis-api,0.74,514.1,6928.38,7.42,69.9,9.15,26.7,309.0,16
2026-08-20T23:34:19Z,celmis-postgres,1.87,31.57,6928.38,0.46,6.97,6.32,5.05,34.3,11
2026-08-20T23:34:19Z,celmis-web,0.01,84.26,6928.38,1.22,0.56,0.68,15.0,0.0,12
2026-08-20T23:34:19Z,celmis-sandbox,0.03,45.4,3072.0,1.48,0.0,0.0,1.86,0.0,3
2026-08-20T23:34:19Z,celmis-qdrant,0.10,246.5,6928.38,3.56,0.04,0.02,71.5,0.01,25
2026-08-20T23:34:24Z,celmis-api,0.30,514.2,6928.38,7.42,69.9,9.15,26.7,309.0,16
2026-08-20T23:34:24Z,celmis-postgres,0.03,31.7,6928.38,0.46,6.97,6.32,5.05,34.4,11
2026-08-20T23:34:24Z,celmis-web,0.01,84.54,6928.38,1.22,0.56,0.68,15.0,0.0,12
2026-08-20T23:34:24Z,celmis-sandbox,0.03,45.74,3072.0,1.49,0.0,0.0,1.86,0.0,3
2026-08-20T23:34:24Z,celmis-qdrant,0.11,246.7,6928.38,3.56,0.04,0.02,71.5,0.01,25
2026-08-20T23:34:30Z,celmis-api,0.28,514.2,6928.38,7.42,69.9,9.15,26.7,309.0,16
2026-08-20T23:34:30Z,celmis-postgres,0.03,31.99,6928.38,0.46,6.97,6.32,5.05,34.4,11
2026-08-20T23:34:30Z,celmis-web,0.01,84.54,6928.38,1.22,0.56,0.68,15.0,0.0,12
2026-08-20T23:34:30Z,celmis-sandbox,0.03,45.68,3072.0,1.49,0.0,0.0,1.86,0.0,3
2026-08-20T23:34:30Z,celmis-qdrant,0.08,246.7,6928.38,3.56,0.04,0.02,71.5,0.01,25
2026-08-20T23:34:35Z,celmis-api,0.25,514.2,6928.38,7.42,69.9,9.16,26.7,309.0,16
2026-08-20T23:34:35Z,celmis-postgres,0.03,31.54,6928.38,0.46,6.97,6.32,5.05,34.4,11
2026-08-20T23:34:35Z,celmis-web,0.01,84.54,6928.38,1.22,0.56,0.68,15.0,0.0,12
2026-08-20T23:34:35Z,celmis-sandbox,0.02,45.68,3072.0,1.49,0.0,0.0,1.86,0.0,3
2026-08-20T23:34:35Z,celmis-qdrant,0.11,246.7,6928.38,3.56,0.04,0.02,71.5,0.01,25
2026-08-20T23:34:41Z,celmis-api,0.25,513.9,6928.38,7.42,69.9,9.16,26.7,309.0,16
2026-08-20T23:34:41Z,celmis-postgres,0.04,31.6,6928.38,0.46,6.97,6.32,5.05,34.4,11
2026-08-20T23:34:41Z,celmis-web,0.01,84.51,6928.38,1.22,0.56,0.68,15.0,0.0,12
2026-08-20T23:34:41Z,celmis-sandbox,0.03,45.68,3072.0,1.49,0.0,0.0,1.86,0.0,3
2026-08-20T23:34:41Z,celmis-qdrant,0.10,246.6,6928.38,3.56,0.04,0.02,71.5,0.01,25
2026-08-20T23:34:46Z,celmis-api,0.26,513.9,6928.38,7.42,69.9,9.16,26.7,309.0,16
2026-08-20T23:34:46Z,celmis-postgres,0.00,31.72,6928.38,0.46,6.97,6.33,5.05,34.4,11
2026-08-20T23:34:46Z,celmis-web,0.02,84.51,6928.38,1.22,0.56,0.68,15.0,0.0,12
2026-08-20T23:34:46Z,celmis-sandbox,0.03,45.68,3072.0,1.49,0.0,0.0,1.86,0.0,3
2026-08-20T23:34:46Z,celmis-qdrant,0.09,246.6,6928.38,3.56,0.04,0.02,71.5,0.01,25
2026-08-20T23:34:52Z,celmis-api,2.02,514.4,6928.38,7.42,69.9,9.16,26.7,309.0,16
2026-08-20T23:34:52Z,celmis-postgres,0.00,31.53,6928.38,0.46,6.97,6.33,5.05,34.4,11
2026-08-20T23:34:52Z,celmis-web,0.01,84.51,6928.38,1.22,0.56,0.68,15.0,0.0,12
2026-08-20T23:34:52Z,celmis-sandbox,0.03,45.68,3072.0,1.49,0.0,0.0,1.86,0.0,3
2026-08-20T23:34:52Z,celmis-qdrant,1.15,246.7,6928.38,3.56,0.04,0.02,71.5,0.01,25
2026-08-20T23:34:57Z,celmis-api,1.02,514.3,6928.38,7.42,69.9,9.16,26.7,309.0,16
2026-08-20T23:34:57Z,celmis-postgres,1.83,31.86,6928.38,0.46,6.98,6.33,5.05,34.4,11
2026-08-20T23:34:57Z,celmis-web,0.01,84.5,6928.38,1.22,0.56,0.68,15.0,0.0,12
2026-08-20T23:34:57Z,celmis-sandbox,0.06,45.61,3072.0,1.48,0.0,0.0,1.86,0.0,3
2026-08-20T23:34:57Z,celmis-qdrant,0.16,246.7,6928.38,3.56,0.04,0.02,71.5,0.01,25
2026-08-20T23:35:03Z,celmis-api,0.27,514.3,6928.38,7.42,69.9,9.16,26.7,309.0,16
2026-08-20T23:35:03Z,celmis-postgres,1.31,31.6,6928.38,0.46,6.98,6.33,5.05,34.4,11
2026-08-20T23:35:03Z,celmis-web,0.01,84.5,6928.38,1.22,0.56,0.68,15.0,0.0,12
2026-08-20T23:35:03Z,celmis-sandbox,0.02,45.61,3072.0,1.48,0.0,0.0,1.86,0.0,3
2026-08-20T23:35:03Z,celmis-qdrant,0.07,246.7,6928.38,3.56,0.04,0.02,71.5,0.01,25
2026-08-20T23:35:09Z,celmis-api,0.25,514.1,6928.38,7.42,69.9,9.17,26.7,309.0,16
2026-08-20T23:35:09Z,celmis-postgres,2.22,31.75,6928.38,0.46,6.98,6.33,5.05,34.4,11
2026-08-20T23:35:09Z,celmis-web,0.01,84.2,6928.38,1.22,0.56,0.68,15.0,0.0,12
2026-08-20T23:35:09Z,celmis-sandbox,0.03,45.61,3072.0,1.48,0.0,0.0,1.86,0.0,3
2026-08-20T23:35:09Z,celmis-qdrant,0.08,246.6,6928.38,3.56,0.04,0.02,71.5,0.01,25
2026-08-20T23:35:14Z,celmis-api,0.28,514.1,6928.38,7.42,69.9,9.17,26.7,309.0,16
2026-08-20T23:35:14Z,celmis-postgres,0.00,31.7,6928.38,0.46,6.98,6.33,5.05,34.4,11
2026-08-20T23:35:14Z,celmis-web,0.01,84.2,6928.38,1.22,0.56,0.68,15.0,0.0,12
2026-08-20T23:35:14Z,celmis-sandbox,0.03,45.61,3072.0,1.48,0.0,0.0,1.86,0.0,3
2026-08-20T23:35:14Z,celmis-qdrant,0.15,246.6,6928.38,3.56,0.04,0.02,71.5,0.01,25
2026-08-20T23:35:20Z,celmis-api,0.29,514.4,6928.38,7.42,69.9,9.17,26.7,309.0,16
2026-08-20T23:35:20Z,celmis-postgres,0.01,31.56,6928.38,0.46,6.98,6.33,5.05,34.4,11
2026-08-20T23:35:20Z,celmis-web,0.01,84.2,6928.38,1.22,0.56,0.68,15.0,0.0,12
2026-08-20T23:35:20Z,celmis-sandbox,0.03,45.61,3072.0,1.48,0.0,0.0,1.86,0.0,3
2026-08-20T23:35:20Z,celmis-qdrant,0.07,246.6,6928.38,3.56,0.04,0.02,71.5,0.01,25
2026-08-20T23:35:25Z,celmis-api,0.96,514.1,6928.38,7.42,69.9,9.17,26.7,309.0,16
2026-08-20T23:35:25Z,celmis-postgres,0.18,31.54,6928.38,0.46,6.99,6.34,5.05,34.4,11
2026-08-20T23:35:25Z,celmis-web,0.00,84.43,6928.38,1.22,0.56,0.68,15.0,0.0,12
2026-08-20T23:35:25Z,celmis-sandbox,0.03,45.83,3072.0,1.49,0.0,0.0,1.86,0.0,3
2026-08-20T23:35:25Z,celmis-qdrant,0.12,246.8,6928.38,3.56,0.04,0.02,71.5,0.01,25
2026-08-20T23:35:31Z,celmis-api,0.30,514.1,6928.38,7.42,69.9,9.17,26.7,309.0,16
2026-08-20T23:35:31Z,celmis-postgres,0.98,31.68,6928.38,0.46,6.99,6.34,5.05,34.5,11
2026-08-20T23:35:31Z,celmis-web,0.01,84.43,6928.38,1.22,0.56,0.68,15.0,0.0,12
2026-08-20T23:35:31Z,celmis-sandbox,0.03,45.77,3072.0,1.49,0.0,0.0,1.86,0.0,3
2026-08-20T23:35:31Z,celmis-qdrant,0.12,246.8,6928.38,3.56,0.04,0.02,71.5,0.01,25
2026-08-20T23:35:36Z,celmis-api,1.98,514.2,6928.38,7.42,69.9,9.17,26.7,309.0,16
2026-08-20T23:35:36Z,celmis-postgres,0.03,31.37,6928.38,0.45,6.99,6.34,5.05,34.5,11
2026-08-20T23:35:36Z,celmis-web,2.02,84.43,6928.38,1.22,0.56,0.68,15.0,0.0,12
2026-08-20T23:35:36Z,celmis-sandbox,0.03,45.77,3072.0,1.49,0.0,0.0,1.86,0.0,3
2026-08-20T23:35:36Z,celmis-qdrant,1.22,246.6,6928.38,3.56,0.04,0.02,71.5,0.01,25
2026-08-20T23:35:42Z,celmis-api,0.27,514.2,6928.38,7.42,69.9,9.17,26.7,309.0,16
2026-08-20T23:35:42Z,celmis-postgres,0.03,31.6,6928.38,0.46,6.99,6.34,5.05,34.5,11
2026-08-20T23:35:42Z,celmis-web,0.01,84.43,6928.38,1.22,0.56,0.68,15.0,0.0,12
2026-08-20T23:35:42Z,celmis-sandbox,0.04,45.77,3072.0,1.49,0.0,0.0,1.86,0.0,3
2026-08-20T23:35:42Z,celmis-qdrant,0.09,246.6,6928.38,3.56,0.04,0.02,71.5,0.01,25
2026-08-20T23:35:47Z,celmis-api,0.79,514.2,6928.38,7.42,69.9,9.18,26.7,309.0,16
2026-08-20T23:35:47Z,celmis-postgres,0.16,31.6,6928.38,0.46,6.99,6.34,5.05,34.5,11
2026-08-20T23:35:47Z,celmis-web,0.01,84.43,6928.38,1.22,0.56,0.68,15.0,0.0,12
2026-08-20T23:35:47Z,celmis-sandbox,0.04,45.77,3072.0,1.49,0.0,0.0,1.86,0.0,3
2026-08-20T23:35:47Z,celmis-qdrant,0.07,246.6,6928.38,3.56,0.04,0.02,71.5,0.01,25
2026-08-20T23:35:53Z,celmis-api,0.63,514.3,6928.38,7.42,69.9,9.18,26.7,309.0,16
2026-08-20T23:35:53Z,celmis-postgres,0.94,31.78,6928.38,0.46,6.99,6.34,5.05,34.5,11
2026-08-20T23:35:53Z,celmis-web,0.01,84.1,6928.38,1.21,0.56,0.68,15.0,0.0,12
2026-08-20T23:35:53Z,celmis-sandbox,0.01,45.77,3072.0,1.49,0.0,0.0,1.86,0.0,3
2026-08-20T23:35:53Z,celmis-qdrant,0.68,246.5,6928.38,3.56,0.04,0.02,71.5,0.01,25
2026-08-20T23:35:59Z,celmis-api,0.29,514.3,6928.38,7.42,69.9,9.18,26.7,309.0,16
2026-08-20T23:35:59Z,celmis-postgres,1.84,31.75,6928.38,0.46,7.0,6.35,5.05,34.5,11
2026-08-20T23:35:59Z,celmis-web,0.01,84.1,6928.38,1.21,0.56,0.68,15.0,0.0,12
2026-08-20T23:35:59Z,celmis-sandbox,0.02,45.95,3072.0,1.50,0.0,0.0,1.86,0.0,3
2026-08-20T23:35:59Z,celmis-qdrant,0.06,246.5,6928.38,3.56,0.04,0.02,71.5,0.01,25
2026-08-20T23:36:04Z,celmis-api,0.26,514.3,6928.38,7.42,69.9,9.18,26.7,309.0,16
2026-08-20T23:36:04Z,celmis-postgres,0.03,31.66,6928.38,0.46,7.0,6.35,5.05,34.5,11
2026-08-20T23:36:04Z,celmis-web,0.00,84.1,6928.38,1.21,0.56,0.68,15.0,0.0,12
2026-08-20T23:36:04Z,celmis-sandbox,0.03,45.95,3072.0,1.50,0.0,0.0,1.86,0.0,3
2026-08-20T23:36:04Z,celmis-qdrant,0.09,246.5,6928.38,3.56,0.04,0.02,71.5,0.01,25
2026-08-20T23:36:10Z,celmis-api,0.24,514.0,6928.38,7.42,69.9,9.18,26.7,309.0,16
2026-08-20T23:36:10Z,celmis-postgres,0.04,31.36,6928.38,0.45,7.0,6.35,5.05,34.5,11
2026-08-20T23:36:10Z,celmis-web,0.01,84.26,6928.38,1.22,0.56,0.68,15.0,0.0,12
2026-08-20T23:36:10Z,celmis-sandbox,0.03,45.95,3072.0,1.50,0.0,0.0,1.86,0.0,3
2026-08-20T23:36:10Z,celmis-qdrant,0.11,246.4,6928.38,3.56,0.04,0.02,71.5,0.01,25
2026-08-20T23:36:15Z,celmis-api,0.37,514.0,6928.38,7.42,69.9,9.18,26.7,309.0,16
2026-08-20T23:36:15Z,celmis-postgres,0.00,31.43,6928.38,0.45,7.0,6.35,5.05,34.5,11
2026-08-20T23:36:15Z,celmis-web,0.01,84.26,6928.38,1.22,0.56,0.68,15.0,0.0,12
2026-08-20T23:36:15Z,celmis-sandbox,0.02,45.95,3072.0,1.50,0.0,0.0,1.86,0.0,3
2026-08-20T23:36:15Z,celmis-qdrant,0.12,246.4,6928.38,3.56,0.04,0.02,71.5,0.01,25
2026-08-20T23:36:21Z,celmis-api,0.29,513.9,6928.38,7.42,69.9,9.19,26.7,309.0,16
2026-08-20T23:36:21Z,celmis-postgres,0.00,31.65,6928.38,0.46,7.0,6.35,5.05,34.5,11
2026-08-20T23:36:21Z,celmis-web,0.00,84.26,6928.38,1.22,0.56,0.68,15.0,0.0,12
2026-08-20T23:36:21Z,celmis-sandbox,0.08,45.95,3072.0,1.50,0.0,0.0,1.86,0.0,3
2026-08-20T23:36:21Z,celmis-qdrant,0.14,246.4,6928.38,3.56,0.04,0.02,71.5,0.01,25
2026-08-20T23:36:26Z,celmis-api,0.28,514.0,6928.38,7.42,69.9,9.19,26.7,309.0,16
2026-08-20T23:36:26Z,celmis-postgres,0.01,31.63,6928.38,0.46,7.0,6.35,5.05,34.5,11
2026-08-20T23:36:26Z,celmis-web,0.01,84.07,6928.38,1.21,0.56,0.68,15.0,0.0,12
2026-08-20T23:36:26Z,celmis-sandbox,0.03,45.86,3072.0,1.49,0.0,0.0,1.86,0.0,3
2026-08-20T23:36:26Z,celmis-qdrant,0.09,246.6,6928.38,3.56,0.04,0.02,71.5,0.01,25
2026-08-20T23:36:32Z,celmis-api,0.29,514.0,6928.38,7.42,69.9,9.19,26.7,309.0,16
2026-08-20T23:36:32Z,celmis-postgres,0.75,31.54,6928.38,0.46,7.01,6.35,5.05,34.5,11
2026-08-20T23:36:32Z,celmis-web,0.01,84.07,6928.38,1.21,0.56,0.68,15.0,0.0,12
2026-08-20T23:36:32Z,celmis-sandbox,0.03,45.86,3072.0,1.49,0.0,0.0,1.86,0.0,3
2026-08-20T23:36:32Z,celmis-qdrant,0.07,246.6,6928.38,3.56,0.04,0.02,71.5,0.01,25
2026-08-20T23:36:37Z,celmis-api,1.89,513.9,6928.38,7.42,69.9,9.19,26.7,309.0,16
2026-08-20T23:36:37Z,celmis-postgres,0.18,31.97,6928.38,0.46,7.01,6.36,5.05,34.5,11
2026-08-20T23:36:37Z,celmis-web,0.03,84.1,6928.38,1.21,0.56,0.68,15.0,0.0,12
2026-08-20T23:36:37Z,celmis-sandbox,0.04,45.86,3072.0,1.49,0.0,0.0,1.86,0.0,3
2026-08-20T23:36:37Z,celmis-qdrant,0.07,246.8,6928.38,3.56,0.04,0.02,71.5,0.01,25
2026-08-20T23:36:43Z,celmis-api,0.22,513.9,6928.38,7.42,69.9,9.19,26.7,309.0,16
2026-08-20T23:36:43Z,celmis-postgres,1.93,31.77,6928.38,0.46,7.01,6.36,5.05,34.5,11
2026-08-20T23:36:43Z,celmis-web,0.02,84.05,6928.38,1.21,0.56,0.68,15.0,0.0,12
2026-08-20T23:36:43Z,celmis-sandbox,0.04,45.86,3072.0,1.49,0.0,0.0,1.86,0.0,3
2026-08-20T23:36:43Z,celmis-qdrant,0.05,246.7,6928.38,3.56,0.04,0.02,71.5,0.01,25
2026-08-20T23:36:49Z,celmis-api,0.59,513.9,6928.38,7.42,69.9,9.2,26.7,309.0,16
2026-08-20T23:36:49Z,celmis-postgres,1.69,31.65,6928.38,0.46,7.01,6.36,5.05,34.5,11
2026-08-20T23:36:49Z,celmis-web,0.01,84.05,6928.38,1.21,0.56,0.68,15.0,0.0,12
2026-08-20T23:36:49Z,celmis-sandbox,0.03,45.86,3072.0,1.49,0.0,0.0,1.86,0.0,3
2026-08-20T23:36:49Z,celmis-qdrant,0.07,246.7,6928.38,3.56,0.04,0.02,71.5,0.01,25
2026-08-20T23:36:54Z,celmis-api,0.25,514.3,6928.38,7.42,69.9,9.2,26.7,309.0,16
2026-08-20T23:36:54Z,celmis-postgres,0.00,31.51,6928.38,0.45,7.01,6.36,5.05,34.5,11
2026-08-20T23:36:54Z,celmis-web,0.01,84.34,6928.38,1.22,0.56,0.68,15.0,0.0,12
2026-08-20T23:36:54Z,celmis-sandbox,0.03,45.78,3072.0,1.49,0.0,0.0,1.86,0.0,3
2026-08-20T23:36:54Z,celmis-qdrant,0.09,246.9,6928.38,3.56,0.04,0.02,71.5,0.01,25
2026-08-20T23:37:00Z,celmis-api,0.31,514.3,6928.38,7.42,69.9,9.2,26.7,309.0,16
2026-08-20T23:37:00Z,celmis-postgres,0.00,31.7,6928.38,0.46,7.01,6.36,5.05,34.5,11
2026-08-20T23:37:00Z,celmis-web,0.00,84.34,6928.38,1.22,0.56,0.68,15.0,0.0,12
2026-08-20T23:37:00Z,celmis-sandbox,0.04,45.78,3072.0,1.49,0.0,0.0,1.86,0.0,3
2026-08-20T23:37:00Z,celmis-qdrant,0.08,246.9,6928.38,3.56,0.04,0.02,71.5,0.01,25
2026-08-20T23:37:05Z,celmis-api,0.26,514.3,6928.38,7.42,69.9,9.2,26.7,309.0,16
2026-08-20T23:37:05Z,celmis-postgres,0.04,31.75,6928.38,0.46,7.02,6.36,5.05,34.5,11
2026-08-20T23:37:05Z,celmis-web,0.01,84.34,6928.38,1.22,0.56,0.68,15.0,0.0,12
2026-08-20T23:37:05Z,celmis-sandbox,0.04,45.78,3072.0,1.49,0.0,0.0,1.86,0.0,3
2026-08-20T23:37:05Z,celmis-qdrant,0.09,246.9,6928.38,3.56,0.04,0.02,71.5,0.01,25
2026-08-20T23:37:11Z,celmis-api,0.21,514.2,6928.38,7.42,69.9,9.2,26.7,309.0,16
2026-08-20T23:37:11Z,celmis-postgres,0.85,31.75,6928.38,0.46,7.02,6.36,5.05,34.5,11
2026-08-20T23:37:11Z,celmis-web,0.00,84.24,6928.38,1.22,0.56,0.68,15.0,0.0,12
2026-08-20T23:37:11Z,celmis-sandbox,0.02,45.78,3072.0,1.49,0.0,0.0,1.86,0.0,3
2026-08-20T23:37:11Z,celmis-qdrant,0.07,247.0,6928.38,3.57,0.04,0.02,71.5,0.01,25
2026-08-20T23:37:17Z,celmis-api,0.31,514.2,6928.38,7.42,69.9,9.2,26.7,309.0,16
2026-08-20T23:37:17Z,celmis-postgres,0.00,31.5,6928.38,0.45,7.02,6.37,5.05,34.5,11
2026-08-20T23:37:17Z,celmis-web,0.06,84.24,6928.38,1.22,0.56,0.68,15.0,0.0,12
2026-08-20T23:37:17Z,celmis-sandbox,0.03,45.78,3072.0,1.49,0.0,0.0,1.86,0.0,3
2026-08-20T23:37:17Z,celmis-qdrant,0.07,247.0,6928.38,3.57,0.04,0.02,71.5,0.01,25
2026-08-20T23:37:22Z,celmis-api,2.83,514.4,6928.38,7.42,69.9,9.2,26.7,309.0,16
2026-08-20T23:37:22Z,celmis-postgres,0.00,31.49,6928.38,0.45,7.02,6.37,5.05,34.5,11
2026-08-20T23:37:22Z,celmis-web,3.08,84.02,6928.38,1.21,0.56,0.68,15.0,0.0,12
2026-08-20T23:37:22Z,celmis-sandbox,0.03,45.78,3072.0,1.49,0.0,0.0,1.86,0.0,3
2026-08-20T23:37:22Z,celmis-qdrant,1.30,246.7,6928.38,3.56,0.04,0.02,71.5,0.01,25
2026-08-20T23:37:27Z,celmis-api,0.65,514.4,6928.38,7.42,69.9,9.21,26.7,309.0,16
2026-08-20T23:37:27Z,celmis-postgres,0.00,31.75,6928.38,0.46,7.02,6.37,5.05,34.5,11
2026-08-20T23:37:27Z,celmis-web,0.02,83.95,6928.38,1.21,0.56,0.68,15.0,0.0,12
2026-08-20T23:37:27Z,celmis-sandbox,0.03,45.7,3072.0,1.49,0.0,0.0,1.86,0.0,3
2026-08-20T23:37:27Z,celmis-qdrant,0.08,246.7,6928.38,3.56,0.04,0.02,71.5,0.01,25
2026-08-20T23:37:33Z,celmis-api,0.29,514.3,6928.38,7.42,69.9,9.21,26.7,309.0,16
2026-08-20T23:37:33Z,celmis-postgres,0.21,31.54,6928.38,0.46,7.02,6.37,5.05,34.5,11
2026-08-20T23:37:33Z,celmis-web,0.00,83.95,6928.38,1.21,0.56,0.68,15.0,0.0,12
2026-08-20T23:37:33Z,celmis-sandbox,0.03,45.7,3072.0,1.49,0.0,0.0,1.86,0.0,3
2026-08-20T23:37:33Z,celmis-qdrant,0.09,246.7,6928.38,3.56,0.04,0.02,71.5,0.01,25
2026-08-20T23:37:39Z,celmis-api,0.31,514.3,6928.38,7.42,69.9,9.21,26.7,309.0,16
2026-08-20T23:37:39Z,celmis-postgres,0.16,31.54,6928.38,0.46,7.03,6.37,5.05,34.5,11
2026-08-20T23:37:39Z,celmis-web,0.01,84.23,6928.38,1.22,0.56,0.68,15.0,0.0,12
2026-08-20T23:37:39Z,celmis-sandbox,0.03,45.7,3072.0,1.49,0.0,0.0,1.86,0.0,3
2026-08-20T23:37:39Z,celmis-qdrant,0.09,246.4,6928.38,3.56,0.04,0.02,71.5,0.01,25
2026-08-20T23:37:44Z,celmis-api,0.25,514.3,6928.38,7.42,69.9,9.21,26.7,309.0,16
2026-08-20T23:37:44Z,celmis-postgres,1.61,31.55,6928.38,0.46,7.03,6.37,5.05,34.5,11
2026-08-20T23:37:44Z,celmis-web,0.00,84.23,6928.38,1.22,0.56,0.68,15.0,0.0,12
2026-08-20T23:37:44Z,celmis-sandbox,0.02,45.7,3072.0,1.49,0.0,0.0,1.86,0.0,3
2026-08-20T23:37:44Z,celmis-qdrant,0.10,246.4,6928.38,3.56,0.04,0.02,71.5,0.01,25
2026-08-20T23:37:50Z,celmis-api,0.30,514.3,6928.38,7.42,69.9,9.21,26.7,309.0,16
2026-08-20T23:37:50Z,celmis-postgres,0.00,31.54,6928.38,0.46,7.03,6.37,5.05,34.5,11
2026-08-20T23:37:50Z,celmis-web,0.01,84.23,6928.38,1.22,0.56,0.68,15.0,0.0,12
2026-08-20T23:37:50Z,celmis-sandbox,0.04,45.7,3072.0,1.49,0.0,0.0,1.86,0.0,3
2026-08-20T23:37:50Z,celmis-qdrant,0.08,246.4,6928.38,3.56,0.04,0.02,71.5,0.01,25
2026-08-20T23:37:55Z,celmis-api,1.58,514.0,6928.38,7.42,70.0,9.22,26.7,309.0,16
2026-08-20T23:37:55Z,celmis-postgres,0.25,31.56,6928.38,0.46,7.03,6.38,5.05,34.5,11
2026-08-20T23:37:55Z,celmis-web,0.01,84.22,6928.38,1.22,0.56,0.68,15.0,0.0,12
2026-08-20T23:37:55Z,celmis-sandbox,0.03,46.12,3072.0,1.50,0.0,0.0,1.86,0.0,3
2026-08-20T23:37:55Z,celmis-qdrant,0.08,246.5,6928.38,3.56,0.04,0.02,71.5,0.01,25
2026-08-20T23:38:01Z,celmis-api,0.27,514.0,6928.38,7.42,70.0,9.22,26.7,309.0,16
2026-08-20T23:38:01Z,celmis-postgres,0.00,31.86,6928.38,0.46,7.03,6.38,5.05,34.5,11
2026-08-20T23:38:01Z,celmis-web,0.01,84.22,6928.38,1.22,0.56,0.68,15.0,0.0,12
2026-08-20T23:38:01Z,celmis-sandbox,0.04,46.12,3072.0,1.50,0.0,0.0,1.86,0.0,3
2026-08-20T23:38:01Z,celmis-qdrant,0.10,246.5,6928.38,3.56,0.04,0.02,71.5,0.01,25
2026-08-20T23:38:06Z,celmis-api,0.23,514.0,6928.38,7.42,70.0,9.22,26.7,309.0,16
2026-08-20T23:38:06Z,celmis-postgres,0.03,31.68,6928.38,0.46,7.03,6.38,5.05,34.5,11
2026-08-20T23:38:06Z,celmis-web,0.01,84.22,6928.38,1.22,0.56,0.68,15.0,0.0,12
2026-08-20T23:38:06Z,celmis-sandbox,0.04,46.12,3072.0,1.50,0.0,0.0,1.86,0.0,3
2026-08-20T23:38:06Z,celmis-qdrant,0.08,246.5,6928.38,3.56,0.04,0.02,71.5,0.01,25
2026-08-20T23:38:12Z,celmis-api,0.24,514.4,6928.38,7.42,70.0,9.22,26.7,309.0,16
2026-08-20T23:38:12Z,celmis-postgres,0.02,31.69,6928.38,0.46,7.04,6.38,5.05,34.5,11
2026-08-20T23:38:12Z,celmis-web,0.01,84.57,6928.38,1.22,0.56,0.68,15.0,0.0,12
2026-08-20T23:38:12Z,celmis-sandbox,0.02,46.12,3072.0,1.50,0.0,0.0,1.86,0.0,3
2026-08-20T23:38:12Z,celmis-qdrant,0.08,246.7,6928.38,3.56,0.04,0.02,71.5,0.01,25
2026-08-20T23:38:17Z,celmis-api,0.31,514.3,6928.38,7.42,70.0,9.22,26.7,309.0,16
2026-08-20T23:38:17Z,celmis-postgres,0.00,31.6,6928.38,0.46,7.04,6.38,5.05,34.5,11
2026-08-20T23:38:17Z,celmis-web,0.01,84.57,6928.38,1.22,0.56,0.68,15.0,0.0,12
2026-08-20T23:38:17Z,celmis-sandbox,0.02,46.12,3072.0,1.50,0.0,0.0,1.86,0.0,3
2026-08-20T23:38:17Z,celmis-qdrant,0.08,246.7,6928.38,3.56,0.04,0.02,71.5,0.01,25
2026-08-20T23:38:23Z,celmis-api,0.67,514.3,6928.38,7.42,70.0,9.22,26.7,309.0,16
2026-08-20T23:38:23Z,celmis-postgres,0.15,31.83,6928.38,0.46,7.04,6.38,5.05,34.5,11
2026-08-20T23:38:23Z,celmis-web,0.01,84.25,6928.38,1.22,0.56,0.68,15.0,0.0,12
2026-08-20T23:38:23Z,celmis-sandbox,0.04,46.12,3072.0,1.50,0.0,0.0,1.86,0.0,3
2026-08-20T23:38:23Z,celmis-qdrant,0.07,246.8,6928.38,3.56,0.04,0.02,71.5,0.01,25
2026-08-20T23:38:29Z,celmis-api,16.96,529.5,6928.38,7.64,70.0,9.23,26.7,309.0,17
2026-08-20T23:38:29Z,celmis-postgres,0.81,31.69,6928.38,0.46,7.04,6.39,5.05,34.5,11
2026-08-20T23:38:29Z,celmis-web,0.01,84.25,6928.38,1.22,0.56,0.68,15.0,0.0,12
2026-08-20T23:38:29Z,celmis-sandbox,0.02,45.8,3072.0,1.49,0.0,0.0,1.86,0.0,3
2026-08-20T23:38:29Z,celmis-qdrant,0.08,246.8,6928.38,3.56,0.04,0.02,71.5,0.01,25
2026-08-20T23:38:34Z,celmis-api,0.23,514.3,6928.38,7.42,70.0,9.23,26.7,309.0,16
2026-08-20T23:38:34Z,celmis-postgres,1.85,31.65,6928.38,0.46,7.04,6.39,5.05,34.5,11
2026-08-20T23:38:34Z,celmis-web,0.00,84.25,6928.38,1.22,0.56,0.68,15.0,0.0,12
2026-08-20T23:38:34Z,celmis-sandbox,0.03,45.8,3072.0,1.49,0.0,0.0,1.86,0.0,3
2026-08-20T23:38:34Z,celmis-qdrant,0.09,246.8,6928.38,3.56,0.04,0.02,71.5,0.01,25
2026-08-20T23:38:40Z,celmis-api,0.24,514.2,6928.38,7.42,70.0,9.23,26.7,309.0,16
2026-08-20T23:38:40Z,celmis-postgres,1.66,31.78,6928.38,0.46,7.04,6.39,5.05,34.5,11
2026-08-20T23:38:40Z,celmis-web,0.01,84.29,6928.38,1.22,0.56,0.68,15.0,0.0,12
2026-08-20T23:38:40Z,celmis-sandbox,0.04,45.8,3072.0,1.49,0.0,0.0,1.86,0.0,3
2026-08-20T23:38:40Z,celmis-qdrant,0.07,246.8,6928.38,3.56,0.04,0.02,71.5,0.01,25
2026-08-20T23:38:45Z,celmis-api,0.29,514.2,6928.38,7.42,70.0,9.23,26.7,309.0,16
2026-08-20T23:38:45Z,celmis-postgres,0.02,31.73,6928.38,0.46,7.05,6.39,5.05,34.5,11
2026-08-20T23:38:45Z,celmis-web,0.01,84.26,6928.38,1.22,0.56,0.68,15.0,0.0,12
2026-08-20T23:38:45Z,celmis-sandbox,0.03,45.8,3072.0,1.49,0.0,0.0,1.86,0.0,3
2026-08-20T23:38:45Z,celmis-qdrant,0.12,246.8,6928.38,3.56,0.04,0.02,71.5,0.01,25
2026-08-20T23:38:51Z,celmis-api,0.31,514.2,6928.38,7.42,70.0,9.23,26.7,309.0,16
2026-08-20T23:38:51Z,celmis-postgres,1.09,31.95,6928.38,0.46,7.05,6.39,5.05,34.5,11
2026-08-20T23:38:51Z,celmis-web,0.01,84.26,6928.38,1.22,0.56,0.68,15.0,0.0,12
2026-08-20T23:38:51Z,celmis-sandbox,0.03,45.8,3072.0,1.49,0.0,0.0,1.86,0.0,3
2026-08-20T23:38:51Z,celmis-qdrant,0.17,246.8,6928.38,3.56,0.04,0.02,71.5,0.01,25
2026-08-20T23:38:57Z,celmis-api,0.29,514.2,6928.38,7.42,70.0,9.23,26.7,309.0,16
2026-08-20T23:38:57Z,celmis-postgres,0.00,31.66,6928.38,0.46,7.05,6.39,5.05,34.6,11
2026-08-20T23:38:57Z,celmis-web,0.00,84.27,6928.38,1.22,0.56,0.68,15.0,0.0,12
2026-08-20T23:38:57Z,celmis-sandbox,0.03,45.69,3072.0,1.49,0.0,0.0,1.86,0.0,3
2026-08-20T23:38:57Z,celmis-qdrant,0.10,246.7,6928.38,3.56,0.04,0.02,71.5,0.01,25
2026-08-20T23:39:02Z,celmis-api,0.29,514.1,6928.38,7.42,70.0,9.24,26.7,309.0,16
2026-08-20T23:39:02Z,celmis-postgres,0.00,31.55,6928.38,0.46,7.05,6.39,5.05,34.6,11
2026-08-20T23:39:02Z,celmis-web,0.01,84.27,6928.38,1.22,0.56,0.68,15.0,0.0,12
2026-08-20T23:39:02Z,celmis-sandbox,0.03,45.69,3072.0,1.49,0.0,0.0,1.86,0.0,3
2026-08-20T23:39:02Z,celmis-qdrant,0.16,246.7,6928.38,3.56,0.04,0.02,71.5,0.01,25
2026-08-20T23:39:07Z,celmis-api,0.25,514.1,6928.38,7.42,70.0,9.24,26.7,309.0,16
2026-08-20T23:39:07Z,celmis-postgres,0.03,31.64,6928.38,0.46,7.05,6.39,5.05,34.6,11
2026-08-20T23:39:07Z,celmis-web,0.01,84.27,6928.38,1.22,0.56,0.68,15.0,0.0,12
2026-08-20T23:39:07Z,celmis-sandbox,0.04,45.69,3072.0,1.49,0.0,0.0,1.86,0.0,3
2026-08-20T23:39:07Z,celmis-qdrant,0.10,246.7,6928.38,3.56,0.04,0.02,71.5,0.01,25
2026-08-20T23:39:13Z,celmis-api,0.71,513.9,6928.38,7.42,70.0,9.24,26.7,309.0,16
2026-08-20T23:39:13Z,celmis-postgres,0.03,31.64,6928.38,0.46,7.05,6.4,5.05,34.6,11
2026-08-20T23:39:13Z,celmis-web,0.02,84.35,6928.38,1.22,0.56,0.68,15.0,0.0,12
2026-08-20T23:39:13Z,celmis-sandbox,0.04,45.69,3072.0,1.49,0.0,0.0,1.86,0.0,3
2026-08-20T23:39:13Z,celmis-qdrant,0.14,246.8,6928.38,3.56,0.04,0.02,71.5,0.01,25
2026-08-20T23:39:19Z,celmis-api,0.25,514.1,6928.38,7.42,70.0,9.24,26.7,309.0,16
2026-08-20T23:39:19Z,celmis-postgres,0.00,31.67,6928.38,0.46,7.06,6.4,5.05,34.6,11
2026-08-20T23:39:19Z,celmis-web,0.01,84.35,6928.38,1.22,0.56,0.68,15.0,0.0,12
2026-08-20T23:39:19Z,celmis-sandbox,0.03,45.69,3072.0,1.49,0.0,0.0,1.86,0.0,3
2026-08-20T23:39:19Z,celmis-qdrant,0.12,246.8,6928.38,3.56,0.04,0.02,71.5,0.01,25
2026-08-20T23:39:24Z,celmis-api,0.19,514.1,6928.38,7.42,70.0,9.24,26.7,309.0,16
2026-08-20T23:39:24Z,celmis-postgres,1.61,31.93,6928.38,0.46,7.06,6.4,5.05,34.6,11
2026-08-20T23:39:24Z,celmis-web,0.00,84.29,6928.38,1.22,0.56,0.68,15.0,0.0,12
2026-08-20T23:39:24Z,celmis-sandbox,13.71,45.86,3072.0,1.49,0.0,0.0,1.86,0.0,3
2026-08-20T23:39:24Z,celmis-qdrant,0.03,246.5,6928.38,3.56,0.04,0.02,71.5,0.01,25
2026-08-20T23:39:30Z,celmis-api,0.20,514.1,6928.38,7.42,70.0,9.24,26.7,309.0,16
2026-08-20T23:39:30Z,celmis-postgres,1.75,32.16,6928.38,0.46,7.06,6.4,5.05,34.6,11
2026-08-20T23:39:30Z,celmis-web,0.01,84.29,6928.38,1.22,0.56,0.68,15.0,0.0,12
2026-08-20T23:39:30Z,celmis-sandbox,0.02,45.86,3072.0,1.49,0.0,0.0,1.86,0.0,3
2026-08-20T23:39:30Z,celmis-qdrant,0.10,246.5,6928.38,3.56,0.04,0.02,71.5,0.01,25
2026-08-20T23:39:35Z,celmis-api,0.24,514.1,6928.38,7.42,70.0,9.25,26.7,309.0,16
2026-08-20T23:39:35Z,celmis-postgres,0.04,31.7,6928.38,0.46,7.06,6.4,5.05,34.6,11
2026-08-20T23:39:35Z,celmis-web,0.00,84.29,6928.38,1.22,0.56,0.68,15.0,0.0,12
2026-08-20T23:39:35Z,celmis-sandbox,0.03,45.86,3072.0,1.49,0.0,0.0,1.86,0.0,3
2026-08-20T23:39:35Z,celmis-qdrant,0.09,246.5,6928.38,3.56,0.04,0.02,71.5,0.01,25
2026-08-20T23:39:41Z,celmis-api,0.39,514.1,6928.38,7.42,70.0,9.25,26.7,309.0,16
2026-08-20T23:39:41Z,celmis-postgres,0.02,31.89,6928.38,0.46,7.06,6.4,5.05,34.6,11
2026-08-20T23:39:41Z,celmis-web,0.02,84.55,6928.38,1.22,0.56,0.68,15.0,0.0,12
2026-08-20T23:39:41Z,celmis-sandbox,0.04,45.86,3072.0,1.49,0.0,0.0,1.86,0.0,3
2026-08-20T23:39:41Z,celmis-qdrant,0.17,246.6,6928.38,3.56,0.04,0.02,71.5,0.01,25
2026-08-20T23:39:46Z,celmis-api,0.32,514.1,6928.38,7.42,70.0,9.25,26.7,309.0,16
2026-08-20T23:39:46Z,celmis-postgres,0.02,31.62,6928.38,0.46,7.06,6.41,5.05,34.6,11
2026-08-20T23:39:46Z,celmis-web,0.06,84.55,6928.38,1.22,0.56,0.68,15.0,0.0,12
2026-08-20T23:39:46Z,celmis-sandbox,0.03,45.86,3072.0,1.49,0.0,0.0,1.86,0.0,3
2026-08-20T23:39:46Z,celmis-qdrant,0.11,246.6,6928.38,3.56,0.04,0.02,71.5,0.01,25
2026-08-20T23:39:52Z,celmis-api,0.30,514.1,6928.38,7.42,70.0,9.25,26.7,309.0,16
2026-08-20T23:39:52Z,celmis-postgres,0.00,31.45,6928.38,0.45,7.06,6.41,5.05,34.6,11
2026-08-20T23:39:52Z,celmis-web,3.83,84.28,6928.38,1.22,0.56,0.68,15.0,0.0,12
2026-08-20T23:39:52Z,celmis-sandbox,0.03,45.86,3072.0,1.49,0.0,0.0,1.86,0.0,3
2026-08-20T23:39:52Z,celmis-qdrant,1.40,246.5,6928.38,3.56,0.04,0.02,71.5,0.01,25
2026-08-20T23:39:58Z,celmis-api,0.27,514.3,6928.38,7.42,70.0,9.25,26.7,309.0,16
2026-08-20T23:39:58Z,celmis-postgres,0.03,31.69,6928.38,0.46,7.07,6.41,5.05,34.7,11
2026-08-20T23:39:58Z,celmis-web,0.01,84.12,6928.38,1.21,0.56,0.68,15.0,0.0,12
2026-08-20T23:39:58Z,celmis-sandbox,0.02,46.05,3072.0,1.50,0.0,0.0,1.86,0.0,3
2026-08-20T23:39:58Z,celmis-qdrant,0.07,246.5,6928.38,3.56,0.04,0.02,71.5,0.01,25
2026-08-20T23:40:03Z,celmis-api,0.59,514.3,6928.38,7.42,70.0,9.25,26.7,309.0,16
2026-08-20T23:40:03Z,celmis-postgres,0.04,31.72,6928.38,0.46,7.07,6.41,5.05,34.7,11
2026-08-20T23:40:03Z,celmis-web,0.01,84.12,6928.38,1.21,0.56,0.68,15.0,0.0,12
2026-08-20T23:40:03Z,celmis-sandbox,0.03,46.05,3072.0,1.50,0.0,0.0,1.86,0.0,3
2026-08-20T23:40:03Z,celmis-qdrant,0.13,246.5,6928.38,3.56,0.04,0.02,71.5,0.01,25
2026-08-20T23:40:09Z,celmis-api,0.31,514.3,6928.38,7.42,70.0,9.26,26.7,309.0,16
2026-08-20T23:40:09Z,celmis-postgres,0.00,31.33,6928.38,0.45,7.07,6.41,5.05,34.7,11
2026-08-20T23:40:09Z,celmis-web,0.02,83.96,6928.38,1.21,0.56,0.68,15.0,0.0,12
2026-08-20T23:40:09Z,celmis-sandbox,0.04,46.05,3072.0,1.50,0.0,0.0,1.86,0.0,3
2026-08-20T23:40:09Z,celmis-qdrant,0.11,246.4,6928.38,3.56,0.04,0.02,71.5,0.01,25
2026-08-20T23:40:15Z,celmis-api,0.29,514.3,6928.38,7.42,70.0,9.26,26.7,309.0,16
2026-08-20T23:40:15Z,celmis-postgres,0.00,31.66,6928.38,0.46,7.07,6.41,5.05,34.7,11
2026-08-20T23:40:15Z,celmis-web,0.00,83.92,6928.38,1.21,0.56,0.68,15.0,0.0,12
2026-08-20T23:40:15Z,celmis-sandbox,0.03,46.05,3072.0,1.50,0.0,0.0,1.86,0.0,3
2026-08-20T23:40:15Z,celmis-qdrant,0.08,246.4,6928.38,3.56,0.04,0.02,71.5,0.01,25
2026-08-20T23:40:20Z,celmis-api,0.25,514.2,6928.38,7.42,70.0,9.26,26.7,309.0,16
2026-08-20T23:40:20Z,celmis-postgres,1.72,31.94,6928.38,0.46,7.07,6.41,5.05,34.7,11
2026-08-20T23:40:20Z,celmis-web,0.01,83.92,6928.38,1.21,0.56,0.68,15.0,0.0,12
2026-08-20T23:40:20Z,celmis-sandbox,0.03,46.05,3072.0,1.50,0.0,0.0,1.86,0.0,3
2026-08-20T23:40:20Z,celmis-qdrant,0.07,246.4,6928.38,3.56,0.04,0.02,71.5,0.01,25
2026-08-20T23:40:26Z,celmis-api,0.99,514.2,6928.38,7.42,70.0,9.26,26.7,309.0,16
2026-08-20T23:40:26Z,celmis-postgres,1.87,31.61,6928.38,0.46,7.08,6.42,5.05,34.7,11
2026-08-20T23:40:26Z,celmis-web,0.01,84.53,6928.38,1.22,0.56,0.68,15.0,0.0,12
2026-08-20T23:40:26Z,celmis-sandbox,0.03,45.96,3072.0,1.50,0.0,0.0,1.86,0.0,3
2026-08-20T23:40:26Z,celmis-qdrant,0.09,246.4,6928.38,3.56,0.04,0.02,71.5,0.01,25
2026-08-20T23:40:31Z,celmis-api,0.29,514.2,6928.38,7.42,70.0,9.26,26.7,309.0,16
2026-08-20T23:40:31Z,celmis-postgres,0.88,31.7,6928.38,0.46,7.08,6.42,5.05,34.7,11
2026-08-20T23:40:31Z,celmis-web,0.01,84.53,6928.38,1.22,0.56,0.68,15.0,0.0,12
2026-08-20T23:40:31Z,celmis-sandbox,0.04,45.96,3072.0,1.50,0.0,0.0,1.86,0.0,3
2026-08-20T23:40:31Z,celmis-qdrant,0.07,246.4,6928.38,3.56,0.04,0.02,71.5,0.01,25
2026-08-20T23:40:36Z,celmis-api,0.58,514.2,6928.38,7.42,70.0,9.26,26.7,309.0,16
2026-08-20T23:40:36Z,celmis-postgres,0.04,31.4,6928.38,0.45,7.08,6.42,5.05,34.7,11
2026-08-20T23:40:36Z,celmis-web,0.01,84.53,6928.38,1.22,0.56,0.68,15.0,0.0,12
2026-08-20T23:40:36Z,celmis-sandbox,0.03,45.96,3072.0,1.50,0.0,0.0,1.86,0.0,3
2026-08-20T23:40:36Z,celmis-qdrant,0.09,246.4,6928.38,3.56,0.04,0.02,71.5,0.01,25
2026-08-20T23:40:42Z,celmis-api,0.27,514.1,6928.38,7.42,70.0,9.26,26.7,309.0,16
2026-08-20T23:40:42Z,celmis-postgres,0.01,31.63,6928.38,0.46,7.08,6.42,5.05,34.7,11
2026-08-20T23:40:42Z,celmis-web,0.00,84.56,6928.38,1.22,0.56,0.68,15.0,0.0,12
2026-08-20T23:40:42Z,celmis-sandbox,0.03,45.96,3072.0,1.50,0.0,0.0,1.86,0.0,3
2026-08-20T23:40:42Z,celmis-qdrant,0.12,246.3,6928.38,3.55,0.04,0.02,71.5,0.01,25
2026-08-20T23:40:47Z,celmis-api,0.31,514.1,6928.38,7.42,70.0,9.27,26.7,309.0,16
2026-08-20T23:40:47Z,celmis-postgres,0.00,31.31,6928.38,0.45,7.08,6.42,5.05,34.7,11
2026-08-20T23:40:47Z,celmis-web,0.01,84.56,6928.38,1.22,0.56,0.68,15.0,0.0,12
2026-08-20T23:40:47Z,celmis-sandbox,0.03,45.96,3072.0,1.50,0.0,0.0,1.86,0.0,3
2026-08-20T23:40:47Z,celmis-qdrant,0.09,246.3,6928.38,3.55,0.04,0.02,71.5,0.01,25
2026-08-20T23:40:52Z,celmis-api,2.06,514.4,6928.38,7.42,70.0,9.27,26.7,309.0,16
2026-08-20T23:40:52Z,celmis-postgres,1.18,31.74,6928.38,0.46,7.08,6.42,5.05,34.7,11
2026-08-20T23:40:52Z,celmis-web,0.01,84.56,6928.38,1.22,0.56,0.68,15.0,0.0,12
2026-08-20T23:40:52Z,celmis-sandbox,0.03,45.96,3072.0,1.50,0.0,0.0,1.86,0.0,3
2026-08-20T23:40:52Z,celmis-qdrant,1.21,246.4,6928.38,3.56,0.04,0.02,71.5,0.01,25
2026-08-20T23:40:58Z,celmis-api,0.74,514.4,6928.38,7.42,70.0,9.27,26.7,309.0,16
2026-08-20T23:40:58Z,celmis-postgres,0.22,31.83,6928.38,0.46,7.09,6.43,5.05,34.7,11
2026-08-20T23:40:58Z,celmis-web,0.01,84.3,6928.38,1.22,0.56,0.68,15.0,0.0,12
2026-08-20T23:40:58Z,celmis-sandbox,0.03,46.39,3072.0,1.51,0.0,0.0,1.86,0.0,3
2026-08-20T23:40:58Z,celmis-qdrant,0.08,246.4,6928.38,3.56,0.04,0.02,71.5,0.01,25
2026-08-20T23:41:03Z,celmis-api,0.67,514.4,6928.38,7.42,70.0,9.27,26.7,309.0,16
2026-08-20T23:41:03Z,celmis-postgres,0.16,31.57,6928.38,0.46,7.09,6.43,5.05,34.7,11
2026-08-20T23:41:03Z,celmis-web,0.00,84.3,6928.38,1.22,0.56,0.68,15.0,0.0,12
2026-08-20T23:41:03Z,celmis-sandbox,0.03,46.39,3072.0,1.51,0.0,0.0,1.86,0.0,3
2026-08-20T23:41:03Z,celmis-qdrant,0.10,246.4,6928.38,3.56,0.04,0.02,71.5,0.01,25
2026-08-20T23:41:09Z,celmis-api,0.27,514.3,6928.38,7.42,70.0,9.27,26.7,309.0,16
2026-08-20T23:41:09Z,celmis-postgres,0.20,31.55,6928.38,0.46,7.09,6.43,5.05,34.7,11
2026-08-20T23:41:09Z,celmis-web,0.01,84.49,6928.38,1.22,0.56,0.68,15.0,0.0,12
2026-08-20T23:41:09Z,celmis-sandbox,0.04,46.39,3072.0,1.51,0.0,0.0,1.86,0.0,3
2026-08-20T23:41:09Z,celmis-qdrant,0.10,246.3,6928.38,3.56,0.04,0.02,71.5,0.01,25
2026-08-20T23:41:15Z,celmis-api,0.28,514.3,6928.38,7.42,70.0,9.27,26.7,309.0,16
2026-08-20T23:41:15Z,celmis-postgres,0.00,31.66,6928.38,0.46,7.09,6.43,5.05,34.7,11
2026-08-20T23:41:15Z,celmis-web,0.01,84.46,6928.38,1.22,0.56,0.68,15.0,0.0,12
2026-08-20T23:41:15Z,celmis-sandbox,0.03,46.39,3072.0,1.51,0.0,0.0,1.86,0.0,3
2026-08-20T23:41:15Z,celmis-qdrant,0.10,246.3,6928.38,3.56,0.04,0.02,71.5,0.01,25
2026-08-20T23:41:20Z,celmis-api,0.31,514.3,6928.38,7.42,70.0,9.28,26.7,309.0,16
2026-08-20T23:41:20Z,celmis-postgres,0.00,31.61,6928.38,0.46,7.09,6.43,5.05,34.7,11
2026-08-20T23:41:20Z,celmis-web,0.01,84.46,6928.38,1.22,0.56,0.68,15.0,0.0,12
2026-08-20T23:41:20Z,celmis-sandbox,0.03,46.39,3072.0,1.51,0.0,0.0,1.86,0.0,3
2026-08-20T23:41:20Z,celmis-qdrant,0.11,246.3,6928.38,3.56,0.04,0.02,71.5,0.01,25
2026-08-20T23:41:26Z,celmis-api,1.36,514.1,6928.38,7.42,70.0,9.28,26.7,309.0,16
2026-08-20T23:41:26Z,celmis-postgres,2.56,31.54,6928.38,0.46,7.09,6.43,5.05,34.7,11
2026-08-20T23:41:26Z,celmis-web,0.01,84.21,6928.38,1.22,0.56,0.68,15.0,0.0,12
2026-08-20T23:41:26Z,celmis-sandbox,13.93,46.05,3072.0,1.50,0.0,0.0,1.86,0.0,3
2026-08-20T23:41:26Z,celmis-qdrant,0.16,246.6,6928.38,3.56,0.04,0.02,71.5,0.01,25
2026-08-20T23:41:31Z,celmis-api,0.25,514.1,6928.38,7.42,70.0,9.28,26.7,309.0,16
2026-08-20T23:41:31Z,celmis-postgres,3.01,31.59,6928.38,0.46,7.1,6.43,5.05,34.7,11
2026-08-20T23:41:31Z,celmis-web,0.00,84.21,6928.38,1.22,0.56,0.68,15.0,0.0,12
2026-08-20T23:41:31Z,celmis-sandbox,0.04,46.05,3072.0,1.50,0.0,0.0,1.86,0.0,3
2026-08-20T23:41:31Z,celmis-qdrant,0.08,246.6,6928.38,3.56,0.04,0.02,71.5,0.01,25
2026-08-20T23:41:36Z,celmis-api,0.29,514.1,6928.38,7.42,70.0,9.28,26.7,309.0,16
2026-08-20T23:41:36Z,celmis-postgres,0.04,31.31,6928.38,0.45,7.1,6.43,5.05,34.7,11
2026-08-20T23:41:36Z,celmis-web,0.00,84.21,6928.38,1.22,0.56,0.68,15.0,0.0,12
2026-08-20T23:41:36Z,celmis-sandbox,0.03,46.05,3072.0,1.50,0.0,0.0,1.86,0.0,3
2026-08-20T23:41:36Z,celmis-qdrant,0.12,246.6,6928.38,3.56,0.04,0.02,71.5,0.01,25
2026-08-20T23:41:42Z,celmis-api,0.35,514.3,6928.38,7.42,70.0,9.28,26.7,309.0,16
2026-08-20T23:41:42Z,celmis-postgres,0.00,31.54,6928.38,0.46,7.1,6.44,5.05,34.7,11
2026-08-20T23:41:42Z,celmis-web,0.01,84.17,6928.38,1.21,0.56,0.68,15.0,0.0,12
2026-08-20T23:41:42Z,celmis-sandbox,0.06,46.05,3072.0,1.50,0.0,0.0,1.86,0.0,3
2026-08-20T23:41:42Z,celmis-qdrant,0.17,246.5,6928.38,3.56,0.04,0.02,71.5,0.01,25
