ts,container,cpu_pct,mem_used_mb,mem_limit_mb,mem_pct,net_in_mb,net_out_mb,block_in_mb,block_out_mb,pids
2026-08-21T09:23:54Z,celmis-api,0.32,615.1,6928.38,8.88,13.6,13.6,315.0,1546.24,18
2026-08-21T09:23:54Z,celmis-postgres,0.03,78.11,6928.38,1.13,7.04,4.36,42.9,13.3,17
2026-08-21T09:23:54Z,celmis-web,0.01,180.1,6928.38,2.60,0.07,0.08,122.0,0.0,12
2026-08-21T09:23:54Z,celmis-sandbox,0.03,37.66,3072.0,1.23,0.0,0.0,15.0,0.0,3
2026-08-21T09:23:54Z,celmis-qdrant,0.85,237.6,6928.38,3.43,0.01,0.01,71.3,0.0,25
2026-08-21T09:24:02Z,celmis-api,0.40,615.3,6928.38,8.88,13.6,13.6,315.0,1546.24,18
2026-08-21T09:24:02Z,celmis-postgres,1.87,78.55,6928.38,1.13,7.04,4.37,42.9,13.3,17
2026-08-21T09:24:02Z,celmis-web,0.01,180.1,6928.38,2.60,0.07,0.08,122.0,0.0,12
2026-08-21T09:24:02Z,celmis-sandbox,0.03,37.66,3072.0,1.23,0.0,0.0,15.0,0.0,3
2026-08-21T09:24:02Z,celmis-qdrant,0.09,237.6,6928.38,3.43,0.01,0.01,71.3,0.0,25
2026-08-21T09:24:09Z,celmis-api,0.27,615.9,6928.38,8.89,13.6,13.6,315.0,1546.24,18
2026-08-21T09:24:09Z,celmis-postgres,0.05,78.34,6928.38,1.13,7.04,4.37,42.9,13.3,17
2026-08-21T09:24:09Z,celmis-web,0.01,179.9,6928.38,2.60,0.07,0.08,122.0,0.0,12
2026-08-21T09:24:09Z,celmis-sandbox,0.03,37.66,3072.0,1.23,0.0,0.0,15.0,0.0,3
2026-08-21T09:24:09Z,celmis-qdrant,0.15,237.6,6928.38,3.43,0.01,0.01,71.3,0.0,25
2026-08-21T09:24:17Z,celmis-api,0.52,615.9,6928.38,8.89,13.6,13.6,315.0,1546.24,18
2026-08-21T09:24:17Z,celmis-postgres,0.07,78.12,6928.38,1.13,7.05,4.37,42.9,13.3,17
2026-08-21T09:24:17Z,celmis-web,0.00,179.9,6928.38,2.60,0.07,0.08,122.0,0.0,12
2026-08-21T09:24:17Z,celmis-sandbox,0.03,37.66,3072.0,1.23,0.0,0.0,15.0,0.0,3
2026-08-21T09:24:17Z,celmis-qdrant,0.12,237.5,6928.38,3.43,0.01,0.01,71.3,0.0,25
2026-08-21T09:24:25Z,celmis-api,0.27,615.6,6928.38,8.88,13.6,13.6,315.0,1546.24,18
2026-08-21T09:24:25Z,celmis-postgres,0.34,78.09,6928.38,1.13,7.05,4.37,42.9,13.4,17
2026-08-21T09:24:25Z,celmis-web,0.00,180.1,6928.38,2.60,0.07,0.08,122.0,0.0,12
2026-08-21T09:24:25Z,celmis-sandbox,0.03,37.78,3072.0,1.23,0.0,0.0,15.0,0.0,3
2026-08-21T09:24:25Z,celmis-qdrant,0.12,237.7,6928.38,3.43,0.01,0.01,71.3,0.0,25
2026-08-21T09:24:32Z,celmis-api,2.13,617.8,6928.38,8.92,13.6,13.6,315.0,1546.24,18
2026-08-21T09:24:32Z,celmis-postgres,0.12,78.16,6928.38,1.13,7.05,4.37,42.9,13.4,17
2026-08-21T09:24:32Z,celmis-web,0.00,180.1,6928.38,2.60,0.07,0.08,122.0,0.0,12
2026-08-21T09:24:32Z,celmis-sandbox,0.03,37.78,3072.0,1.23,0.0,0.0,15.0,0.0,3
2026-08-21T09:24:32Z,celmis-qdrant,0.10,237.7,6928.38,3.43,0.01,0.01,71.3,0.0,25
2026-08-21T09:24:40Z,celmis-api,0.25,617.8,6928.38,8.92,13.6,13.6,315.0,1546.24,18
2026-08-21T09:24:40Z,celmis-postgres,0.00,78.39,6928.38,1.13,7.05,4.38,42.9,13.4,17
2026-08-21T09:24:40Z,celmis-web,0.00,179.9,6928.38,2.60,0.07,0.08,122.0,0.0,12
2026-08-21T09:24:40Z,celmis-sandbox,0.03,37.78,3072.0,1.23,0.0,0.0,15.0,0.0,3
2026-08-21T09:24:40Z,celmis-qdrant,1.22,237.9,6928.38,3.43,0.01,0.01,71.3,0.0,25
2026-08-21T09:24:48Z,celmis-api,0.54,617.7,6928.38,8.92,13.7,13.6,315.0,1546.24,18
2026-08-21T09:24:48Z,celmis-postgres,0.20,77.9,6928.38,1.12,7.05,4.38,42.9,13.4,17
2026-08-21T09:24:48Z,celmis-web,0.01,179.9,6928.38,2.60,0.07,0.08,122.0,0.0,12
2026-08-21T09:24:48Z,celmis-sandbox,0.03,37.78,3072.0,1.23,0.0,0.0,15.0,0.0,3
2026-08-21T09:24:48Z,celmis-qdrant,0.08,237.8,6928.38,3.43,0.01,0.01,71.3,0.0,25
2026-08-21T09:24:55Z,celmis-api,0.35,624.4,6928.38,9.01,13.7,13.6,315.0,1566.72,13
2026-08-21T09:24:55Z,celmis-postgres,0.03,78.21,6928.38,1.13,7.06,4.38,42.9,13.4,17
2026-08-21T09:24:55Z,celmis-web,0.03,180.2,6928.38,2.60,0.07,0.08,122.0,0.0,12
2026-08-21T09:24:55Z,celmis-sandbox,0.02,37.71,3072.0,1.23,0.0,0.0,15.0,0.0,3
2026-08-21T09:24:55Z,celmis-qdrant,0.07,238.0,6928.38,3.43,0.01,0.01,71.3,0.0,25
2026-08-21T09:25:02Z,celmis-api,0.54,625.0,6928.38,9.02,13.7,13.6,315.0,1597.44,13
2026-08-21T09:25:02Z,celmis-postgres,0.09,78.23,6928.38,1.13,7.06,4.38,42.9,13.4,17
2026-08-21T09:25:02Z,celmis-web,0.01,180.2,6928.38,2.60,0.07,0.08,122.0,0.0,12
2026-08-21T09:25:02Z,celmis-sandbox,0.02,37.71,3072.0,1.23,0.0,0.0,15.0,0.0,3
2026-08-21T09:25:02Z,celmis-qdrant,0.10,238.0,6928.38,3.43,0.01,0.01,71.3,0.0,25
2026-08-21T09:25:10Z,celmis-api,44.48,625.4,6928.38,9.03,13.7,13.6,315.0,1617.92,13
2026-08-21T09:25:10Z,celmis-postgres,0.73,78.3,6928.38,1.13,7.06,4.38,42.9,13.4,17
2026-08-21T09:25:10Z,celmis-web,0.01,180.2,6928.38,2.60,0.07,0.08,122.0,0.0,12
2026-08-21T09:25:10Z,celmis-sandbox,0.02,37.71,3072.0,1.23,0.0,0.0,15.0,0.0,3
2026-08-21T09:25:10Z,celmis-qdrant,0.07,237.9,6928.38,3.43,0.01,0.01,71.3,0.0,25
2026-08-21T09:25:18Z,celmis-api,0.72,625.5,6928.38,9.03,13.7,13.6,315.0,1638.4,13
2026-08-21T09:25:18Z,celmis-postgres,0.08,78.13,6928.38,1.13,7.06,4.39,42.9,13.4,17
2026-08-21T09:25:18Z,celmis-web,0.02,180.2,6928.38,2.60,0.07,0.08,122.0,0.0,12
2026-08-21T09:25:18Z,celmis-sandbox,0.08,37.71,3072.0,1.23,0.0,0.0,15.0,0.0,3
2026-08-21T09:25:18Z,celmis-qdrant,0.13,237.9,6928.38,3.43,0.01,0.01,71.3,0.0,25
2026-08-21T09:25:25Z,celmis-api,0.32,625.8,6928.38,9.03,13.7,13.6,315.0,1669.12,13
2026-08-21T09:25:25Z,celmis-postgres,0.01,77.98,6928.38,1.13,7.07,4.39,42.9,13.4,17
2026-08-21T09:25:25Z,celmis-web,0.03,180.2,6928.38,2.60,0.07,0.08,122.0,0.0,12
2026-08-21T09:25:25Z,celmis-sandbox,0.03,37.62,3072.0,1.22,0.0,0.0,15.0,0.0,3
2026-08-21T09:25:25Z,celmis-qdrant,0.08,237.8,6928.38,3.43,0.01,0.01,71.3,0.0,25
2026-08-21T09:25:32Z,celmis-api,0.58,626.9,6928.38,9.05,13.7,13.7,315.0,1679.36,13
2026-08-21T09:25:32Z,celmis-postgres,0.09,78.16,6928.38,1.13,7.09,4.41,42.9,13.4,17
2026-08-21T09:25:32Z,celmis-web,0.01,180.2,6928.38,2.60,0.07,0.08,122.0,0.0,12
2026-08-21T09:25:32Z,celmis-sandbox,0.04,37.62,3072.0,1.22,0.0,0.0,15.0,0.0,3
2026-08-21T09:25:32Z,celmis-qdrant,0.08,237.8,6928.38,3.43,0.01,0.01,71.3,0.0,25
2026-08-21T09:25:40Z,celmis-api,0.50,614.9,6928.38,8.87,13.9,13.8,315.0,1679.36,17
2026-08-21T09:25:40Z,celmis-postgres,0.01,76.74,6928.38,1.11,7.1,4.43,42.9,13.4,16
2026-08-21T09:25:40Z,celmis-web,0.11,180.2,6928.38,2.60,0.07,0.08,122.0,0.0,12
2026-08-21T09:25:40Z,celmis-sandbox,0.04,37.62,3072.0,1.22,0.0,0.0,15.0,0.0,3
2026-08-21T09:25:40Z,celmis-qdrant,0.14,238.0,6928.38,3.43,0.01,0.01,71.3,0.0,25
2026-08-21T09:25:48Z,celmis-api,0.44,614.8,6928.38,8.87,13.9,13.8,315.0,1679.36,17
2026-08-21T09:25:48Z,celmis-postgres,1.76,76.49,6928.38,1.10,7.11,4.43,42.9,13.4,16
2026-08-21T09:25:48Z,celmis-web,0.00,180.2,6928.38,2.60,0.07,0.08,122.0,0.0,12
2026-08-21T09:25:48Z,celmis-sandbox,0.02,37.62,3072.0,1.22,0.0,0.0,15.0,0.0,3
2026-08-21T09:25:48Z,celmis-qdrant,0.08,238.0,6928.38,3.43,0.01,0.01,71.3,0.0,25
2026-08-21T09:25:55Z,celmis-api,0.25,614.6,6928.38,8.87,13.9,13.8,315.0,1679.36,17
2026-08-21T09:25:55Z,celmis-postgres,0.03,76.3,6928.38,1.10,7.11,4.43,42.9,13.4,16
2026-08-21T09:25:55Z,celmis-web,0.00,180.0,6928.38,2.60,0.07,0.08,122.0,0.0,12
2026-08-21T09:25:55Z,celmis-sandbox,0.04,37.8,3072.0,1.23,0.0,0.0,15.0,0.0,3
2026-08-21T09:25:55Z,celmis-qdrant,1.40,238.0,6928.38,3.44,0.01,0.01,71.3,0.0,25
2026-08-21T09:26:02Z,celmis-api,0.47,615.1,6928.38,8.88,13.9,13.8,315.0,1679.36,18
2026-08-21T09:26:02Z,celmis-postgres,0.08,78.19,6928.38,1.13,7.11,4.44,42.9,13.4,17
2026-08-21T09:26:02Z,celmis-web,0.00,180.0,6928.38,2.60,0.07,0.08,122.0,0.0,12
2026-08-21T09:26:02Z,celmis-sandbox,0.03,37.8,3072.0,1.23,0.0,0.0,15.0,0.0,3
2026-08-21T09:26:02Z,celmis-qdrant,0.06,237.9,6928.38,3.43,0.01,0.01,71.3,0.0,25
2026-08-21T09:26:10Z,celmis-api,0.15,615.2,6928.38,8.88,13.9,13.8,315.0,1679.36,18
2026-08-21T09:26:10Z,celmis-postgres,0.09,78.28,6928.38,1.13,7.12,4.44,42.9,13.5,17
2026-08-21T09:26:10Z,celmis-web,0.00,180.2,6928.38,2.60,0.07,0.08,122.0,0.0,12
2026-08-21T09:26:10Z,celmis-sandbox,0.02,37.8,3072.0,1.23,0.0,0.0,15.0,0.0,3
2026-08-21T09:26:10Z,celmis-qdrant,1.15,237.6,6928.38,3.43,0.01,0.01,71.3,0.0,25
2026-08-21T09:26:18Z,celmis-api,0.51,615.2,6928.38,8.88,13.9,13.8,315.0,1679.36,18
2026-08-21T09:26:18Z,celmis-postgres,1.90,78.05,6928.38,1.13,7.12,4.44,42.9,13.5,17
2026-08-21T09:26:18Z,celmis-web,0.00,180.2,6928.38,2.60,0.07,0.08,122.0,0.0,12
2026-08-21T09:26:18Z,celmis-sandbox,0.03,37.8,3072.0,1.23,0.0,0.0,15.0,0.0,3
2026-08-21T09:26:18Z,celmis-qdrant,0.08,237.5,6928.38,3.43,0.01,0.01,71.3,0.0,25
2026-08-21T09:26:25Z,celmis-api,0.14,615.6,6928.38,8.88,14.0,13.8,315.0,1679.36,18
2026-08-21T09:26:25Z,celmis-postgres,0.00,78.17,6928.38,1.13,7.12,4.44,42.9,13.5,17
2026-08-21T09:26:25Z,celmis-web,0.00,180.3,6928.38,2.60,0.07,0.08,122.0,0.0,12
2026-08-21T09:26:25Z,celmis-sandbox,0.03,37.73,3072.0,1.23,0.0,0.0,15.0,0.0,3
2026-08-21T09:26:25Z,celmis-qdrant,0.94,237.7,6928.38,3.43,0.01,0.01,71.3,0.0,25
2026-08-21T09:26:32Z,celmis-api,0.48,615.6,6928.38,8.88,14.0,13.8,315.0,1679.36,18
2026-08-21T09:26:32Z,celmis-postgres,0.03,78.25,6928.38,1.13,7.12,4.44,42.9,13.5,17
2026-08-21T09:26:32Z,celmis-web,0.00,180.3,6928.38,2.60,0.07,0.08,122.0,0.0,12
2026-08-21T09:26:32Z,celmis-sandbox,0.02,37.73,3072.0,1.23,0.0,0.0,15.0,0.0,3
2026-08-21T09:26:32Z,celmis-qdrant,0.07,237.7,6928.38,3.43,0.01,0.01,71.3,0.0,25
2026-08-21T09:26:40Z,celmis-api,0.52,615.5,6928.38,8.88,14.0,13.8,315.0,1679.36,18
2026-08-21T09:26:40Z,celmis-postgres,0.00,78.21,6928.38,1.13,7.13,4.45,42.9,13.5,17
2026-08-21T09:26:40Z,celmis-web,0.00,179.9,6928.38,2.60,0.07,0.08,122.0,0.0,12
2026-08-21T09:26:40Z,celmis-sandbox,0.03,37.73,3072.0,1.23,0.0,0.0,15.0,0.0,3
2026-08-21T09:26:40Z,celmis-qdrant,0.09,237.9,6928.38,3.43,0.01,0.01,71.3,0.0,25
2026-08-21T09:26:48Z,celmis-api,0.48,615.5,6928.38,8.88,14.0,13.8,315.0,1679.36,18
2026-08-21T09:26:48Z,celmis-postgres,1.12,78.24,6928.38,1.13,7.13,4.45,42.9,13.5,17
2026-08-21T09:26:48Z,celmis-web,0.01,179.9,6928.38,2.60,0.07,0.08,122.0,0.0,12
2026-08-21T09:26:48Z,celmis-sandbox,0.02,37.73,3072.0,1.23,0.0,0.0,15.0,0.0,3
2026-08-21T09:26:48Z,celmis-qdrant,0.07,237.8,6928.38,3.43,0.01,0.01,71.3,0.0,25
2026-08-21T09:26:55Z,celmis-api,32.91,622.0,6928.38,8.98,14.0,13.8,315.0,1710.08,13
2026-08-21T09:26:55Z,celmis-postgres,0.01,78.28,6928.38,1.13,7.13,4.45,42.9,13.5,17
2026-08-21T09:26:55Z,celmis-web,0.00,180.0,6928.38,2.60,0.07,0.08,122.0,0.0,12
2026-08-21T09:26:55Z,celmis-sandbox,0.02,37.89,3072.0,1.23,0.0,0.0,15.0,0.0,3
2026-08-21T09:26:55Z,celmis-qdrant,0.77,238.0,6928.38,3.43,0.01,0.01,71.3,0.0,25
2026-08-21T09:27:02Z,celmis-api,5.10,646.0,6928.38,9.32,14.0,13.8,315.0,1730.56,26
2026-08-21T09:27:02Z,celmis-postgres,1.46,78.29,6928.38,1.13,7.14,4.45,42.9,13.5,17
2026-08-21T09:27:02Z,celmis-web,0.01,180.0,6928.38,2.60,0.07,0.08,122.0,0.0,12
2026-08-21T09:27:02Z,celmis-sandbox,0.02,37.89,3072.0,1.23,0.0,0.0,15.0,0.0,3
2026-08-21T09:27:02Z,celmis-qdrant,0.08,238.0,6928.38,3.43,0.01,0.01,71.3,0.0,25
2026-08-21T09:27:10Z,celmis-api,0.33,622.8,6928.38,8.99,14.0,13.8,315.0,1761.28,13
2026-08-21T09:27:10Z,celmis-postgres,0.95,78.44,6928.38,1.13,7.14,4.46,42.9,13.9,17
2026-08-21T09:27:10Z,celmis-web,0.02,180.1,6928.38,2.60,0.07,0.08,122.0,0.0,12
2026-08-21T09:27:10Z,celmis-sandbox,0.03,37.89,3072.0,1.23,0.0,0.0,15.0,0.0,3
2026-08-21T09:27:10Z,celmis-qdrant,0.07,237.9,6928.38,3.43,0.01,0.01,71.3,0.0,25
2026-08-21T09:27:18Z,celmis-api,0.62,623.4,6928.38,9.00,14.0,13.8,315.0,1781.76,13
2026-08-21T09:27:18Z,celmis-postgres,1.82,78.11,6928.38,1.13,7.14,4.46,42.9,13.9,17
2026-08-21T09:27:18Z,celmis-web,0.01,180.1,6928.38,2.60,0.07,0.08,122.0,0.0,12
2026-08-21T09:27:18Z,celmis-sandbox,0.02,37.89,3072.0,1.23,0.0,0.0,15.0,0.0,3
2026-08-21T09:27:18Z,celmis-qdrant,0.08,237.9,6928.38,3.43,0.01,0.01,71.3,0.0,25
2026-08-21T09:27:25Z,celmis-api,0.33,623.7,6928.38,9.00,14.0,13.8,315.0,1812.48,13
2026-08-21T09:27:25Z,celmis-postgres,0.00,78.34,6928.38,1.13,7.14,4.46,42.9,13.9,17
2026-08-21T09:27:25Z,celmis-web,0.01,180.2,6928.38,2.60,0.07,0.08,122.0,0.0,12
2026-08-21T09:27:25Z,celmis-sandbox,0.02,37.57,3072.0,1.22,0.0,0.0,15.0,0.0,3
2026-08-21T09:27:25Z,celmis-qdrant,0.10,238.2,6928.38,3.44,0.01,0.01,71.3,0.0,25
2026-08-21T09:27:32Z,celmis-api,46.87,624.1,6928.38,9.01,14.0,13.8,315.0,1843.2,13
2026-08-21T09:27:32Z,celmis-postgres,0.76,77.92,6928.38,1.12,7.14,4.46,42.9,13.9,17
2026-08-21T09:27:32Z,celmis-web,0.01,180.2,6928.38,2.60,0.07,0.08,122.0,0.0,12
2026-08-21T09:27:32Z,celmis-sandbox,0.03,37.57,3072.0,1.22,0.0,0.0,15.0,0.0,3
2026-08-21T09:27:32Z,celmis-qdrant,0.07,238.0,6928.38,3.44,0.01,0.01,71.3,0.0,25
2026-08-21T09:27:40Z,celmis-api,14.86,702.0,6928.38,10.13,14.0,13.8,315.0,1863.68,30
2026-08-21T09:27:40Z,celmis-postgres,0.00,77.89,6928.38,1.12,7.15,4.46,42.9,13.9,17
2026-08-21T09:27:40Z,celmis-web,0.00,180.0,6928.38,2.60,0.07,0.08,122.0,0.0,12
2026-08-21T09:27:40Z,celmis-sandbox,0.03,37.57,3072.0,1.22,0.0,0.0,15.0,0.0,3
2026-08-21T09:27:40Z,celmis-qdrant,0.06,238.0,6928.38,3.43,0.01,0.01,71.3,0.0,25
2026-08-21T09:27:48Z,celmis-api,60.12,380.1,6928.38,5.49,14.0,13.9,315.0,1873.92,12
2026-08-21T09:27:48Z,celmis-postgres,1.20,72.97,6928.38,1.05,7.17,4.49,42.9,13.9,14
2026-08-21T09:27:48Z,celmis-web,0.00,180.0,6928.38,2.60,0.07,0.08,122.0,0.0,12
2026-08-21T09:27:48Z,celmis-sandbox,0.01,37.57,3072.0,1.22,0.0,0.0,15.0,0.0,3
2026-08-21T09:27:48Z,celmis-qdrant,0.03,238.0,6928.38,3.43,0.01,0.01,71.3,0.0,25
2026-08-21T09:27:55Z,celmis-api,2.29,615.1,6928.38,8.88,14.2,14.0,315.0,1873.92,18
2026-08-21T09:27:55Z,celmis-postgres,0.60,78.12,6928.38,1.13,7.19,4.51,42.9,14.0,17
2026-08-21T09:27:55Z,celmis-web,0.01,180.1,6928.38,2.60,0.07,0.08,122.0,0.0,12
2026-08-21T09:27:55Z,celmis-sandbox,0.03,38.0,3072.0,1.24,0.0,0.0,15.0,0.0,3
2026-08-21T09:27:55Z,celmis-qdrant,0.08,237.8,6928.38,3.43,0.01,0.01,71.3,0.0,25
2026-08-21T09:28:02Z,celmis-api,0.55,615.1,6928.38,8.88,14.2,14.0,315.0,1873.92,18
2026-08-21T09:28:02Z,celmis-postgres,1.70,78.12,6928.38,1.13,7.19,4.51,42.9,14.0,17
2026-08-21T09:28:02Z,celmis-web,0.00,180.1,6928.38,2.60,0.07,0.08,122.0,0.0,12
2026-08-21T09:28:02Z,celmis-sandbox,0.02,38.0,3072.0,1.24,0.0,0.0,15.0,0.0,3
2026-08-21T09:28:02Z,celmis-qdrant,0.08,237.8,6928.38,3.43,0.01,0.01,71.3,0.0,25
2026-08-21T09:28:10Z,celmis-api,0.28,615.6,6928.38,8.88,14.2,14.0,315.0,1873.92,18
2026-08-21T09:28:10Z,celmis-postgres,0.77,77.92,6928.38,1.12,7.19,4.51,42.9,14.0,17
2026-08-21T09:28:10Z,celmis-web,0.00,180.2,6928.38,2.60,0.07,0.08,122.0,0.0,12
2026-08-21T09:28:10Z,celmis-sandbox,0.02,38.0,3072.0,1.24,0.0,0.0,15.0,0.0,3
2026-08-21T09:28:10Z,celmis-qdrant,0.07,238.0,6928.38,3.44,0.01,0.01,71.3,0.0,25
2026-08-21T09:28:18Z,celmis-api,0.63,615.5,6928.38,8.88,14.2,14.0,315.0,1873.92,18
2026-08-21T09:28:18Z,celmis-postgres,0.12,78.14,6928.38,1.13,7.2,4.51,42.9,14.0,17
2026-08-21T09:28:18Z,celmis-web,0.01,180.2,6928.38,2.60,0.07,0.08,122.0,0.0,12
2026-08-21T09:28:18Z,celmis-sandbox,0.02,38.0,3072.0,1.24,0.0,0.0,15.0,0.0,3
2026-08-21T09:28:18Z,celmis-qdrant,0.11,238.0,6928.38,3.43,0.01,0.01,71.3,0.0,25
2026-08-21T09:28:25Z,celmis-api,0.46,615.3,6928.38,8.88,14.2,14.0,315.0,1873.92,18
2026-08-21T09:28:25Z,celmis-postgres,0.00,78.34,6928.38,1.13,7.2,4.52,42.9,14.0,17
2026-08-21T09:28:25Z,celmis-web,0.01,180.4,6928.38,2.60,0.07,0.08,122.0,0.0,12
2026-08-21T09:28:25Z,celmis-sandbox,0.03,38.12,3072.0,1.24,0.0,0.0,15.0,0.0,3
2026-08-21T09:28:25Z,celmis-qdrant,1.30,238.1,6928.38,3.44,0.01,0.01,71.3,0.0,25
2026-08-21T09:28:32Z,celmis-api,0.81,622.0,6928.38,8.98,14.3,14.0,315.0,1894.4,13
2026-08-21T09:28:32Z,celmis-postgres,1.91,78.55,6928.38,1.13,7.2,4.52,42.9,14.0,17
2026-08-21T09:28:32Z,celmis-web,0.01,180.4,6928.38,2.60,0.07,0.08,122.0,0.0,12
2026-08-21T09:28:32Z,celmis-sandbox,0.02,38.12,3072.0,1.24,0.0,0.0,15.0,0.0,3
2026-08-21T09:28:32Z,celmis-qdrant,0.14,238.1,6928.38,3.44,0.01,0.01,71.3,0.0,25
2026-08-21T09:28:40Z,celmis-api,0.18,622.4,6928.38,8.98,14.3,14.0,315.0,1925.12,13
2026-08-21T09:28:40Z,celmis-postgres,0.11,78.07,6928.38,1.13,7.21,4.52,42.9,14.0,17
2026-08-21T09:28:40Z,celmis-web,0.00,180.2,6928.38,2.60,0.07,0.08,122.0,0.0,12
2026-08-21T09:28:40Z,celmis-sandbox,0.02,38.12,3072.0,1.24,0.0,0.0,15.0,0.0,3
2026-08-21T09:28:40Z,celmis-qdrant,0.06,238.0,6928.38,3.44,0.01,0.01,71.3,0.0,25
2026-08-21T09:28:48Z,celmis-api,49.23,623.0,6928.38,8.99,14.3,14.0,315.0,1955.84,13
2026-08-21T09:28:48Z,celmis-postgres,0.03,78.05,6928.38,1.13,7.21,4.53,42.9,14.0,17
2026-08-21T09:28:48Z,celmis-web,0.00,180.2,6928.38,2.60,0.07,0.08,122.0,0.0,12
2026-08-21T09:28:48Z,celmis-sandbox,0.02,38.12,3072.0,1.24,0.0,0.0,15.0,0.0,3
2026-08-21T09:28:48Z,celmis-qdrant,0.05,238.0,6928.38,3.44,0.01,0.01,71.3,0.0,25
2026-08-21T09:28:55Z,celmis-api,13.30,623.4,6928.38,9.00,14.3,14.0,315.0,1976.32,13
2026-08-21T09:28:55Z,celmis-postgres,0.04,78.16,6928.38,1.13,7.21,4.53,42.9,14.0,17
2026-08-21T09:28:55Z,celmis-web,0.01,180.0,6928.38,2.60,0.07,0.08,122.0,0.0,12
2026-08-21T09:28:55Z,celmis-sandbox,0.01,38.05,3072.0,1.24,0.0,0.0,15.0,0.0,3
2026-08-21T09:28:55Z,celmis-qdrant,0.04,238.0,6928.38,3.44,0.01,0.01,71.3,0.0,25
2026-08-21T09:29:02Z,celmis-api,6.35,624.1,6928.38,9.01,14.3,14.1,315.0,1996.8,13
2026-08-21T09:29:02Z,celmis-postgres,0.00,78.16,6928.38,1.13,7.22,4.53,42.9,14.0,17
2026-08-21T09:29:02Z,celmis-web,0.01,180.0,6928.38,2.60,0.07,0.08,122.0,0.0,12
2026-08-21T09:29:02Z,celmis-sandbox,0.03,38.05,3072.0,1.24,0.0,0.0,15.0,0.0,3
2026-08-21T09:29:02Z,celmis-qdrant,0.08,237.7,6928.38,3.43,0.01,0.01,71.3,0.0,25
2026-08-21T09:29:10Z,celmis-api,84.18,611.2,6928.38,8.82,14.5,14.1,315.0,1996.8,17
2026-08-21T09:29:10Z,celmis-postgres,0.23,76.73,6928.38,1.11,7.24,4.56,42.9,14.0,16
2026-08-21T09:29:10Z,celmis-web,0.01,180.2,6928.38,2.60,0.07,0.08,122.0,0.0,12
2026-08-21T09:29:10Z,celmis-sandbox,0.01,38.05,3072.0,1.24,0.0,0.0,15.0,0.0,3
2026-08-21T09:29:10Z,celmis-qdrant,0.67,237.8,6928.38,3.43,0.01,0.01,71.3,0.0,25
2026-08-21T09:29:18Z,celmis-api,0.39,616.7,6928.38,8.90,14.5,14.3,315.0,1996.8,17
2026-08-21T09:29:18Z,celmis-postgres,0.13,76.62,6928.38,1.11,7.25,4.56,42.9,14.0,16
2026-08-21T09:29:18Z,celmis-web,0.00,180.2,6928.38,2.60,0.07,0.08,122.0,0.0,12
2026-08-21T09:29:18Z,celmis-sandbox,0.03,38.05,3072.0,1.24,0.0,0.0,15.0,0.0,3
2026-08-21T09:29:18Z,celmis-qdrant,0.05,237.8,6928.38,3.43,0.01,0.01,71.3,0.0,25
2026-08-21T09:29:25Z,celmis-api,0.23,616.4,6928.38,8.90,14.5,14.3,315.0,1996.8,17
2026-08-21T09:29:25Z,celmis-postgres,0.02,76.11,6928.38,1.10,7.25,4.56,42.9,14.1,16
2026-08-21T09:29:25Z,celmis-web,0.02,180.2,6928.38,2.60,0.07,0.08,122.0,0.0,12
2026-08-21T09:29:25Z,celmis-sandbox,0.02,37.88,3072.0,1.23,0.0,0.0,15.0,0.0,3
2026-08-21T09:29:25Z,celmis-qdrant,0.07,237.8,6928.38,3.43,0.01,0.01,71.3,0.0,25
2026-08-21T09:29:32Z,celmis-api,0.38,616.4,6928.38,8.90,14.5,14.3,315.0,1996.8,17
2026-08-21T09:29:32Z,celmis-postgres,0.07,75.94,6928.38,1.10,7.25,4.57,42.9,14.1,16
2026-08-21T09:29:32Z,celmis-web,0.00,180.2,6928.38,2.60,0.07,0.08,122.0,0.0,12
2026-08-21T09:29:32Z,celmis-sandbox,0.02,37.88,3072.0,1.23,0.0,0.0,15.0,0.0,3
2026-08-21T09:29:32Z,celmis-qdrant,0.10,237.7,6928.38,3.43,0.01,0.01,71.3,0.0,25
2026-08-21T09:29:40Z,celmis-api,2.26,617.0,6928.38,8.91,14.5,14.3,315.0,1996.8,18
2026-08-21T09:29:40Z,celmis-postgres,0.14,77.93,6928.38,1.12,7.26,4.57,42.9,14.1,17
2026-08-21T09:29:40Z,celmis-web,0.02,179.8,6928.38,2.60,0.07,0.08,122.0,0.0,12
2026-08-21T09:29:40Z,celmis-sandbox,0.02,37.88,3072.0,1.23,0.0,0.0,15.0,0.0,3
2026-08-21T09:29:40Z,celmis-qdrant,0.10,237.9,6928.38,3.43,0.01,0.01,71.3,0.0,25
2026-08-21T09:29:48Z,celmis-api,0.39,617.6,6928.38,8.91,14.6,14.4,315.0,1996.8,18
2026-08-21T09:29:48Z,celmis-postgres,0.12,78.16,6928.38,1.13,7.26,4.57,42.9,14.1,17
2026-08-21T09:29:48Z,celmis-web,0.00,179.8,6928.38,2.60,0.07,0.08,122.0,0.0,12
2026-08-21T09:29:48Z,celmis-sandbox,0.02,37.88,3072.0,1.23,0.0,0.0,15.0,0.0,3
2026-08-21T09:29:48Z,celmis-qdrant,0.06,237.9,6928.38,3.43,0.01,0.01,71.3,0.0,25
2026-08-21T09:29:55Z,celmis-api,1.30,617.3,6928.38,8.91,14.6,14.4,315.0,1996.8,18
2026-08-21T09:29:55Z,celmis-postgres,0.00,78.19,6928.38,1.13,7.27,4.58,42.9,14.1,17
2026-08-21T09:29:55Z,celmis-web,0.01,180.1,6928.38,2.60,0.07,0.08,122.0,0.0,12
2026-08-21T09:29:55Z,celmis-sandbox,0.02,38.05,3072.0,1.24,0.0,0.0,15.0,0.0,3
2026-08-21T09:29:55Z,celmis-qdrant,0.90,238.1,6928.38,3.44,0.01,0.01,71.3,0.0,25
2026-08-21T09:30:02Z,celmis-api,0.59,617.3,6928.38,8.91,14.6,14.4,315.0,1996.8,18
2026-08-21T09:30:02Z,celmis-postgres,0.14,78.42,6928.38,1.13,7.27,4.58,42.9,14.1,17
2026-08-21T09:30:02Z,celmis-web,0.00,180.1,6928.38,2.60,0.07,0.08,122.0,0.0,12
2026-08-21T09:30:02Z,celmis-sandbox,0.02,38.05,3072.0,1.24,0.0,0.0,15.0,0.0,3
2026-08-21T09:30:02Z,celmis-qdrant,0.05,238.0,6928.38,3.44,0.01,0.01,71.3,0.0,25
2026-08-21T09:30:10Z,celmis-api,0.53,617.5,6928.38,8.91,14.6,14.4,315.0,1996.8,18
2026-08-21T09:30:10Z,celmis-postgres,0.78,77.98,6928.38,1.13,7.27,4.58,42.9,14.1,17
2026-08-21T09:30:10Z,celmis-web,0.02,180.3,6928.38,2.60,0.07,0.08,122.0,0.0,12
2026-08-21T09:30:10Z,celmis-sandbox,0.03,38.05,3072.0,1.24,0.0,0.0,15.0,0.0,3
2026-08-21T09:30:10Z,celmis-qdrant,0.09,237.9,6928.38,3.43,0.01,0.01,71.3,0.0,25
2026-08-21T09:30:18Z,celmis-api,0.50,617.5,6928.38,8.91,14.6,14.4,315.0,1996.8,18
2026-08-21T09:30:18Z,celmis-postgres,0.08,78.19,6928.38,1.13,7.27,4.58,42.9,14.1,17
2026-08-21T09:30:18Z,celmis-web,0.01,180.3,6928.38,2.60,0.07,0.08,122.0,0.0,12
2026-08-21T09:30:18Z,celmis-sandbox,0.03,38.05,3072.0,1.24,0.0,0.0,15.0,0.0,3
2026-08-21T09:30:18Z,celmis-qdrant,0.07,237.9,6928.38,3.43,0.01,0.01,71.3,0.0,25
2026-08-21T09:30:25Z,celmis-api,0.25,617.7,6928.38,8.91,14.6,14.4,315.0,1996.8,18
2026-08-21T09:30:25Z,celmis-postgres,1.75,78.19,6928.38,1.13,7.28,4.59,42.9,14.2,17
2026-08-21T09:30:25Z,celmis-web,0.02,179.9,6928.38,2.60,0.07,0.08,122.0,0.0,12
2026-08-21T09:30:25Z,celmis-sandbox,0.03,37.98,3072.0,1.24,0.0,0.0,15.0,0.0,3
2026-08-21T09:30:25Z,celmis-qdrant,1.35,237.9,6928.38,3.43,0.01,0.01,71.3,0.0,25
2026-08-21T09:30:32Z,celmis-api,0.47,619.9,6928.38,8.95,14.6,14.4,315.0,1996.8,13
2026-08-21T09:30:32Z,celmis-postgres,0.08,78.25,6928.38,1.13,7.28,4.59,42.9,14.2,17
2026-08-21T09:30:32Z,celmis-web,0.00,179.9,6928.38,2.60,0.07,0.08,122.0,0.0,12
2026-08-21T09:30:32Z,celmis-sandbox,0.02,37.98,3072.0,1.24,0.0,0.0,15.0,0.0,3
2026-08-21T09:30:32Z,celmis-qdrant,0.10,237.8,6928.38,3.43,0.01,0.01,71.3,0.0,25
2026-08-21T09:30:40Z,celmis-api,0.26,619.8,6928.38,8.95,14.6,14.4,315.0,1996.8,13
2026-08-21T09:30:40Z,celmis-postgres,0.00,78.25,6928.38,1.13,7.28,4.59,42.9,14.2,17
2026-08-21T09:30:40Z,celmis-web,0.02,180.0,6928.38,2.60,0.07,0.08,122.0,0.0,12
2026-08-21T09:30:40Z,celmis-sandbox,0.02,37.98,3072.0,1.24,0.0,0.0,15.0,0.0,3
2026-08-21T09:30:40Z,celmis-qdrant,0.09,237.8,6928.38,3.43,0.01,0.01,71.3,0.0,25
2026-08-21T09:30:48Z,celmis-api,57.69,738.8,6928.38,10.66,14.6,14.4,315.0,1996.8,30
2026-08-21T09:30:48Z,celmis-postgres,0.53,77.95,6928.38,1.12,7.28,4.59,42.9,14.2,17
2026-08-21T09:30:48Z,celmis-web,0.00,180.0,6928.38,2.60,0.07,0.08,122.0,0.0,12
2026-08-21T09:30:48Z,celmis-sandbox,0.02,37.98,3072.0,1.24,0.0,0.0,15.0,0.0,3
2026-08-21T09:30:48Z,celmis-qdrant,0.10,237.7,6928.38,3.43,0.01,0.01,71.3,0.0,25
2026-08-21T09:30:55Z,celmis-api,0.19,626.8,6928.38,9.05,14.6,14.4,315.0,2027.52,13
2026-08-21T09:30:55Z,celmis-postgres,1.66,78.13,6928.38,1.13,7.29,4.59,42.9,14.2,17
2026-08-21T09:30:55Z,celmis-web,0.01,180.0,6928.38,2.60,0.07,0.08,122.0,0.0,12
2026-08-21T09:30:55Z,celmis-sandbox,0.03,37.63,3072.0,1.22,0.0,0.0,15.0,0.0,3
2026-08-21T09:30:55Z,celmis-qdrant,1.23,237.9,6928.38,3.43,0.01,0.01,71.3,0.0,25
2026-08-21T09:31:03Z,celmis-api,0.41,627.6,6928.38,9.06,14.6,14.4,315.0,2058.24,13
2026-08-21T09:31:03Z,celmis-postgres,0.14,78.26,6928.38,1.13,7.29,4.6,42.9,14.2,17
2026-08-21T09:31:03Z,celmis-web,0.00,180.0,6928.38,2.60,0.07,0.08,122.0,0.0,12
2026-08-21T09:31:03Z,celmis-sandbox,0.02,37.63,3072.0,1.22,0.0,0.0,15.0,0.0,3
2026-08-21T09:31:03Z,celmis-qdrant,0.09,237.9,6928.38,3.43,0.01,0.01,71.3,0.0,25
2026-08-21T09:31:10Z,celmis-api,48.69,628.2,6928.38,9.07,14.6,14.4,315.0,2088.96,13
2026-08-21T09:31:10Z,celmis-postgres,0.23,78.11,6928.38,1.13,7.29,4.6,42.9,14.2,17
2026-08-21T09:31:10Z,celmis-web,0.00,180.1,6928.38,2.60,0.07,0.08,122.0,0.0,12
2026-08-21T09:31:10Z,celmis-sandbox,0.02,37.63,3072.0,1.22,0.0,0.0,15.0,0.0,3
2026-08-21T09:31:10Z,celmis-qdrant,1.23,238.1,6928.38,3.44,0.01,0.01,71.3,0.0,25
2026-08-21T09:31:18Z,celmis-api,0.52,628.1,6928.38,9.06,14.6,14.4,315.0,2099.2,13
2026-08-21T09:31:18Z,celmis-postgres,0.06,78.35,6928.38,1.13,7.29,4.6,42.9,14.2,17
2026-08-21T09:31:18Z,celmis-web,0.01,180.1,6928.38,2.60,0.07,0.08,122.0,0.0,12
2026-08-21T09:31:18Z,celmis-sandbox,0.03,37.63,3072.0,1.22,0.0,0.0,15.0,0.0,3
2026-08-21T09:31:18Z,celmis-qdrant,0.07,238.0,6928.38,3.43,0.01,0.01,71.3,0.0,25
2026-08-21T09:31:25Z,celmis-api,31.69,628.4,6928.38,9.07,14.6,14.4,315.0,2129.92,13
2026-08-21T09:31:25Z,celmis-postgres,0.02,78.35,6928.38,1.13,7.3,4.6,42.9,14.2,17
2026-08-21T09:31:25Z,celmis-web,0.00,180.0,6928.38,2.60,0.07,0.08,122.0,0.0,12
2026-08-21T09:31:25Z,celmis-sandbox,0.01,38.06,3072.0,1.24,0.0,0.0,15.0,0.0,3
2026-08-21T09:31:25Z,celmis-qdrant,0.64,238.2,6928.38,3.44,0.01,0.01,71.3,0.0,25
2026-08-21T09:31:32Z,celmis-api,0.44,628.8,6928.38,9.08,14.6,14.4,315.0,2150.4,13
2026-08-21T09:31:32Z,celmis-postgres,0.08,78.29,6928.38,1.13,7.3,4.6,42.9,14.2,17
2026-08-21T09:31:32Z,celmis-web,0.00,180.0,6928.38,2.60,0.07,0.08,122.0,0.0,12
2026-08-21T09:31:32Z,celmis-sandbox,0.02,38.06,3072.0,1.24,0.0,0.0,15.0,0.0,3
2026-08-21T09:31:32Z,celmis-qdrant,0.07,238.1,6928.38,3.44,0.01,0.01,71.3,0.0,25
2026-08-21T09:31:40Z,celmis-api,0.30,629.4,6928.38,9.08,14.6,14.4,315.0,2170.88,13
2026-08-21T09:31:40Z,celmis-postgres,0.00,78.15,6928.38,1.13,7.3,4.61,42.9,14.2,17
2026-08-21T09:31:40Z,celmis-web,0.02,180.1,6928.38,2.60,0.07,0.08,122.0,0.0,12
2026-08-21T09:31:40Z,celmis-sandbox,0.03,38.06,3072.0,1.24,0.0,0.0,15.0,0.0,3
2026-08-21T09:31:40Z,celmis-qdrant,0.05,238.1,6928.38,3.44,0.01,0.01,71.3,0.0,25
2026-08-21T09:31:48Z,celmis-api,0.48,629.9,6928.38,9.09,14.6,14.4,315.0,2201.6,13
2026-08-21T09:31:48Z,celmis-postgres,0.07,78.24,6928.38,1.13,7.3,4.61,42.9,14.2,17
2026-08-21T09:31:48Z,celmis-web,0.00,180.1,6928.38,2.60,0.07,0.08,122.0,0.0,12
2026-08-21T09:31:48Z,celmis-sandbox,0.03,38.06,3072.0,1.24,0.0,0.0,15.0,0.0,3
2026-08-21T09:31:48Z,celmis-qdrant,0.08,238.3,6928.38,3.44,0.01,0.01,71.3,0.0,25
2026-08-21T09:31:55Z,celmis-api,21.68,724.2,6928.38,10.45,14.6,14.4,315.0,2222.08,30
2026-08-21T09:31:55Z,celmis-postgres,0.00,78.04,6928.38,1.13,7.3,4.61,42.9,14.2,17
2026-08-21T09:31:55Z,celmis-web,0.02,180.1,6928.38,2.60,0.07,0.08,122.0,0.0,12
2026-08-21T09:31:55Z,celmis-sandbox,0.03,38.23,3072.0,1.24,0.0,0.0,15.0,0.0,3
2026-08-21T09:31:55Z,celmis-qdrant,1.34,237.9,6928.38,3.43,0.01,0.01,71.3,0.0,25
2026-08-21T09:32:02Z,celmis-api,0.94,630.3,6928.38,9.10,14.6,14.4,315.0,2252.8,13
2026-08-21T09:32:02Z,celmis-postgres,0.00,78.28,6928.38,1.13,7.31,4.61,42.9,14.2,17
2026-08-21T09:32:02Z,celmis-web,0.00,180.1,6928.38,2.60,0.07,0.08,122.0,0.0,12
2026-08-21T09:32:02Z,celmis-sandbox,0.03,38.23,3072.0,1.24,0.0,0.0,15.0,0.0,3
2026-08-21T09:32:02Z,celmis-qdrant,0.08,237.9,6928.38,3.43,0.01,0.01,71.3,0.0,25
2026-08-21T09:32:10Z,celmis-api,0.35,630.9,6928.38,9.11,14.6,14.4,315.0,2283.52,13
2026-08-21T09:32:10Z,celmis-postgres,0.68,77.94,6928.38,1.12,7.31,4.61,42.9,14.4,17
2026-08-21T09:32:10Z,celmis-web,0.02,179.8,6928.38,2.59,0.07,0.08,122.0,0.0,12
2026-08-21T09:32:10Z,celmis-sandbox,0.03,38.23,3072.0,1.24,0.0,0.0,15.0,0.0,3
2026-08-21T09:32:10Z,celmis-qdrant,0.05,237.9,6928.38,3.43,0.01,0.01,71.3,0.0,25
2026-08-21T09:32:18Z,celmis-api,49.18,631.7,6928.38,9.12,14.7,14.4,315.0,2314.24,13
2026-08-21T09:32:18Z,celmis-postgres,0.05,78.08,6928.38,1.13,7.31,4.62,42.9,14.4,17
2026-08-21T09:32:18Z,celmis-web,0.00,179.8,6928.38,2.59,0.07,0.08,122.0,0.0,12
2026-08-21T09:32:18Z,celmis-sandbox,0.02,38.23,3072.0,1.24,0.0,0.0,15.0,0.0,3
2026-08-21T09:32:18Z,celmis-qdrant,0.05,237.6,6928.38,3.43,0.01,0.01,71.3,0.0,25
2026-08-21T09:32:25Z,celmis-api,41.65,773.8,6928.38,11.17,14.7,14.4,315.0,2324.48,30
2026-08-21T09:32:25Z,celmis-postgres,1.76,78.08,6928.38,1.13,7.31,4.62,42.9,14.4,17
2026-08-21T09:32:25Z,celmis-web,0.01,180.0,6928.38,2.60,0.07,0.08,122.0,0.0,12
2026-08-21T09:32:25Z,celmis-sandbox,0.03,37.9,3072.0,1.23,0.0,0.0,15.0,0.0,3
2026-08-21T09:32:25Z,celmis-qdrant,0.10,237.6,6928.38,3.43,0.01,0.01,71.3,0.0,25
2026-08-21T09:32:32Z,celmis-api,24.96,734.4,6928.38,10.60,14.7,14.5,315.0,2355.2,30
2026-08-21T09:32:32Z,celmis-postgres,0.00,78.51,6928.38,1.13,7.31,4.62,42.9,14.4,17
2026-08-21T09:32:32Z,celmis-web,0.01,180.0,6928.38,2.60,0.07,0.08,122.0,0.0,12
2026-08-21T09:32:32Z,celmis-sandbox,0.03,37.9,3072.0,1.23,0.0,0.0,15.0,0.0,3
2026-08-21T09:32:32Z,celmis-qdrant,0.07,237.7,6928.38,3.43,0.01,0.01,71.3,0.0,25
2026-08-21T09:32:40Z,celmis-api,0.27,632.6,6928.38,9.13,14.7,14.5,315.0,2385.92,13
2026-08-21T09:32:40Z,celmis-postgres,1.65,78.13,6928.38,1.13,7.32,4.62,42.9,14.4,17
2026-08-21T09:32:40Z,celmis-web,0.02,179.8,6928.38,2.60,0.07,0.08,122.0,0.0,12
2026-08-21T09:32:40Z,celmis-sandbox,0.03,37.9,3072.0,1.23,0.0,0.0,15.0,0.0,3
2026-08-21T09:32:40Z,celmis-qdrant,0.06,237.7,6928.38,3.43,0.01,0.01,71.3,0.0,25
2026-08-21T09:32:47Z,celmis-api,0.32,632.5,6928.38,9.13,14.7,14.5,315.0,2396.16,13
2026-08-21T09:32:47Z,celmis-postgres,0.10,78.11,6928.38,1.13,7.32,4.62,42.9,14.4,17
2026-08-21T09:32:47Z,celmis-web,0.00,179.8,6928.38,2.60,0.07,0.08,122.0,0.0,12
2026-08-21T09:32:47Z,celmis-sandbox,0.02,37.9,3072.0,1.23,0.0,0.0,15.0,0.0,3
2026-08-21T09:32:47Z,celmis-qdrant,0.07,238.1,6928.38,3.44,0.01,0.01,71.3,0.0,25
2026-08-21T09:32:55Z,celmis-api,0.30,633.1,6928.38,9.14,14.7,14.5,315.0,2426.88,13
2026-08-21T09:32:55Z,celmis-postgres,1.65,78.2,6928.38,1.13,7.32,4.63,42.9,14.4,17
2026-08-21T09:32:55Z,celmis-web,0.00,180.1,6928.38,2.60,0.07,0.08,122.0,0.0,12
2026-08-21T09:32:55Z,celmis-sandbox,0.03,37.82,3072.0,1.23,0.0,0.0,15.0,0.0,3
2026-08-21T09:32:55Z,celmis-qdrant,1.18,238.0,6928.38,3.43,0.01,0.01,71.3,0.0,25
2026-08-21T09:33:02Z,celmis-api,50.04,633.8,6928.38,9.15,14.7,14.5,315.0,2457.6,13
2026-08-21T09:33:02Z,celmis-postgres,0.04,78.43,6928.38,1.13,7.32,4.63,42.9,14.4,17
2026-08-21T09:33:02Z,celmis-web,0.01,180.1,6928.38,2.60,0.07,0.08,122.0,0.0,12
2026-08-21T09:33:02Z,celmis-sandbox,0.02,37.82,3072.0,1.23,0.0,0.0,15.0,0.0,3
2026-08-21T09:33:02Z,celmis-qdrant,0.06,238.0,6928.38,3.43,0.01,0.01,71.3,0.0,25
2026-08-21T09:33:10Z,celmis-api,0.29,633.8,6928.38,9.15,14.7,14.5,315.0,2478.08,13
2026-08-21T09:33:10Z,celmis-postgres,2.34,77.82,6928.38,1.12,7.33,4.63,42.9,14.4,17
2026-08-21T09:33:10Z,celmis-web,0.02,180.1,6928.38,2.60,0.07,0.08,122.0,0.0,12
2026-08-21T09:33:10Z,celmis-sandbox,0.03,37.82,3072.0,1.23,0.0,0.0,15.0,0.0,3
2026-08-21T09:33:10Z,celmis-qdrant,0.08,238.0,6928.38,3.43,0.01,0.01,71.3,0.0,25
2026-08-21T09:33:18Z,celmis-api,0.32,634.5,6928.38,9.16,14.7,14.5,315.0,2498.56,13
2026-08-21T09:33:18Z,celmis-postgres,0.02,78.21,6928.38,1.13,7.33,4.63,42.9,14.4,17
2026-08-21T09:33:18Z,celmis-web,0.01,180.1,6928.38,2.60,0.07,0.08,122.0,0.0,12
2026-08-21T09:33:18Z,celmis-sandbox,0.02,37.82,3072.0,1.23,0.0,0.0,15.0,0.0,3
2026-08-21T09:33:18Z,celmis-qdrant,0.09,237.9,6928.38,3.43,0.01,0.01,71.3,0.0,25
2026-08-21T09:33:25Z,celmis-api,23.02,634.6,6928.38,9.16,14.7,14.5,315.0,2529.28,13
2026-08-21T09:33:25Z,celmis-postgres,0.03,78.18,6928.38,1.13,7.33,4.64,42.9,14.4,17
2026-08-21T09:33:25Z,celmis-web,0.02,180.2,6928.38,2.60,0.07,0.08,122.0,0.0,12
2026-08-21T09:33:25Z,celmis-sandbox,0.02,37.99,3072.0,1.24,0.0,0.0,15.0,0.0,3
2026-08-21T09:33:25Z,celmis-qdrant,0.94,237.9,6928.38,3.43,0.01,0.01,71.3,0.0,25
2026-08-21T09:33:32Z,celmis-api,0.52,635.0,6928.38,9.17,14.7,14.5,315.0,2549.76,13
2026-08-21T09:33:32Z,celmis-postgres,0.22,78.04,6928.38,1.13,7.34,4.64,42.9,14.4,17
2026-08-21T09:33:32Z,celmis-web,0.00,180.2,6928.38,2.60,0.07,0.08,122.0,0.0,12
2026-08-21T09:33:32Z,celmis-sandbox,0.04,37.99,3072.0,1.24,0.0,0.0,15.0,0.0,3
2026-08-21T09:33:32Z,celmis-qdrant,0.08,237.8,6928.38,3.43,0.01,0.01,71.3,0.0,25
2026-08-21T09:33:40Z,celmis-api,49.21,635.4,6928.38,9.17,14.7,14.5,315.0,2580.48,13
2026-08-21T09:33:40Z,celmis-postgres,0.74,78.25,6928.38,1.13,7.34,4.64,42.9,14.4,17
2026-08-21T09:33:40Z,celmis-web,0.01,180.3,6928.38,2.60,0.07,0.08,122.0,0.0,12
2026-08-21T09:33:40Z,celmis-sandbox,0.03,37.99,3072.0,1.24,0.0,0.0,15.0,0.0,3
2026-08-21T09:33:40Z,celmis-qdrant,0.57,238.0,6928.38,3.44,0.01,0.01,71.3,0.0,25
2026-08-21T09:33:48Z,celmis-api,0.29,635.9,6928.38,9.18,14.7,14.5,315.0,2590.72,13
2026-08-21T09:33:48Z,celmis-postgres,0.03,78.23,6928.38,1.13,7.34,4.64,42.9,14.4,17
2026-08-21T09:33:48Z,celmis-web,0.01,180.3,6928.38,2.60,0.07,0.08,122.0,0.0,12
2026-08-21T09:33:48Z,celmis-sandbox,0.03,37.99,3072.0,1.24,0.0,0.0,15.0,0.0,3
2026-08-21T09:33:48Z,celmis-qdrant,0.09,238.0,6928.38,3.43,0.01,0.01,71.3,0.0,25
2026-08-21T09:33:55Z,celmis-api,26.12,636.3,6928.38,9.18,14.7,14.5,315.0,2611.2,12
2026-08-21T09:33:55Z,celmis-postgres,1.70,78.12,6928.38,1.13,7.36,4.66,42.9,14.4,17
2026-08-21T09:33:55Z,celmis-web,0.01,180.3,6928.38,2.60,0.07,0.08,122.0,0.0,12
2026-08-21T09:33:55Z,celmis-sandbox,0.03,38.07,3072.0,1.24,0.0,0.0,15.0,0.0,3
2026-08-21T09:33:55Z,celmis-qdrant,0.06,238.0,6928.38,3.43,0.01,0.01,71.3,0.0,25
2026-08-21T09:34:02Z,celmis-api,0.48,618.1,6928.38,8.92,14.9,14.7,315.0,2611.2,17
2026-08-21T09:34:02Z,celmis-postgres,0.09,76.24,6928.38,1.10,7.38,4.68,42.9,14.4,16
2026-08-21T09:34:02Z,celmis-web,0.01,180.3,6928.38,2.60,0.07,0.08,122.0,0.0,12
2026-08-21T09:34:02Z,celmis-sandbox,0.03,38.07,3072.0,1.24,0.0,0.0,15.0,0.0,3
2026-08-21T09:34:02Z,celmis-qdrant,0.11,238.1,6928.38,3.44,0.01,0.01,71.3,0.0,25
2026-08-21T09:34:10Z,celmis-api,0.25,618.2,6928.38,8.92,14.9,14.7,315.0,2611.2,17
2026-08-21T09:34:10Z,celmis-postgres,1.80,76.37,6928.38,1.10,7.38,4.68,42.9,14.4,16
2026-08-21T09:34:10Z,celmis-web,0.02,180.5,6928.38,2.60,0.07,0.08,122.0,0.0,12
2026-08-21T09:34:10Z,celmis-sandbox,0.02,38.07,3072.0,1.24,0.0,0.0,15.0,0.0,3
2026-08-21T09:34:10Z,celmis-qdrant,0.06,238.1,6928.38,3.44,0.01,0.01,71.3,0.0,25
2026-08-21T09:34:18Z,celmis-api,2.30,618.4,6928.38,8.93,14.9,14.7,315.0,2611.2,17
2026-08-21T09:34:18Z,celmis-postgres,0.03,76.29,6928.38,1.10,7.38,4.68,42.9,14.5,16
2026-08-21T09:34:18Z,celmis-web,0.01,180.5,6928.38,2.60,0.07,0.08,122.0,0.0,12
2026-08-21T09:34:18Z,celmis-sandbox,0.02,38.07,3072.0,1.24,0.0,0.0,15.0,0.0,3
2026-08-21T09:34:18Z,celmis-qdrant,0.07,238.0,6928.38,3.44,0.01,0.01,71.3,0.0,25
2026-08-21T09:34:25Z,celmis-api,0.52,618.6,6928.38,8.93,14.9,14.7,315.0,2611.2,18
2026-08-21T09:34:25Z,celmis-postgres,0.03,78.23,6928.38,1.13,7.38,4.69,42.9,14.5,17
2026-08-21T09:34:25Z,celmis-web,0.02,180.0,6928.38,2.60,0.07,0.08,122.0,0.0,12
2026-08-21T09:34:25Z,celmis-sandbox,0.02,37.98,3072.0,1.24,0.0,0.0,15.0,0.0,3
2026-08-21T09:34:25Z,celmis-qdrant,1.28,238.2,6928.38,3.44,0.01,0.01,71.3,0.0,25
2026-08-21T09:34:32Z,celmis-api,0.39,618.9,6928.38,8.93,14.9,14.7,315.0,2611.2,18
2026-08-21T09:34:32Z,celmis-postgres,0.10,78.32,6928.38,1.13,7.39,4.69,42.9,14.5,17
2026-08-21T09:34:32Z,celmis-web,0.01,180.0,6928.38,2.60,0.07,0.08,122.0,0.0,12
2026-08-21T09:34:32Z,celmis-sandbox,0.02,37.98,3072.0,1.24,0.0,0.0,15.0,0.0,3
2026-08-21T09:34:32Z,celmis-qdrant,0.10,237.9,6928.38,3.43,0.01,0.01,71.3,0.0,25
2026-08-21T09:34:40Z,celmis-api,0.24,618.5,6928.38,8.93,14.9,14.8,315.0,2611.2,18
2026-08-21T09:34:40Z,celmis-postgres,1.60,78.32,6928.38,1.13,7.39,4.69,42.9,14.5,17
2026-08-21T09:34:40Z,celmis-web,0.00,180.1,6928.38,2.60,0.07,0.08,122.0,0.0,12
2026-08-21T09:34:40Z,celmis-sandbox,0.02,37.98,3072.0,1.24,0.0,0.0,15.0,0.0,3
2026-08-21T09:34:40Z,celmis-qdrant,1.28,238.0,6928.38,3.44,0.01,0.01,71.3,0.0,25
2026-08-21T09:34:48Z,celmis-api,0.21,618.6,6928.38,8.93,15.0,14.8,315.0,2611.2,13
2026-08-21T09:34:48Z,celmis-postgres,0.02,78.16,6928.38,1.13,7.4,4.69,42.9,14.5,17
2026-08-21T09:34:48Z,celmis-web,0.01,180.1,6928.38,2.60,0.07,0.08,122.0,0.0,12
2026-08-21T09:34:48Z,celmis-sandbox,0.03,37.98,3072.0,1.24,0.0,0.0,15.0,0.0,3
2026-08-21T09:34:48Z,celmis-qdrant,0.10,238.0,6928.38,3.44,0.01,0.01,71.3,0.0,25
2026-08-21T09:34:55Z,celmis-api,0.52,618.6,6928.38,8.93,15.0,14.8,315.0,2611.2,13
2026-08-21T09:34:55Z,celmis-postgres,0.00,78.5,6928.38,1.13,7.4,4.7,42.9,14.5,17
2026-08-21T09:34:55Z,celmis-web,0.01,180.0,6928.38,2.60,0.07,0.08,122.0,0.0,12
2026-08-21T09:34:55Z,celmis-sandbox,0.03,38.17,3072.0,1.24,0.0,0.0,15.0,0.0,3
2026-08-21T09:34:55Z,celmis-qdrant,1.20,238.5,6928.38,3.44,0.01,0.01,71.3,0.0,25
2026-08-21T09:35:02Z,celmis-api,0.64,618.6,6928.38,8.93,15.0,14.8,315.0,2611.2,13
2026-08-21T09:35:02Z,celmis-postgres,0.19,78.44,6928.38,1.13,7.4,4.7,42.9,14.6,17
2026-08-21T09:35:02Z,celmis-web,0.01,180.0,6928.38,2.60,0.07,0.08,122.0,0.0,12
2026-08-21T09:35:02Z,celmis-sandbox,0.07,38.17,3072.0,1.24,0.0,0.0,15.0,0.0,3
2026-08-21T09:35:02Z,celmis-qdrant,0.09,238.4,6928.38,3.44,0.01,0.01,71.3,0.0,25
2026-08-21T09:35:10Z,celmis-api,0.53,618.2,6928.38,8.92,15.0,14.8,315.0,2611.2,13
2026-08-21T09:35:10Z,celmis-postgres,2.07,78.29,6928.38,1.13,7.4,4.7,42.9,14.6,17
2026-08-21T09:35:10Z,celmis-web,0.03,180.1,6928.38,2.60,0.07,0.08,122.0,0.0,12
2026-08-21T09:35:10Z,celmis-sandbox,0.02,38.17,3072.0,1.24,0.0,0.0,15.0,0.0,3
2026-08-21T09:35:10Z,celmis-qdrant,1.45,238.0,6928.38,3.44,0.01,0.01,71.3,0.0,25
2026-08-21T09:35:18Z,celmis-api,0.31,625.3,6928.38,9.02,15.0,14.8,315.0,2621.44,13
2026-08-21T09:35:18Z,celmis-postgres,0.01,78.05,6928.38,1.13,7.41,4.7,42.9,14.6,17
2026-08-21T09:35:18Z,celmis-web,0.01,180.1,6928.38,2.60,0.07,0.08,122.0,0.0,12
2026-08-21T09:35:18Z,celmis-sandbox,0.04,38.17,3072.0,1.24,0.0,0.0,15.0,0.0,3
2026-08-21T09:35:18Z,celmis-qdrant,0.08,238.0,6928.38,3.44,0.01,0.01,71.3,0.0,25
2026-08-21T09:35:25Z,celmis-api,22.15,626.0,6928.38,9.03,15.0,14.8,315.0,2652.16,13
2026-08-21T09:35:25Z,celmis-postgres,0.24,78.28,6928.38,1.13,7.41,4.7,42.9,14.6,17
2026-08-21T09:35:25Z,celmis-web,0.00,180.2,6928.38,2.60,0.07,0.08,122.0,0.0,12
2026-08-21T09:35:25Z,celmis-sandbox,0.02,38.08,3072.0,1.24,0.0,0.0,15.0,0.0,3
2026-08-21T09:35:25Z,celmis-qdrant,1.34,238.0,6928.38,3.43,0.01,0.01,71.3,0.0,25
2026-08-21T09:35:32Z,celmis-api,13.26,626.6,6928.38,9.04,15.0,14.8,315.0,2682.88,13
2026-08-21T09:35:32Z,celmis-postgres,0.00,78.08,6928.38,1.13,7.41,4.71,42.9,14.6,17
2026-08-21T09:35:32Z,celmis-web,0.00,180.2,6928.38,2.60,0.07,0.08,122.0,0.0,12
2026-08-21T09:35:32Z,celmis-sandbox,0.02,38.08,3072.0,1.24,0.0,0.0,15.0,0.0,3
2026-08-21T09:35:32Z,celmis-qdrant,0.06,237.9,6928.38,3.43,0.01,0.01,71.3,0.0,25
2026-08-21T09:35:40Z,celmis-api,46.30,626.7,6928.38,9.04,15.0,14.8,315.0,2713.6,13
2026-08-21T09:35:40Z,celmis-postgres,0.00,78.06,6928.38,1.13,7.41,4.71,42.9,14.6,17
2026-08-21T09:35:40Z,celmis-web,0.01,180.1,6928.38,2.60,0.07,0.08,122.0,0.0,12
2026-08-21T09:35:40Z,celmis-sandbox,0.01,38.08,3072.0,1.24,0.0,0.0,15.0,0.0,3
2026-08-21T09:35:40Z,celmis-qdrant,0.07,237.9,6928.38,3.43,0.01,0.01,71.3,0.0,25
2026-08-21T09:35:48Z,celmis-api,0.36,627.1,6928.38,9.05,15.0,14.8,315.0,2723.84,13
2026-08-21T09:35:48Z,celmis-postgres,0.00,78.16,6928.38,1.13,7.41,4.71,42.9,14.6,17
2026-08-21T09:35:48Z,celmis-web,0.01,180.1,6928.38,2.60,0.07,0.08,122.0,0.0,12
2026-08-21T09:35:48Z,celmis-sandbox,0.03,38.08,3072.0,1.24,0.0,0.0,15.0,0.0,3
2026-08-21T09:35:48Z,celmis-qdrant,0.11,237.6,6928.38,3.43,0.01,0.01,71.3,0.0,25
2026-08-21T09:35:55Z,celmis-api,6.95,627.5,6928.38,9.06,15.0,14.8,315.0,2754.56,13
2026-08-21T09:35:55Z,celmis-postgres,0.13,77.87,6928.38,1.12,7.42,4.71,42.9,14.6,17
2026-08-21T09:35:55Z,celmis-web,0.00,180.0,6928.38,2.60,0.07,0.08,122.0,0.0,12
2026-08-21T09:35:55Z,celmis-sandbox,0.03,38.0,3072.0,1.24,0.0,0.0,15.0,0.0,3
2026-08-21T09:35:55Z,celmis-qdrant,1.14,237.5,6928.38,3.43,0.01,0.01,71.3,0.0,25
2026-08-21T09:36:02Z,celmis-api,39.63,627.8,6928.38,9.06,15.0,14.8,315.0,2785.28,13
2026-08-21T09:36:02Z,celmis-postgres,0.07,78.14,6928.38,1.13,7.42,4.71,42.9,14.6,17
2026-08-21T09:36:02Z,celmis-web,0.00,180.0,6928.38,2.60,0.07,0.08,122.0,0.0,12
2026-08-21T09:36:02Z,celmis-sandbox,0.03,38.0,3072.0,1.24,0.0,0.0,15.0,0.0,3
2026-08-21T09:36:02Z,celmis-qdrant,0.04,237.5,6928.38,3.43,0.01,0.01,71.3,0.0,25
2026-08-21T09:36:10Z,celmis-api,45.72,628.2,6928.38,9.07,15.0,14.8,315.0,2816.0,13
2026-08-21T09:36:10Z,celmis-postgres,0.10,78.13,6928.38,1.13,7.42,4.72,42.9,14.6,17
2026-08-21T09:36:10Z,celmis-web,0.00,180.0,6928.38,2.60,0.07,0.08,122.0,0.0,12
2026-08-21T09:36:10Z,celmis-sandbox,0.02,38.0,3072.0,1.24,0.0,0.0,15.0,0.0,3
2026-08-21T09:36:10Z,celmis-qdrant,0.55,237.7,6928.38,3.43,0.01,0.01,71.3,0.0,25
2026-08-21T09:36:18Z,celmis-api,0.32,628.5,6928.38,9.07,15.0,14.8,315.0,2836.48,13
2026-08-21T09:36:18Z,celmis-postgres,0.00,78.3,6928.38,1.13,7.42,4.72,42.9,14.6,17
2026-08-21T09:36:18Z,celmis-web,0.01,180.0,6928.38,2.60,0.07,0.08,122.0,0.0,12
2026-08-21T09:36:18Z,celmis-sandbox,0.04,38.0,3072.0,1.24,0.0,0.0,15.0,0.0,3
2026-08-21T09:36:18Z,celmis-qdrant,0.09,237.7,6928.38,3.43,0.01,0.01,71.3,0.0,25
2026-08-21T09:36:25Z,celmis-api,0.55,628.8,6928.38,9.07,15.0,14.8,315.0,2856.96,13
2026-08-21T09:36:25Z,celmis-postgres,0.11,78.18,6928.38,1.13,7.43,4.72,42.9,14.6,17
2026-08-21T09:36:25Z,celmis-web,0.00,180.1,6928.38,2.60,0.07,0.08,122.0,0.0,12
2026-08-21T09:36:25Z,celmis-sandbox,0.03,37.92,3072.0,1.23,0.0,0.0,15.0,0.0,3
2026-08-21T09:36:25Z,celmis-qdrant,0.07,237.7,6928.38,3.43,0.01,0.01,71.3,0.0,25
2026-08-21T09:36:32Z,celmis-api,36.72,458.3,6928.38,6.61,15.1,14.8,315.0,2856.96,12
2026-08-21T09:36:32Z,celmis-postgres,0.74,72.78,6928.38,1.05,7.44,4.74,42.9,14.6,14
2026-08-21T09:36:32Z,celmis-web,0.01,180.1,6928.38,2.60,0.07,0.08,122.0,0.0,12
2026-08-21T09:36:32Z,celmis-sandbox,0.02,37.92,3072.0,1.23,0.0,0.0,15.0,0.0,3
2026-08-21T09:36:32Z,celmis-qdrant,0.06,237.8,6928.38,3.43,0.01,0.01,71.3,0.0,25
2026-08-21T09:36:40Z,celmis-api,0.26,614.9,6928.38,8.87,15.2,14.9,315.0,2867.2,17
2026-08-21T09:36:40Z,celmis-postgres,0.00,76.45,6928.38,1.10,7.46,4.75,42.9,14.6,16
2026-08-21T09:36:40Z,celmis-web,0.00,180.0,6928.38,2.60,0.07,0.08,122.0,0.0,12
2026-08-21T09:36:40Z,celmis-sandbox,0.02,37.92,3072.0,1.23,0.0,0.0,15.0,0.0,3
2026-08-21T09:36:40Z,celmis-qdrant,0.07,237.8,6928.38,3.43,0.01,0.01,71.3,0.0,25
2026-08-21T09:36:48Z,celmis-api,0.25,614.9,6928.38,8.87,15.2,14.9,315.0,2867.2,17
2026-08-21T09:36:48Z,celmis-postgres,0.00,76.22,6928.38,1.10,7.46,4.76,42.9,14.6,16
2026-08-21T09:36:48Z,celmis-web,0.00,180.0,6928.38,2.60,0.07,0.08,122.0,0.0,12
2026-08-21T09:36:48Z,celmis-sandbox,0.03,37.92,3072.0,1.23,0.0,0.0,15.0,0.0,3
2026-08-21T09:36:48Z,celmis-qdrant,0.09,238.0,6928.38,3.43,0.01,0.01,71.3,0.0,25
2026-08-21T09:36:55Z,celmis-api,0.50,615.3,6928.38,8.88,15.2,14.9,315.0,2867.2,18
2026-08-21T09:36:55Z,celmis-postgres,0.11,78.03,6928.38,1.13,7.47,4.76,42.9,14.6,17
2026-08-21T09:36:55Z,celmis-web,0.01,180.3,6928.38,2.60,0.07,0.08,122.0,0.0,12
2026-08-21T09:36:55Z,celmis-sandbox,0.03,38.09,3072.0,1.24,0.0,0.0,15.0,0.0,3
2026-08-21T09:36:55Z,celmis-qdrant,0.09,238.0,6928.38,3.43,0.01,0.01,71.3,0.0,25
2026-08-21T09:37:02Z,celmis-api,0.25,615.3,6928.38,8.88,15.2,14.9,315.0,2867.2,18
2026-08-21T09:37:02Z,celmis-postgres,0.16,78.04,6928.38,1.13,7.47,4.76,42.9,14.7,17
2026-08-21T09:37:02Z,celmis-web,0.01,180.3,6928.38,2.60,0.07,0.08,122.0,0.0,12
2026-08-21T09:37:02Z,celmis-sandbox,0.03,38.09,3072.0,1.24,0.0,0.0,15.0,0.0,3
2026-08-21T09:37:02Z,celmis-qdrant,0.08,237.9,6928.38,3.43,0.01,0.01,71.3,0.0,25
2026-08-21T09:37:10Z,celmis-api,0.50,615.5,6928.38,8.88,15.2,15.0,315.0,2867.2,18
2026-08-21T09:37:10Z,celmis-postgres,1.40,78.08,6928.38,1.13,7.47,4.76,42.9,14.8,17
2026-08-21T09:37:10Z,celmis-web,0.01,180.2,6928.38,2.60,0.07,0.08,122.0,0.0,12
2026-08-21T09:37:10Z,celmis-sandbox,0.02,38.09,3072.0,1.24,0.0,0.0,15.0,0.0,3
2026-08-21T09:37:10Z,celmis-qdrant,0.09,237.9,6928.38,3.43,0.01,0.01,71.3,0.0,25
2026-08-21T09:37:18Z,celmis-api,0.20,615.7,6928.38,8.89,15.3,15.0,315.0,2867.2,18
2026-08-21T09:37:18Z,celmis-postgres,0.03,78.06,6928.38,1.13,7.48,4.77,42.9,14.9,17
2026-08-21T09:37:18Z,celmis-web,0.00,180.2,6928.38,2.60,0.07,0.08,122.0,0.0,12
2026-08-21T09:37:18Z,celmis-sandbox,0.02,38.09,3072.0,1.24,0.0,0.0,15.0,0.0,3
2026-08-21T09:37:18Z,celmis-qdrant,0.08,237.8,6928.38,3.43,0.01,0.01,71.3,0.0,25
2026-08-21T09:37:25Z,celmis-api,0.53,615.6,6928.38,8.89,15.3,15.0,315.0,2867.2,18
2026-08-21T09:37:25Z,celmis-postgres,0.00,78.5,6928.38,1.13,7.48,4.77,42.9,14.9,17
2026-08-21T09:37:25Z,celmis-web,0.00,180.3,6928.38,2.60,0.07,0.08,122.0,0.0,12
2026-08-21T09:37:25Z,celmis-sandbox,0.03,38.54,3072.0,1.25,0.0,0.0,15.0,0.0,3
2026-08-21T09:37:25Z,celmis-qdrant,0.08,237.8,6928.38,3.43,0.01,0.01,71.3,0.0,25
2026-08-21T09:37:32Z,celmis-api,0.35,615.6,6928.38,8.89,15.3,15.0,315.0,2867.2,18
2026-08-21T09:37:32Z,celmis-postgres,1.72,78.02,6928.38,1.13,7.48,4.77,42.9,14.9,17
2026-08-21T09:37:32Z,celmis-web,0.01,180.3,6928.38,2.60,0.07,0.08,122.0,0.0,12
2026-08-21T09:37:32Z,celmis-sandbox,0.02,38.51,3072.0,1.25,0.0,0.0,15.0,0.0,3
2026-08-21T09:37:32Z,celmis-qdrant,0.09,237.7,6928.38,3.43,0.01,0.01,71.3,0.0,25
2026-08-21T09:37:40Z,celmis-api,0.19,615.8,6928.38,8.89,15.3,15.0,315.0,2867.2,18
2026-08-21T09:37:40Z,celmis-postgres,0.02,77.99,6928.38,1.13,7.48,4.77,42.9,14.9,17
2026-08-21T09:37:40Z,celmis-web,0.00,180.1,6928.38,2.60,0.07,0.08,122.0,0.0,12
2026-08-21T09:37:40Z,celmis-sandbox,0.02,38.51,3072.0,1.25,0.0,0.0,15.0,0.0,3
2026-08-21T09:37:40Z,celmis-qdrant,1.16,237.9,6928.38,3.43,0.01,0.01,71.3,0.0,25
2026-08-21T09:37:48Z,celmis-api,0.29,615.8,6928.38,8.89,15.3,15.0,315.0,2867.2,18
2026-08-21T09:37:48Z,celmis-postgres,0.00,78.41,6928.38,1.13,7.48,4.78,42.9,14.9,17
2026-08-21T09:37:48Z,celmis-web,0.00,180.1,6928.38,2.60,0.07,0.08,122.0,0.0,12
2026-08-21T09:37:48Z,celmis-sandbox,0.02,38.51,3072.0,1.25,0.0,0.0,15.0,0.0,3
2026-08-21T09:37:48Z,celmis-qdrant,0.08,237.9,6928.38,3.43,0.01,0.01,71.3,0.0,25
2026-08-21T09:37:55Z,celmis-api,0.15,615.4,6928.38,8.88,15.3,15.0,315.0,2867.2,13
2026-08-21T09:37:55Z,celmis-postgres,0.13,78.23,6928.38,1.13,7.49,4.78,42.9,14.9,17
2026-08-21T09:37:55Z,celmis-web,0.00,180.1,6928.38,2.60,0.07,0.08,122.0,0.0,12
2026-08-21T09:37:55Z,celmis-sandbox,0.03,38.18,3072.0,1.24,0.0,0.0,15.0,0.0,3
2026-08-21T09:37:55Z,celmis-qdrant,0.10,237.9,6928.38,3.43,0.01,0.01,71.3,0.0,25
2026-08-21T09:38:02Z,celmis-api,0.14,615.4,6928.38,8.88,15.3,15.0,315.0,2867.2,13
2026-08-21T09:38:02Z,celmis-postgres,0.02,78.21,6928.38,1.13,7.49,4.78,42.9,14.9,17
2026-08-21T09:38:02Z,celmis-web,0.01,180.1,6928.38,2.60,0.07,0.08,122.0,0.0,12
2026-08-21T09:38:02Z,celmis-sandbox,0.02,38.18,3072.0,1.24,0.0,0.0,15.0,0.0,3
2026-08-21T09:38:02Z,celmis-qdrant,0.07,238.0,6928.38,3.44,0.01,0.01,71.3,0.0,25
2026-08-21T09:38:10Z,celmis-api,0.38,622.3,6928.38,8.98,15.3,15.0,315.0,2877.44,13
2026-08-21T09:38:10Z,celmis-postgres,0.88,78.02,6928.38,1.13,7.5,4.79,42.9,14.9,17
2026-08-21T09:38:10Z,celmis-web,0.00,179.9,6928.38,2.60,0.07,0.08,122.0,0.0,12
2026-08-21T09:38:10Z,celmis-sandbox,0.02,38.18,3072.0,1.24,0.0,0.0,15.0,0.0,3
2026-08-21T09:38:10Z,celmis-qdrant,1.04,238.0,6928.38,3.43,0.01,0.01,71.3,0.0,25
2026-08-21T09:38:18Z,celmis-api,11.82,692.7,6928.38,10.00,15.3,15.0,315.0,2887.68,30
2026-08-21T09:38:18Z,celmis-postgres,1.69,78.21,6928.38,1.13,7.5,4.79,42.9,14.9,17
2026-08-21T09:38:18Z,celmis-web,0.00,179.9,6928.38,2.60,0.07,0.08,122.0,0.0,12
2026-08-21T09:38:18Z,celmis-sandbox,0.02,38.18,3072.0,1.24,0.0,0.0,15.0,0.0,3
2026-08-21T09:38:18Z,celmis-qdrant,0.10,237.9,6928.38,3.43,0.01,0.01,71.3,0.0,25
2026-08-21T09:38:25Z,celmis-api,0.81,623.2,6928.38,8.99,15.4,15.1,315.0,2908.16,13
2026-08-21T09:38:25Z,celmis-postgres,0.07,78.11,6928.38,1.13,7.54,4.83,42.9,14.9,17
2026-08-21T09:38:25Z,celmis-web,0.01,180.0,6928.38,2.60,0.07,0.08,122.0,0.0,12
2026-08-21T09:38:25Z,celmis-sandbox,0.03,38.57,3072.0,1.26,0.0,0.0,15.0,0.0,3
2026-08-21T09:38:25Z,celmis-qdrant,0.10,237.9,6928.38,3.43,0.01,0.01,71.3,0.0,25
2026-08-21T09:38:32Z,celmis-api,0.23,364.5,6928.38,5.26,15.4,15.1,315.0,2908.16,11
2026-08-21T09:38:32Z,celmis-postgres,0.04,72.88,6928.38,1.05,7.54,4.83,42.9,15.0,14
2026-08-21T09:38:32Z,celmis-web,0.01,180.0,6928.38,2.60,0.07,0.08,122.0,0.0,12
2026-08-21T09:38:32Z,celmis-sandbox,0.03,38.57,3072.0,1.26,0.0,0.0,15.0,0.0,3
2026-08-21T09:38:32Z,celmis-qdrant,0.11,237.8,6928.38,3.43,0.01,0.01,71.3,0.0,25
2026-08-21T09:38:40Z,celmis-api,0.52,364.5,6928.38,5.26,15.4,15.1,315.0,2908.16,11
2026-08-21T09:38:40Z,celmis-postgres,0.03,73.05,6928.38,1.05,7.54,4.83,42.9,15.0,14
2026-08-21T09:38:40Z,celmis-web,0.00,180.0,6928.38,2.60,0.07,0.08,122.0,0.0,12
2026-08-21T09:38:40Z,celmis-sandbox,0.03,38.57,3072.0,1.26,0.0,0.0,15.0,0.0,3
2026-08-21T09:38:40Z,celmis-qdrant,0.08,237.8,6928.38,3.43,0.01,0.01,71.3,0.0,25
2026-08-21T09:38:48Z,celmis-api,0.16,364.5,6928.38,5.26,15.4,15.1,315.0,2908.16,11
2026-08-21T09:38:48Z,celmis-postgres,0.98,72.61,6928.38,1.05,7.55,4.84,42.9,15.0,14
2026-08-21T09:38:48Z,celmis-web,0.00,180.0,6928.38,2.60,0.07,0.08,122.0,0.0,12
2026-08-21T09:38:48Z,celmis-sandbox,0.02,38.57,3072.0,1.26,0.0,0.0,15.0,0.0,3
2026-08-21T09:38:48Z,celmis-qdrant,0.11,237.7,6928.38,3.43,0.01,0.01,71.3,0.0,25
2026-08-21T09:38:55Z,celmis-api,0.25,364.4,6928.38,5.26,15.4,15.1,315.0,2908.16,11
2026-08-21T09:38:55Z,celmis-postgres,0.11,72.58,6928.38,1.05,7.55,4.84,42.9,15.0,14
2026-08-21T09:38:55Z,celmis-web,0.00,180.2,6928.38,2.60,0.07,0.08,122.0,0.0,12
2026-08-21T09:38:55Z,celmis-sandbox,0.03,38.24,3072.0,1.24,0.0,0.0,15.0,0.0,3
2026-08-21T09:38:55Z,celmis-qdrant,0.07,237.7,6928.38,3.43,0.01,0.01,71.3,0.0,25
2026-08-21T09:39:02Z,celmis-api,0.22,364.4,6928.38,5.26,15.4,15.1,315.0,2908.16,11
2026-08-21T09:39:02Z,celmis-postgres,0.04,72.42,6928.38,1.05,7.55,4.84,42.9,15.0,14
2026-08-21T09:39:02Z,celmis-web,0.01,180.2,6928.38,2.60,0.07,0.08,122.0,0.0,12
2026-08-21T09:39:02Z,celmis-sandbox,0.03,38.24,3072.0,1.24,0.0,0.0,15.0,0.0,3
2026-08-21T09:39:02Z,celmis-qdrant,0.07,237.8,6928.38,3.43,0.01,0.01,71.3,0.0,25
2026-08-21T09:39:10Z,celmis-api,0.33,364.4,6928.38,5.26,15.4,15.1,315.0,2908.16,11
2026-08-21T09:39:10Z,celmis-postgres,0.51,72.93,6928.38,1.05,7.55,4.84,42.9,15.0,14
2026-08-21T09:39:10Z,celmis-web,0.01,180.1,6928.38,2.60,0.07,0.08,122.0,0.0,12
2026-08-21T09:39:10Z,celmis-sandbox,0.02,38.24,3072.0,1.24,0.0,0.0,15.0,0.0,3
2026-08-21T09:39:10Z,celmis-qdrant,0.06,237.8,6928.38,3.43,0.01,0.01,71.3,0.0,25
2026-08-21T09:39:18Z,celmis-api,0.27,364.3,6928.38,5.26,15.4,15.1,315.0,2908.16,11
2026-08-21T09:39:18Z,celmis-postgres,1.68,72.84,6928.38,1.05,7.56,4.84,42.9,15.0,14
2026-08-21T09:39:18Z,celmis-web,0.01,180.1,6928.38,2.60,0.07,0.08,122.0,0.0,12
2026-08-21T09:39:18Z,celmis-sandbox,0.02,38.24,3072.0,1.24,0.0,0.0,15.0,0.0,3
2026-08-21T09:39:18Z,celmis-qdrant,0.13,238.0,6928.38,3.43,0.01,0.01,71.3,0.0,25
2026-08-21T09:39:25Z,celmis-api,0.32,364.5,6928.38,5.26,15.4,15.1,315.0,2908.16,11
2026-08-21T09:39:25Z,celmis-postgres,0.08,72.64,6928.38,1.05,7.56,4.85,42.9,15.0,14
2026-08-21T09:39:25Z,celmis-web,0.00,180.1,6928.38,2.60,0.07,0.08,122.0,0.0,12
2026-08-21T09:39:25Z,celmis-sandbox,0.02,38.68,3072.0,1.26,0.0,0.0,15.0,0.0,3
2026-08-21T09:39:25Z,celmis-qdrant,0.06,238.0,6928.38,3.43,0.01,0.01,71.3,0.0,25
2026-08-21T09:39:32Z,celmis-api,0.20,364.5,6928.38,5.26,15.4,15.1,315.0,2908.16,11
2026-08-21T09:39:32Z,celmis-postgres,0.03,73.11,6928.38,1.06,7.56,4.85,42.9,15.0,14
2026-08-21T09:39:32Z,celmis-web,0.01,180.1,6928.38,2.60,0.07,0.08,122.0,0.0,12
2026-08-21T09:39:32Z,celmis-sandbox,0.05,38.68,3072.0,1.26,0.0,0.0,15.0,0.0,3
2026-08-21T09:39:32Z,celmis-qdrant,0.07,237.9,6928.38,3.43,0.01,0.01,71.3,0.0,25
2026-08-21T09:39:40Z,celmis-api,0.29,364.5,6928.38,5.26,15.4,15.1,315.0,2908.16,11
2026-08-21T09:39:40Z,celmis-postgres,0.00,72.77,6928.38,1.05,7.56,4.85,42.9,15.0,14
2026-08-21T09:39:40Z,celmis-web,0.01,180.1,6928.38,2.60,0.07,0.08,122.0,0.0,12
2026-08-21T09:39:40Z,celmis-sandbox,0.03,38.68,3072.0,1.26,0.0,0.0,15.0,0.0,3
2026-08-21T09:39:40Z,celmis-qdrant,0.07,237.9,6928.38,3.43,0.01,0.01,71.3,0.0,25
2026-08-21T09:39:48Z,celmis-api,0.26,364.7,6928.38,5.26,15.4,15.1,315.0,2908.16,11
2026-08-21T09:39:48Z,celmis-postgres,1.82,72.88,6928.38,1.05,7.57,4.85,42.9,15.0,14
2026-08-21T09:39:48Z,celmis-web,0.01,180.1,6928.38,2.60,0.07,0.08,122.0,0.0,12
2026-08-21T09:39:48Z,celmis-sandbox,0.03,38.68,3072.0,1.26,0.0,0.0,15.0,0.0,3
2026-08-21T09:39:48Z,celmis-qdrant,0.08,237.8,6928.38,3.43,0.01,0.01,71.3,0.0,25
2026-08-21T09:39:55Z,celmis-api,0.49,364.7,6928.38,5.26,15.4,15.1,315.0,2908.16,11
2026-08-21T09:39:55Z,celmis-postgres,0.08,72.77,6928.38,1.05,7.57,4.85,42.9,15.0,14
2026-08-21T09:39:55Z,celmis-web,0.01,180.4,6928.38,2.60,0.07,0.08,122.0,0.0,12
2026-08-21T09:39:55Z,celmis-sandbox,0.03,38.59,3072.0,1.26,0.0,0.0,15.0,0.0,3
2026-08-21T09:39:55Z,celmis-qdrant,0.07,237.8,6928.38,3.43,0.01,0.01,71.3,0.0,25
2026-08-21T09:40:02Z,celmis-api,0.22,364.7,6928.38,5.26,15.4,15.1,315.0,2908.16,11
2026-08-21T09:40:02Z,celmis-postgres,1.72,72.64,6928.38,1.05,7.57,4.86,42.9,15.0,14
2026-08-21T09:40:02Z,celmis-web,0.00,180.4,6928.38,2.60,0.07,0.08,122.0,0.0,12
2026-08-21T09:40:02Z,celmis-sandbox,0.03,38.59,3072.0,1.26,0.0,0.0,15.0,0.0,3
2026-08-21T09:40:02Z,celmis-qdrant,0.07,237.7,6928.38,3.43,0.01,0.01,71.3,0.0,25
2026-08-21T09:40:10Z,celmis-api,0.29,364.4,6928.38,5.26,15.4,15.1,315.0,2908.16,11
2026-08-21T09:40:10Z,celmis-postgres,0.81,72.67,6928.38,1.05,7.57,4.86,42.9,15.0,14
2026-08-21T09:40:10Z,celmis-web,0.01,181.1,6928.38,2.61,0.07,0.08,122.0,0.0,12
2026-08-21T09:40:10Z,celmis-sandbox,0.03,38.59,3072.0,1.26,0.0,0.0,15.0,0.0,3
2026-08-21T09:40:10Z,celmis-qdrant,0.10,237.7,6928.38,3.43,0.01,0.01,71.3,0.0,25
2026-08-21T09:40:18Z,celmis-api,0.25,364.7,6928.38,5.26,15.4,15.1,315.0,2908.16,11
2026-08-21T09:40:18Z,celmis-postgres,1.59,72.89,6928.38,1.05,7.57,4.86,42.9,15.1,14
2026-08-21T09:40:18Z,celmis-web,0.01,181.1,6928.38,2.61,0.07,0.08,122.0,0.0,12
2026-08-21T09:40:18Z,celmis-sandbox,0.03,38.59,3072.0,1.26,0.0,0.0,15.0,0.0,3
2026-08-21T09:40:18Z,celmis-qdrant,0.08,237.8,6928.38,3.43,0.01,0.01,71.3,0.0,25
2026-08-21T09:40:25Z,celmis-api,0.56,364.4,6928.38,5.26,15.4,15.1,315.0,2908.16,11
2026-08-21T09:40:25Z,celmis-postgres,0.00,72.57,6928.38,1.05,7.58,4.86,42.9,15.1,14
2026-08-21T09:40:25Z,celmis-web,0.01,181.0,6928.38,2.61,0.07,0.08,122.0,0.0,12
2026-08-21T09:40:25Z,celmis-sandbox,0.03,38.61,3072.0,1.26,0.0,0.0,15.0,0.0,3
2026-08-21T09:40:25Z,celmis-qdrant,0.07,237.8,6928.38,3.43,0.01,0.01,71.3,0.0,25
2026-08-21T09:40:32Z,celmis-api,0.29,364.4,6928.38,5.26,15.4,15.1,315.0,2908.16,11
2026-08-21T09:40:32Z,celmis-postgres,0.00,72.67,6928.38,1.05,7.58,4.86,42.9,15.1,14
2026-08-21T09:40:32Z,celmis-web,0.00,181.0,6928.38,2.61,0.07,0.08,122.0,0.0,12
2026-08-21T09:40:32Z,celmis-sandbox,0.03,38.52,3072.0,1.25,0.0,0.0,15.0,0.0,3
2026-08-21T09:40:32Z,celmis-qdrant,0.08,237.5,6928.38,3.43,0.01,0.01,71.3,0.0,25
2026-08-21T09:40:39Z,celmis-api,0.25,364.6,6928.38,5.26,15.4,15.1,315.0,2908.16,11
2026-08-21T09:40:39Z,celmis-postgres,1.75,72.95,6928.38,1.05,7.58,4.86,42.9,15.1,14
2026-08-21T09:40:39Z,celmis-web,0.01,181.0,6928.38,2.61,0.07,0.08,122.0,0.0,12
2026-08-21T09:40:39Z,celmis-sandbox,0.03,38.52,3072.0,1.25,0.0,0.0,15.0,0.0,3
2026-08-21T09:40:39Z,celmis-qdrant,0.08,237.5,6928.38,3.43,0.01,0.01,71.3,0.0,25
2026-08-21T09:40:47Z,celmis-api,0.26,364.6,6928.38,5.26,15.4,15.1,315.0,2908.16,11
2026-08-21T09:40:47Z,celmis-postgres,0.03,72.77,6928.38,1.05,7.58,4.87,42.9,15.1,14
2026-08-21T09:40:47Z,celmis-web,0.01,181.0,6928.38,2.61,0.07,0.08,122.0,0.0,12
2026-08-21T09:40:47Z,celmis-sandbox,0.03,38.52,3072.0,1.25,0.0,0.0,15.0,0.0,3
2026-08-21T09:40:47Z,celmis-qdrant,0.08,237.9,6928.38,3.43,0.01,0.01,71.3,0.0,25
2026-08-21T09:40:54Z,celmis-api,0.49,364.5,6928.38,5.26,15.4,15.1,315.0,2908.16,11
2026-08-21T09:40:54Z,celmis-postgres,0.01,72.9,6928.38,1.05,7.58,4.87,42.9,15.1,14
2026-08-21T09:40:54Z,celmis-web,0.02,180.9,6928.38,2.61,0.07,0.08,122.0,0.0,12
2026-08-21T09:40:54Z,celmis-sandbox,0.02,38.52,3072.0,1.25,0.0,0.0,15.0,0.0,3
2026-08-21T09:40:54Z,celmis-qdrant,0.08,237.9,6928.38,3.43,0.01,0.01,71.3,0.0,25
2026-08-21T09:41:01Z,celmis-api,0.26,364.5,6928.38,5.26,15.4,15.1,315.0,2908.16,11
2026-08-21T09:41:01Z,celmis-postgres,0.00,72.89,6928.38,1.05,7.59,4.87,42.9,15.1,14
2026-08-21T09:41:01Z,celmis-web,0.00,180.9,6928.38,2.61,0.07,0.08,122.0,0.0,12
2026-08-21T09:41:01Z,celmis-sandbox,0.02,38.43,3072.0,1.25,0.0,0.0,15.0,0.0,3
2026-08-21T09:41:01Z,celmis-qdrant,0.07,238.0,6928.38,3.44,0.01,0.01,71.3,0.0,25
2026-08-21T09:41:09Z,celmis-api,0.58,364.4,6928.38,5.26,15.4,15.1,315.0,2908.16,11
2026-08-21T09:41:09Z,celmis-postgres,0.00,72.6,6928.38,1.05,7.59,4.87,42.9,15.1,14
2026-08-21T09:41:09Z,celmis-web,0.01,180.9,6928.38,2.61,0.07,0.08,122.0,0.0,12
2026-08-21T09:41:09Z,celmis-sandbox,0.03,38.43,3072.0,1.25,0.0,0.0,15.0,0.0,3
2026-08-21T09:41:09Z,celmis-qdrant,0.08,238.0,6928.38,3.44,0.01,0.01,71.3,0.0,25
2026-08-21T09:41:17Z,celmis-api,0.23,364.4,6928.38,5.26,15.4,15.1,315.0,2908.16,11
2026-08-21T09:41:17Z,celmis-postgres,0.04,72.45,6928.38,1.05,7.59,4.88,42.9,15.1,14
2026-08-21T09:41:17Z,celmis-web,0.00,180.9,6928.38,2.61,0.07,0.08,122.0,0.0,12
2026-08-21T09:41:17Z,celmis-sandbox,0.03,38.43,3072.0,1.25,0.0,0.0,15.0,0.0,3
2026-08-21T09:41:17Z,celmis-qdrant,0.11,237.7,6928.38,3.43,0.01,0.01,71.3,0.0,25
2026-08-21T09:41:24Z,celmis-api,0.21,364.4,6928.38,5.26,15.4,15.1,315.0,2908.16,11
2026-08-21T09:41:24Z,celmis-postgres,0.03,72.93,6928.38,1.05,7.59,4.88,42.9,15.1,14
2026-08-21T09:41:24Z,celmis-web,0.01,180.9,6928.38,2.61,0.07,0.08,122.0,0.0,12
2026-08-21T09:41:24Z,celmis-sandbox,13.80,38.71,3072.0,1.26,0.0,0.0,15.0,0.0,3
2026-08-21T09:41:24Z,celmis-qdrant,0.08,237.7,6928.38,3.43,0.01,0.01,71.3,0.0,25
2026-08-21T09:41:31Z,celmis-api,0.27,364.4,6928.38,5.26,15.4,15.1,315.0,2908.16,11
2026-08-21T09:41:31Z,celmis-postgres,0.57,72.84,6928.38,1.05,7.6,4.88,42.9,15.1,14
2026-08-21T09:41:31Z,celmis-web,0.01,180.9,6928.38,2.61,0.07,0.08,122.0,0.0,12
2026-08-21T09:41:31Z,celmis-sandbox,0.03,38.6,3072.0,1.26,0.0,0.0,15.0,0.0,3
2026-08-21T09:41:31Z,celmis-qdrant,0.09,237.9,6928.38,3.43,0.01,0.01,71.3,0.0,25
2026-08-21T09:41:39Z,celmis-api,0.27,364.3,6928.38,5.26,15.4,15.1,315.0,2908.16,11
2026-08-21T09:41:39Z,celmis-postgres,0.02,72.73,6928.38,1.05,7.6,4.88,42.9,15.1,14
2026-08-21T09:41:39Z,celmis-web,0.00,180.9,6928.38,2.61,0.07,0.08,122.0,0.0,12
2026-08-21T09:41:39Z,celmis-sandbox,0.03,38.6,3072.0,1.26,0.0,0.0,15.0,0.0,3
2026-08-21T09:41:39Z,celmis-qdrant,0.09,237.9,6928.38,3.43,0.01,0.01,71.3,0.0,25
2026-08-21T09:41:47Z,celmis-api,0.22,364.3,6928.38,5.26,15.4,15.1,315.0,2908.16,11
2026-08-21T09:41:47Z,celmis-postgres,0.03,72.7,6928.38,1.05,7.6,4.88,42.9,15.1,14
2026-08-21T09:41:47Z,celmis-web,0.01,180.9,6928.38,2.61,0.07,0.08,122.0,0.0,12
2026-08-21T09:41:47Z,celmis-sandbox,0.03,38.6,3072.0,1.26,0.0,0.0,15.0,0.0,3
2026-08-21T09:41:47Z,celmis-qdrant,0.08,237.8,6928.38,3.43,0.01,0.01,71.3,0.0,25
2026-08-21T09:41:54Z,celmis-api,0.16,364.5,6928.38,5.26,15.4,15.1,315.0,2908.16,11
2026-08-21T09:41:54Z,celmis-postgres,0.74,72.77,6928.38,1.05,7.6,4.89,42.9,15.1,14
2026-08-21T09:41:54Z,celmis-web,0.01,172.9,6928.38,2.50,0.07,0.08,122.0,0.0,12
2026-08-21T09:41:54Z,celmis-sandbox,12.08,39.06,3072.0,1.27,0.0,0.0,15.0,0.0,3
2026-08-21T09:41:54Z,celmis-qdrant,0.10,237.8,6928.38,3.43,0.01,0.01,71.3,0.0,25
2026-08-21T09:42:01Z,celmis-api,0.27,364.8,6928.38,5.26,15.4,15.1,315.0,2908.16,11
2026-08-21T09:42:01Z,celmis-postgres,0.00,72.75,6928.38,1.05,7.61,4.89,42.9,15.1,14
2026-08-21T09:42:01Z,celmis-web,0.01,172.9,6928.38,2.50,0.07,0.08,122.0,0.0,12
2026-08-21T09:42:01Z,celmis-sandbox,0.03,39.03,3072.0,1.27,0.0,0.0,15.0,0.0,3
2026-08-21T09:42:01Z,celmis-qdrant,0.11,237.9,6928.38,3.43,0.01,0.01,71.3,0.0,25
2026-08-21T09:42:09Z,celmis-api,0.26,364.7,6928.38,5.26,15.4,15.1,315.0,2908.16,11
2026-08-21T09:42:09Z,celmis-postgres,2.23,72.59,6928.38,1.05,7.61,4.89,42.9,15.3,14
2026-08-21T09:42:09Z,celmis-web,0.01,173.5,6928.38,2.50,0.07,0.08,122.0,0.0,12
2026-08-21T09:42:09Z,celmis-sandbox,0.03,39.03,3072.0,1.27,0.0,0.0,15.0,0.0,3
2026-08-21T09:42:09Z,celmis-qdrant,0.09,237.9,6928.38,3.43,0.01,0.01,71.3,0.0,25
2026-08-21T09:42:17Z,celmis-api,0.23,364.6,6928.38,5.26,15.4,15.1,315.0,2908.16,11
2026-08-21T09:42:17Z,celmis-postgres,0.03,72.8,6928.38,1.05,7.61,4.89,42.9,15.3,14
2026-08-21T09:42:17Z,celmis-web,0.01,173.5,6928.38,2.50,0.07,0.08,122.0,0.0,12
2026-08-21T09:42:17Z,celmis-sandbox,0.03,39.03,3072.0,1.27,0.0,0.0,15.0,0.0,3
2026-08-21T09:42:17Z,celmis-qdrant,0.09,237.8,6928.38,3.43,0.01,0.01,71.3,0.0,25
2026-08-21T09:42:24Z,celmis-api,0.15,364.3,6928.38,5.26,15.4,15.1,315.0,2908.16,11
2026-08-21T09:42:24Z,celmis-postgres,0.14,72.54,6928.38,1.05,7.61,4.89,42.9,15.3,14
2026-08-21T09:42:24Z,celmis-web,0.01,174.0,6928.38,2.51,0.07,0.08,122.0,0.0,12
2026-08-21T09:42:24Z,celmis-sandbox,13.63,38.72,3072.0,1.26,0.0,0.0,15.0,0.0,3
2026-08-21T09:42:24Z,celmis-qdrant,0.04,237.8,6928.38,3.43,0.01,0.01,71.3,0.0,25
2026-08-21T09:42:31Z,celmis-api,0.27,364.3,6928.38,5.26,15.4,15.1,315.0,2908.16,11
2026-08-21T09:42:31Z,celmis-postgres,0.00,72.96,6928.38,1.05,7.61,4.9,42.9,15.3,14
2026-08-21T09:42:31Z,celmis-web,0.00,174.0,6928.38,2.51,0.07,0.08,122.0,0.0,12
2026-08-21T09:42:31Z,celmis-sandbox,0.03,38.7,3072.0,1.26,0.0,0.0,15.0,0.0,3
2026-08-21T09:42:31Z,celmis-qdrant,0.07,238.0,6928.38,3.43,0.01,0.01,71.3,0.0,25
2026-08-21T09:42:39Z,celmis-api,0.28,364.6,6928.38,5.26,15.4,15.1,315.0,2908.16,11
2026-08-21T09:42:39Z,celmis-postgres,1.48,72.86,6928.38,1.05,7.62,4.9,42.9,15.3,14
2026-08-21T09:42:39Z,celmis-web,0.01,174.1,6928.38,2.51,0.07,0.08,122.0,0.0,12
2026-08-21T09:42:39Z,celmis-sandbox,0.03,38.7,3072.0,1.26,0.0,0.0,15.0,0.0,3
2026-08-21T09:42:39Z,celmis-qdrant,0.09,238.0,6928.38,3.43,0.01,0.01,71.3,0.0,25
2026-08-21T09:42:47Z,celmis-api,0.26,364.5,6928.38,5.26,15.4,15.2,315.0,2908.16,11
2026-08-21T09:42:47Z,celmis-postgres,0.06,72.6,6928.38,1.05,7.62,4.9,42.9,15.4,14
2026-08-21T09:42:47Z,celmis-web,0.00,174.1,6928.38,2.51,0.07,0.08,122.0,0.0,12
2026-08-21T09:42:47Z,celmis-sandbox,0.02,38.7,3072.0,1.26,0.0,0.0,15.0,0.0,3
2026-08-21T09:42:47Z,celmis-qdrant,0.09,238.1,6928.38,3.44,0.01,0.01,71.3,0.0,25
2026-08-21T09:42:54Z,celmis-api,0.19,364.5,6928.38,5.26,15.4,15.2,315.0,2908.16,11
2026-08-21T09:42:54Z,celmis-postgres,1.07,72.88,6928.38,1.05,7.62,4.9,42.9,15.4,14
2026-08-21T09:42:54Z,celmis-web,0.01,174.0,6928.38,2.51,0.07,0.08,122.0,0.0,12
2026-08-21T09:42:54Z,celmis-sandbox,0.03,38.7,3072.0,1.26,0.0,0.0,15.0,0.0,3
2026-08-21T09:42:54Z,celmis-qdrant,0.08,238.1,6928.38,3.44,0.01,0.01,71.3,0.0,25
2026-08-21T09:43:01Z,celmis-api,0.20,364.5,6928.38,5.26,15.4,15.2,315.0,2908.16,11
2026-08-21T09:43:01Z,celmis-postgres,0.01,72.88,6928.38,1.05,7.62,4.9,42.9,15.4,14
2026-08-21T09:43:01Z,celmis-web,0.00,173.7,6928.38,2.51,0.07,0.08,122.0,0.0,12
2026-08-21T09:43:01Z,celmis-sandbox,0.03,38.87,3072.0,1.27,0.0,0.0,15.0,0.0,3
2026-08-21T09:43:01Z,celmis-qdrant,0.08,237.8,6928.38,3.43,0.01,0.01,71.3,0.0,25
2026-08-21T09:43:09Z,celmis-api,0.20,364.7,6928.38,5.26,15.4,15.2,315.0,2908.16,11
2026-08-21T09:43:09Z,celmis-postgres,0.92,72.59,6928.38,1.05,7.62,4.91,42.9,15.4,14
2026-08-21T09:43:09Z,celmis-web,0.01,174.1,6928.38,2.51,0.07,0.08,122.0,0.0,12
2026-08-21T09:43:09Z,celmis-sandbox,0.01,38.87,3072.0,1.27,0.0,0.0,15.0,0.0,3
2026-08-21T09:43:09Z,celmis-qdrant,0.08,237.8,6928.38,3.43,0.01,0.01,71.3,0.0,25
2026-08-21T09:43:17Z,celmis-api,0.18,364.6,6928.38,5.26,15.4,15.2,315.0,2908.16,11
2026-08-21T09:43:17Z,celmis-postgres,0.05,72.65,6928.38,1.05,7.63,4.91,42.9,15.4,14
2026-08-21T09:43:17Z,celmis-web,0.01,174.1,6928.38,2.51,0.07,0.08,122.0,0.0,12
2026-08-21T09:43:17Z,celmis-sandbox,0.01,38.87,3072.0,1.27,0.0,0.0,15.0,0.0,3
2026-08-21T09:43:17Z,celmis-qdrant,0.10,237.7,6928.38,3.43,0.01,0.01,71.3,0.0,25
2026-08-21T09:43:24Z,celmis-api,0.23,364.6,6928.38,5.26,15.4,15.2,315.0,2908.16,11
2026-08-21T09:43:24Z,celmis-postgres,1.69,72.8,6928.38,1.05,7.63,4.91,42.9,15.4,14
2026-08-21T09:43:24Z,celmis-web,0.00,174.2,6928.38,2.51,0.07,0.08,122.0,0.0,12
2026-08-21T09:43:24Z,celmis-sandbox,13.49,51.68,3072.0,1.68,0.0,0.0,15.0,0.0,4
2026-08-21T09:43:24Z,celmis-qdrant,0.06,237.7,6928.38,3.43,0.01,0.01,71.3,0.0,25
2026-08-21T09:43:31Z,celmis-api,0.25,364.6,6928.38,5.26,15.4,15.2,315.0,2908.16,11
2026-08-21T09:43:31Z,celmis-postgres,0.01,72.88,6928.38,1.05,7.64,4.91,42.9,15.4,14
2026-08-21T09:43:31Z,celmis-web,0.00,174.1,6928.38,2.51,0.07,0.08,122.0,0.0,12
2026-08-21T09:43:31Z,celmis-sandbox,0.03,38.8,3072.0,1.26,0.0,0.0,15.0,0.0,3
2026-08-21T09:43:31Z,celmis-qdrant,0.08,237.8,6928.38,3.43,0.01,0.01,71.3,0.0,25
2026-08-21T09:43:39Z,celmis-api,0.26,364.8,6928.38,5.27,15.4,15.2,315.0,2908.16,11
2026-08-21T09:43:39Z,celmis-postgres,1.81,73.01,6928.38,1.05,7.64,4.92,42.9,15.4,14
2026-08-21T09:43:39Z,celmis-web,0.01,172.3,6928.38,2.49,0.07,0.08,122.0,0.0,12
2026-08-21T09:43:39Z,celmis-sandbox,0.03,38.8,3072.0,1.26,0.0,0.0,15.0,0.0,3
2026-08-21T09:43:39Z,celmis-qdrant,0.08,237.8,6928.38,3.43,0.01,0.01,71.3,0.0,25
2026-08-21T09:43:47Z,celmis-api,0.26,364.8,6928.38,5.26,15.4,15.2,315.0,2908.16,11
2026-08-21T09:43:47Z,celmis-postgres,0.00,72.85,6928.38,1.05,7.64,4.92,42.9,15.4,14
2026-08-21T09:43:47Z,celmis-web,0.01,172.3,6928.38,2.49,0.07,0.08,122.0,0.0,12
2026-08-21T09:43:47Z,celmis-sandbox,0.03,38.8,3072.0,1.26,0.0,0.0,15.0,0.0,3
2026-08-21T09:43:47Z,celmis-qdrant,0.09,237.9,6928.38,3.43,0.01,0.01,71.3,0.0,25
2026-08-21T09:43:54Z,celmis-api,0.42,364.5,6928.38,5.26,15.4,15.2,315.0,2908.16,11
2026-08-21T09:43:54Z,celmis-postgres,1.62,72.67,6928.38,1.05,7.64,4.92,42.9,15.4,14
2026-08-21T09:43:54Z,celmis-web,0.00,173.1,6928.38,2.50,0.07,0.08,122.0,0.0,12
2026-08-21T09:43:54Z,celmis-sandbox,0.02,38.8,3072.0,1.26,0.0,0.0,15.0,0.0,3
2026-08-21T09:43:54Z,celmis-qdrant,0.08,237.9,6928.38,3.43,0.01,0.01,71.3,0.0,25
2026-08-21T09:44:01Z,celmis-api,0.24,364.5,6928.38,5.26,15.5,15.2,315.0,2908.16,11
2026-08-21T09:44:01Z,celmis-postgres,0.00,72.61,6928.38,1.05,7.64,4.92,42.9,15.4,14
2026-08-21T09:44:01Z,celmis-web,0.00,173.1,6928.38,2.50,0.07,0.08,122.0,0.0,12
2026-08-21T09:44:01Z,celmis-sandbox,0.02,38.98,3072.0,1.27,0.0,0.0,15.0,0.0,3
2026-08-21T09:44:01Z,celmis-qdrant,0.06,237.6,6928.38,3.43,0.01,0.01,71.3,0.0,25
2026-08-21T09:44:09Z,celmis-api,0.67,364.7,6928.38,5.26,15.5,15.2,315.0,2908.16,11
2026-08-21T09:44:09Z,celmis-postgres,1.58,72.93,6928.38,1.05,7.65,4.92,42.9,15.4,14
2026-08-21T09:44:09Z,celmis-web,0.01,173.4,6928.38,2.50,0.07,0.08,122.0,0.0,12
2026-08-21T09:44:09Z,celmis-sandbox,0.03,38.98,3072.0,1.27,0.0,0.0,15.0,0.0,3
2026-08-21T09:44:09Z,celmis-qdrant,0.07,237.6,6928.38,3.43,0.01,0.01,71.3,0.0,25
2026-08-21T09:44:17Z,celmis-api,0.25,364.6,6928.38,5.26,15.5,15.2,315.0,2908.16,11
2026-08-21T09:44:17Z,celmis-postgres,0.00,72.64,6928.38,1.05,7.65,4.93,42.9,15.4,14
2026-08-21T09:44:17Z,celmis-web,0.01,173.4,6928.38,2.50,0.07,0.08,122.0,0.0,12
2026-08-21T09:44:17Z,celmis-sandbox,0.02,38.98,3072.0,1.27,0.0,0.0,15.0,0.0,3
2026-08-21T09:44:17Z,celmis-qdrant,0.12,238.0,6928.38,3.43,0.01,0.01,71.3,0.0,25
2026-08-21T09:44:24Z,celmis-api,0.50,364.6,6928.38,5.26,15.5,15.2,315.0,2908.16,11
2026-08-21T09:44:24Z,celmis-postgres,0.03,72.62,6928.38,1.05,7.65,4.93,42.9,15.4,14
2026-08-21T09:44:24Z,celmis-web,0.00,173.8,6928.38,2.51,0.07,0.08,122.0,0.0,12
2026-08-21T09:44:24Z,celmis-sandbox,0.02,38.98,3072.0,1.27,0.0,0.0,15.0,0.0,3
2026-08-21T09:44:24Z,celmis-qdrant,0.08,238.0,6928.38,3.43,0.01,0.01,71.3,0.0,25
2026-08-21T09:44:31Z,celmis-api,0.26,364.6,6928.38,5.26,15.5,15.2,315.0,2908.16,11
2026-08-21T09:44:31Z,celmis-postgres,0.00,72.94,6928.38,1.05,7.65,4.93,42.9,15.4,14
2026-08-21T09:44:31Z,celmis-web,0.01,173.8,6928.38,2.51,0.07,0.08,122.0,0.0,12
2026-08-21T09:44:31Z,celmis-sandbox,0.03,38.9,3072.0,1.27,0.0,0.0,15.0,0.0,3
2026-08-21T09:44:31Z,celmis-qdrant,0.08,237.6,6928.38,3.43,0.01,0.01,71.3,0.0,25
2026-08-21T09:44:39Z,celmis-api,1.21,364.3,6928.38,5.26,15.5,15.2,315.0,2908.16,11
2026-08-21T09:44:39Z,celmis-postgres,1.62,72.86,6928.38,1.05,7.65,4.93,42.9,15.4,14
2026-08-21T09:44:39Z,celmis-web,0.01,173.5,6928.38,2.50,0.07,0.08,122.0,0.0,12
2026-08-21T09:44:39Z,celmis-sandbox,0.03,38.9,3072.0,1.27,0.0,0.0,15.0,0.0,3
2026-08-21T09:44:39Z,celmis-qdrant,0.05,237.6,6928.38,3.43,0.01,0.01,71.3,0.0,25
2026-08-21T09:44:47Z,celmis-api,0.22,364.3,6928.38,5.26,15.5,15.2,315.0,2908.16,11
2026-08-21T09:44:47Z,celmis-postgres,0.00,72.91,6928.38,1.05,7.66,4.93,42.9,15.4,14
2026-08-21T09:44:47Z,celmis-web,0.00,173.5,6928.38,2.50,0.07,0.08,122.0,0.0,12
2026-08-21T09:44:47Z,celmis-sandbox,0.02,38.9,3072.0,1.27,0.0,0.0,15.0,0.0,3
2026-08-21T09:44:47Z,celmis-qdrant,0.08,237.6,6928.38,3.43,0.01,0.01,71.3,0.0,25
2026-08-21T09:44:54Z,celmis-api,0.43,364.7,6928.38,5.26,15.5,15.2,315.0,2908.16,11
2026-08-21T09:44:54Z,celmis-postgres,0.02,72.95,6928.38,1.05,7.66,4.94,42.9,15.4,14
2026-08-21T09:44:54Z,celmis-web,0.01,173.8,6928.38,2.51,0.07,0.08,122.0,0.0,12
2026-08-21T09:44:54Z,celmis-sandbox,0.03,38.9,3072.0,1.27,0.0,0.0,15.0,0.0,3
2026-08-21T09:44:54Z,celmis-qdrant,0.07,237.6,6928.38,3.43,0.01,0.01,71.3,0.0,25
2026-08-21T09:45:01Z,celmis-api,0.29,364.7,6928.38,5.26,15.5,15.2,315.0,2908.16,11
2026-08-21T09:45:01Z,celmis-postgres,0.00,72.83,6928.38,1.05,7.66,4.94,42.9,15.4,14
2026-08-21T09:45:01Z,celmis-web,0.01,173.8,6928.38,2.51,0.07,0.08,122.0,0.0,12
2026-08-21T09:45:01Z,celmis-sandbox,0.04,39.07,3072.0,1.27,0.0,0.0,15.0,0.0,3
2026-08-21T09:45:01Z,celmis-qdrant,0.10,237.7,6928.38,3.43,0.01,0.01,71.3,0.0,25
2026-08-21T09:45:09Z,celmis-api,0.70,364.4,6928.38,5.26,15.5,15.2,315.0,2908.16,11
2026-08-21T09:45:09Z,celmis-postgres,0.02,72.71,6928.38,1.05,7.66,4.94,42.9,15.4,14
2026-08-21T09:45:09Z,celmis-web,0.01,173.9,6928.38,2.51,0.07,0.08,122.0,0.0,12
2026-08-21T09:45:09Z,celmis-sandbox,0.03,39.07,3072.0,1.27,0.0,0.0,15.0,0.0,3
2026-08-21T09:45:09Z,celmis-qdrant,0.10,237.7,6928.38,3.43,0.01,0.01,71.3,0.0,25
2026-08-21T09:45:17Z,celmis-api,0.24,364.4,6928.38,5.26,15.5,15.2,315.0,2908.16,11
2026-08-21T09:45:17Z,celmis-postgres,0.00,72.8,6928.38,1.05,7.67,4.94,42.9,15.4,14
2026-08-21T09:45:17Z,celmis-web,0.01,173.9,6928.38,2.51,0.07,0.08,122.0,0.0,12
2026-08-21T09:45:17Z,celmis-sandbox,0.03,39.07,3072.0,1.27,0.0,0.0,15.0,0.0,3
2026-08-21T09:45:17Z,celmis-qdrant,0.10,237.6,6928.38,3.43,0.01,0.01,71.3,0.0,25
2026-08-21T09:45:24Z,celmis-api,0.49,364.6,6928.38,5.26,15.5,15.2,315.0,2908.16,11
2026-08-21T09:45:24Z,celmis-postgres,0.04,72.74,6928.38,1.05,7.67,4.94,42.9,15.5,14
2026-08-21T09:45:24Z,celmis-web,0.00,173.9,6928.38,2.51,0.07,0.08,122.0,0.0,12
2026-08-21T09:45:24Z,celmis-sandbox,0.03,39.07,3072.0,1.27,0.0,0.0,15.0,0.0,3
2026-08-21T09:45:24Z,celmis-qdrant,0.10,237.6,6928.38,3.43,0.01,0.01,71.3,0.0,25
2026-08-21T09:45:31Z,celmis-api,0.26,364.6,6928.38,5.26,15.5,15.2,315.0,2908.16,11
2026-08-21T09:45:31Z,celmis-postgres,0.00,72.6,6928.38,1.05,7.67,4.95,42.9,15.5,14
2026-08-21T09:45:31Z,celmis-web,0.01,173.9,6928.38,2.51,0.07,0.08,122.0,0.0,12
2026-08-21T09:45:31Z,celmis-sandbox,0.03,39.0,3072.0,1.27,0.0,0.0,15.0,0.0,3
2026-08-21T09:45:31Z,celmis-qdrant,0.07,237.8,6928.38,3.43,0.01,0.01,71.3,0.0,25
2026-08-21T09:45:39Z,celmis-api,0.27,364.6,6928.38,5.26,15.5,15.2,315.0,2908.16,11
2026-08-21T09:45:39Z,celmis-postgres,0.01,72.98,6928.38,1.05,7.67,4.95,42.9,15.5,14
2026-08-21T09:45:39Z,celmis-web,0.01,174.4,6928.38,2.52,0.07,0.08,122.0,0.0,12
2026-08-21T09:45:39Z,celmis-sandbox,0.03,39.0,3072.0,1.27,0.0,0.0,15.0,0.0,3
2026-08-21T09:45:39Z,celmis-qdrant,0.07,237.8,6928.38,3.43,0.01,0.01,71.3,0.0,25
2026-08-21T09:45:47Z,celmis-api,0.26,364.5,6928.38,5.26,15.5,15.2,315.0,2908.16,11
2026-08-21T09:45:47Z,celmis-postgres,0.00,72.78,6928.38,1.05,7.68,4.95,42.9,15.5,14
2026-08-21T09:45:47Z,celmis-web,0.01,174.3,6928.38,2.52,0.07,0.08,122.0,0.0,12
2026-08-21T09:45:47Z,celmis-sandbox,0.02,39.0,3072.0,1.27,0.0,0.0,15.0,0.0,3
2026-08-21T09:45:47Z,celmis-qdrant,0.10,237.9,6928.38,3.43,0.01,0.01,71.3,0.0,25
2026-08-21T09:45:54Z,celmis-api,0.61,364.5,6928.38,5.26,15.5,15.2,315.0,2908.16,11
2026-08-21T09:45:54Z,celmis-postgres,0.14,72.78,6928.38,1.05,7.68,4.95,42.9,15.5,14
2026-08-21T09:45:54Z,celmis-web,0.01,174.3,6928.38,2.52,0.07,0.08,122.0,0.0,12
2026-08-21T09:45:54Z,celmis-sandbox,0.04,39.0,3072.0,1.27,0.0,0.0,15.0,0.0,3
2026-08-21T09:45:54Z,celmis-qdrant,0.09,237.9,6928.38,3.43,0.01,0.01,71.3,0.0,25
2026-08-21T09:46:01Z,celmis-api,0.25,364.5,6928.38,5.26,15.5,15.2,315.0,2908.16,11
2026-08-21T09:46:01Z,celmis-postgres,0.00,73.11,6928.38,1.06,7.68,4.95,42.9,15.5,14
2026-08-21T09:46:01Z,celmis-web,0.00,174.3,6928.38,2.52,0.07,0.08,122.0,0.0,12
2026-08-21T09:46:01Z,celmis-sandbox,0.02,38.91,3072.0,1.27,0.0,0.0,15.0,0.0,3
2026-08-21T09:46:01Z,celmis-qdrant,0.05,237.9,6928.38,3.43,0.01,0.01,71.3,0.0,25
2026-08-21T09:46:09Z,celmis-api,0.23,364.7,6928.38,5.26,15.5,15.2,315.0,2908.16,11
2026-08-21T09:46:09Z,celmis-postgres,0.00,73.03,6928.38,1.05,7.68,4.96,42.9,15.5,14
2026-08-21T09:46:09Z,celmis-web,0.01,174.5,6928.38,2.52,0.07,0.08,122.0,0.0,12
2026-08-21T09:46:09Z,celmis-sandbox,0.02,38.91,3072.0,1.27,0.0,0.0,15.0,0.0,3
2026-08-21T09:46:09Z,celmis-qdrant,0.07,237.9,6928.38,3.43,0.01,0.01,71.3,0.0,25
2026-08-21T09:46:17Z,celmis-api,0.25,364.7,6928.38,5.26,15.5,15.2,315.0,2908.16,11
2026-08-21T09:46:17Z,celmis-postgres,0.00,72.68,6928.38,1.05,7.69,4.96,42.9,15.5,14
2026-08-21T09:46:17Z,celmis-web,0.00,174.5,6928.38,2.52,0.07,0.08,122.0,0.0,12
2026-08-21T09:46:17Z,celmis-sandbox,0.03,38.91,3072.0,1.27,0.0,0.0,15.0,0.0,3
2026-08-21T09:46:17Z,celmis-qdrant,0.08,237.8,6928.38,3.43,0.01,0.01,71.3,0.0,25
2026-08-21T09:46:24Z,celmis-api,0.45,364.4,6928.38,5.26,15.5,15.2,315.0,2908.16,11
2026-08-21T09:46:24Z,celmis-postgres,0.09,73.11,6928.38,1.06,7.69,4.96,42.9,15.5,14
2026-08-21T09:46:24Z,celmis-web,0.00,174.5,6928.38,2.52,0.07,0.08,122.0,0.0,12
2026-08-21T09:46:24Z,celmis-sandbox,0.02,38.91,3072.0,1.27,0.0,0.0,15.0,0.0,3
2026-08-21T09:46:24Z,celmis-qdrant,0.08,237.8,6928.38,3.43,0.01,0.01,71.3,0.0,25
2026-08-21T09:46:31Z,celmis-api,0.26,364.4,6928.38,5.26,15.5,15.2,315.0,2908.16,11
2026-08-21T09:46:31Z,celmis-postgres,0.00,72.96,6928.38,1.05,7.69,4.96,42.9,15.5,14
2026-08-21T09:46:31Z,celmis-web,0.01,174.5,6928.38,2.52,0.07,0.08,122.0,0.0,12
2026-08-21T09:46:31Z,celmis-sandbox,0.02,38.84,3072.0,1.26,0.0,0.0,15.0,0.0,3
2026-08-21T09:46:31Z,celmis-qdrant,0.07,237.9,6928.38,3.43,0.01,0.01,71.3,0.0,25
2026-08-21T09:46:39Z,celmis-api,0.25,364.6,6928.38,5.26,15.5,15.2,315.0,2908.16,11
2026-08-21T09:46:39Z,celmis-postgres,0.00,72.51,6928.38,1.05,7.69,4.96,42.9,15.5,14
2026-08-21T09:46:39Z,celmis-web,0.00,174.8,6928.38,2.52,0.07,0.08,122.0,0.0,12
2026-08-21T09:46:39Z,celmis-sandbox,0.03,38.84,3072.0,1.26,0.0,0.0,15.0,0.0,3
2026-08-21T09:46:39Z,celmis-qdrant,0.09,237.9,6928.38,3.43,0.01,0.01,71.3,0.0,25
2026-08-21T09:46:47Z,celmis-api,0.24,364.6,6928.38,5.26,15.5,15.2,315.0,2908.16,11
2026-08-21T09:46:47Z,celmis-postgres,0.03,73.16,6928.38,1.06,7.69,4.97,42.9,15.5,14
2026-08-21T09:46:47Z,celmis-web,0.01,174.7,6928.38,2.52,0.07,0.08,122.0,0.0,12
2026-08-21T09:46:47Z,celmis-sandbox,0.03,38.84,3072.0,1.26,0.0,0.0,15.0,0.0,3
2026-08-21T09:46:47Z,celmis-qdrant,0.11,237.8,6928.38,3.43,0.01,0.01,71.3,0.0,25
2026-08-21T09:46:54Z,celmis-api,0.48,364.6,6928.38,5.26,15.5,15.2,315.0,2908.16,11
2026-08-21T09:46:54Z,celmis-postgres,0.08,72.41,6928.38,1.05,7.7,4.97,42.9,15.5,14
2026-08-21T09:46:54Z,celmis-web,0.01,174.8,6928.38,2.52,0.07,0.08,122.0,0.0,12
2026-08-21T09:46:54Z,celmis-sandbox,0.03,38.84,3072.0,1.26,0.0,0.0,15.0,0.0,3
2026-08-21T09:46:54Z,celmis-qdrant,0.07,237.8,6928.38,3.43,0.01,0.01,71.3,0.0,25
2026-08-21T09:47:01Z,celmis-api,0.26,364.5,6928.38,5.26,15.5,15.2,315.0,2908.16,11
2026-08-21T09:47:01Z,celmis-postgres,1.62,73.08,6928.38,1.05,7.7,4.97,42.9,15.5,14
2026-08-21T09:47:01Z,celmis-web,0.01,174.7,6928.38,2.52,0.07,0.08,122.0,0.0,12
2026-08-21T09:47:01Z,celmis-sandbox,0.03,38.7,3072.0,1.26,0.0,0.0,15.0,0.0,3
2026-08-21T09:47:01Z,celmis-qdrant,0.08,237.9,6928.38,3.43,0.01,0.01,71.3,0.0,25
2026-08-21T09:47:09Z,celmis-api,0.23,364.4,6928.38,5.26,15.5,15.2,315.0,2908.16,11
2026-08-21T09:47:09Z,celmis-postgres,0.03,72.89,6928.38,1.05,7.7,4.97,42.9,15.7,14
2026-08-21T09:47:09Z,celmis-web,0.01,174.5,6928.38,2.52,0.07,0.08,122.0,0.0,12
2026-08-21T09:47:09Z,celmis-sandbox,0.03,38.7,3072.0,1.26,0.0,0.0,15.0,0.0,3
2026-08-21T09:47:09Z,celmis-qdrant,0.07,237.9,6928.38,3.43,0.01,0.01,71.3,0.0,25
2026-08-21T09:47:17Z,celmis-api,0.28,364.4,6928.38,5.26,15.5,15.2,315.0,2908.16,11
2026-08-21T09:47:17Z,celmis-postgres,0.01,72.54,6928.38,1.05,7.7,4.98,42.9,15.7,14
2026-08-21T09:47:17Z,celmis-web,0.00,174.5,6928.38,2.52,0.07,0.08,122.0,0.0,12
2026-08-21T09:47:17Z,celmis-sandbox,0.03,38.7,3072.0,1.26,0.0,0.0,15.0,0.0,3
2026-08-21T09:47:17Z,celmis-qdrant,0.12,237.6,6928.38,3.43,0.01,0.01,71.3,0.0,25
2026-08-21T09:47:24Z,celmis-api,0.50,364.4,6928.38,5.26,15.5,15.2,315.0,2908.16,11
2026-08-21T09:47:24Z,celmis-postgres,0.03,72.78,6928.38,1.05,7.7,4.98,42.9,15.7,14
2026-08-21T09:47:24Z,celmis-web,0.01,174.6,6928.38,2.52,0.07,0.08,122.0,0.0,12
2026-08-21T09:47:24Z,celmis-sandbox,0.02,38.7,3072.0,1.26,0.0,0.0,15.0,0.0,3
2026-08-21T09:47:24Z,celmis-qdrant,0.09,237.6,6928.38,3.43,0.01,0.01,71.3,0.0,25
2026-08-21T09:47:31Z,celmis-api,0.44,364.4,6928.38,5.26,15.5,15.2,315.0,2908.16,11
2026-08-21T09:47:31Z,celmis-postgres,0.04,73.19,6928.38,1.06,7.71,4.98,43.0,15.8,14
2026-08-21T09:47:31Z,celmis-web,0.01,174.5,6928.38,2.52,0.07,0.08,122.0,0.0,12
2026-08-21T09:47:31Z,celmis-sandbox,0.02,38.62,3072.0,1.26,0.0,0.0,15.0,0.0,3
2026-08-21T09:47:31Z,celmis-qdrant,0.07,237.5,6928.38,3.43,0.01,0.01,71.3,0.0,25
2026-08-21T09:47:39Z,celmis-api,0.25,364.6,6928.38,5.26,15.5,15.2,315.0,2908.16,11
2026-08-21T09:47:39Z,celmis-postgres,0.03,72.93,6928.38,1.05,7.71,4.98,43.0,15.8,14
2026-08-21T09:47:39Z,celmis-web,0.01,174.4,6928.38,2.52,0.07,0.08,122.0,0.0,12
2026-08-21T09:47:39Z,celmis-sandbox,0.03,38.62,3072.0,1.26,0.0,0.0,15.0,0.0,3
2026-08-21T09:47:39Z,celmis-qdrant,0.08,237.5,6928.38,3.43,0.01,0.01,71.3,0.0,25
2026-08-21T09:47:47Z,celmis-api,0.13,364.5,6928.38,5.26,15.5,15.2,315.0,2908.16,11
2026-08-21T09:47:47Z,celmis-postgres,0.95,72.64,6928.38,1.05,7.71,4.98,43.0,15.8,14
2026-08-21T09:47:47Z,celmis-web,0.00,174.4,6928.38,2.52,0.07,0.08,122.0,0.0,12
2026-08-21T09:47:47Z,celmis-sandbox,0.03,38.62,3072.0,1.26,0.0,0.0,15.0,0.0,3
2026-08-21T09:47:47Z,celmis-qdrant,0.07,237.9,6928.38,3.43,0.01,0.01,71.3,0.0,25
2026-08-21T09:47:54Z,celmis-api,0.32,364.5,6928.38,5.26,15.5,15.2,315.0,2908.16,11
2026-08-21T09:47:54Z,celmis-postgres,0.06,73.17,6928.38,1.06,7.72,4.99,43.0,15.8,14
2026-08-21T09:47:54Z,celmis-web,0.00,174.6,6928.38,2.52,0.07,0.08,122.0,0.0,12
2026-08-21T09:47:54Z,celmis-sandbox,0.02,38.62,3072.0,1.26,0.0,0.0,15.0,0.0,3
2026-08-21T09:47:54Z,celmis-qdrant,0.05,237.9,6928.38,3.43,0.01,0.01,71.3,0.0,25
2026-08-21T09:48:02Z,celmis-api,0.25,364.5,6928.38,5.26,15.5,15.2,315.0,2908.16,11
2026-08-21T09:48:02Z,celmis-postgres,0.05,72.95,6928.38,1.05,7.72,4.99,43.0,15.8,14
2026-08-21T09:48:02Z,celmis-web,0.00,174.5,6928.38,2.52,0.07,0.08,122.0,0.0,12
2026-08-21T09:48:02Z,celmis-sandbox,0.02,38.8,3072.0,1.26,0.0,0.0,15.0,0.0,3
2026-08-21T09:48:02Z,celmis-qdrant,0.06,237.8,6928.38,3.43,0.01,0.01,71.3,0.0,25
2026-08-21T09:48:09Z,celmis-api,0.28,364.2,6928.38,5.26,15.5,15.2,315.0,2908.16,11
2026-08-21T09:48:09Z,celmis-postgres,0.02,72.66,6928.38,1.05,7.72,4.99,43.0,16.0,14
2026-08-21T09:48:09Z,celmis-web,0.01,174.5,6928.38,2.52,0.07,0.08,122.0,0.0,12
2026-08-21T09:48:09Z,celmis-sandbox,0.02,38.8,3072.0,1.26,0.0,0.0,15.0,0.0,3
2026-08-21T09:48:09Z,celmis-qdrant,0.08,237.8,6928.38,3.43,0.01,0.01,71.3,0.0,25
2026-08-21T09:48:17Z,celmis-api,0.25,364.2,6928.38,5.26,15.5,15.2,315.0,2908.16,11
2026-08-21T09:48:17Z,celmis-postgres,1.60,72.72,6928.38,1.05,7.73,5.0,43.0,16.0,14
2026-08-21T09:48:17Z,celmis-web,0.01,174.5,6928.38,2.52,0.07,0.08,122.0,0.0,12
2026-08-21T09:48:17Z,celmis-sandbox,0.03,38.8,3072.0,1.26,0.0,0.0,15.0,0.0,3
2026-08-21T09:48:17Z,celmis-qdrant,0.10,237.7,6928.38,3.43,0.01,0.01,71.3,0.0,25
2026-08-21T09:48:24Z,celmis-api,0.49,364.4,6928.38,5.26,15.5,15.3,315.0,2908.16,11
2026-08-21T09:48:24Z,celmis-postgres,0.11,72.71,6928.38,1.05,7.73,5.0,43.0,16.1,14
2026-08-21T09:48:24Z,celmis-web,0.00,174.8,6928.38,2.52,0.07,0.08,122.0,0.0,12
2026-08-21T09:48:24Z,celmis-sandbox,0.05,38.8,3072.0,1.26,0.0,0.0,15.0,0.0,3
2026-08-21T09:48:24Z,celmis-qdrant,0.09,237.7,6928.38,3.43,0.01,0.01,71.3,0.0,25
2026-08-21T09:48:31Z,celmis-api,0.30,364.4,6928.38,5.26,15.5,15.3,315.0,2908.16,11
2026-08-21T09:48:31Z,celmis-postgres,0.80,73.03,6928.38,1.05,7.73,5.0,43.0,16.1,14
2026-08-21T09:48:31Z,celmis-web,0.00,174.8,6928.38,2.52,0.07,0.08,122.0,0.0,12
2026-08-21T09:48:31Z,celmis-sandbox,0.03,39.22,3072.0,1.28,0.0,0.0,15.0,0.0,3
2026-08-21T09:48:31Z,celmis-qdrant,0.10,237.9,6928.38,3.43,0.01,0.01,71.3,0.0,25
2026-08-21T09:48:39Z,celmis-api,0.49,364.3,6928.38,5.26,15.5,15.3,315.0,2908.16,11
2026-08-21T09:48:39Z,celmis-postgres,0.00,72.77,6928.38,1.05,7.73,5.0,43.0,16.1,14
2026-08-21T09:48:39Z,celmis-web,0.00,174.7,6928.38,2.52,0.07,0.08,122.0,0.0,12
2026-08-21T09:48:39Z,celmis-sandbox,0.03,39.22,3072.0,1.28,0.0,0.0,15.0,0.0,3
2026-08-21T09:48:39Z,celmis-qdrant,0.08,237.9,6928.38,3.43,0.01,0.01,71.3,0.0,25
2026-08-21T09:48:47Z,celmis-api,0.22,364.3,6928.38,5.26,15.5,15.3,315.0,2908.16,11
2026-08-21T09:48:47Z,celmis-postgres,1.13,73.07,6928.38,1.05,7.74,5.0,43.0,16.1,14
2026-08-21T09:48:47Z,celmis-web,0.01,174.7,6928.38,2.52,0.07,0.08,122.0,0.0,12
2026-08-21T09:48:47Z,celmis-sandbox,0.05,39.22,3072.0,1.28,0.0,0.0,15.0,0.0,3
2026-08-21T09:48:47Z,celmis-qdrant,0.14,237.8,6928.38,3.43,0.01,0.01,71.3,0.0,25
2026-08-21T09:48:54Z,celmis-api,0.22,364.5,6928.38,5.26,15.5,15.3,315.0,2908.16,11
2026-08-21T09:48:54Z,celmis-postgres,0.09,73.04,6928.38,1.05,7.74,5.01,43.0,16.1,14
2026-08-21T09:48:54Z,celmis-web,0.01,174.8,6928.38,2.52,0.07,0.08,122.0,0.0,12
2026-08-21T09:48:54Z,celmis-sandbox,0.03,39.22,3072.0,1.28,0.0,0.0,15.0,0.0,3
2026-08-21T09:48:54Z,celmis-qdrant,0.08,237.8,6928.38,3.43,0.01,0.01,71.3,0.0,25
2026-08-21T09:49:01Z,celmis-api,0.24,364.5,6928.38,5.26,15.5,15.3,315.0,2908.16,11
2026-08-21T09:49:01Z,celmis-postgres,1.72,72.86,6928.38,1.05,7.74,5.01,43.0,16.1,14
2026-08-21T09:49:01Z,celmis-web,0.00,174.7,6928.38,2.52,0.07,0.08,122.0,0.0,12
2026-08-21T09:49:01Z,celmis-sandbox,0.03,39.4,3072.0,1.28,0.0,0.0,15.0,0.0,3
2026-08-21T09:49:01Z,celmis-qdrant,0.06,237.9,6928.38,3.43,0.01,0.01,71.3,0.0,25
2026-08-21T09:49:09Z,celmis-api,0.32,364.8,6928.38,5.27,15.5,15.3,315.0,2908.16,11
2026-08-21T09:49:09Z,celmis-postgres,0.04,72.98,6928.38,1.05,7.74,5.01,43.0,16.1,14
2026-08-21T09:49:09Z,celmis-web,0.00,174.7,6928.38,2.52,0.07,0.08,122.0,0.0,12
2026-08-21T09:49:09Z,celmis-sandbox,0.03,39.4,3072.0,1.28,0.0,0.0,15.0,0.0,3
2026-08-21T09:49:09Z,celmis-qdrant,0.08,237.9,6928.38,3.43,0.01,0.01,71.3,0.0,25
2026-08-21T09:49:17Z,celmis-api,0.22,364.8,6928.38,5.26,15.5,15.3,315.0,2908.16,11
2026-08-21T09:49:17Z,celmis-postgres,1.74,73.14,6928.38,1.06,7.74,5.01,43.0,16.1,14
2026-08-21T09:49:17Z,celmis-web,0.01,174.7,6928.38,2.52,0.07,0.08,122.0,0.0,12
2026-08-21T09:49:17Z,celmis-sandbox,0.03,39.4,3072.0,1.28,0.0,0.0,15.0,0.0,3
2026-08-21T09:49:17Z,celmis-qdrant,0.11,238.1,6928.38,3.44,0.01,0.01,71.3,0.0,25
2026-08-21T09:49:24Z,celmis-api,0.32,364.3,6928.38,5.26,15.5,15.3,315.0,2908.16,11
2026-08-21T09:49:24Z,celmis-postgres,0.05,73.25,6928.38,1.06,7.75,5.01,43.0,16.1,14
2026-08-21T09:49:24Z,celmis-web,0.00,174.7,6928.38,2.52,0.07,0.08,122.0,0.0,12
2026-08-21T09:49:24Z,celmis-sandbox,0.02,39.4,3072.0,1.28,0.0,0.0,15.0,0.0,3
2026-08-21T09:49:24Z,celmis-qdrant,0.14,238.1,6928.38,3.44,0.01,0.01,71.3,0.0,25
2026-08-21T09:49:31Z,celmis-api,0.25,364.5,6928.38,5.26,15.5,15.3,315.0,2908.16,11
2026-08-21T09:49:31Z,celmis-postgres,0.84,73.14,6928.38,1.06,7.75,5.02,43.0,16.1,14
2026-08-21T09:49:31Z,celmis-web,0.00,174.7,6928.38,2.52,0.07,0.08,122.0,0.0,12
2026-08-21T09:49:31Z,celmis-sandbox,0.02,39.28,3072.0,1.28,0.0,0.0,15.0,0.0,3
2026-08-21T09:49:31Z,celmis-qdrant,0.06,238.0,6928.38,3.43,0.01,0.01,71.3,0.0,25
2026-08-21T09:49:39Z,celmis-api,0.52,364.5,6928.38,5.26,15.5,15.3,315.0,2908.16,11
2026-08-21T09:49:39Z,celmis-postgres,0.01,73.06,6928.38,1.05,7.75,5.02,43.0,16.1,14
2026-08-21T09:49:39Z,celmis-web,0.00,174.9,6928.38,2.52,0.07,0.08,122.0,0.0,12
2026-08-21T09:49:39Z,celmis-sandbox,0.03,39.28,3072.0,1.28,0.0,0.0,15.0,0.0,3
2026-08-21T09:49:39Z,celmis-qdrant,0.09,238.0,6928.38,3.43,0.01,0.01,71.3,0.0,25
2026-08-21T09:49:47Z,celmis-api,0.23,364.4,6928.38,5.26,15.5,15.3,315.0,2908.16,11
2026-08-21T09:49:47Z,celmis-postgres,1.63,73.2,6928.38,1.06,7.75,5.02,43.0,16.1,14
2026-08-21T09:49:47Z,celmis-web,0.00,174.9,6928.38,2.52,0.07,0.08,122.0,0.0,12
2026-08-21T09:49:47Z,celmis-sandbox,0.02,39.28,3072.0,1.28,0.0,0.0,15.0,0.0,3
2026-08-21T09:49:47Z,celmis-qdrant,0.08,238.1,6928.38,3.44,0.01,0.01,71.3,0.0,25
2026-08-21T09:49:54Z,celmis-api,0.41,364.7,6928.38,5.26,15.5,15.3,315.0,2908.16,11
2026-08-21T09:49:54Z,celmis-postgres,0.09,73.14,6928.38,1.06,7.76,5.02,43.0,16.1,14
2026-08-21T09:49:54Z,celmis-web,0.00,174.6,6928.38,2.52,0.07,0.08,122.0,0.0,12
2026-08-21T09:49:54Z,celmis-sandbox,0.04,39.28,3072.0,1.28,0.0,0.0,15.0,0.0,3
2026-08-21T09:49:54Z,celmis-qdrant,0.09,238.1,6928.38,3.44,0.01,0.01,71.3,0.0,25
2026-08-21T09:50:01Z,celmis-api,0.25,364.6,6928.38,5.26,15.5,15.3,315.0,2908.16,11
2026-08-21T09:50:01Z,celmis-postgres,1.60,73.25,6928.38,1.06,7.76,5.02,43.0,16.1,14
2026-08-21T09:50:01Z,celmis-web,0.01,174.6,6928.38,2.52,0.07,0.08,122.0,0.0,12
2026-08-21T09:50:01Z,celmis-sandbox,0.03,39.2,3072.0,1.28,0.0,0.0,15.0,0.0,3
2026-08-21T09:50:01Z,celmis-qdrant,0.09,238.0,6928.38,3.44,0.01,0.01,71.3,0.0,25
2026-08-21T09:50:09Z,celmis-api,0.35,364.6,6928.38,5.26,15.5,15.3,315.0,2908.16,11
2026-08-21T09:50:09Z,celmis-postgres,0.05,72.88,6928.38,1.05,7.76,5.03,43.0,16.1,14
2026-08-21T09:50:09Z,celmis-web,0.01,174.8,6928.38,2.52,0.07,0.08,122.0,0.0,12
2026-08-21T09:50:09Z,celmis-sandbox,0.03,39.2,3072.0,1.28,0.0,0.0,15.0,0.0,3
2026-08-21T09:50:09Z,celmis-qdrant,0.07,238.0,6928.38,3.44,0.01,0.01,71.3,0.0,25
2026-08-21T09:50:17Z,celmis-api,0.24,364.6,6928.38,5.26,15.6,15.3,315.0,2908.16,11
2026-08-21T09:50:17Z,celmis-postgres,0.03,72.95,6928.38,1.05,7.76,5.03,43.0,16.1,14
2026-08-21T09:50:17Z,celmis-web,0.00,174.8,6928.38,2.52,0.07,0.08,122.0,0.0,12
2026-08-21T09:50:17Z,celmis-sandbox,0.04,39.2,3072.0,1.28,0.0,0.0,15.0,0.0,3
2026-08-21T09:50:17Z,celmis-qdrant,0.13,237.9,6928.38,3.43,0.01,0.01,71.3,0.0,25
2026-08-21T09:50:24Z,celmis-api,0.22,364.5,6928.38,5.26,15.6,15.3,315.0,2908.16,11
2026-08-21T09:50:24Z,celmis-postgres,0.05,72.97,6928.38,1.05,7.76,5.03,43.0,16.1,14
2026-08-21T09:50:24Z,celmis-web,0.01,174.8,6928.38,2.52,0.07,0.08,122.0,0.0,12
2026-08-21T09:50:24Z,celmis-sandbox,0.03,39.2,3072.0,1.28,0.0,0.0,15.0,0.0,3
2026-08-21T09:50:24Z,celmis-qdrant,0.08,237.9,6928.38,3.43,0.01,0.01,71.3,0.0,25
2026-08-21T09:50:31Z,celmis-api,0.28,364.5,6928.38,5.26,15.6,15.3,315.0,2908.16,11
2026-08-21T09:50:31Z,celmis-postgres,0.77,73.11,6928.38,1.06,7.77,5.03,43.0,16.1,14
2026-08-21T09:50:31Z,celmis-web,0.00,174.8,6928.38,2.52,0.07,0.08,122.0,0.0,12
2026-08-21T09:50:31Z,celmis-sandbox,0.03,39.12,3072.0,1.27,0.0,0.0,15.0,0.0,3
2026-08-21T09:50:31Z,celmis-qdrant,0.08,238.1,6928.38,3.44,0.01,0.01,71.3,0.0,25
2026-08-21T09:50:39Z,celmis-api,0.55,364.7,6928.38,5.26,15.6,15.3,315.0,2908.16,11
2026-08-21T09:50:39Z,celmis-postgres,0.00,73.27,6928.38,1.06,7.77,5.03,43.0,16.1,14
2026-08-21T09:50:39Z,celmis-web,0.00,174.9,6928.38,2.52,0.07,0.08,122.0,0.0,12
2026-08-21T09:50:39Z,celmis-sandbox,0.03,39.12,3072.0,1.27,0.0,0.0,15.0,0.0,3
2026-08-21T09:50:39Z,celmis-qdrant,0.10,238.1,6928.38,3.44,0.01,0.01,71.3,0.0,25
2026-08-21T09:50:47Z,celmis-api,0.24,364.7,6928.38,5.26,15.6,15.3,315.0,2908.16,11
2026-08-21T09:50:47Z,celmis-postgres,0.03,72.96,6928.38,1.05,7.77,5.04,43.0,16.1,14
2026-08-21T09:50:47Z,celmis-web,0.00,174.9,6928.38,2.52,0.07,0.08,122.0,0.0,12
2026-08-21T09:50:47Z,celmis-sandbox,0.03,39.12,3072.0,1.27,0.0,0.0,15.0,0.0,3
2026-08-21T09:50:47Z,celmis-qdrant,0.10,237.8,6928.38,3.43,0.01,0.01,71.3,0.0,25
2026-08-21T09:50:54Z,celmis-api,0.32,364.7,6928.38,5.26,15.6,15.3,315.0,2908.16,11
2026-08-21T09:50:54Z,celmis-postgres,0.06,72.82,6928.38,1.05,7.77,5.04,43.0,16.1,14
2026-08-21T09:50:54Z,celmis-web,0.01,175.1,6928.38,2.53,0.07,0.08,122.0,0.0,12
2026-08-21T09:50:54Z,celmis-sandbox,0.03,39.12,3072.0,1.27,0.0,0.0,15.0,0.0,3
2026-08-21T09:50:54Z,celmis-qdrant,0.10,237.8,6928.38,3.43,0.01,0.01,71.3,0.0,25
2026-08-21T09:51:01Z,celmis-api,0.23,364.7,6928.38,5.26,15.6,15.3,315.0,2908.16,11
2026-08-21T09:51:01Z,celmis-postgres,0.00,73.06,6928.38,1.05,7.78,5.04,43.0,16.1,14
2026-08-21T09:51:01Z,celmis-web,0.01,175.1,6928.38,2.53,0.07,0.08,122.0,0.0,12
2026-08-21T09:51:01Z,celmis-sandbox,0.02,39.3,3072.0,1.28,0.0,0.0,15.0,0.0,3
2026-08-21T09:51:01Z,celmis-qdrant,0.10,237.9,6928.38,3.43,0.01,0.01,71.3,0.0,25
2026-08-21T09:51:09Z,celmis-api,0.16,364.7,6928.38,5.26,15.6,15.3,315.0,2908.16,11
2026-08-21T09:51:09Z,celmis-postgres,0.03,72.84,6928.38,1.05,7.78,5.04,43.0,16.1,14
2026-08-21T09:51:09Z,celmis-web,0.00,175.1,6928.38,2.53,0.07,0.08,122.0,0.0,12
2026-08-21T09:51:09Z,celmis-sandbox,0.02,39.3,3072.0,1.28,0.0,0.0,15.0,0.0,3
2026-08-21T09:51:09Z,celmis-qdrant,0.04,237.9,6928.38,3.43,0.01,0.01,71.3,0.0,25
2026-08-21T09:51:17Z,celmis-api,0.23,364.7,6928.38,5.26,15.6,15.3,315.0,2908.16,11
2026-08-21T09:51:17Z,celmis-postgres,0.04,72.91,6928.38,1.05,7.78,5.04,43.0,16.2,14
2026-08-21T09:51:17Z,celmis-web,0.01,175.1,6928.38,2.53,0.07,0.08,122.0,0.0,12
2026-08-21T09:51:17Z,celmis-sandbox,0.02,39.3,3072.0,1.28,0.0,0.0,15.0,0.0,3
2026-08-21T09:51:17Z,celmis-qdrant,0.10,237.8,6928.38,3.43,0.01,0.01,71.3,0.0,25
2026-08-21T09:51:24Z,celmis-api,0.37,364.4,6928.38,5.26,15.6,15.3,315.0,2908.16,11
2026-08-21T09:51:24Z,celmis-postgres,0.03,72.94,6928.38,1.05,7.78,5.05,43.0,16.2,14
2026-08-21T09:51:24Z,celmis-web,0.00,175.0,6928.38,2.53,0.07,0.08,122.0,0.0,12
2026-08-21T09:51:24Z,celmis-sandbox,0.03,39.3,3072.0,1.28,0.0,0.0,15.0,0.0,3
2026-08-21T09:51:24Z,celmis-qdrant,0.10,237.8,6928.38,3.43,0.01,0.01,71.3,0.0,25
2026-08-21T09:51:31Z,celmis-api,0.30,364.4,6928.38,5.26,15.6,15.3,315.0,2908.16,11
2026-08-21T09:51:31Z,celmis-postgres,0.00,72.97,6928.38,1.05,7.78,5.05,43.0,16.2,14
2026-08-21T09:51:31Z,celmis-web,0.01,175.0,6928.38,2.53,0.07,0.08,122.0,0.0,12
2026-08-21T09:51:31Z,celmis-sandbox,0.03,39.22,3072.0,1.28,0.0,0.0,15.0,0.0,3
2026-08-21T09:51:31Z,celmis-qdrant,0.08,238.2,6928.38,3.44,0.01,0.01,71.3,0.0,25
2026-08-21T09:51:39Z,celmis-api,0.29,364.4,6928.38,5.26,15.6,15.3,315.0,2908.16,11
2026-08-21T09:51:39Z,celmis-postgres,0.00,73.19,6928.38,1.06,7.79,5.05,43.0,16.2,14
2026-08-21T09:51:39Z,celmis-web,0.01,175.2,6928.38,2.53,0.07,0.08,122.0,0.0,12
2026-08-21T09:51:39Z,celmis-sandbox,0.04,39.22,3072.0,1.28,0.0,0.0,15.0,0.0,3
2026-08-21T09:51:39Z,celmis-qdrant,0.07,238.2,6928.38,3.44,0.01,0.01,71.3,0.0,25
2026-08-21T09:51:47Z,celmis-api,0.23,364.3,6928.38,5.26,15.6,15.3,315.0,2908.16,11
2026-08-21T09:51:47Z,celmis-postgres,0.07,72.94,6928.38,1.05,7.79,5.05,43.0,16.2,14
2026-08-21T09:51:47Z,celmis-web,0.01,175.2,6928.38,2.53,0.07,0.08,122.0,0.0,12
2026-08-21T09:51:47Z,celmis-sandbox,0.03,39.22,3072.0,1.28,0.0,0.0,15.0,0.0,3
2026-08-21T09:51:47Z,celmis-qdrant,0.13,238.1,6928.38,3.44,0.01,0.01,71.3,0.0,25
2026-08-21T09:51:54Z,celmis-api,0.38,364.4,6928.38,5.26,15.6,15.3,315.0,2908.16,11
2026-08-21T09:51:54Z,celmis-postgres,0.08,72.82,6928.38,1.05,7.79,5.05,43.0,16.2,14
2026-08-21T09:51:54Z,celmis-web,0.01,175.6,6928.38,2.53,0.07,0.08,122.0,0.0,12
2026-08-21T09:51:54Z,celmis-sandbox,0.03,39.22,3072.0,1.28,0.0,0.0,15.0,0.0,3
2026-08-21T09:51:54Z,celmis-qdrant,0.06,238.1,6928.38,3.44,0.01,0.01,71.3,0.0,25
2026-08-21T09:52:01Z,celmis-api,0.25,364.4,6928.38,5.26,15.6,15.3,315.0,2908.16,11
2026-08-21T09:52:01Z,celmis-postgres,0.00,72.78,6928.38,1.05,7.79,5.06,43.0,16.2,14
2026-08-21T09:52:01Z,celmis-web,0.01,175.6,6928.38,2.53,0.07,0.08,122.0,0.0,12
2026-08-21T09:52:01Z,celmis-sandbox,0.03,39.39,3072.0,1.28,0.0,0.0,15.0,0.0,3
2026-08-21T09:52:01Z,celmis-qdrant,0.07,238.0,6928.38,3.43,0.01,0.01,71.3,0.0,25
2026-08-21T09:52:09Z,celmis-api,0.38,364.4,6928.38,5.26,15.6,15.3,315.0,2908.16,11
2026-08-21T09:52:09Z,celmis-postgres,0.17,72.8,6928.38,1.05,7.79,5.06,43.0,16.2,14
2026-08-21T09:52:09Z,celmis-web,0.03,175.2,6928.38,2.53,0.07,0.08,122.0,0.0,12
2026-08-21T09:52:09Z,celmis-sandbox,0.03,39.39,3072.0,1.28,0.0,0.0,15.0,0.0,3
2026-08-21T09:52:09Z,celmis-qdrant,0.07,238.0,6928.38,3.43,0.01,0.01,71.3,0.0,25
2026-08-21T09:52:17Z,celmis-api,0.20,364.4,6928.38,5.26,15.6,15.3,315.0,2908.16,11
2026-08-21T09:52:17Z,celmis-postgres,0.03,72.86,6928.38,1.05,7.8,5.06,43.0,16.5,14
2026-08-21T09:52:17Z,celmis-web,0.00,175.2,6928.38,2.53,0.07,0.08,122.0,0.0,12
2026-08-21T09:52:17Z,celmis-sandbox,0.02,39.39,3072.0,1.28,0.0,0.0,15.0,0.0,3
2026-08-21T09:52:17Z,celmis-qdrant,0.08,237.9,6928.38,3.43,0.01,0.01,71.3,0.0,25
2026-08-21T09:52:24Z,celmis-api,0.25,364.6,6928.38,5.26,15.6,15.3,315.0,2908.16,11
2026-08-21T09:52:24Z,celmis-postgres,1.61,73.22,6928.38,1.06,7.8,5.06,43.0,16.5,14
2026-08-21T09:52:24Z,celmis-web,0.00,175.5,6928.38,2.53,0.07,0.08,122.0,0.0,12
2026-08-21T09:52:24Z,celmis-sandbox,0.03,39.39,3072.0,1.28,0.0,0.0,15.0,0.0,3
2026-08-21T09:52:24Z,celmis-qdrant,0.11,237.9,6928.38,3.43,0.01,0.01,71.3,0.0,25
2026-08-21T09:52:31Z,celmis-api,0.23,364.6,6928.38,5.26,15.6,15.3,315.0,2908.16,11
2026-08-21T09:52:31Z,celmis-postgres,0.00,72.96,6928.38,1.05,7.8,5.06,43.0,16.5,14
2026-08-21T09:52:31Z,celmis-web,0.01,175.5,6928.38,2.53,0.07,0.08,122.0,0.0,12
2026-08-21T09:52:31Z,celmis-sandbox,0.03,39.52,3072.0,1.29,0.0,0.0,15.0,0.0,3
2026-08-21T09:52:31Z,celmis-qdrant,0.09,238.0,6928.38,3.43,0.01,0.01,71.3,0.0,25
2026-08-21T09:52:39Z,celmis-api,0.56,364.5,6928.38,5.26,15.6,15.3,315.0,2908.16,11
2026-08-21T09:52:39Z,celmis-postgres,0.10,72.9,6928.38,1.05,7.8,5.07,43.0,16.5,14
2026-08-21T09:52:39Z,celmis-web,0.02,175.5,6928.38,2.53,0.07,0.08,122.0,0.0,12
2026-08-21T09:52:39Z,celmis-sandbox,0.03,39.52,3072.0,1.29,0.0,0.0,15.0,0.0,3
2026-08-21T09:52:39Z,celmis-qdrant,0.09,238.0,6928.38,3.43,0.01,0.01,71.3,0.0,25
2026-08-21T09:52:47Z,celmis-api,0.25,364.5,6928.38,5.26,15.6,15.3,315.0,2908.16,11
2026-08-21T09:52:47Z,celmis-postgres,0.00,72.87,6928.38,1.05,7.81,5.07,43.0,16.5,14
2026-08-21T09:52:47Z,celmis-web,0.01,175.5,6928.38,2.53,0.07,0.08,122.0,0.0,12
2026-08-21T09:52:47Z,celmis-sandbox,0.02,39.52,3072.0,1.29,0.0,0.0,15.0,0.0,3
2026-08-21T09:52:47Z,celmis-qdrant,0.11,237.9,6928.38,3.43,0.01,0.01,71.3,0.0,25
2026-08-21T09:52:54Z,celmis-api,0.52,364.7,6928.38,5.26,15.6,15.3,315.0,2908.16,11
2026-08-21T09:52:54Z,celmis-postgres,0.12,72.92,6928.38,1.05,7.81,5.07,43.0,16.5,14
2026-08-21T09:52:54Z,celmis-web,0.01,175.4,6928.38,2.53,0.07,0.08,122.0,0.0,12
2026-08-21T09:52:54Z,celmis-sandbox,0.03,39.52,3072.0,1.29,0.0,0.0,15.0,0.0,3
2026-08-21T09:52:54Z,celmis-qdrant,0.08,237.9,6928.38,3.43,0.01,0.01,71.3,0.0,25
2026-08-21T09:53:01Z,celmis-api,0.28,364.7,6928.38,5.26,15.6,15.3,315.0,2908.16,11
2026-08-21T09:53:01Z,celmis-postgres,0.00,73.27,6928.38,1.06,7.81,5.07,43.0,16.5,14
2026-08-21T09:53:01Z,celmis-web,0.01,175.4,6928.38,2.53,0.07,0.08,122.0,0.0,12
2026-08-21T09:53:01Z,celmis-sandbox,0.02,39.45,3072.0,1.28,0.0,0.0,15.0,0.0,3
2026-08-21T09:53:01Z,celmis-qdrant,0.10,237.8,6928.38,3.43,0.01,0.01,71.3,0.0,25
2026-08-21T09:53:09Z,celmis-api,0.43,364.6,6928.38,5.26,15.6,15.3,315.0,2908.16,11
2026-08-21T09:53:09Z,celmis-postgres,0.07,72.88,6928.38,1.05,7.81,5.07,43.0,16.5,14
2026-08-21T09:53:09Z,celmis-web,0.02,175.5,6928.38,2.53,0.07,0.08,122.0,0.0,12
2026-08-21T09:53:09Z,celmis-sandbox,0.03,39.45,3072.0,1.28,0.0,0.0,15.0,0.0,3
2026-08-21T09:53:09Z,celmis-qdrant,0.09,237.8,6928.38,3.43,0.01,0.01,71.3,0.0,25
2026-08-21T09:53:17Z,celmis-api,0.24,364.8,6928.38,5.27,15.6,15.3,315.0,2908.16,11
2026-08-21T09:53:17Z,celmis-postgres,0.00,72.98,6928.38,1.05,7.82,5.08,43.0,16.5,14
2026-08-21T09:53:17Z,celmis-web,0.01,175.5,6928.38,2.53,0.07,0.08,122.0,0.0,12
2026-08-21T09:53:17Z,celmis-sandbox,0.03,39.45,3072.0,1.28,0.0,0.0,15.0,0.0,3
2026-08-21T09:53:17Z,celmis-qdrant,0.10,237.9,6928.38,3.43,0.01,0.01,71.3,0.0,25
2026-08-21T09:53:24Z,celmis-api,0.22,364.5,6928.38,5.26,15.6,15.3,315.0,2908.16,11
2026-08-21T09:53:24Z,celmis-postgres,0.11,72.96,6928.38,1.05,7.82,5.08,43.0,16.5,14
2026-08-21T09:53:24Z,celmis-web,0.00,175.8,6928.38,2.54,0.07,0.08,122.0,0.0,12
2026-08-21T09:53:24Z,celmis-sandbox,0.03,39.45,3072.0,1.28,0.0,0.0,15.0,0.0,3
2026-08-21T09:53:24Z,celmis-qdrant,0.11,237.9,6928.38,3.43,0.01,0.01,71.3,0.0,25
2026-08-21T09:53:31Z,celmis-api,0.27,364.5,6928.38,5.26,15.6,15.3,315.0,2908.16,11
2026-08-21T09:53:31Z,celmis-postgres,0.56,72.79,6928.38,1.05,7.82,5.08,43.0,16.5,14
2026-08-21T09:53:31Z,celmis-web,0.01,175.8,6928.38,2.54,0.07,0.08,122.0,0.0,12
2026-08-21T09:53:31Z,celmis-sandbox,0.03,39.37,3072.0,1.28,0.0,0.0,15.0,0.0,3
2026-08-21T09:53:31Z,celmis-qdrant,0.07,238.1,6928.38,3.44,0.01,0.01,71.3,0.0,25
2026-08-21T09:53:39Z,celmis-api,0.55,364.5,6928.38,5.26,15.6,15.3,315.0,2908.16,11
2026-08-21T09:53:39Z,celmis-postgres,0.09,73.11,6928.38,1.06,7.82,5.08,43.0,16.5,14
2026-08-21T09:53:39Z,celmis-web,0.00,175.7,6928.38,2.54,0.07,0.08,122.0,0.0,12
2026-08-21T09:53:39Z,celmis-sandbox,0.03,39.37,3072.0,1.28,0.0,0.0,15.0,0.0,3
2026-08-21T09:53:39Z,celmis-qdrant,0.09,238.1,6928.38,3.44,0.01,0.01,71.3,0.0,25
2026-08-21T09:53:47Z,celmis-api,0.25,364.5,6928.38,5.26,15.6,15.3,315.0,2908.16,11
2026-08-21T09:53:47Z,celmis-postgres,0.00,73.0,6928.38,1.05,7.83,5.08,43.0,16.5,14
2026-08-21T09:53:47Z,celmis-web,0.01,175.7,6928.38,2.54,0.07,0.08,122.0,0.0,12
2026-08-21T09:53:47Z,celmis-sandbox,0.03,39.37,3072.0,1.28,0.0,0.0,15.0,0.0,3
2026-08-21T09:53:47Z,celmis-qdrant,0.12,238.0,6928.38,3.43,0.01,0.01,71.3,0.0,25
2026-08-21T09:53:54Z,celmis-api,0.44,364.4,6928.38,5.26,15.6,15.3,315.0,2908.16,11
2026-08-21T09:53:54Z,celmis-postgres,0.12,73.1,6928.38,1.05,7.83,5.09,43.0,16.5,14
2026-08-21T09:53:54Z,celmis-web,0.01,176.1,6928.38,2.54,0.07,0.08,122.0,0.0,12
2026-08-21T09:53:54Z,celmis-sandbox,0.03,39.37,3072.0,1.28,0.0,0.0,15.0,0.0,3
2026-08-21T09:53:54Z,celmis-qdrant,0.06,238.0,6928.38,3.43,0.01,0.01,71.3,0.0,25
2026-08-21T09:54:01Z,celmis-api,0.25,364.4,6928.38,5.26,15.6,15.4,315.0,2908.16,11
2026-08-21T09:54:01Z,celmis-postgres,0.00,72.87,6928.38,1.05,7.83,5.09,43.0,16.5,14
2026-08-21T09:54:01Z,celmis-web,0.01,176.1,6928.38,2.54,0.07,0.08,122.0,0.0,12
2026-08-21T09:54:01Z,celmis-sandbox,0.03,39.55,3072.0,1.29,0.0,0.0,15.0,0.0,3
2026-08-21T09:54:01Z,celmis-qdrant,0.07,237.9,6928.38,3.43,0.01,0.01,71.3,0.0,25
2026-08-21T09:54:09Z,celmis-api,0.51,364.6,6928.38,5.26,15.6,15.4,315.0,2908.16,11
2026-08-21T09:54:09Z,celmis-postgres,0.11,72.83,6928.38,1.05,7.83,5.09,43.0,16.5,14
2026-08-21T09:54:09Z,celmis-web,0.01,176.0,6928.38,2.54,0.07,0.08,122.0,0.0,12
2026-08-21T09:54:09Z,celmis-sandbox,0.03,39.55,3072.0,1.29,0.0,0.0,15.0,0.0,3
2026-08-21T09:54:09Z,celmis-qdrant,0.15,237.9,6928.38,3.43,0.01,0.01,71.3,0.0,25
2026-08-21T09:54:17Z,celmis-api,0.22,364.6,6928.38,5.26,15.6,15.4,315.0,2908.16,11
2026-08-21T09:54:17Z,celmis-postgres,0.00,72.88,6928.38,1.05,7.83,5.09,43.0,16.5,14
2026-08-21T09:54:17Z,celmis-web,0.00,176.0,6928.38,2.54,0.07,0.08,122.0,0.0,12
2026-08-21T09:54:17Z,celmis-sandbox,0.02,39.55,3072.0,1.29,0.0,0.0,15.0,0.0,3
2026-08-21T09:54:17Z,celmis-qdrant,0.10,237.8,6928.38,3.43,0.01,0.01,71.3,0.0,25
2026-08-21T09:54:24Z,celmis-api,0.48,364.6,6928.38,5.26,15.6,15.4,315.0,2908.16,11
2026-08-21T09:54:24Z,celmis-postgres,1.91,72.94,6928.38,1.05,7.84,5.09,43.0,16.6,14
2026-08-21T09:54:24Z,celmis-web,0.00,176.2,6928.38,2.54,0.07,0.08,122.0,0.0,12
2026-08-21T09:54:24Z,celmis-sandbox,0.03,39.55,3072.0,1.29,0.0,0.0,15.0,0.0,3
2026-08-21T09:54:24Z,celmis-qdrant,0.06,237.8,6928.38,3.43,0.01,0.01,71.3,0.0,25
2026-08-21T09:54:31Z,celmis-api,0.24,364.6,6928.38,5.26,15.6,15.4,315.0,2908.16,11
2026-08-21T09:54:31Z,celmis-postgres,0.00,72.69,6928.38,1.05,7.84,5.1,43.0,16.6,14
2026-08-21T09:54:31Z,celmis-web,0.01,176.2,6928.38,2.54,0.07,0.08,122.0,0.0,12
2026-08-21T09:54:31Z,celmis-sandbox,0.02,39.47,3072.0,1.28,0.0,0.0,15.0,0.0,3
2026-08-21T09:54:31Z,celmis-qdrant,0.07,237.9,6928.38,3.43,0.01,0.01,71.3,0.0,25
2026-08-21T09:54:39Z,celmis-api,0.51,364.5,6928.38,5.26,15.6,15.4,315.0,2908.16,11
2026-08-21T09:54:39Z,celmis-postgres,1.69,72.92,6928.38,1.05,7.84,5.1,43.0,16.6,14
2026-08-21T09:54:39Z,celmis-web,0.00,176.1,6928.38,2.54,0.07,0.08,122.0,0.0,12
2026-08-21T09:54:39Z,celmis-sandbox,0.03,39.47,3072.0,1.28,0.0,0.0,15.0,0.0,3
2026-08-21T09:54:39Z,celmis-qdrant,0.08,237.9,6928.38,3.43,0.01,0.01,71.3,0.0,25
2026-08-21T09:54:47Z,celmis-api,0.24,364.5,6928.38,5.26,15.6,15.4,315.0,2908.16,11
2026-08-21T09:54:47Z,celmis-postgres,0.00,73.1,6928.38,1.06,7.84,5.1,43.0,16.6,14
2026-08-21T09:54:47Z,celmis-web,0.00,176.1,6928.38,2.54,0.07,0.08,122.0,0.0,12
2026-08-21T09:54:47Z,celmis-sandbox,0.03,39.47,3072.0,1.28,0.0,0.0,15.0,0.0,3
2026-08-21T09:54:47Z,celmis-qdrant,0.08,237.9,6928.38,3.43,0.01,0.01,71.3,0.0,25
2026-08-21T09:54:54Z,celmis-api,0.52,364.5,6928.38,5.26,15.6,15.4,315.0,2908.16,11
2026-08-21T09:54:54Z,celmis-postgres,0.03,72.69,6928.38,1.05,7.84,5.1,43.0,16.6,14
2026-08-21T09:54:54Z,celmis-web,0.00,176.2,6928.38,2.54,0.07,0.08,122.0,0.0,12
2026-08-21T09:54:54Z,celmis-sandbox,0.02,39.47,3072.0,1.28,0.0,0.0,15.0,0.0,3
2026-08-21T09:54:54Z,celmis-qdrant,0.11,237.9,6928.38,3.43,0.01,0.01,71.3,0.0,25
2026-08-21T09:55:01Z,celmis-api,0.32,364.5,6928.38,5.26,15.6,15.4,315.0,2908.16,11
2026-08-21T09:55:01Z,celmis-postgres,0.00,73.36,6928.38,1.06,7.85,5.1,43.0,16.6,14
2026-08-21T09:55:01Z,celmis-web,0.00,176.2,6928.38,2.54,0.07,0.08,122.0,0.0,12
2026-08-21T09:55:01Z,celmis-sandbox,0.04,39.36,3072.0,1.28,0.0,0.0,15.0,0.0,3
2026-08-21T09:55:01Z,celmis-qdrant,0.07,237.8,6928.38,3.43,0.01,0.01,71.3,0.0,25
2026-08-21T09:55:09Z,celmis-api,0.51,364.6,6928.38,5.26,15.6,15.4,315.0,2908.16,11
2026-08-21T09:55:09Z,celmis-postgres,0.00,73.17,6928.38,1.06,7.85,5.1,43.0,16.6,14
2026-08-21T09:55:09Z,celmis-web,1.40,176.4,6928.38,2.55,0.07,0.08,122.0,0.0,12
2026-08-21T09:55:09Z,celmis-sandbox,0.03,39.36,3072.0,1.28,0.0,0.0,15.0,0.0,3
2026-08-21T09:55:09Z,celmis-qdrant,0.07,237.8,6928.38,3.43,0.01,0.01,71.3,0.0,25
2026-08-21T09:55:17Z,celmis-api,0.24,364.6,6928.38,5.26,15.6,15.4,315.0,2908.16,11
2026-08-21T09:55:17Z,celmis-postgres,0.00,72.95,6928.38,1.05,7.85,5.11,43.0,16.6,14
2026-08-21T09:55:17Z,celmis-web,0.01,176.4,6928.38,2.55,0.07,0.08,122.0,0.0,12
2026-08-21T09:55:17Z,celmis-sandbox,0.03,39.36,3072.0,1.28,0.0,0.0,15.0,0.0,3
2026-08-21T09:55:17Z,celmis-qdrant,0.08,237.9,6928.38,3.43,0.01,0.01,71.3,0.0,25
2026-08-21T09:55:24Z,celmis-api,2.14,364.6,6928.38,5.26,15.6,15.4,315.0,2908.16,11
2026-08-21T09:55:24Z,celmis-postgres,1.93,72.82,6928.38,1.05,7.85,5.11,43.0,16.6,14
2026-08-21T09:55:24Z,celmis-web,0.00,176.5,6928.38,2.55,0.07,0.08,122.0,0.0,12
2026-08-21T09:55:24Z,celmis-sandbox,0.02,39.36,3072.0,1.28,0.0,0.0,15.0,0.0,3
2026-08-21T09:55:24Z,celmis-qdrant,0.08,237.9,6928.38,3.43,0.01,0.01,71.3,0.0,25
2026-08-21T09:55:31Z,celmis-api,0.45,364.6,6928.38,5.26,15.6,15.4,315.0,2908.16,11
2026-08-21T09:55:31Z,celmis-postgres,0.02,73.05,6928.38,1.05,7.86,5.11,43.0,16.6,14
2026-08-21T09:55:31Z,celmis-web,0.01,176.5,6928.38,2.55,0.07,0.08,122.0,0.0,12
2026-08-21T09:55:31Z,celmis-sandbox,0.09,39.55,3072.0,1.29,0.0,0.0,15.0,0.0,3
2026-08-21T09:55:31Z,celmis-qdrant,0.43,237.8,6928.38,3.43,0.01,0.01,71.3,0.0,25
2026-08-21T09:55:39Z,celmis-api,0.39,364.8,6928.38,5.26,15.6,15.4,315.0,2908.16,11
2026-08-21T09:55:39Z,celmis-postgres,1.87,72.79,6928.38,1.05,7.86,5.11,43.0,16.6,14
2026-08-21T09:55:39Z,celmis-web,2.84,176.9,6928.38,2.55,0.07,0.08,122.0,0.0,12
2026-08-21T09:55:39Z,celmis-sandbox,0.02,39.55,3072.0,1.29,0.0,0.0,15.0,0.0,3
2026-08-21T09:55:39Z,celmis-qdrant,0.06,237.8,6928.38,3.43,0.01,0.01,71.3,0.0,25
2026-08-21T09:55:47Z,celmis-api,0.26,364.8,6928.38,5.26,15.6,15.4,315.0,2908.16,11
2026-08-21T09:55:47Z,celmis-postgres,0.01,72.95,6928.38,1.05,7.86,5.12,43.0,16.6,14
2026-08-21T09:55:47Z,celmis-web,0.01,176.7,6928.38,2.55,0.07,0.08,122.0,0.0,12
2026-08-21T09:55:47Z,celmis-sandbox,0.03,39.55,3072.0,1.29,0.0,0.0,15.0,0.0,3
2026-08-21T09:55:47Z,celmis-qdrant,0.12,237.9,6928.38,3.43,0.01,0.01,71.3,0.0,25
2026-08-21T09:55:54Z,celmis-api,0.46,364.7,6928.38,5.26,15.6,15.4,315.0,2908.16,11
2026-08-21T09:55:54Z,celmis-postgres,1.77,73.13,6928.38,1.06,7.86,5.12,43.0,16.6,14
2026-08-21T09:55:54Z,celmis-web,0.01,176.6,6928.38,2.55,0.07,0.08,122.0,0.0,12
2026-08-21T09:55:54Z,celmis-sandbox,0.02,39.55,3072.0,1.29,0.0,0.0,15.0,0.0,3
2026-08-21T09:55:54Z,celmis-qdrant,0.13,237.9,6928.38,3.43,0.01,0.01,71.3,0.0,25
2026-08-21T09:56:01Z,celmis-api,0.21,364.7,6928.38,5.26,15.6,15.4,315.0,2908.16,11
2026-08-21T09:56:01Z,celmis-postgres,0.03,73.0,6928.38,1.05,7.87,5.12,43.0,16.6,14
2026-08-21T09:56:01Z,celmis-web,0.00,176.6,6928.38,2.55,0.07,0.08,122.0,0.0,12
2026-08-21T09:56:01Z,celmis-sandbox,0.02,39.47,3072.0,1.28,0.0,0.0,15.0,0.0,3
2026-08-21T09:56:01Z,celmis-qdrant,0.07,237.8,6928.38,3.43,0.01,0.01,71.3,0.0,25
2026-08-21T09:56:09Z,celmis-api,0.54,364.6,6928.38,5.26,15.6,15.4,315.0,2908.16,11
2026-08-21T09:56:09Z,celmis-postgres,1.76,72.96,6928.38,1.05,7.87,5.12,43.0,16.6,14
2026-08-21T09:56:09Z,celmis-web,0.01,176.5,6928.38,2.55,0.07,0.08,122.0,0.0,12
2026-08-21T09:56:09Z,celmis-sandbox,0.02,39.47,3072.0,1.28,0.0,0.0,15.0,0.0,3
2026-08-21T09:56:09Z,celmis-qdrant,0.08,237.8,6928.38,3.43,0.01,0.01,71.3,0.0,25
2026-08-21T09:56:17Z,celmis-api,0.25,364.6,6928.38,5.26,15.6,15.4,315.0,2908.16,11
2026-08-21T09:56:17Z,celmis-postgres,0.03,72.96,6928.38,1.05,7.87,5.12,43.0,16.6,14
2026-08-21T09:56:17Z,celmis-web,0.00,176.5,6928.38,2.55,0.07,0.08,122.0,0.0,12
2026-08-21T09:56:17Z,celmis-sandbox,0.03,39.47,3072.0,1.28,0.0,0.0,15.0,0.0,3
2026-08-21T09:56:17Z,celmis-qdrant,0.09,237.7,6928.38,3.43,0.01,0.01,71.3,0.0,25
2026-08-21T09:56:24Z,celmis-api,1.90,364.8,6928.38,5.26,15.6,15.4,315.0,2908.16,11
2026-08-21T09:56:24Z,celmis-postgres,0.06,72.64,6928.38,1.05,7.87,5.13,43.0,16.6,14
2026-08-21T09:56:24Z,celmis-web,1.90,177.0,6928.38,2.56,0.07,0.08,122.0,0.0,12
2026-08-21T09:56:24Z,celmis-sandbox,0.03,39.47,3072.0,1.28,0.0,0.0,15.0,0.0,3
2026-08-21T09:56:24Z,celmis-qdrant,0.07,237.7,6928.38,3.43,0.01,0.01,71.3,0.0,25
2026-08-21T09:56:31Z,celmis-api,0.21,364.8,6928.38,5.26,15.7,15.4,315.0,2908.16,11
2026-08-21T09:56:31Z,celmis-postgres,0.81,73.48,6928.38,1.06,7.87,5.13,43.0,16.6,14
2026-08-21T09:56:31Z,celmis-web,0.00,176.8,6928.38,2.55,0.07,0.08,122.0,0.0,12
2026-08-21T09:56:31Z,celmis-sandbox,0.03,39.38,3072.0,1.28,0.0,0.0,15.0,0.0,3
2026-08-21T09:56:31Z,celmis-qdrant,0.07,237.9,6928.38,3.43,0.01,0.01,71.3,0.0,25
2026-08-21T09:56:39Z,celmis-api,0.48,364.7,6928.38,5.26,15.7,15.4,315.0,2908.16,11
2026-08-21T09:56:39Z,celmis-postgres,0.00,73.16,6928.38,1.06,7.88,5.13,43.0,16.6,14
2026-08-21T09:56:39Z,celmis-web,0.00,177.6,6928.38,2.56,0.07,0.08,122.0,0.0,12
2026-08-21T09:56:39Z,celmis-sandbox,0.02,39.38,3072.0,1.28,0.0,0.0,15.0,0.0,3
2026-08-21T09:56:39Z,celmis-qdrant,0.06,237.9,6928.38,3.43,0.01,0.01,71.3,0.0,25
2026-08-21T09:56:47Z,celmis-api,0.24,364.7,6928.38,5.26,15.7,15.4,315.0,2908.16,11
2026-08-21T09:56:47Z,celmis-postgres,0.03,72.91,6928.38,1.05,7.88,5.13,43.0,16.6,14
2026-08-21T09:56:47Z,celmis-web,0.00,177.6,6928.38,2.56,0.07,0.08,122.0,0.0,12
2026-08-21T09:56:47Z,celmis-sandbox,0.03,39.38,3072.0,1.28,0.0,0.0,15.0,0.0,3
2026-08-21T09:56:47Z,celmis-qdrant,0.09,237.8,6928.38,3.43,0.01,0.01,71.3,0.0,25
2026-08-21T09:56:54Z,celmis-api,0.51,364.7,6928.38,5.26,15.7,15.4,315.0,2908.16,11
2026-08-21T09:56:54Z,celmis-postgres,0.10,73.0,6928.38,1.05,7.88,5.13,43.0,16.6,14
2026-08-21T09:56:54Z,celmis-web,2.10,177.8,6928.38,2.57,0.07,0.08,122.0,0.0,12
2026-08-21T09:56:54Z,celmis-sandbox,0.02,39.38,3072.0,1.28,0.0,0.0,15.0,0.0,3
2026-08-21T09:56:54Z,celmis-qdrant,0.10,237.8,6928.38,3.43,0.01,0.01,71.3,0.0,25
2026-08-21T09:57:01Z,celmis-api,0.19,364.7,6928.38,5.26,15.7,15.4,315.0,2908.16,11
2026-08-21T09:57:01Z,celmis-postgres,0.10,73.18,6928.38,1.06,7.88,5.14,43.0,16.6,14
2026-08-21T09:57:01Z,celmis-web,0.00,177.7,6928.38,2.56,0.07,0.08,122.0,0.0,12
2026-08-21T09:57:01Z,celmis-sandbox,0.03,39.55,3072.0,1.29,0.0,0.0,15.0,0.0,3
2026-08-21T09:57:01Z,celmis-qdrant,0.07,237.7,6928.38,3.43,0.01,0.01,71.3,0.0,25
2026-08-21T09:57:09Z,celmis-api,0.45,364.6,6928.38,5.26,15.7,15.4,315.0,2908.16,11
2026-08-21T09:57:09Z,celmis-postgres,0.02,72.92,6928.38,1.05,7.88,5.14,43.0,16.7,14
2026-08-21T09:57:09Z,celmis-web,0.01,177.7,6928.38,2.56,0.07,0.08,122.0,0.0,12
2026-08-21T09:57:09Z,celmis-sandbox,0.02,39.55,3072.0,1.29,0.0,0.0,15.0,0.0,3
2026-08-21T09:57:09Z,celmis-qdrant,0.06,237.7,6928.38,3.43,0.01,0.01,71.3,0.0,25
2026-08-21T09:57:17Z,celmis-api,0.24,364.6,6928.38,5.26,15.7,15.4,315.0,2908.16,11
2026-08-21T09:57:17Z,celmis-postgres,0.03,73.08,6928.38,1.05,7.89,5.14,43.0,16.7,14
2026-08-21T09:57:17Z,celmis-web,0.01,177.7,6928.38,2.56,0.07,0.08,122.0,0.0,12
2026-08-21T09:57:17Z,celmis-sandbox,0.03,39.55,3072.0,1.29,0.0,0.0,15.0,0.0,3
2026-08-21T09:57:17Z,celmis-qdrant,0.09,237.6,6928.38,3.43,0.01,0.01,71.3,0.0,25
2026-08-21T09:57:24Z,celmis-api,0.47,364.5,6928.38,5.26,15.7,15.4,315.0,2908.16,11
2026-08-21T09:57:24Z,celmis-postgres,0.10,72.95,6928.38,1.05,7.89,5.14,43.0,16.7,14
2026-08-21T09:57:24Z,celmis-web,1.98,177.7,6928.38,2.57,0.07,0.08,122.0,0.0,12
2026-08-21T09:57:24Z,celmis-sandbox,0.02,39.55,3072.0,1.29,0.0,0.0,15.0,0.0,3
2026-08-21T09:57:24Z,celmis-qdrant,0.12,237.6,6928.38,3.43,0.01,0.01,71.3,0.0,25
2026-08-21T09:57:31Z,celmis-api,0.34,364.5,6928.38,5.26,15.7,15.4,315.0,2908.16,11
2026-08-21T09:57:31Z,celmis-postgres,0.71,73.04,6928.38,1.05,7.89,5.14,43.0,16.7,14
2026-08-21T09:57:31Z,celmis-web,0.01,177.6,6928.38,2.56,0.07,0.08,122.0,0.0,12
2026-08-21T09:57:31Z,celmis-sandbox,0.02,39.73,3072.0,1.29,0.0,0.0,15.0,0.0,3
2026-08-21T09:57:31Z,celmis-qdrant,0.18,237.8,6928.38,3.43,0.01,0.01,71.3,0.0,25
2026-08-21T10:13:19Z,celmis-api,0.53,364.4,6928.38,5.26,15.7,15.4,315.0,2908.16,11
2026-08-21T10:13:19Z,celmis-postgres,0.08,72.79,6928.38,1.05,7.89,5.15,43.0,16.7,14
2026-08-21T10:13:19Z,celmis-web,0.01,177.9,6928.38,2.57,0.07,0.08,122.0,0.0,12
2026-08-21T10:13:19Z,celmis-sandbox,0.03,39.73,3072.0,1.29,0.0,0.0,15.0,0.0,3
2026-08-21T10:13:19Z,celmis-qdrant,0.11,237.8,6928.38,3.43,0.01,0.01,71.3,0.0,25
2026-08-21T10:13:27Z,celmis-api,0.24,364.4,6928.38,5.26,15.7,15.4,315.0,2908.16,11
2026-08-21T10:13:27Z,celmis-postgres,0.04,72.8,6928.38,1.05,7.9,5.15,43.0,16.8,14
2026-08-21T10:13:27Z,celmis-web,0.01,177.9,6928.38,2.57,0.07,0.08,122.0,0.0,12
2026-08-21T10:13:27Z,celmis-sandbox,0.05,39.73,3072.0,1.29,0.0,0.0,15.0,0.0,3
2026-08-21T10:13:27Z,celmis-qdrant,0.16,237.9,6928.38,3.43,0.01,0.01,71.3,0.0,25
2026-08-21T10:13:34Z,celmis-api,0.46,364.3,6928.38,5.26,15.7,15.4,315.0,2908.16,11
2026-08-21T10:13:34Z,celmis-postgres,0.10,72.78,6928.38,1.05,7.9,5.15,43.0,16.8,14
2026-08-21T10:13:34Z,celmis-web,0.00,177.8,6928.38,2.57,0.07,0.08,122.0,0.0,12
2026-08-21T10:13:34Z,celmis-sandbox,0.03,39.73,3072.0,1.29,0.0,0.0,15.0,0.0,3
2026-08-21T10:13:34Z,celmis-qdrant,0.09,237.9,6928.38,3.43,0.01,0.01,71.3,0.0,25
2026-08-21T10:13:42Z,celmis-api,0.25,364.4,6928.38,5.26,15.7,15.4,315.0,2908.16,11
2026-08-21T10:13:42Z,celmis-postgres,0.00,72.87,6928.38,1.05,7.9,5.15,43.0,16.8,14
2026-08-21T10:13:42Z,celmis-web,0.00,177.8,6928.38,2.57,0.07,0.08,122.0,0.0,12
2026-08-21T10:13:42Z,celmis-sandbox,0.03,39.67,3072.0,1.29,0.0,0.0,15.0,0.0,3
2026-08-21T10:13:42Z,celmis-qdrant,0.06,237.8,6928.38,3.43,0.01,0.01,71.3,0.0,25
2026-08-21T10:13:49Z,celmis-api,0.27,364.3,6928.38,5.26,15.7,15.4,315.0,2908.16,11
2026-08-21T10:13:49Z,celmis-postgres,0.11,72.87,6928.38,1.05,7.9,5.15,43.0,16.8,14
2026-08-21T10:13:49Z,celmis-web,0.01,177.5,6928.38,2.56,0.07,0.08,122.0,0.0,12
2026-08-21T10:13:49Z,celmis-sandbox,0.03,39.67,3072.0,1.29,0.0,0.0,15.0,0.0,3
2026-08-21T10:13:49Z,celmis-qdrant,0.07,237.8,6928.38,3.43,0.01,0.01,71.3,0.0,25
2026-08-21T10:13:57Z,celmis-api,0.14,364.5,6928.38,5.26,15.7,15.4,315.0,2908.16,11
2026-08-21T10:13:57Z,celmis-postgres,0.02,72.99,6928.38,1.05,7.91,5.16,43.0,16.8,14
2026-08-21T10:13:57Z,celmis-web,0.00,177.5,6928.38,2.56,0.07,0.08,122.0,0.0,12
2026-08-21T10:13:57Z,celmis-sandbox,0.02,39.67,3072.0,1.29,0.0,0.0,15.0,0.0,3
2026-08-21T10:13:57Z,celmis-qdrant,0.06,237.7,6928.38,3.43,0.01,0.01,71.3,0.0,25
2026-08-21T10:14:05Z,celmis-api,0.44,364.5,6928.38,5.26,15.7,15.4,315.0,2908.16,11
2026-08-21T10:14:05Z,celmis-postgres,0.10,72.68,6928.38,1.05,7.91,5.16,43.0,16.8,14
2026-08-21T10:14:05Z,celmis-web,0.00,177.9,6928.38,2.57,0.07,0.08,122.0,0.0,12
2026-08-21T10:14:05Z,celmis-sandbox,0.03,39.67,3072.0,1.29,0.0,0.0,15.0,0.0,3
2026-08-21T10:14:05Z,celmis-qdrant,0.08,237.7,6928.38,3.43,0.01,0.01,71.3,0.0,25
2026-08-21T10:14:12Z,celmis-api,0.27,364.8,6928.38,5.26,15.7,15.4,315.0,2908.16,11
2026-08-21T10:14:12Z,celmis-postgres,0.61,73.26,6928.38,1.06,7.91,5.16,43.0,16.8,14
2026-08-21T10:14:12Z,celmis-web,0.00,177.8,6928.38,2.57,0.07,0.08,122.0,0.0,12
2026-08-21T10:14:12Z,celmis-sandbox,0.02,39.6,3072.0,1.29,0.0,0.0,15.0,0.0,3
2026-08-21T10:14:12Z,celmis-qdrant,0.10,237.6,6928.38,3.43,0.01,0.01,71.3,0.0,25
2026-08-21T10:14:19Z,celmis-api,0.42,364.5,6928.38,5.26,15.7,15.4,315.0,2908.16,11
2026-08-21T10:14:19Z,celmis-postgres,0.08,72.96,6928.38,1.05,7.91,5.16,43.0,16.8,14
2026-08-21T10:14:19Z,celmis-web,0.00,178.0,6928.38,2.57,0.07,0.08,122.0,0.0,12
2026-08-21T10:14:19Z,celmis-sandbox,0.03,39.6,3072.0,1.29,0.0,0.0,15.0,0.0,3
2026-08-21T10:14:19Z,celmis-qdrant,0.08,237.6,6928.38,3.43,0.01,0.01,71.3,0.0,25
2026-08-21T10:14:27Z,celmis-api,0.25,364.7,6928.38,5.26,15.7,15.4,315.0,2908.16,11
2026-08-21T10:14:27Z,celmis-postgres,0.03,72.78,6928.38,1.05,7.92,5.17,43.0,16.8,14
2026-08-21T10:14:27Z,celmis-web,0.01,177.9,6928.38,2.57,0.07,0.08,122.0,0.0,12
2026-08-21T10:14:27Z,celmis-sandbox,0.03,39.6,3072.0,1.29,0.0,0.0,15.0,0.0,3
2026-08-21T10:14:27Z,celmis-qdrant,0.10,237.7,6928.38,3.43,0.01,0.01,71.3,0.0,25
2026-08-21T10:14:35Z,celmis-api,0.45,364.6,6928.38,5.26,15.7,15.4,315.0,2908.16,11
2026-08-21T10:14:35Z,celmis-postgres,0.10,72.78,6928.38,1.05,7.92,5.17,43.0,16.8,14
2026-08-21T10:14:35Z,celmis-web,0.00,177.7,6928.38,2.56,0.07,0.08,122.0,0.0,12
2026-08-21T10:14:35Z,celmis-sandbox,0.02,39.6,3072.0,1.29,0.0,0.0,15.0,0.0,3
2026-08-21T10:14:35Z,celmis-qdrant,0.08,237.7,6928.38,3.43,0.01,0.01,71.3,0.0,25
2026-08-21T10:14:42Z,celmis-api,0.25,364.6,6928.38,5.26,15.7,15.4,315.0,2908.16,11
2026-08-21T10:14:42Z,celmis-postgres,0.00,73.04,6928.38,1.05,7.92,5.17,43.0,16.8,14
2026-08-21T10:14:42Z,celmis-web,0.00,177.7,6928.38,2.56,0.07,0.08,122.0,0.0,12
2026-08-21T10:14:42Z,celmis-sandbox,0.02,39.53,3072.0,1.29,0.0,0.0,15.0,0.0,3
2026-08-21T10:14:42Z,celmis-qdrant,0.07,237.7,6928.38,3.43,0.01,0.01,71.3,0.0,25
2026-08-21T10:14:49Z,celmis-api,1.50,364.6,6928.38,5.26,15.7,15.4,315.0,2908.16,11
2026-08-21T10:14:49Z,celmis-postgres,0.07,72.79,6928.38,1.05,7.92,5.17,43.0,16.8,14
2026-08-21T10:14:49Z,celmis-web,0.00,178.0,6928.38,2.57,0.07,0.08,122.0,0.0,12
2026-08-21T10:14:49Z,celmis-sandbox,0.03,39.53,3072.0,1.29,0.0,0.0,15.0,0.0,3
2026-08-21T10:14:49Z,celmis-qdrant,0.08,237.7,6928.38,3.43,0.01,0.01,71.3,0.0,25
2026-08-21T10:14:57Z,celmis-api,0.27,364.6,6928.38,5.26,15.7,15.4,315.0,2908.16,11
2026-08-21T10:14:57Z,celmis-postgres,0.03,72.86,6928.38,1.05,7.93,5.17,43.0,16.8,14
2026-08-21T10:14:57Z,celmis-web,0.00,178.0,6928.38,2.57,0.07,0.08,122.0,0.0,12
2026-08-21T10:14:57Z,celmis-sandbox,0.04,39.53,3072.0,1.29,0.0,0.0,15.0,0.0,3
2026-08-21T10:14:57Z,celmis-qdrant,0.12,237.8,6928.38,3.43,0.01,0.01,71.3,0.0,25
2026-08-21T10:15:05Z,celmis-api,0.54,364.5,6928.38,5.26,15.7,15.4,315.0,2908.16,11
2026-08-21T10:15:05Z,celmis-postgres,0.11,72.83,6928.38,1.05,7.93,5.18,43.0,16.8,14
2026-08-21T10:15:05Z,celmis-web,0.01,177.8,6928.38,2.57,0.07,0.08,122.0,0.0,12
2026-08-21T10:15:05Z,celmis-sandbox,0.03,39.53,3072.0,1.29,0.0,0.0,15.0,0.0,3
2026-08-21T10:15:05Z,celmis-qdrant,0.09,237.8,6928.38,3.43,0.01,0.01,71.3,0.0,25
2026-08-21T10:15:12Z,celmis-api,0.21,364.5,6928.38,5.26,15.7,15.5,315.0,2908.16,11
2026-08-21T10:15:12Z,celmis-postgres,2.49,73.23,6928.38,1.06,7.93,5.18,43.0,16.8,14
2026-08-21T10:15:12Z,celmis-web,0.00,177.8,6928.38,2.57,0.07,0.08,122.0,0.0,12
2026-08-21T10:15:12Z,celmis-sandbox,0.02,39.42,3072.0,1.28,0.0,0.0,15.0,0.0,3
2026-08-21T10:15:12Z,celmis-qdrant,0.09,237.7,6928.38,3.43,0.01,0.01,71.3,0.0,25
2026-08-21T10:15:19Z,celmis-api,0.48,364.7,6928.38,5.26,15.7,15.5,315.0,2908.16,11
2026-08-21T10:15:19Z,celmis-postgres,0.08,73.11,6928.38,1.06,7.93,5.18,43.0,16.8,14
2026-08-21T10:15:19Z,celmis-web,0.01,178.0,6928.38,2.57,0.07,0.08,122.0,0.0,12
2026-08-21T10:15:19Z,celmis-sandbox,0.02,39.42,3072.0,1.28,0.0,0.0,15.0,0.0,3
2026-08-21T10:15:19Z,celmis-qdrant,0.08,237.7,6928.38,3.43,0.01,0.01,71.3,0.0,25
2026-08-21T10:15:27Z,celmis-api,0.27,364.7,6928.38,5.26,15.7,15.5,315.0,2908.16,11
2026-08-21T10:15:27Z,celmis-postgres,0.03,72.8,6928.38,1.05,7.94,5.18,43.0,16.8,14
2026-08-21T10:15:27Z,celmis-web,0.01,178.0,6928.38,2.57,0.07,0.08,122.0,0.0,12
2026-08-21T10:15:27Z,celmis-sandbox,0.02,39.42,3072.0,1.28,0.0,0.0,15.0,0.0,3
2026-08-21T10:15:27Z,celmis-qdrant,0.56,237.9,6928.38,3.43,0.01,0.01,71.3,0.0,25
2026-08-21T10:15:35Z,celmis-api,0.37,364.7,6928.38,5.26,15.7,15.5,315.0,2908.16,11
2026-08-21T10:15:35Z,celmis-postgres,0.09,72.6,6928.38,1.05,7.94,5.18,43.0,16.8,14
2026-08-21T10:15:35Z,celmis-web,0.02,178.3,6928.38,2.57,0.07,0.08,122.0,0.0,12
2026-08-21T10:15:35Z,celmis-sandbox,0.03,39.42,3072.0,1.28,0.0,0.0,15.0,0.0,3
2026-08-21T10:15:35Z,celmis-qdrant,0.09,237.9,6928.38,3.43,0.01,0.01,71.3,0.0,25
2026-08-21T10:15:42Z,celmis-api,0.22,364.7,6928.38,5.26,15.7,15.5,315.0,2908.16,11
2026-08-21T10:15:42Z,celmis-postgres,0.01,72.85,6928.38,1.05,7.94,5.19,43.0,16.8,14
2026-08-21T10:15:42Z,celmis-web,0.00,178.3,6928.38,2.57,0.07,0.08,122.0,0.0,12
2026-08-21T10:15:42Z,celmis-sandbox,0.02,39.59,3072.0,1.29,0.0,0.0,15.0,0.0,3
2026-08-21T10:15:42Z,celmis-qdrant,0.09,237.8,6928.38,3.43,0.01,0.01,71.3,0.0,25
2026-08-21T10:15:49Z,celmis-api,0.47,364.6,6928.38,5.26,15.7,15.5,315.0,2908.16,11
2026-08-21T10:15:49Z,celmis-postgres,0.07,72.83,6928.38,1.05,7.94,5.19,43.0,16.8,14
2026-08-21T10:15:49Z,celmis-web,0.02,178.2,6928.38,2.57,0.07,0.08,122.0,0.0,12
2026-08-21T10:15:49Z,celmis-sandbox,0.03,39.59,3072.0,1.29,0.0,0.0,15.0,0.0,3
2026-08-21T10:15:49Z,celmis-qdrant,0.07,237.8,6928.38,3.43,0.01,0.01,71.3,0.0,25
2026-08-21T10:15:57Z,celmis-api,0.24,364.6,6928.38,5.26,15.7,15.5,315.0,2908.16,11
2026-08-21T10:15:57Z,celmis-postgres,0.07,73.1,6928.38,1.06,7.95,5.19,43.0,16.8,14
2026-08-21T10:15:57Z,celmis-web,0.00,178.2,6928.38,2.57,0.07,0.08,122.0,0.0,12
2026-08-21T10:15:57Z,celmis-sandbox,0.03,39.59,3072.0,1.29,0.0,0.0,15.0,0.0,3
2026-08-21T10:15:57Z,celmis-qdrant,0.10,237.6,6928.38,3.43,0.01,0.01,71.3,0.0,25
2026-08-21T10:16:05Z,celmis-api,0.47,364.3,6928.38,5.26,15.7,15.5,315.0,2908.16,11
2026-08-21T10:16:05Z,celmis-postgres,0.11,73.03,6928.38,1.05,7.95,5.19,43.0,16.8,14
2026-08-21T10:16:05Z,celmis-web,0.02,178.2,6928.38,2.57,0.07,0.08,122.0,0.0,12
2026-08-21T10:16:05Z,celmis-sandbox,0.02,39.59,3072.0,1.29,0.0,0.0,15.0,0.0,3
2026-08-21T10:16:05Z,celmis-qdrant,0.09,237.6,6928.38,3.43,0.01,0.01,71.3,0.0,25
2026-08-21T10:16:12Z,celmis-api,0.25,364.3,6928.38,5.26,15.7,15.5,315.0,2908.16,11
2026-08-21T10:16:12Z,celmis-postgres,0.01,73.0,6928.38,1.05,7.95,5.2,43.0,16.8,14
2026-08-21T10:16:12Z,celmis-web,0.01,178.2,6928.38,2.57,0.07,0.08,122.0,0.0,12
2026-08-21T10:16:12Z,celmis-sandbox,0.03,39.76,3072.0,1.29,0.0,0.0,15.0,0.0,3
2026-08-21T10:16:12Z,celmis-qdrant,0.07,237.8,6928.38,3.43,0.01,0.01,71.3,0.0,25
2026-08-21T10:16:19Z,celmis-api,0.56,364.5,6928.38,5.26,15.7,15.5,315.0,2908.16,11
2026-08-21T10:16:19Z,celmis-postgres,0.14,73.13,6928.38,1.06,7.95,5.2,43.0,16.8,14
2026-08-21T10:16:19Z,celmis-web,1.84,178.3,6928.38,2.57,0.07,0.08,122.0,0.0,12
2026-08-21T10:16:19Z,celmis-sandbox,0.03,39.76,3072.0,1.29,0.0,0.0,15.0,0.0,3
2026-08-21T10:16:19Z,celmis-qdrant,0.07,237.8,6928.38,3.43,0.01,0.01,71.3,0.0,25
2026-08-21T10:16:27Z,celmis-api,0.27,364.5,6928.38,5.26,15.7,15.5,315.0,2908.16,11
2026-08-21T10:16:27Z,celmis-postgres,0.05,72.6,6928.38,1.05,7.96,5.2,43.0,16.9,14
2026-08-21T10:16:27Z,celmis-web,0.00,178.2,6928.38,2.57,0.07,0.08,122.0,0.0,12
2026-08-21T10:16:27Z,celmis-sandbox,0.03,39.76,3072.0,1.29,0.0,0.0,15.0,0.0,3
2026-08-21T10:16:27Z,celmis-qdrant,0.08,237.9,6928.38,3.43,0.01,0.01,71.3,0.0,25
2026-08-21T10:16:35Z,celmis-api,0.50,364.4,6928.38,5.26,15.7,15.5,315.0,2908.16,11
2026-08-21T10:16:35Z,celmis-postgres,0.11,72.67,6928.38,1.05,7.96,5.2,43.0,16.9,14
2026-08-21T10:16:35Z,celmis-web,0.02,178.4,6928.38,2.58,0.07,0.08,122.0,0.0,12
2026-08-21T10:16:35Z,celmis-sandbox,0.03,39.76,3072.0,1.29,0.0,0.0,15.0,0.0,3
2026-08-21T10:16:35Z,celmis-qdrant,0.11,237.9,6928.38,3.43,0.01,0.01,71.3,0.0,25
2026-08-21T10:16:42Z,celmis-api,0.21,364.4,6928.38,5.26,15.7,15.5,315.0,2908.16,11
2026-08-21T10:16:42Z,celmis-postgres,0.00,72.93,6928.38,1.05,7.96,5.2,43.0,16.9,14
2026-08-21T10:16:42Z,celmis-web,0.00,178.4,6928.38,2.58,0.07,0.08,122.0,0.0,12
2026-08-21T10:16:42Z,celmis-sandbox,0.03,39.7,3072.0,1.29,0.0,0.0,15.0,0.0,3
2026-08-21T10:16:42Z,celmis-qdrant,0.06,237.8,6928.38,3.43,0.01,0.01,71.3,0.0,25
2026-08-21T10:16:49Z,celmis-api,0.52,364.4,6928.38,5.26,15.7,15.5,315.0,2908.16,11
2026-08-21T10:16:49Z,celmis-postgres,0.10,72.84,6928.38,1.05,7.96,5.21,43.0,16.9,14
2026-08-21T10:16:49Z,celmis-web,0.02,178.2,6928.38,2.57,0.07,0.08,122.0,0.0,12
2026-08-21T10:16:49Z,celmis-sandbox,0.03,39.68,3072.0,1.29,0.0,0.0,15.0,0.0,3
2026-08-21T10:16:49Z,celmis-qdrant,0.10,237.8,6928.38,3.43,0.01,0.01,71.3,0.0,25
2026-08-21T10:16:57Z,celmis-api,0.23,364.3,6928.38,5.26,15.7,15.5,315.0,2908.16,11
2026-08-21T10:16:57Z,celmis-postgres,0.00,73.08,6928.38,1.05,7.96,5.21,43.0,16.9,14
2026-08-21T10:16:57Z,celmis-web,0.00,178.2,6928.38,2.57,0.07,0.08,122.0,0.0,12
2026-08-21T10:16:57Z,celmis-sandbox,0.04,39.68,3072.0,1.29,0.0,0.0,15.0,0.0,3
2026-08-21T10:16:57Z,celmis-qdrant,0.10,238.0,6928.38,3.43,0.01,0.01,71.3,0.0,25
2026-08-21T10:17:05Z,celmis-api,0.43,364.5,6928.38,5.26,15.7,15.5,315.0,2908.16,11
2026-08-21T10:17:05Z,celmis-postgres,0.10,72.91,6928.38,1.05,7.97,5.21,43.0,16.9,14
2026-08-21T10:17:05Z,celmis-web,0.14,178.6,6928.38,2.58,0.07,0.08,122.0,0.0,12
2026-08-21T10:17:05Z,celmis-sandbox,0.03,39.68,3072.0,1.29,0.0,0.0,15.0,0.0,3
2026-08-21T10:17:05Z,celmis-qdrant,0.20,238.0,6928.38,3.43,0.01,0.01,71.3,0.0,25
2026-08-21T10:17:07Z,celmis-api,0.27,364.5,6928.38,5.26,15.7,15.5,315.0,2908.16,11
2026-08-21T10:17:07Z,celmis-postgres,2.09,73.25,6928.38,1.06,7.97,5.21,43.0,16.9,14
2026-08-21T10:17:07Z,celmis-web,0.01,178.5,6928.38,2.58,0.07,0.08,122.0,0.0,12
2026-08-21T10:17:07Z,celmis-sandbox,0.03,39.68,3072.0,1.29,0.0,0.0,15.0,0.0,3
2026-08-21T10:17:07Z,celmis-qdrant,0.11,238.0,6928.38,3.43,0.01,0.01,71.3,0.0,25
2026-08-21T10:17:14Z,celmis-api,0.26,615.0,6928.38,8.88,15.9,15.7,315.0,2908.16,17
2026-08-21T10:17:14Z,celmis-postgres,0.00,76.44,6928.38,1.10,7.98,5.22,43.0,16.9,16
2026-08-21T10:17:14Z,celmis-web,0.01,178.5,6928.38,2.58,0.07,0.08,122.0,0.0,12
2026-08-21T10:17:14Z,celmis-sandbox,0.04,40.1,3072.0,1.31,0.0,0.0,15.0,0.0,3
2026-08-21T10:17:14Z,celmis-qdrant,0.12,237.9,6928.38,3.43,0.01,0.01,71.3,0.0,25
2026-08-21T10:17:21Z,celmis-api,0.23,615.0,6928.38,8.88,15.9,15.7,315.0,2908.16,17
2026-08-21T10:17:21Z,celmis-postgres,0.15,76.36,6928.38,1.10,7.98,5.23,43.0,16.9,16
2026-08-21T10:17:21Z,celmis-web,0.02,179.3,6928.38,2.59,0.07,0.08,122.0,0.0,12
2026-08-21T10:17:21Z,celmis-sandbox,0.03,40.1,3072.0,1.31,0.0,0.0,15.0,0.0,3
2026-08-21T10:17:21Z,celmis-qdrant,0.15,237.9,6928.38,3.43,0.01,0.01,71.3,0.0,25
2026-08-21T10:17:28Z,celmis-api,0.28,614.9,6928.38,8.87,15.9,15.7,315.0,2908.16,17
2026-08-21T10:17:28Z,celmis-postgres,0.08,76.34,6928.38,1.10,7.98,5.23,43.0,16.9,16
2026-08-21T10:17:28Z,celmis-web,0.01,179.2,6928.38,2.59,0.07,0.08,122.0,0.0,12
2026-08-21T10:17:28Z,celmis-sandbox,0.04,40.1,3072.0,1.31,0.0,0.0,15.0,0.0,3
2026-08-21T10:17:28Z,celmis-qdrant,0.19,237.9,6928.38,3.43,0.01,0.01,71.3,0.0,25
2026-08-21T10:17:36Z,celmis-api,3.49,615.6,6928.38,8.88,15.9,15.7,315.0,2908.16,18
2026-08-21T10:17:36Z,celmis-postgres,0.92,77.88,6928.38,1.12,7.99,5.23,43.0,16.9,17
2026-08-21T10:17:36Z,celmis-web,0.01,179.4,6928.38,2.59,0.07,0.08,122.0,0.0,12
2026-08-21T10:17:36Z,celmis-sandbox,0.03,40.1,3072.0,1.31,0.0,0.0,15.0,0.0,3
2026-08-21T10:17:36Z,celmis-qdrant,0.13,237.9,6928.38,3.43,0.01,0.01,71.3,0.0,25
2026-08-21T10:17:43Z,celmis-api,0.39,616.0,6928.38,8.89,16.0,15.7,315.0,2908.16,18
2026-08-21T10:17:43Z,celmis-postgres,0.00,78.29,6928.38,1.13,7.99,5.23,43.0,17.0,17
2026-08-21T10:17:43Z,celmis-web,0.01,179.4,6928.38,2.59,0.07,0.08,122.0,0.0,12
2026-08-21T10:17:43Z,celmis-sandbox,0.04,39.97,3072.0,1.30,0.0,0.0,15.0,0.0,3
2026-08-21T10:17:43Z,celmis-qdrant,0.09,237.8,6928.38,3.43,0.01,0.01,71.3,0.0,25
2026-08-21T10:17:50Z,celmis-api,0.48,615.7,6928.38,8.89,16.0,15.7,315.0,2908.16,18
2026-08-21T10:17:50Z,celmis-postgres,1.01,78.38,6928.38,1.13,8.0,5.24,43.0,17.2,17
2026-08-21T10:17:50Z,celmis-web,0.01,179.6,6928.38,2.59,0.07,0.08,122.0,0.0,12
2026-08-21T10:17:50Z,celmis-sandbox,0.04,39.97,3072.0,1.30,0.0,0.0,15.0,0.0,3
2026-08-21T10:17:50Z,celmis-qdrant,0.19,238.0,6928.38,3.44,0.02,0.01,71.3,0.0,26
2026-08-21T10:17:58Z,celmis-api,0.23,615.8,6928.38,8.89,16.0,15.7,315.0,2908.16,18
2026-08-21T10:17:58Z,celmis-postgres,0.04,78.27,6928.38,1.13,8.0,5.24,43.0,17.2,17
2026-08-21T10:17:58Z,celmis-web,0.01,179.6,6928.38,2.59,0.07,0.08,122.0,0.0,12
2026-08-21T10:17:58Z,celmis-sandbox,0.02,39.97,3072.0,1.30,0.0,0.0,15.0,0.0,3
2026-08-21T10:17:58Z,celmis-qdrant,0.13,237.9,6928.38,3.43,0.02,0.01,71.3,0.0,25
2026-08-21T10:18:06Z,celmis-api,0.54,616.1,6928.38,8.89,16.0,15.7,315.0,2908.16,18
2026-08-21T10:18:06Z,celmis-postgres,0.09,78.22,6928.38,1.13,8.0,5.24,43.0,17.2,17
2026-08-21T10:18:06Z,celmis-web,0.01,179.7,6928.38,2.59,0.07,0.08,122.0,0.0,12
2026-08-21T10:18:06Z,celmis-sandbox,0.03,39.97,3072.0,1.30,0.0,0.0,15.0,0.0,3
2026-08-21T10:18:06Z,celmis-qdrant,0.11,237.9,6928.38,3.43,0.02,0.01,71.3,0.0,25
2026-08-21T10:18:13Z,celmis-api,0.23,616.3,6928.38,8.89,16.0,15.7,315.0,2908.16,18
2026-08-21T10:18:13Z,celmis-postgres,0.03,78.28,6928.38,1.13,8.0,5.24,43.0,17.2,17
2026-08-21T10:18:13Z,celmis-web,0.01,179.7,6928.38,2.59,0.07,0.08,122.0,0.0,12
2026-08-21T10:18:13Z,celmis-sandbox,0.03,39.89,3072.0,1.30,0.0,0.0,15.0,0.0,3
2026-08-21T10:18:13Z,celmis-qdrant,0.07,237.6,6928.38,3.43,0.02,0.01,71.3,0.0,25
2026-08-21T10:18:20Z,celmis-api,0.51,616.0,6928.38,8.89,16.0,15.7,315.0,2908.16,18
2026-08-21T10:18:20Z,celmis-postgres,0.10,78.44,6928.38,1.13,8.01,5.25,43.0,17.2,17
2026-08-21T10:18:20Z,celmis-web,0.01,179.4,6928.38,2.59,0.07,0.08,122.0,0.0,12
2026-08-21T10:18:20Z,celmis-sandbox,0.03,39.89,3072.0,1.30,0.0,0.0,15.0,0.0,3
2026-08-21T10:18:20Z,celmis-qdrant,0.08,237.6,6928.38,3.43,0.02,0.01,71.3,0.0,25
2026-08-21T10:18:28Z,celmis-api,0.24,616.0,6928.38,8.89,16.0,15.8,315.0,2908.16,18
2026-08-21T10:18:28Z,celmis-postgres,0.00,78.96,6928.38,1.14,8.01,5.25,43.0,17.2,17
2026-08-21T10:18:28Z,celmis-web,0.01,179.3,6928.38,2.59,0.07,0.08,122.0,0.0,12
2026-08-21T10:18:28Z,celmis-sandbox,0.03,39.89,3072.0,1.30,0.0,0.0,15.0,0.0,3
2026-08-21T10:18:28Z,celmis-qdrant,0.10,238.0,6928.38,3.43,0.02,0.01,71.3,0.0,25
2026-08-21T10:18:36Z,celmis-api,0.55,616.2,6928.38,8.89,16.1,15.8,315.0,2908.16,13
2026-08-21T10:18:36Z,celmis-postgres,0.11,78.49,6928.38,1.13,8.01,5.25,43.0,17.3,17
2026-08-21T10:18:36Z,celmis-web,0.00,179.6,6928.38,2.59,0.07,0.08,122.0,0.0,12
2026-08-21T10:18:36Z,celmis-sandbox,0.03,39.89,3072.0,1.30,0.0,0.0,15.0,0.0,3
2026-08-21T10:18:36Z,celmis-qdrant,0.09,238.0,6928.38,3.43,0.02,0.01,71.3,0.0,25
2026-08-21T10:18:43Z,celmis-api,11.43,413.4,6928.38,5.97,16.1,15.8,315.0,2908.16,12
2026-08-21T10:18:43Z,celmis-postgres,1.33,73.27,6928.38,1.06,8.06,5.3,43.0,17.3,14
2026-08-21T10:18:43Z,celmis-web,0.00,179.6,6928.38,2.59,0.07,0.08,122.0,0.0,12
2026-08-21T10:18:43Z,celmis-sandbox,0.01,39.8,3072.0,1.30,0.0,0.0,15.0,0.0,3
2026-08-21T10:18:43Z,celmis-qdrant,0.03,238.1,6928.38,3.44,0.02,0.01,71.3,0.0,25
2026-08-21T10:18:50Z,celmis-api,0.51,615.5,6928.38,8.88,16.3,16.1,315.0,2908.16,17
2026-08-21T10:18:50Z,celmis-postgres,0.83,76.61,6928.38,1.11,8.08,5.32,43.0,17.3,16
2026-08-21T10:18:50Z,celmis-web,0.06,179.5,6928.38,2.59,0.07,0.08,122.0,0.0,12
2026-08-21T10:18:50Z,celmis-sandbox,0.02,39.8,3072.0,1.30,0.0,0.0,15.0,0.0,3
2026-08-21T10:18:50Z,celmis-qdrant,0.10,238.1,6928.38,3.44,0.02,0.01,71.3,0.0,25
2026-08-21T10:18:58Z,celmis-api,0.24,615.7,6928.38,8.89,16.3,16.1,315.0,2908.16,17
2026-08-21T10:18:58Z,celmis-postgres,1.69,77.05,6928.38,1.11,8.08,5.32,43.0,17.3,16
2026-08-21T10:18:58Z,celmis-web,0.01,179.3,6928.38,2.59,0.07,0.08,122.0,0.0,12
2026-08-21T10:18:58Z,celmis-sandbox,0.02,39.8,3072.0,1.30,0.0,0.0,15.0,0.0,3
2026-08-21T10:18:58Z,celmis-qdrant,0.10,238.3,6928.38,3.44,0.02,0.01,71.3,0.0,25
2026-08-21T10:19:06Z,celmis-api,0.53,615.9,6928.38,8.89,16.3,16.1,315.0,2908.16,17
2026-08-21T10:19:06Z,celmis-postgres,0.09,76.77,6928.38,1.11,8.08,5.32,43.0,17.3,16
2026-08-21T10:19:06Z,celmis-web,0.01,179.1,6928.38,2.59,0.07,0.08,122.0,0.0,12
2026-08-21T10:19:06Z,celmis-sandbox,0.02,39.8,3072.0,1.30,0.0,0.0,15.0,0.0,3
2026-08-21T10:19:06Z,celmis-qdrant,0.10,238.3,6928.38,3.44,0.02,0.01,71.3,0.0,25
2026-08-21T10:19:13Z,celmis-api,0.26,616.6,6928.38,8.90,16.4,16.1,315.0,2908.16,18
2026-08-21T10:19:13Z,celmis-postgres,0.03,79.15,6928.38,1.14,8.09,5.33,43.0,17.3,17
2026-08-21T10:19:13Z,celmis-web,0.01,179.1,6928.38,2.59,0.07,0.08,122.0,0.0,12
2026-08-21T10:19:13Z,celmis-sandbox,0.02,39.99,3072.0,1.30,0.0,0.0,15.0,0.0,3
2026-08-21T10:19:13Z,celmis-qdrant,0.05,237.7,6928.38,3.43,0.02,0.01,71.3,0.0,25
2026-08-21T10:19:20Z,celmis-api,0.47,616.7,6928.38,8.90,16.4,16.2,315.0,2908.16,18
2026-08-21T10:19:20Z,celmis-postgres,0.11,79.05,6928.38,1.14,8.09,5.33,43.0,17.3,17
2026-08-21T10:19:20Z,celmis-web,0.02,179.1,6928.38,2.58,0.07,0.08,122.0,0.0,12
2026-08-21T10:19:20Z,celmis-sandbox,0.02,39.99,3072.0,1.30,0.0,0.0,15.0,0.0,3
2026-08-21T10:19:20Z,celmis-qdrant,0.09,237.7,6928.38,3.43,0.02,0.01,71.3,0.0,25
2026-08-21T10:19:28Z,celmis-api,0.27,616.7,6928.38,8.90,16.4,16.2,315.0,2908.16,18
2026-08-21T10:19:28Z,celmis-postgres,0.00,79.02,6928.38,1.14,8.1,5.33,43.0,17.3,17
2026-08-21T10:19:28Z,celmis-web,0.01,179.0,6928.38,2.58,0.07,0.08,122.0,0.0,12
2026-08-21T10:19:28Z,celmis-sandbox,0.02,39.99,3072.0,1.30,0.0,0.0,15.0,0.0,3
2026-08-21T10:19:28Z,celmis-qdrant,0.10,237.9,6928.38,3.43,0.02,0.01,71.3,0.0,25
2026-08-21T10:19:36Z,celmis-api,0.54,616.7,6928.38,8.90,16.4,16.2,315.0,2908.16,18
2026-08-21T10:19:36Z,celmis-postgres,0.12,79.11,6928.38,1.14,8.1,5.33,43.0,17.3,17
2026-08-21T10:19:36Z,celmis-web,0.00,179.4,6928.38,2.59,0.07,0.08,122.0,0.0,12
2026-08-21T10:19:36Z,celmis-sandbox,0.03,39.99,3072.0,1.30,0.0,0.0,15.0,0.0,3
2026-08-21T10:19:36Z,celmis-qdrant,0.10,237.9,6928.38,3.43,0.02,0.01,71.3,0.0,25
2026-08-21T10:19:43Z,celmis-api,0.25,616.6,6928.38,8.90,16.5,16.2,315.0,2908.16,13
2026-08-21T10:19:43Z,celmis-postgres,0.02,79.09,6928.38,1.14,8.1,5.34,43.0,17.4,17
2026-08-21T10:19:43Z,celmis-web,0.01,179.4,6928.38,2.59,0.07,0.08,122.0,0.0,12
2026-08-21T10:19:43Z,celmis-sandbox,0.03,39.98,3072.0,1.30,0.0,0.0,15.0,0.0,3
2026-08-21T10:19:43Z,celmis-qdrant,0.09,237.8,6928.38,3.43,0.02,0.01,71.3,0.0,25
2026-08-21T10:19:50Z,celmis-api,0.55,617.3,6928.38,8.91,16.5,16.3,315.0,2908.16,13
2026-08-21T10:19:50Z,celmis-postgres,7.75,79.18,6928.38,1.14,8.17,5.41,43.0,17.4,17
2026-08-21T10:19:50Z,celmis-web,0.01,179.7,6928.38,2.59,0.07,0.08,122.0,0.0,12
2026-08-21T10:19:50Z,celmis-sandbox,0.03,39.87,3072.0,1.30,0.0,0.0,15.0,0.0,3
2026-08-21T10:19:50Z,celmis-qdrant,0.08,237.8,6928.38,3.43,0.02,0.01,71.3,0.0,25
2026-08-21T10:19:58Z,celmis-api,75.05,614.7,6928.38,8.87,16.7,16.4,315.0,2908.16,17
2026-08-21T10:19:58Z,celmis-postgres,2.01,77.02,6928.38,1.11,8.18,5.42,43.0,17.4,16
2026-08-21T10:19:58Z,celmis-web,0.00,179.7,6928.38,2.59,0.07,0.08,122.0,0.0,12
2026-08-21T10:19:58Z,celmis-sandbox,0.01,39.87,3072.0,1.30,0.0,0.0,15.0,0.0,3
2026-08-21T10:19:58Z,celmis-qdrant,0.04,237.9,6928.38,3.43,0.02,0.01,71.3,0.0,25
2026-08-21T10:20:06Z,celmis-api,0.41,614.6,6928.38,8.87,16.7,16.4,315.0,2908.16,17
2026-08-21T10:20:06Z,celmis-postgres,0.09,77.0,6928.38,1.11,8.18,5.42,43.0,17.4,16
2026-08-21T10:20:06Z,celmis-web,0.00,179.3,6928.38,2.59,0.07,0.08,122.0,0.0,12
2026-08-21T10:20:06Z,celmis-sandbox,0.03,39.87,3072.0,1.30,0.0,0.0,15.0,0.0,3
2026-08-21T10:20:06Z,celmis-qdrant,0.08,237.9,6928.38,3.43,0.02,0.01,71.3,0.0,25
2026-08-21T10:20:13Z,celmis-api,0.26,615.1,6928.38,8.88,16.7,16.4,315.0,2908.16,18
2026-08-21T10:20:13Z,celmis-postgres,1.63,79.16,6928.38,1.14,8.19,5.43,43.0,17.4,17
2026-08-21T10:20:13Z,celmis-web,0.00,179.3,6928.38,2.59,0.07,0.08,122.0,0.0,12
2026-08-21T10:20:13Z,celmis-sandbox,0.03,40.05,3072.0,1.30,0.0,0.0,15.0,0.0,3
2026-08-21T10:20:13Z,celmis-qdrant,0.07,238.0,6928.38,3.44,0.02,0.01,71.3,0.0,25
2026-08-21T10:20:20Z,celmis-api,0.49,615.3,6928.38,8.88,16.7,16.4,315.0,2908.16,18
2026-08-21T10:20:20Z,celmis-postgres,0.13,79.04,6928.38,1.14,8.19,5.43,43.0,17.4,17
2026-08-21T10:20:20Z,celmis-web,0.00,179.6,6928.38,2.59,0.07,0.08,122.0,0.0,12
2026-08-21T10:20:20Z,celmis-sandbox,0.03,40.05,3072.0,1.30,0.0,0.0,15.0,0.0,3
2026-08-21T10:20:20Z,celmis-qdrant,0.09,238.0,6928.38,3.44,0.02,0.01,71.3,0.0,25
2026-08-21T10:20:28Z,celmis-api,0.25,615.6,6928.38,8.88,16.8,16.4,315.0,2908.16,18
2026-08-21T10:20:28Z,celmis-postgres,2.16,79.09,6928.38,1.14,8.2,5.43,43.0,17.4,17
2026-08-21T10:20:28Z,celmis-web,0.01,179.6,6928.38,2.59,0.07,0.08,122.0,0.0,12
2026-08-21T10:20:28Z,celmis-sandbox,0.03,40.05,3072.0,1.30,0.0,0.0,15.0,0.0,3
2026-08-21T10:20:28Z,celmis-qdrant,0.07,237.7,6928.38,3.43,0.02,0.01,71.3,0.0,25
2026-08-21T10:20:36Z,celmis-api,0.26,615.5,6928.38,8.88,16.8,16.5,315.0,2908.16,18
2026-08-21T10:20:36Z,celmis-postgres,0.03,79.05,6928.38,1.14,8.2,5.43,43.0,17.5,17
2026-08-21T10:20:36Z,celmis-web,0.00,179.6,6928.38,2.59,0.07,0.08,122.0,0.0,12
2026-08-21T10:20:36Z,celmis-sandbox,0.03,40.05,3072.0,1.30,0.0,0.0,15.0,0.0,3
2026-08-21T10:20:36Z,celmis-qdrant,0.08,237.7,6928.38,3.43,0.02,0.01,71.3,0.0,25
2026-08-21T10:20:43Z,celmis-api,4.83,617.8,6928.38,8.92,16.8,16.5,315.0,2908.16,13
2026-08-21T10:20:43Z,celmis-postgres,3.89,79.06,6928.38,1.14,8.21,5.45,43.0,17.5,17
2026-08-21T10:20:43Z,celmis-web,0.01,179.5,6928.38,2.59,0.07,0.08,122.0,0.0,12
2026-08-21T10:20:43Z,celmis-sandbox,0.03,39.97,3072.0,1.30,0.0,0.0,15.0,0.0,3
2026-08-21T10:20:43Z,celmis-qdrant,0.07,237.8,6928.38,3.43,0.02,0.01,71.3,0.0,25
2026-08-21T10:20:50Z,celmis-api,0.51,364.5,6928.38,5.26,16.8,16.5,315.0,2908.16,11
2026-08-21T10:20:50Z,celmis-postgres,0.34,73.79,6928.38,1.06,8.21,5.45,43.0,17.5,14
2026-08-21T10:20:50Z,celmis-web,0.01,179.5,6928.38,2.59,0.07,0.08,122.0,0.0,12
2026-08-21T10:20:50Z,celmis-sandbox,0.02,39.97,3072.0,1.30,0.0,0.0,15.0,0.0,3
2026-08-21T10:20:50Z,celmis-qdrant,0.07,237.8,6928.38,3.43,0.02,0.01,71.3,0.0,25
2026-08-21T10:20:58Z,celmis-api,0.21,615.1,6928.38,8.88,17.0,16.6,315.0,2908.16,17
2026-08-21T10:20:58Z,celmis-postgres,1.56,77.55,6928.38,1.12,8.23,5.46,43.0,17.5,16
2026-08-21T10:20:58Z,celmis-web,0.00,179.5,6928.38,2.59,0.07,0.08,122.0,0.0,12
2026-08-21T10:20:58Z,celmis-sandbox,0.03,39.97,3072.0,1.30,0.0,0.0,15.0,0.0,3
2026-08-21T10:20:58Z,celmis-qdrant,0.10,237.8,6928.38,3.43,0.02,0.01,71.3,0.0,25
2026-08-21T10:21:06Z,celmis-api,0.28,614.8,6928.38,8.87,17.0,16.6,315.0,2908.16,17
2026-08-21T10:21:06Z,celmis-postgres,0.00,77.09,6928.38,1.11,8.23,5.46,43.0,17.5,16
2026-08-21T10:21:06Z,celmis-web,0.01,180.0,6928.38,2.60,0.07,0.08,122.0,0.0,12
2026-08-21T10:21:06Z,celmis-sandbox,0.03,39.97,3072.0,1.30,0.0,0.0,15.0,0.0,3
2026-08-21T10:21:06Z,celmis-qdrant,0.11,237.8,6928.38,3.43,0.02,0.01,71.3,0.0,25
2026-08-21T10:21:13Z,celmis-api,0.24,614.8,6928.38,8.87,17.0,16.6,315.0,2908.16,17
2026-08-21T10:21:13Z,celmis-postgres,0.04,77.42,6928.38,1.12,8.23,5.47,43.0,17.5,16
2026-08-21T10:21:13Z,celmis-web,0.00,180.0,6928.38,2.60,0.07,0.08,122.0,0.0,12
2026-08-21T10:21:13Z,celmis-sandbox,0.03,39.9,3072.0,1.30,0.0,0.0,15.0,0.0,3
2026-08-21T10:21:13Z,celmis-qdrant,0.09,237.9,6928.38,3.43,0.02,0.01,71.3,0.0,25
2026-08-21T10:21:20Z,celmis-api,0.49,615.8,6928.38,8.89,17.0,16.7,315.0,2908.16,18
2026-08-21T10:21:20Z,celmis-postgres,0.11,78.91,6928.38,1.14,8.24,5.47,43.0,17.5,17
2026-08-21T10:21:20Z,celmis-web,0.01,179.7,6928.38,2.59,0.07,0.08,122.0,0.0,12
2026-08-21T10:21:20Z,celmis-sandbox,0.02,39.9,3072.0,1.30,0.0,0.0,15.0,0.0,3
2026-08-21T10:21:20Z,celmis-qdrant,0.09,237.9,6928.38,3.43,0.02,0.01,71.3,0.0,25
2026-08-21T10:21:28Z,celmis-api,1.11,618.2,6928.38,8.92,17.1,16.7,315.0,2908.16,18
2026-08-21T10:21:28Z,celmis-postgres,0.00,78.87,6928.38,1.14,8.24,5.47,43.0,17.5,17
2026-08-21T10:21:28Z,celmis-web,0.01,179.7,6928.38,2.59,0.07,0.08,122.0,0.0,12
2026-08-21T10:21:28Z,celmis-sandbox,0.03,39.9,3072.0,1.30,0.0,0.0,15.0,0.0,3
2026-08-21T10:21:28Z,celmis-qdrant,0.07,238.0,6928.38,3.44,0.02,0.01,71.3,0.0,25
2026-08-21T10:21:36Z,celmis-api,0.27,618.4,6928.38,8.93,17.1,16.7,315.0,2908.16,18
2026-08-21T10:21:36Z,celmis-postgres,0.05,78.95,6928.38,1.14,8.25,5.48,43.0,17.5,17
2026-08-21T10:21:36Z,celmis-web,0.00,180.1,6928.38,2.60,0.07,0.08,122.0,0.0,12
2026-08-21T10:21:36Z,celmis-sandbox,0.03,39.9,3072.0,1.30,0.0,0.0,15.0,0.0,3
2026-08-21T10:21:36Z,celmis-qdrant,0.08,238.0,6928.38,3.44,0.02,0.01,71.3,0.0,25
2026-08-21T10:21:43Z,celmis-api,0.27,618.4,6928.38,8.92,17.1,16.8,315.0,2908.16,13
2026-08-21T10:21:43Z,celmis-postgres,0.08,78.92,6928.38,1.14,8.25,5.48,43.0,17.5,17
2026-08-21T10:21:43Z,celmis-web,0.00,180.0,6928.38,2.60,0.07,0.08,122.0,0.0,12
2026-08-21T10:21:43Z,celmis-sandbox,0.03,40.07,3072.0,1.30,0.0,0.0,15.0,0.0,3
2026-08-21T10:21:43Z,celmis-qdrant,0.14,237.9,6928.38,3.43,0.02,0.01,71.3,0.0,25
2026-08-21T10:21:50Z,celmis-api,0.38,618.3,6928.38,8.92,17.1,16.8,315.0,2908.16,13
2026-08-21T10:21:50Z,celmis-postgres,0.73,79.3,6928.38,1.14,8.25,5.48,43.0,17.5,17
2026-08-21T10:21:50Z,celmis-web,0.02,180.1,6928.38,2.60,0.07,0.08,122.0,0.0,12
2026-08-21T10:21:50Z,celmis-sandbox,0.06,40.07,3072.0,1.30,0.0,0.0,15.0,0.0,3
2026-08-21T10:21:50Z,celmis-qdrant,0.09,237.9,6928.38,3.43,0.02,0.01,71.3,0.0,25
2026-08-21T10:21:58Z,celmis-api,0.24,618.2,6928.38,8.92,17.1,16.8,315.0,2908.16,13
2026-08-21T10:21:58Z,celmis-postgres,0.03,79.0,6928.38,1.14,8.26,5.48,43.0,17.6,17
2026-08-21T10:21:58Z,celmis-web,0.01,180.1,6928.38,2.60,0.07,0.08,122.0,0.0,12
2026-08-21T10:21:58Z,celmis-sandbox,0.03,40.07,3072.0,1.30,0.0,0.0,15.0,0.0,3
2026-08-21T10:21:58Z,celmis-qdrant,0.07,237.9,6928.38,3.43,0.02,0.01,71.3,0.0,25
2026-08-21T10:22:06Z,celmis-api,0.26,618.2,6928.38,8.92,17.1,16.8,315.0,2908.16,13
2026-08-21T10:22:06Z,celmis-postgres,0.00,78.93,6928.38,1.14,8.26,5.49,43.0,17.6,17
2026-08-21T10:22:06Z,celmis-web,0.02,180.1,6928.38,2.60,0.07,0.08,122.0,0.0,12
2026-08-21T10:22:06Z,celmis-sandbox,0.03,40.07,3072.0,1.30,0.0,0.0,15.0,0.0,3
2026-08-21T10:22:06Z,celmis-qdrant,0.09,237.8,6928.38,3.43,0.02,0.01,71.3,0.0,25
2026-08-21T10:22:13Z,celmis-api,0.36,625.2,6928.38,9.02,17.1,16.8,315.0,2938.88,13
2026-08-21T10:22:13Z,celmis-postgres,0.05,78.98,6928.38,1.14,8.26,5.49,43.0,17.6,17
2026-08-21T10:22:13Z,celmis-web,0.01,180.1,6928.38,2.60,0.07,0.08,122.0,0.0,12
2026-08-21T10:22:13Z,celmis-sandbox,0.03,40.25,3072.0,1.31,0.0,0.0,15.0,0.0,3
2026-08-21T10:22:13Z,celmis-qdrant,0.12,238.2,6928.38,3.44,0.02,0.01,71.3,0.0,25
2026-08-21T10:22:20Z,celmis-api,0.98,625.7,6928.38,9.03,17.2,16.8,315.0,2949.12,13
2026-08-21T10:22:20Z,celmis-postgres,6.58,79.04,6928.38,1.14,8.29,5.52,43.0,17.6,17
2026-08-21T10:22:20Z,celmis-web,0.02,180.0,6928.38,2.60,0.07,0.08,122.0,0.0,12
2026-08-21T10:22:20Z,celmis-sandbox,0.02,40.25,3072.0,1.31,0.0,0.0,15.0,0.0,3
2026-08-21T10:22:20Z,celmis-qdrant,0.12,238.2,6928.38,3.44,0.02,0.01,71.3,0.0,25
2026-08-21T10:22:28Z,celmis-api,81.73,547.2,6928.38,7.90,17.3,16.8,315.0,2949.12,17
2026-08-21T10:22:28Z,celmis-postgres,1.26,77.13,6928.38,1.11,8.31,5.54,43.0,17.6,16
2026-08-21T10:22:28Z,celmis-web,0.00,180.0,6928.38,2.60,0.07,0.08,122.0,0.0,12
2026-08-21T10:22:28Z,celmis-sandbox,0.01,40.25,3072.0,1.31,0.0,0.0,15.0,0.0,3
2026-08-21T10:22:28Z,celmis-qdrant,0.11,238.1,6928.38,3.44,0.02,0.01,71.3,0.0,25
2026-08-21T10:22:36Z,celmis-api,0.24,616.3,6928.38,8.89,17.3,16.9,315.0,2949.12,17
2026-08-21T10:22:36Z,celmis-postgres,0.03,77.14,6928.38,1.11,8.31,5.54,43.0,17.6,16
2026-08-21T10:22:36Z,celmis-web,0.02,180.1,6928.38,2.60,0.07,0.08,122.0,0.0,12
2026-08-21T10:22:36Z,celmis-sandbox,0.04,40.25,3072.0,1.31,0.0,0.0,15.0,0.0,3
2026-08-21T10:22:36Z,celmis-qdrant,0.08,238.1,6928.38,3.44,0.02,0.01,71.3,0.0,25
2026-08-21T10:22:43Z,celmis-api,0.18,617.0,6928.38,8.90,17.3,16.9,315.0,2949.12,18
2026-08-21T10:22:43Z,celmis-postgres,0.07,78.84,6928.38,1.14,8.32,5.54,43.0,17.6,17
2026-08-21T10:22:43Z,celmis-web,0.00,180.1,6928.38,2.60,0.07,0.08,122.0,0.0,12
2026-08-21T10:22:43Z,celmis-sandbox,0.02,39.92,3072.0,1.30,0.0,0.0,15.0,0.0,3
2026-08-21T10:22:43Z,celmis-qdrant,0.05,237.7,6928.38,3.43,0.02,0.01,71.3,0.0,25
2026-08-21T10:22:50Z,celmis-api,0.45,617.2,6928.38,8.91,17.3,16.9,315.0,2949.12,18
2026-08-21T10:22:50Z,celmis-postgres,0.09,79.05,6928.38,1.14,8.32,5.55,43.0,17.8,17
2026-08-21T10:22:50Z,celmis-web,0.02,179.8,6928.38,2.59,0.07,0.08,122.0,0.0,12
2026-08-21T10:22:50Z,celmis-sandbox,0.03,39.92,3072.0,1.30,0.0,0.0,15.0,0.0,3
2026-08-21T10:22:50Z,celmis-qdrant,0.09,237.5,6928.38,3.43,0.02,0.01,71.3,0.0,25
2026-08-21T10:22:58Z,celmis-api,0.22,617.1,6928.38,8.91,17.3,16.9,315.0,2949.12,18
2026-08-21T10:22:58Z,celmis-postgres,0.03,79.38,6928.38,1.15,8.32,5.55,43.0,17.8,17
2026-08-21T10:22:58Z,celmis-web,0.00,179.8,6928.38,2.59,0.07,0.08,122.0,0.0,12
2026-08-21T10:22:58Z,celmis-sandbox,0.04,39.92,3072.0,1.30,0.0,0.0,15.0,0.0,3
2026-08-21T10:22:58Z,celmis-qdrant,0.11,237.9,6928.38,3.43,0.02,0.01,71.3,0.0,25
2026-08-21T10:23:06Z,celmis-api,0.23,617.1,6928.38,8.91,17.4,16.9,315.0,2949.12,18
2026-08-21T10:23:06Z,celmis-postgres,0.00,78.83,6928.38,1.14,8.32,5.55,43.0,17.8,17
2026-08-21T10:23:06Z,celmis-web,0.06,180.5,6928.38,2.61,0.07,0.08,122.0,0.0,12
2026-08-21T10:23:06Z,celmis-sandbox,0.03,39.92,3072.0,1.30,0.0,0.0,15.0,0.0,3
2026-08-21T10:23:06Z,celmis-qdrant,0.09,237.9,6928.38,3.43,0.02,0.01,71.3,0.0,25
2026-08-21T10:23:13Z,celmis-api,0.65,617.3,6928.38,8.91,17.4,16.9,315.0,2949.12,18
2026-08-21T10:23:13Z,celmis-postgres,0.00,78.88,6928.38,1.14,8.33,5.55,43.0,17.8,17
2026-08-21T10:23:13Z,celmis-web,0.00,180.5,6928.38,2.61,0.07,0.08,122.0,0.0,12
2026-08-21T10:23:13Z,celmis-sandbox,3.96,40.37,3072.0,1.31,0.0,0.0,15.0,0.0,3
2026-08-21T10:23:13Z,celmis-qdrant,0.32,237.8,6928.38,3.43,0.02,0.01,71.3,0.0,25
2026-08-21T10:23:20Z,celmis-api,0.54,617.1,6928.38,8.91,17.4,16.9,315.0,2949.12,13
2026-08-21T10:23:20Z,celmis-postgres,0.12,78.88,6928.38,1.14,8.33,5.56,43.0,17.9,17
2026-08-21T10:23:20Z,celmis-web,0.02,180.5,6928.38,2.60,0.07,0.08,122.0,0.0,12
2026-08-21T10:23:20Z,celmis-sandbox,0.03,40.35,3072.0,1.31,0.0,0.0,15.0,0.0,3
2026-08-21T10:23:20Z,celmis-qdrant,0.11,237.8,6928.38,3.43,0.02,0.01,71.3,0.0,25
2026-08-21T10:23:28Z,celmis-api,0.57,617.6,6928.38,8.91,17.4,17.0,315.0,2949.12,13
2026-08-21T10:23:28Z,celmis-postgres,0.00,79.16,6928.38,1.14,8.35,5.58,43.0,17.9,17
2026-08-21T10:23:28Z,celmis-web,0.01,180.5,6928.38,2.60,0.07,0.08,122.0,0.0,12
2026-08-21T10:23:28Z,celmis-sandbox,0.04,40.35,3072.0,1.31,0.0,0.0,15.0,0.0,3
2026-08-21T10:23:28Z,celmis-qdrant,0.11,237.7,6928.38,3.43,0.02,0.01,71.3,0.0,25
2026-08-21T10:23:36Z,celmis-api,50.74,617.1,6928.38,8.91,17.6,17.2,315.0,2949.12,17
2026-08-21T10:23:36Z,celmis-postgres,0.02,77.11,6928.38,1.11,8.36,5.59,43.0,17.9,16
2026-08-21T10:23:36Z,celmis-web,0.01,180.4,6928.38,2.60,0.07,0.08,122.0,0.0,12
2026-08-21T10:23:36Z,celmis-sandbox,0.01,40.35,3072.0,1.31,0.0,0.0,15.0,0.0,3
2026-08-21T10:23:36Z,celmis-qdrant,0.05,237.7,6928.38,3.43,0.02,0.01,71.3,0.0,25
2026-08-21T10:23:43Z,celmis-api,0.18,617.1,6928.38,8.91,17.6,17.2,315.0,2949.12,17
2026-08-21T10:23:43Z,celmis-postgres,0.03,77.11,6928.38,1.11,8.37,5.59,43.0,17.9,16
2026-08-21T10:23:43Z,celmis-web,0.00,180.4,6928.38,2.60,0.07,0.08,122.0,0.0,12
2026-08-21T10:23:43Z,celmis-sandbox,14.55,40.29,3072.0,1.31,0.0,0.0,15.0,0.0,3
2026-08-21T10:23:43Z,celmis-qdrant,0.09,237.8,6928.38,3.43,0.02,0.01,71.3,0.0,25
2026-08-21T10:23:50Z,celmis-api,1.08,617.3,6928.38,8.91,17.6,17.2,315.0,2949.12,17
2026-08-21T10:23:50Z,celmis-postgres,0.78,77.24,6928.38,1.11,8.37,5.59,43.0,17.9,16
2026-08-21T10:23:50Z,celmis-web,1.93,180.5,6928.38,2.61,0.07,0.08,122.0,0.0,12
2026-08-21T10:23:50Z,celmis-sandbox,0.03,40.27,3072.0,1.31,0.0,0.0,15.0,0.0,3
2026-08-21T10:23:50Z,celmis-qdrant,0.08,237.8,6928.38,3.43,0.02,0.01,71.3,0.0,25
2026-08-21T10:23:58Z,celmis-api,0.26,617.5,6928.38,8.91,17.7,17.2,315.0,2949.12,18
2026-08-21T10:23:58Z,celmis-postgres,0.03,78.92,6928.38,1.14,8.37,5.6,43.0,17.9,17
2026-08-21T10:23:58Z,celmis-web,0.01,180.4,6928.38,2.60,0.07,0.08,122.0,0.0,12
2026-08-21T10:23:58Z,celmis-sandbox,0.03,40.27,3072.0,1.31,0.0,0.0,15.0,0.0,3
2026-08-21T10:23:58Z,celmis-qdrant,0.09,237.8,6928.38,3.43,0.02,0.01,71.3,0.0,25
2026-08-21T10:24:06Z,celmis-api,0.25,620.1,6928.38,8.95,17.7,17.2,315.0,2949.12,18
2026-08-21T10:24:06Z,celmis-postgres,0.01,79.16,6928.38,1.14,8.37,5.6,43.0,17.9,17
2026-08-21T10:24:06Z,celmis-web,0.14,180.4,6928.38,2.60,0.07,0.08,122.0,0.0,12
2026-08-21T10:24:06Z,celmis-sandbox,0.03,40.27,3072.0,1.31,0.0,0.0,15.0,0.0,3
2026-08-21T10:24:06Z,celmis-qdrant,0.14,237.8,6928.38,3.43,0.02,0.01,71.3,0.0,25
2026-08-21T10:24:13Z,celmis-api,0.25,620.6,6928.38,8.96,17.7,17.3,315.0,2949.12,18
2026-08-21T10:24:13Z,celmis-postgres,0.00,78.96,6928.38,1.14,8.38,5.6,43.0,17.9,17
2026-08-21T10:24:13Z,celmis-web,0.01,180.4,6928.38,2.60,0.07,0.08,122.0,0.0,12
2026-08-21T10:24:13Z,celmis-sandbox,14.06,40.27,3072.0,1.31,0.0,0.0,15.0,0.0,3
2026-08-21T10:24:13Z,celmis-qdrant,0.08,237.8,6928.38,3.43,0.02,0.01,71.3,0.0,25
2026-08-21T10:24:20Z,celmis-api,0.55,620.3,6928.38,8.95,17.7,17.3,315.0,2949.12,18
2026-08-21T10:24:20Z,celmis-postgres,0.13,78.96,6928.38,1.14,8.38,5.6,43.0,17.9,17
2026-08-21T10:24:20Z,celmis-web,1.21,180.5,6928.38,2.61,0.07,0.08,122.0,0.0,12
2026-08-21T10:24:20Z,celmis-sandbox,0.02,40.19,3072.0,1.31,0.0,0.0,15.0,0.0,3
2026-08-21T10:24:20Z,celmis-qdrant,0.10,237.8,6928.38,3.43,0.02,0.01,71.3,0.0,25
2026-08-21T10:24:28Z,celmis-api,0.26,620.9,6928.38,8.96,17.7,17.3,315.0,2949.12,18
2026-08-21T10:24:28Z,celmis-postgres,0.00,78.93,6928.38,1.14,8.38,5.61,43.0,18.0,17
2026-08-21T10:24:28Z,celmis-web,0.00,180.5,6928.38,2.60,0.07,0.08,122.0,0.0,12
2026-08-21T10:24:28Z,celmis-sandbox,0.03,40.19,3072.0,1.31,0.0,0.0,15.0,0.0,3
2026-08-21T10:24:28Z,celmis-qdrant,0.08,237.7,6928.38,3.43,0.02,0.01,71.3,0.0,25
2026-08-21T10:24:36Z,celmis-api,0.28,620.6,6928.38,8.96,17.7,17.3,315.0,2949.12,18
2026-08-21T10:24:36Z,celmis-postgres,0.04,79.03,6928.38,1.14,8.39,5.61,43.0,18.0,17
2026-08-21T10:24:36Z,celmis-web,0.02,180.3,6928.38,2.60,0.07,0.08,122.0,0.0,12
2026-08-21T10:24:36Z,celmis-sandbox,0.02,40.19,3072.0,1.31,0.0,0.0,15.0,0.0,3
2026-08-21T10:24:36Z,celmis-qdrant,0.12,237.7,6928.38,3.43,0.02,0.01,71.3,0.0,25
2026-08-21T10:24:43Z,celmis-api,0.21,620.6,6928.38,8.96,17.7,17.3,315.0,2949.12,18
2026-08-21T10:24:43Z,celmis-postgres,0.03,78.76,6928.38,1.14,8.39,5.61,43.0,18.0,17
2026-08-21T10:24:43Z,celmis-web,0.01,180.3,6928.38,2.60,0.07,0.08,122.0,0.0,12
2026-08-21T10:24:43Z,celmis-sandbox,0.02,40.19,3072.0,1.31,0.0,0.0,15.0,0.0,3
2026-08-21T10:24:43Z,celmis-qdrant,0.09,238.1,6928.38,3.44,0.02,0.01,71.3,0.0,25
2026-08-21T10:24:50Z,celmis-api,2.20,620.5,6928.38,8.96,17.7,17.3,315.0,2949.12,18
2026-08-21T10:24:50Z,celmis-postgres,0.72,79.23,6928.38,1.14,8.39,5.61,43.0,18.0,17
2026-08-21T10:24:50Z,celmis-web,0.02,180.4,6928.38,2.60,0.07,0.08,122.0,0.0,12
2026-08-21T10:24:50Z,celmis-sandbox,0.02,40.12,3072.0,1.31,0.0,0.0,15.0,0.0,3
2026-08-21T10:24:50Z,celmis-qdrant,0.09,238.1,6928.38,3.44,0.02,0.01,71.3,0.0,25
2026-08-21T10:24:58Z,celmis-api,0.27,620.4,6928.38,8.95,17.7,17.4,315.0,2949.12,13
2026-08-21T10:24:58Z,celmis-postgres,0.04,79.09,6928.38,1.14,8.39,5.62,43.0,18.0,17
2026-08-21T10:24:58Z,celmis-web,0.01,180.4,6928.38,2.60,0.07,0.08,122.0,0.0,12
2026-08-21T10:24:58Z,celmis-sandbox,0.02,40.12,3072.0,1.31,0.0,0.0,15.0,0.0,3
2026-08-21T10:24:58Z,celmis-qdrant,0.06,237.8,6928.38,3.43,0.02,0.01,71.3,0.0,25
2026-08-21T10:25:06Z,celmis-api,0.30,627.4,6928.38,9.06,17.7,17.4,315.0,2969.6,13
2026-08-21T10:25:06Z,celmis-postgres,0.00,79.41,6928.38,1.15,8.4,5.62,43.0,18.0,17
2026-08-21T10:25:06Z,celmis-web,0.02,180.7,6928.38,2.61,0.07,0.08,122.0,0.0,12
2026-08-21T10:25:06Z,celmis-sandbox,0.03,40.12,3072.0,1.31,0.0,0.0,15.0,0.0,3
2026-08-21T10:25:06Z,celmis-qdrant,0.09,237.8,6928.38,3.43,0.02,0.01,71.3,0.0,25
2026-08-21T10:25:13Z,celmis-api,1.17,628.3,6928.38,9.07,17.9,17.5,315.0,2979.84,13
2026-08-21T10:25:13Z,celmis-postgres,0.00,78.87,6928.38,1.14,8.51,5.73,43.0,18.0,17
2026-08-21T10:25:13Z,celmis-web,0.01,180.7,6928.38,2.61,0.07,0.08,122.0,0.0,12
2026-08-21T10:25:13Z,celmis-sandbox,0.03,40.04,3072.0,1.30,0.0,0.0,15.0,0.0,3
2026-08-21T10:25:13Z,celmis-qdrant,0.05,238.2,6928.38,3.44,0.02,0.01,71.3,0.0,25
2026-08-21T10:25:20Z,celmis-api,0.26,616.3,6928.38,8.90,18.0,17.5,315.0,2979.84,17
2026-08-21T10:25:20Z,celmis-postgres,0.03,77.24,6928.38,1.11,8.52,5.75,43.0,18.0,16
2026-08-21T10:25:20Z,celmis-web,0.02,180.5,6928.38,2.61,0.07,0.08,122.0,0.0,12
2026-08-21T10:25:20Z,celmis-sandbox,0.03,40.04,3072.0,1.30,0.0,0.0,15.0,0.0,3
2026-08-21T10:25:20Z,celmis-qdrant,0.09,238.2,6928.38,3.44,0.02,0.01,71.3,0.0,25
2026-08-21T10:25:28Z,celmis-api,0.29,619.4,6928.38,8.94,18.0,17.5,315.0,2979.84,18
2026-08-21T10:25:28Z,celmis-postgres,0.04,79.11,6928.38,1.14,8.53,5.75,43.0,18.0,17
2026-08-21T10:25:28Z,celmis-web,0.00,180.5,6928.38,2.61,0.07,0.08,122.0,0.0,12
2026-08-21T10:25:28Z,celmis-sandbox,0.03,40.04,3072.0,1.30,0.0,0.0,15.0,0.0,3
2026-08-21T10:25:28Z,celmis-qdrant,0.10,237.8,6928.38,3.43,0.02,0.01,71.3,0.0,25
2026-08-21T10:25:36Z,celmis-api,0.25,619.6,6928.38,8.94,18.1,17.6,315.0,2979.84,18
2026-08-21T10:25:36Z,celmis-postgres,1.62,79.02,6928.38,1.14,8.53,5.76,43.0,18.1,17
2026-08-21T10:25:36Z,celmis-web,0.02,180.7,6928.38,2.61,0.07,0.08,122.0,0.0,12
2026-08-21T10:25:36Z,celmis-sandbox,0.03,40.04,3072.0,1.30,0.0,0.0,15.0,0.0,3
2026-08-21T10:25:36Z,celmis-qdrant,0.07,237.8,6928.38,3.43,0.02,0.01,71.3,0.0,25
2026-08-21T10:25:43Z,celmis-api,0.25,619.6,6928.38,8.94,18.1,17.6,315.0,2979.84,18
2026-08-21T10:25:43Z,celmis-postgres,0.03,78.93,6928.38,1.14,8.53,5.76,43.0,18.1,17
2026-08-21T10:25:43Z,celmis-web,0.00,180.7,6928.38,2.61,0.07,0.08,122.0,0.0,12
2026-08-21T10:25:43Z,celmis-sandbox,13.33,40.31,3072.0,1.31,0.0,0.0,15.0,0.0,3
2026-08-21T10:25:43Z,celmis-qdrant,0.08,237.7,6928.38,3.43,0.02,0.01,71.3,0.0,25
2026-08-21T10:25:50Z,celmis-api,0.27,619.1,6928.38,8.93,18.1,17.6,315.0,2979.84,18
2026-08-21T10:25:50Z,celmis-postgres,2.33,79.14,6928.38,1.14,8.54,5.76,43.0,18.1,17
2026-08-21T10:25:50Z,celmis-web,0.03,180.5,6928.38,2.61,0.07,0.08,122.0,0.0,12
2026-08-21T10:25:50Z,celmis-sandbox,0.03,40.21,3072.0,1.31,0.0,0.0,15.0,0.0,3
2026-08-21T10:25:50Z,celmis-qdrant,0.05,237.7,6928.38,3.43,0.02,0.01,71.3,0.0,25
2026-08-21T10:25:58Z,celmis-api,0.27,619.3,6928.38,8.94,18.1,17.6,315.0,2979.84,18
2026-08-21T10:25:58Z,celmis-postgres,0.03,78.96,6928.38,1.14,8.54,5.76,43.0,18.1,17
2026-08-21T10:25:58Z,celmis-web,0.00,180.5,6928.38,2.61,0.07,0.08,122.0,0.0,12
2026-08-21T10:25:58Z,celmis-sandbox,0.04,40.21,3072.0,1.31,0.0,0.0,15.0,0.0,3
2026-08-21T10:25:58Z,celmis-qdrant,0.07,238.1,6928.38,3.44,0.02,0.01,71.3,0.0,25
2026-08-21T10:26:06Z,celmis-api,0.24,619.4,6928.38,8.94,18.1,17.6,315.0,2979.84,13
2026-08-21T10:26:06Z,celmis-postgres,1.32,78.95,6928.38,1.14,8.54,5.77,43.0,18.1,17
2026-08-21T10:26:06Z,celmis-web,0.02,180.2,6928.38,2.60,0.07,0.08,122.0,0.0,12
2026-08-21T10:26:06Z,celmis-sandbox,0.03,40.21,3072.0,1.31,0.0,0.0,15.0,0.0,3
2026-08-21T10:26:06Z,celmis-qdrant,0.06,238.1,6928.38,3.44,0.02,0.01,71.3,0.0,25
2026-08-21T10:26:13Z,celmis-api,57.33,486.0,6928.38,7.01,18.3,17.6,315.0,2979.84,17
2026-08-21T10:26:13Z,celmis-postgres,0.00,73.61,6928.38,1.06,8.56,5.78,43.0,18.1,14
2026-08-21T10:26:13Z,celmis-web,0.00,180.2,6928.38,2.60,0.07,0.08,122.0,0.0,12
2026-08-21T10:26:13Z,celmis-sandbox,0.11,40.14,3072.0,1.31,0.0,0.0,15.0,0.0,3
2026-08-21T10:26:13Z,celmis-qdrant,0.03,238.3,6928.38,3.44,0.02,0.01,71.3,0.0,25
2026-08-21T10:26:20Z,celmis-api,1.39,615.0,6928.38,8.88,18.3,17.7,315.0,2979.84,17
2026-08-21T10:26:20Z,celmis-postgres,0.06,76.81,6928.38,1.11,8.57,5.8,43.0,18.1,16
2026-08-21T10:26:20Z,celmis-web,1.21,180.0,6928.38,2.60,0.07,0.08,122.0,0.0,12
2026-08-21T10:26:20Z,celmis-sandbox,0.03,40.14,3072.0,1.31,0.0,0.0,15.0,0.0,3
2026-08-21T10:26:20Z,celmis-qdrant,0.09,238.3,6928.38,3.44,0.02,0.01,71.3,0.0,25
2026-08-21T10:26:27Z,celmis-api,2.06,618.1,6928.38,8.92,18.3,17.8,315.0,2979.84,18
2026-08-21T10:26:27Z,celmis-postgres,0.20,78.89,6928.38,1.14,8.58,5.8,43.0,18.1,17
2026-08-21T10:26:27Z,celmis-web,0.02,180.0,6928.38,2.60,0.07,0.08,122.0,0.0,12
2026-08-21T10:26:27Z,celmis-sandbox,0.03,40.14,3072.0,1.31,0.0,0.0,15.0,0.0,3
2026-08-21T10:26:27Z,celmis-qdrant,0.08,237.9,6928.38,3.43,0.02,0.01,71.3,0.0,25
2026-08-21T10:26:35Z,celmis-api,0.64,618.7,6928.38,8.93,18.3,17.8,315.0,2979.84,23
2026-08-21T10:26:35Z,celmis-postgres,0.01,79.13,6928.38,1.14,8.58,5.8,43.0,18.1,17
2026-08-21T10:26:35Z,celmis-web,0.29,180.5,6928.38,2.61,0.07,0.08,122.0,0.0,18
2026-08-21T10:26:35Z,celmis-sandbox,0.03,40.14,3072.0,1.31,0.0,0.0,15.0,0.0,3
2026-08-21T10:26:35Z,celmis-qdrant,0.10,237.9,6928.38,3.43,0.02,0.01,71.3,0.0,25
2026-08-21T10:26:42Z,celmis-api,0.47,618.2,6928.38,8.92,18.3,17.8,315.0,2979.84,18
2026-08-21T10:26:42Z,celmis-postgres,0.03,78.81,6928.38,1.14,8.58,5.8,43.0,18.1,17
2026-08-21T10:26:42Z,celmis-web,0.02,180.5,6928.38,2.60,0.07,0.08,122.0,0.0,12
2026-08-21T10:26:42Z,celmis-sandbox,0.03,40.14,3072.0,1.31,0.0,0.0,15.0,0.0,3
2026-08-21T10:26:42Z,celmis-qdrant,0.09,238.1,6928.38,3.44,0.02,0.01,71.3,0.0,25
2026-08-21T10:26:49Z,celmis-api,2.12,618.1,6928.38,8.92,18.3,17.8,315.0,2979.84,18
2026-08-21T10:26:49Z,celmis-postgres,0.09,79.06,6928.38,1.14,8.59,5.81,43.0,18.2,17
2026-08-21T10:26:49Z,celmis-web,3.30,181.3,6928.38,2.62,0.07,0.08,122.0,0.0,12
2026-08-21T10:26:49Z,celmis-sandbox,0.02,40.05,3072.0,1.30,0.0,0.0,15.0,0.0,3
2026-08-21T10:26:49Z,celmis-qdrant,0.10,238.1,6928.38,3.44,0.02,0.01,71.3,0.0,25
2026-08-21T10:26:57Z,celmis-api,0.28,618.1,6928.38,8.92,18.3,17.8,315.0,2979.84,18
2026-08-21T10:26:57Z,celmis-postgres,0.08,78.91,6928.38,1.14,8.59,5.81,43.0,18.2,17
2026-08-21T10:26:57Z,celmis-web,0.05,180.5,6928.38,2.61,0.07,0.08,122.0,0.0,12
2026-08-21T10:26:57Z,celmis-sandbox,0.03,40.05,3072.0,1.30,0.0,0.0,15.0,0.0,3
2026-08-21T10:26:57Z,celmis-qdrant,0.08,238.0,6928.38,3.44,0.02,0.01,71.3,0.0,25
2026-08-21T10:27:05Z,celmis-api,0.19,618.1,6928.38,8.92,18.3,17.8,315.0,2979.84,18
2026-08-21T10:27:05Z,celmis-postgres,0.03,78.86,6928.38,1.14,8.59,5.81,43.0,18.2,17
2026-08-21T10:27:05Z,celmis-web,0.01,180.5,6928.38,2.61,0.07,0.08,122.0,0.0,12
2026-08-21T10:27:05Z,celmis-sandbox,0.02,40.05,3072.0,1.30,0.0,0.0,15.0,0.0,3
2026-08-21T10:27:05Z,celmis-qdrant,0.07,238.0,6928.38,3.44,0.02,0.01,71.3,0.0,25
2026-08-21T10:27:12Z,celmis-api,0.30,624.5,6928.38,9.01,18.4,17.8,315.0,3000.32,13
2026-08-21T10:27:12Z,celmis-postgres,0.01,78.92,6928.38,1.14,8.59,5.81,43.0,18.2,17
2026-08-21T10:27:12Z,celmis-web,0.00,180.5,6928.38,2.61,0.07,0.08,122.0,0.0,12
2026-08-21T10:27:12Z,celmis-sandbox,0.01,40.05,3072.0,1.30,0.0,0.0,15.0,0.0,3
2026-08-21T10:27:12Z,celmis-qdrant,0.05,237.9,6928.38,3.43,0.02,0.01,71.3,0.0,25
2026-08-21T10:27:19Z,celmis-api,2.32,624.9,6928.38,9.02,18.4,17.8,315.0,3031.04,13
2026-08-21T10:27:19Z,celmis-postgres,0.12,79.15,6928.38,1.14,8.6,5.81,43.0,18.2,17
2026-08-21T10:27:19Z,celmis-web,2.20,180.6,6928.38,2.61,0.07,0.08,122.0,0.0,12
2026-08-21T10:27:19Z,celmis-sandbox,0.03,40.22,3072.0,1.31,0.0,0.0,15.0,0.0,3
2026-08-21T10:27:19Z,celmis-qdrant,0.05,237.9,6928.38,3.43,0.02,0.01,71.3,0.0,25
2026-08-21T10:27:27Z,celmis-api,24.24,625.6,6928.38,9.03,18.4,17.8,315.0,3061.76,13
2026-08-21T10:27:27Z,celmis-postgres,0.03,78.84,6928.38,1.14,8.6,5.82,43.0,18.2,17
2026-08-21T10:27:27Z,celmis-web,0.02,180.6,6928.38,2.61,0.07,0.08,122.0,0.0,12
2026-08-21T10:27:27Z,celmis-sandbox,0.02,40.22,3072.0,1.31,0.0,0.0,15.0,0.0,3
2026-08-21T10:27:27Z,celmis-qdrant,0.08,238.1,6928.38,3.44,0.02,0.01,71.3,0.0,25
2026-08-21T10:27:35Z,celmis-api,0.22,625.8,6928.38,9.03,18.4,17.8,315.0,3072.0,13
2026-08-21T10:27:35Z,celmis-postgres,0.00,78.89,6928.38,1.14,8.6,5.82,43.0,18.2,17
2026-08-21T10:27:35Z,celmis-web,0.01,180.6,6928.38,2.61,0.07,0.08,122.0,0.0,12
2026-08-21T10:27:35Z,celmis-sandbox,0.03,40.22,3072.0,1.31,0.0,0.0,15.0,0.0,3
2026-08-21T10:27:35Z,celmis-qdrant,0.07,238.1,6928.38,3.44,0.02,0.01,71.3,0.0,25
2026-08-21T10:27:42Z,celmis-api,0.32,626.3,6928.38,9.04,18.4,17.8,315.0,3102.72,13
2026-08-21T10:27:42Z,celmis-postgres,0.03,79.09,6928.38,1.14,8.6,5.82,43.0,18.2,17
2026-08-21T10:27:42Z,celmis-web,0.00,180.6,6928.38,2.61,0.07,0.08,122.0,0.0,12
2026-08-21T10:27:42Z,celmis-sandbox,0.03,40.22,3072.0,1.31,0.0,0.0,15.0,0.0,3
2026-08-21T10:27:42Z,celmis-qdrant,0.06,238.2,6928.38,3.44,0.02,0.01,71.3,0.0,25
2026-08-21T10:27:49Z,celmis-api,40.06,459.9,6928.38,6.64,18.5,17.9,315.0,3102.72,12
2026-08-21T10:27:49Z,celmis-postgres,0.78,73.53,6928.38,1.06,8.66,5.88,43.0,18.4,14
2026-08-21T10:27:49Z,celmis-web,0.98,180.7,6928.38,2.61,0.07,0.08,122.0,0.0,12
2026-08-21T10:27:49Z,celmis-sandbox,0.02,40.15,3072.0,1.31,0.0,0.0,15.0,0.0,3
2026-08-21T10:27:49Z,celmis-qdrant,0.05,238.2,6928.38,3.44,0.02,0.01,71.3,0.0,25
2026-08-21T10:27:57Z,celmis-api,0.26,615.3,6928.38,8.88,18.6,18.0,315.0,3102.72,17
2026-08-21T10:27:57Z,celmis-postgres,0.03,77.29,6928.38,1.12,8.66,5.88,43.0,18.4,16
2026-08-21T10:27:57Z,celmis-web,0.00,180.5,6928.38,2.61,0.07,0.08,122.0,0.0,12
2026-08-21T10:27:57Z,celmis-sandbox,0.02,40.15,3072.0,1.31,0.0,0.0,15.0,0.0,3
2026-08-21T10:27:57Z,celmis-qdrant,0.07,237.9,6928.38,3.43,0.02,0.01,71.3,0.0,25
2026-08-21T10:28:05Z,celmis-api,0.24,615.6,6928.38,8.88,18.6,18.0,315.0,3102.72,18
2026-08-21T10:28:05Z,celmis-postgres,0.02,78.98,6928.38,1.14,8.67,5.89,43.0,18.4,17
2026-08-21T10:28:05Z,celmis-web,0.00,180.5,6928.38,2.61,0.07,0.08,122.0,0.0,12
2026-08-21T10:28:05Z,celmis-sandbox,0.03,40.15,3072.0,1.31,0.0,0.0,15.0,0.0,3
2026-08-21T10:28:05Z,celmis-qdrant,0.08,237.9,6928.38,3.43,0.02,0.01,71.3,0.0,25
2026-08-21T10:28:12Z,celmis-api,0.54,615.8,6928.38,8.89,18.6,18.0,315.0,3102.72,18
2026-08-21T10:28:12Z,celmis-postgres,0.00,79.04,6928.38,1.14,8.67,5.89,43.0,18.4,17
2026-08-21T10:28:12Z,celmis-web,0.00,180.7,6928.38,2.61,0.07,0.08,122.0,0.0,12
2026-08-21T10:28:12Z,celmis-sandbox,0.02,40.15,3072.0,1.31,0.0,0.0,15.0,0.0,3
2026-08-21T10:28:12Z,celmis-qdrant,0.11,237.8,6928.38,3.43,0.02,0.01,71.3,0.0,25
2026-08-21T10:28:19Z,celmis-api,0.31,615.7,6928.38,8.89,18.7,18.1,315.0,3102.72,18
2026-08-21T10:28:19Z,celmis-postgres,0.14,78.96,6928.38,1.14,8.67,5.89,43.0,18.5,17
2026-08-21T10:28:19Z,celmis-web,2.11,180.8,6928.38,2.61,0.07,0.08,122.0,0.0,12
2026-08-21T10:28:19Z,celmis-sandbox,0.03,40.34,3072.0,1.31,0.0,0.0,15.0,0.0,3
2026-08-21T10:28:19Z,celmis-qdrant,0.11,237.8,6928.38,3.43,0.02,0.01,71.3,0.0,25
2026-08-21T10:28:27Z,celmis-api,0.26,615.6,6928.38,8.89,18.7,18.1,315.0,3102.72,18
2026-08-21T10:28:27Z,celmis-postgres,0.03,78.98,6928.38,1.14,8.68,5.9,43.0,18.5,17
2026-08-21T10:28:27Z,celmis-web,0.00,180.6,6928.38,2.61,0.07,0.08,122.0,0.0,12
2026-08-21T10:28:27Z,celmis-sandbox,0.03,40.34,3072.0,1.31,0.0,0.0,15.0,0.0,3
2026-08-21T10:28:27Z,celmis-qdrant,0.07,237.9,6928.38,3.43,0.02,0.01,71.3,0.0,25
2026-08-21T10:28:35Z,celmis-api,0.24,615.6,6928.38,8.89,18.7,18.1,315.0,3102.72,18
2026-08-21T10:28:35Z,celmis-postgres,0.00,79.05,6928.38,1.14,8.68,5.9,43.0,18.5,17
2026-08-21T10:28:35Z,celmis-web,0.00,180.6,6928.38,2.61,0.07,0.08,122.0,0.0,12
2026-08-21T10:28:35Z,celmis-sandbox,0.03,40.34,3072.0,1.31,0.0,0.0,15.0,0.0,3
2026-08-21T10:28:35Z,celmis-qdrant,0.08,237.9,6928.38,3.43,0.02,0.01,71.3,0.0,25
2026-08-21T10:28:42Z,celmis-api,4.64,618.3,6928.38,8.92,18.7,18.1,315.0,3102.72,13
2026-08-21T10:28:42Z,celmis-postgres,1.74,78.98,6928.38,1.14,8.68,5.9,43.0,18.5,17
2026-08-21T10:28:42Z,celmis-web,0.00,180.8,6928.38,2.61,0.07,0.08,122.0,0.0,12
2026-08-21T10:28:42Z,celmis-sandbox,0.02,40.34,3072.0,1.31,0.0,0.0,15.0,0.0,3
2026-08-21T10:28:42Z,celmis-qdrant,0.07,237.8,6928.38,3.43,0.02,0.01,71.3,0.0,25
2026-08-21T10:28:49Z,celmis-api,0.55,618.2,6928.38,8.92,18.7,18.1,315.0,3102.72,13
2026-08-21T10:28:49Z,celmis-postgres,0.12,78.75,6928.38,1.14,8.68,5.9,43.0,18.5,17
2026-08-21T10:28:49Z,celmis-web,0.00,180.8,6928.38,2.61,0.07,0.08,122.0,0.0,12
2026-08-21T10:28:49Z,celmis-sandbox,0.02,40.26,3072.0,1.31,0.0,0.0,15.0,0.0,3
2026-08-21T10:28:49Z,celmis-qdrant,0.10,237.8,6928.38,3.43,0.02,0.01,71.3,0.0,25
2026-08-21T10:28:57Z,celmis-api,0.33,625.1,6928.38,9.02,18.7,18.1,315.0,3133.44,13
2026-08-21T10:28:57Z,celmis-postgres,0.00,79.11,6928.38,1.14,8.69,5.9,43.0,18.5,17
2026-08-21T10:28:57Z,celmis-web,0.01,181.1,6928.38,2.61,0.07,0.08,122.0,0.0,12
2026-08-21T10:28:57Z,celmis-sandbox,0.02,40.26,3072.0,1.31,0.0,0.0,15.0,0.0,3
2026-08-21T10:28:57Z,celmis-qdrant,0.07,238.0,6928.38,3.43,0.02,0.01,71.3,0.0,25
2026-08-21T10:29:05Z,celmis-api,48.41,364.4,6928.38,5.26,18.8,18.2,315.0,3133.44,11
2026-08-21T10:29:05Z,celmis-postgres,0.33,73.8,6928.38,1.07,8.74,5.96,43.0,18.5,14
2026-08-21T10:29:05Z,celmis-web,0.00,181.1,6928.38,2.61,0.07,0.08,122.0,0.0,12
2026-08-21T10:29:05Z,celmis-sandbox,0.01,40.26,3072.0,1.31,0.0,0.0,15.0,0.0,3
2026-08-21T10:29:05Z,celmis-qdrant,0.06,238.0,6928.38,3.43,0.02,0.01,71.3,0.0,25
2026-08-21T10:29:12Z,celmis-api,0.21,364.3,6928.38,5.26,18.8,18.2,315.0,3133.44,11
2026-08-21T10:29:12Z,celmis-postgres,1.65,73.53,6928.38,1.06,8.74,5.96,43.0,18.5,14
2026-08-21T10:29:12Z,celmis-web,0.00,180.4,6928.38,2.60,0.07,0.08,122.0,0.0,12
2026-08-21T10:29:12Z,celmis-sandbox,0.03,40.26,3072.0,1.31,0.0,0.0,15.0,0.0,3
2026-08-21T10:29:12Z,celmis-qdrant,0.08,238.0,6928.38,3.43,0.02,0.01,71.3,0.0,25
2026-08-21T10:29:19Z,celmis-api,0.28,364.3,6928.38,5.26,18.8,18.2,315.0,3133.44,11
2026-08-21T10:29:19Z,celmis-postgres,0.10,73.77,6928.38,1.06,8.75,5.96,43.0,18.5,14
2026-08-21T10:29:19Z,celmis-web,0.01,180.4,6928.38,2.60,0.07,0.08,122.0,0.0,12
2026-08-21T10:29:19Z,celmis-sandbox,0.03,40.44,3072.0,1.32,0.0,0.0,15.0,0.0,3
2026-08-21T10:29:19Z,celmis-qdrant,0.08,237.9,6928.38,3.43,0.02,0.01,71.3,0.0,25
2026-08-21T10:29:27Z,celmis-api,0.52,364.5,6928.38,5.26,18.8,18.2,315.0,3133.44,11
2026-08-21T10:29:27Z,celmis-postgres,1.94,73.33,6928.38,1.06,8.75,5.97,43.0,18.5,14
2026-08-21T10:29:27Z,celmis-web,0.01,180.8,6928.38,2.61,0.07,0.08,122.0,0.0,12
2026-08-21T10:29:27Z,celmis-sandbox,0.03,40.44,3072.0,1.32,0.0,0.0,15.0,0.0,3
2026-08-21T10:29:27Z,celmis-qdrant,0.11,237.8,6928.38,3.43,0.02,0.01,71.3,0.0,25
