ts,container,cpu_pct,mem_used_mb,mem_limit_mb,mem_pct,net_in_mb,net_out_mb,block_in_mb,block_out_mb,pids
2026-08-21T21:29:41Z,celmis-web,0.04,82.46,6928.38,1.19,0.36,0.63,10.3,0.0,12
2026-08-21T21:29:41Z,celmis-api,54.28,379.2,6928.38,5.47,17.8,15.1,31.8,615.0,16
2026-08-21T21:29:41Z,celmis-postgres,1.00,39.8,6928.38,0.57,27.2,16.3,43.2,54.9,13
2026-08-21T21:29:41Z,celmis-sandbox,0.04,58.83,3072.0,1.92,0.0,0.0,18.0,0.0,3
2026-08-21T21:29:41Z,celmis-qdrant,0.30,177.9,6928.38,2.57,0.06,0.04,71.3,0.0,25
2026-08-21T21:29:48Z,celmis-web,0.01,82.46,6928.38,1.19,0.36,0.63,10.3,0.0,12
2026-08-21T21:29:48Z,celmis-api,0.28,581.0,6928.38,8.39,18.0,15.1,31.8,616.0,21
2026-08-21T21:29:48Z,celmis-postgres,0.05,43.47,6928.38,0.63,27.2,16.3,43.2,54.9,15
2026-08-21T21:29:48Z,celmis-sandbox,0.07,58.83,3072.0,1.92,0.0,0.0,18.0,0.0,3
2026-08-21T21:29:48Z,celmis-qdrant,0.11,177.9,6928.38,2.57,0.06,0.04,71.3,0.0,25
2026-08-21T21:29:56Z,celmis-web,0.03,82.16,6928.38,1.19,0.36,0.63,10.3,0.0,12
2026-08-21T21:29:56Z,celmis-api,0.31,581.1,6928.38,8.39,18.0,15.1,31.8,616.0,21
2026-08-21T21:29:56Z,celmis-postgres,0.00,43.6,6928.38,0.63,27.2,16.3,43.2,54.9,15
2026-08-21T21:29:56Z,celmis-sandbox,0.03,59.25,3072.0,1.93,0.0,0.0,18.0,0.0,3
2026-08-21T21:29:56Z,celmis-qdrant,0.12,178.1,6928.38,2.57,0.06,0.04,71.3,0.0,25
2026-08-21T21:30:03Z,celmis-web,0.01,82.16,6928.38,1.19,0.36,0.63,10.3,0.0,12
2026-08-21T21:30:03Z,celmis-api,0.36,581.1,6928.38,8.39,18.0,15.1,31.8,616.0,21
2026-08-21T21:30:03Z,celmis-postgres,0.85,45.48,6928.38,0.66,27.2,16.3,43.2,55.0,16
2026-08-21T21:30:03Z,celmis-sandbox,0.03,59.25,3072.0,1.93,0.0,0.0,18.0,0.0,3
2026-08-21T21:30:03Z,celmis-qdrant,0.14,178.1,6928.38,2.57,0.06,0.04,71.3,0.0,25
2026-08-21T21:30:11Z,celmis-web,0.01,82.17,6928.38,1.19,0.36,0.63,10.3,0.0,12
2026-08-21T21:30:11Z,celmis-api,2.79,582.0,6928.38,8.40,18.0,15.1,31.8,616.0,22
2026-08-21T21:30:11Z,celmis-postgres,2.53,45.3,6928.38,0.65,27.2,16.3,43.2,55.0,16
2026-08-21T21:30:11Z,celmis-sandbox,0.03,59.25,3072.0,1.93,0.0,0.0,18.0,0.0,3
2026-08-21T21:30:11Z,celmis-qdrant,0.11,178.3,6928.38,2.57,0.06,0.04,71.3,0.0,25
2026-08-21T21:30:18Z,celmis-web,0.01,82.17,6928.38,1.19,0.36,0.63,10.3,0.0,12
2026-08-21T21:30:18Z,celmis-api,0.33,582.1,6928.38,8.40,18.0,15.1,31.8,616.0,22
2026-08-21T21:30:18Z,celmis-postgres,0.00,45.01,6928.38,0.65,27.2,16.3,43.2,55.0,16
2026-08-21T21:30:18Z,celmis-sandbox,0.08,59.25,3072.0,1.93,0.0,0.0,18.0,0.0,3
2026-08-21T21:30:18Z,celmis-qdrant,0.12,178.3,6928.38,2.57,0.06,0.04,71.3,0.0,25
2026-08-21T21:30:26Z,celmis-web,0.15,82.45,6928.38,1.19,0.36,0.63,10.3,0.0,12
2026-08-21T21:30:26Z,celmis-api,0.90,581.8,6928.38,8.40,18.0,15.1,31.8,616.0,22
2026-08-21T21:30:26Z,celmis-postgres,1.68,45.05,6928.38,0.65,27.2,16.3,43.2,55.0,16
2026-08-21T21:30:26Z,celmis-sandbox,0.03,59.18,3072.0,1.93,0.0,0.0,18.0,0.0,3
2026-08-21T21:30:26Z,celmis-qdrant,0.10,178.2,6928.38,2.57,0.06,0.04,71.3,0.0,25
2026-08-21T21:30:33Z,celmis-web,0.01,82.45,6928.38,1.19,0.36,0.63,10.3,0.0,12
2026-08-21T21:30:33Z,celmis-api,0.27,581.7,6928.38,8.40,18.0,15.1,31.8,616.0,22
2026-08-21T21:30:33Z,celmis-postgres,0.00,44.98,6928.38,0.65,27.2,16.3,43.2,55.0,16
2026-08-21T21:30:33Z,celmis-sandbox,0.03,59.18,3072.0,1.93,0.0,0.0,18.0,0.0,3
2026-08-21T21:30:33Z,celmis-qdrant,0.11,178.2,6928.38,2.57,0.06,0.04,71.3,0.0,25
2026-08-21T21:30:41Z,celmis-web,0.01,82.2,6928.38,1.19,0.36,0.63,10.3,0.0,12
2026-08-21T21:30:41Z,celmis-api,0.61,581.8,6928.38,8.40,18.0,15.1,31.8,616.0,22
2026-08-21T21:30:41Z,celmis-postgres,1.84,45.5,6928.38,0.66,27.2,16.4,43.2,55.0,16
2026-08-21T21:30:41Z,celmis-sandbox,0.03,59.18,3072.0,1.93,0.0,0.0,18.0,0.0,3
2026-08-21T21:30:41Z,celmis-qdrant,0.17,178.6,6928.38,2.58,0.06,0.04,71.3,0.0,25
2026-08-21T21:30:48Z,celmis-web,0.01,82.2,6928.38,1.19,0.36,0.63,10.3,0.0,12
2026-08-21T21:30:48Z,celmis-api,0.28,581.8,6928.38,8.40,18.1,15.1,31.8,616.0,17
2026-08-21T21:30:48Z,celmis-postgres,0.03,45.14,6928.38,0.65,27.2,16.4,43.2,55.1,16
2026-08-21T21:30:48Z,celmis-sandbox,0.04,59.18,3072.0,1.93,0.0,0.0,18.0,0.0,3
2026-08-21T21:30:48Z,celmis-qdrant,0.11,178.6,6928.38,2.58,0.06,0.04,71.3,0.0,25
2026-08-21T21:30:56Z,celmis-web,0.01,81.96,6928.38,1.18,0.36,0.63,10.3,0.0,12
2026-08-21T21:30:56Z,celmis-api,0.81,582.0,6928.38,8.40,18.1,15.2,31.8,616.0,17
2026-08-21T21:30:56Z,celmis-postgres,1.85,40.15,6928.38,0.58,27.2,16.4,43.2,55.1,13
2026-08-21T21:30:56Z,celmis-sandbox,0.02,59.09,3072.0,1.92,0.0,0.0,18.0,0.0,3
2026-08-21T21:30:56Z,celmis-qdrant,0.23,178.5,6928.38,2.58,0.06,0.04,71.3,0.0,25
2026-08-21T21:31:03Z,celmis-web,0.01,81.96,6928.38,1.18,0.36,0.63,10.3,0.0,12
2026-08-21T21:31:03Z,celmis-api,0.31,579.3,6928.38,8.36,18.3,15.3,31.8,616.0,21
2026-08-21T21:31:03Z,celmis-postgres,0.03,43.32,6928.38,0.63,27.2,16.4,43.2,55.1,15
2026-08-21T21:31:03Z,celmis-sandbox,0.03,59.09,3072.0,1.92,0.0,0.0,18.0,0.0,3
2026-08-21T21:31:03Z,celmis-qdrant,0.15,178.5,6928.38,2.58,0.06,0.04,71.3,0.0,25
2026-08-21T21:31:11Z,celmis-web,0.01,82.1,6928.38,1.18,0.36,0.63,10.3,0.0,12
2026-08-21T21:31:11Z,celmis-api,0.66,579.4,6928.38,8.36,18.3,15.3,31.8,616.0,21
2026-08-21T21:31:11Z,celmis-postgres,2.40,43.41,6928.38,0.63,27.2,16.4,43.2,55.1,15
2026-08-21T21:31:11Z,celmis-sandbox,0.02,59.09,3072.0,1.92,0.0,0.0,18.0,0.0,3
2026-08-21T21:31:11Z,celmis-qdrant,0.09,178.1,6928.38,2.57,0.06,0.04,71.3,0.0,25
2026-08-21T21:31:18Z,celmis-web,0.00,82.1,6928.38,1.18,0.36,0.63,10.3,0.0,12
2026-08-21T21:31:18Z,celmis-api,0.26,579.8,6928.38,8.37,18.3,15.3,31.8,616.0,22
2026-08-21T21:31:18Z,celmis-postgres,0.01,45.33,6928.38,0.65,27.2,16.4,43.2,55.1,16
2026-08-21T21:31:18Z,celmis-sandbox,0.02,59.09,3072.0,1.92,0.0,0.0,18.0,0.0,3
2026-08-21T21:31:18Z,celmis-qdrant,0.08,178.1,6928.38,2.57,0.06,0.04,71.3,0.0,25
2026-08-21T21:31:26Z,celmis-web,0.04,82.26,6928.38,1.19,0.36,0.63,10.3,0.0,12
2026-08-21T21:31:26Z,celmis-api,0.57,580.0,6928.38,8.37,18.3,15.3,31.8,616.0,22
2026-08-21T21:31:26Z,celmis-postgres,1.70,45.35,6928.38,0.65,27.2,16.4,43.2,55.1,16
2026-08-21T21:31:26Z,celmis-sandbox,0.02,58.71,3072.0,1.91,0.0,0.0,18.0,0.0,3
2026-08-21T21:31:26Z,celmis-qdrant,0.08,178.0,6928.38,2.57,0.06,0.04,71.3,0.0,25
2026-08-21T21:31:33Z,celmis-web,0.01,82.26,6928.38,1.19,0.36,0.63,10.3,0.0,12
2026-08-21T21:31:33Z,celmis-api,0.28,580.0,6928.38,8.37,18.3,15.3,31.8,616.0,22
2026-08-21T21:31:33Z,celmis-postgres,0.00,45.39,6928.38,0.66,27.3,16.4,43.2,55.1,16
2026-08-21T21:31:33Z,celmis-sandbox,0.03,58.71,3072.0,1.91,0.0,0.0,18.0,0.0,3
2026-08-21T21:31:33Z,celmis-qdrant,0.07,178.0,6928.38,2.57,0.06,0.04,71.3,0.0,25
2026-08-21T21:31:41Z,celmis-web,0.01,82.03,6928.38,1.18,0.36,0.63,10.3,0.0,12
2026-08-21T21:31:41Z,celmis-api,0.49,579.9,6928.38,8.37,18.3,15.3,31.8,616.0,17
2026-08-21T21:31:41Z,celmis-postgres,0.10,45.3,6928.38,0.65,27.3,16.4,43.2,55.1,16
2026-08-21T21:31:41Z,celmis-sandbox,0.03,58.71,3072.0,1.91,0.0,0.0,18.0,0.0,3
2026-08-21T21:31:41Z,celmis-qdrant,0.08,178.1,6928.38,2.57,0.06,0.04,71.3,0.0,25
2026-08-21T21:31:48Z,celmis-web,0.00,82.03,6928.38,1.18,0.36,0.63,10.3,0.0,12
2026-08-21T21:31:48Z,celmis-api,0.26,579.9,6928.38,8.37,18.3,15.3,31.8,616.0,17
2026-08-21T21:31:48Z,celmis-postgres,0.02,45.4,6928.38,0.66,27.3,16.4,43.2,55.1,16
2026-08-21T21:31:48Z,celmis-sandbox,0.03,58.71,3072.0,1.91,0.0,0.0,18.0,0.0,3
2026-08-21T21:31:48Z,celmis-qdrant,0.10,178.1,6928.38,2.57,0.06,0.04,71.3,0.0,25
2026-08-21T21:31:56Z,celmis-web,0.06,82.05,6928.38,1.18,0.36,0.63,10.3,0.0,12
2026-08-21T21:31:56Z,celmis-api,1.14,587.3,6928.38,8.48,18.3,15.3,31.8,645.0,17
2026-08-21T21:31:56Z,celmis-postgres,1.55,45.32,6928.38,0.65,27.3,16.4,43.2,55.2,16
2026-08-21T21:31:56Z,celmis-sandbox,0.10,58.88,3072.0,1.92,0.0,0.0,18.0,0.0,3
2026-08-21T21:31:56Z,celmis-qdrant,0.11,178.2,6928.38,2.57,0.06,0.04,71.3,0.0,25
2026-08-21T21:32:03Z,celmis-web,0.01,82.05,6928.38,1.18,0.36,0.63,10.3,0.0,12
2026-08-21T21:32:03Z,celmis-api,0.24,587.7,6928.38,8.48,18.4,15.4,31.8,645.0,17
2026-08-21T21:32:03Z,celmis-postgres,0.03,45.3,6928.38,0.65,27.3,16.5,43.2,55.2,16
2026-08-21T21:32:03Z,celmis-sandbox,0.02,58.88,3072.0,1.92,0.0,0.0,18.0,0.0,3
2026-08-21T21:32:03Z,celmis-qdrant,0.07,178.2,6928.38,2.57,0.06,0.04,71.3,0.0,25
2026-08-21T21:32:11Z,celmis-web,0.00,82.21,6928.38,1.19,0.36,0.63,10.3,0.0,12
2026-08-21T21:32:11Z,celmis-api,0.59,579.6,6928.38,8.37,18.5,15.4,31.8,645.0,21
2026-08-21T21:32:11Z,celmis-postgres,1.37,43.58,6928.38,0.63,27.3,16.5,43.2,55.2,15
2026-08-21T21:32:11Z,celmis-sandbox,0.02,58.88,3072.0,1.92,0.0,0.0,18.0,0.0,3
2026-08-21T21:32:11Z,celmis-qdrant,0.10,178.1,6928.38,2.57,0.06,0.04,71.3,0.0,25
2026-08-21T21:32:18Z,celmis-web,0.01,82.21,6928.38,1.19,0.36,0.63,10.3,0.0,12
2026-08-21T21:32:18Z,celmis-api,0.26,579.5,6928.38,8.36,18.6,15.5,31.8,645.0,21
2026-08-21T21:32:18Z,celmis-postgres,0.00,43.29,6928.38,0.62,27.3,16.5,43.2,55.2,15
2026-08-21T21:32:18Z,celmis-sandbox,0.02,58.88,3072.0,1.92,0.0,0.0,18.0,0.0,3
2026-08-21T21:32:18Z,celmis-qdrant,0.10,178.1,6928.38,2.57,0.06,0.04,71.3,0.0,25
2026-08-21T21:32:26Z,celmis-web,0.01,82.3,6928.38,1.19,0.36,0.63,10.3,0.0,12
2026-08-21T21:32:26Z,celmis-api,0.52,579.3,6928.38,8.36,18.6,15.5,31.8,645.0,21
2026-08-21T21:32:26Z,celmis-postgres,0.15,43.46,6928.38,0.63,27.3,16.5,43.2,55.4,15
2026-08-21T21:32:26Z,celmis-sandbox,0.02,59.06,3072.0,1.92,0.0,0.0,18.0,0.0,3
2026-08-21T21:32:26Z,celmis-qdrant,0.13,178.0,6928.38,2.57,0.06,0.04,71.3,0.0,25
2026-08-21T21:32:33Z,celmis-web,0.01,82.3,6928.38,1.19,0.36,0.63,10.3,0.0,12
2026-08-21T21:32:33Z,celmis-api,0.25,579.3,6928.38,8.36,18.6,15.5,31.8,645.0,21
2026-08-21T21:32:33Z,celmis-postgres,0.00,43.6,6928.38,0.63,27.3,16.5,43.2,55.4,15
2026-08-21T21:32:33Z,celmis-sandbox,0.03,59.06,3072.0,1.92,0.0,0.0,18.0,0.0,3
2026-08-21T21:32:33Z,celmis-qdrant,0.09,178.0,6928.38,2.57,0.06,0.04,71.3,0.0,25
2026-08-21T21:32:41Z,celmis-web,0.01,82.25,6928.38,1.19,0.36,0.63,10.3,0.0,12
2026-08-21T21:32:41Z,celmis-api,1.42,579.9,6928.38,8.37,18.6,15.5,31.8,645.0,22
2026-08-21T21:32:41Z,celmis-postgres,0.20,45.23,6928.38,0.65,27.3,16.5,43.2,55.4,16
2026-08-21T21:32:41Z,celmis-sandbox,0.02,59.06,3072.0,1.92,0.0,0.0,18.0,0.0,3
2026-08-21T21:32:41Z,celmis-qdrant,0.09,178.4,6928.38,2.58,0.06,0.04,71.3,0.0,25
2026-08-21T21:32:48Z,celmis-web,0.00,82.25,6928.38,1.19,0.36,0.63,10.3,0.0,12
2026-08-21T21:32:48Z,celmis-api,0.25,579.9,6928.38,8.37,18.6,15.5,31.8,645.0,22
2026-08-21T21:32:48Z,celmis-postgres,0.03,45.48,6928.38,0.66,27.3,16.5,43.2,55.4,16
2026-08-21T21:32:48Z,celmis-sandbox,0.03,59.06,3072.0,1.92,0.0,0.0,18.0,0.0,3
2026-08-21T21:32:48Z,celmis-qdrant,0.08,178.4,6928.38,2.58,0.06,0.04,71.3,0.0,25
2026-08-21T21:32:56Z,celmis-web,0.00,82.27,6928.38,1.19,0.36,0.63,10.3,0.0,12
2026-08-21T21:32:56Z,celmis-api,0.43,579.9,6928.38,8.37,18.6,15.5,31.8,645.0,17
2026-08-21T21:32:56Z,celmis-postgres,0.07,45.28,6928.38,0.65,27.3,16.5,43.2,55.5,16
2026-08-21T21:32:56Z,celmis-sandbox,0.02,59.23,3072.0,1.93,0.0,0.0,18.0,0.0,3
2026-08-21T21:32:56Z,celmis-qdrant,0.05,178.1,6928.38,2.57,0.06,0.04,71.3,0.0,25
2026-08-21T21:33:03Z,celmis-web,0.00,82.27,6928.38,1.19,0.36,0.63,10.3,0.0,12
2026-08-21T21:33:03Z,celmis-api,0.25,579.9,6928.38,8.37,18.6,15.5,31.8,645.0,17
2026-08-21T21:33:03Z,celmis-postgres,0.03,45.0,6928.38,0.65,27.4,16.5,43.2,55.5,16
2026-08-21T21:33:03Z,celmis-sandbox,0.03,59.23,3072.0,1.93,0.0,0.0,18.0,0.0,3
2026-08-21T21:33:03Z,celmis-qdrant,0.10,178.1,6928.38,2.57,0.06,0.04,71.3,0.0,25
2026-08-21T21:33:11Z,celmis-web,0.00,82.01,6928.38,1.18,0.36,0.63,10.3,0.0,12
2026-08-21T21:33:11Z,celmis-api,0.52,580.1,6928.38,8.37,18.6,15.5,31.8,645.0,17
2026-08-21T21:33:11Z,celmis-postgres,1.02,45.12,6928.38,0.65,27.4,16.5,43.2,55.5,16
2026-08-21T21:33:11Z,celmis-sandbox,0.02,59.23,3072.0,1.93,0.0,0.0,18.0,0.0,3
2026-08-21T21:33:11Z,celmis-qdrant,0.10,177.8,6928.38,2.57,0.06,0.04,71.3,0.0,25
2026-08-21T21:33:18Z,celmis-web,0.01,82.01,6928.38,1.18,0.36,0.63,10.3,0.0,12
2026-08-21T21:33:18Z,celmis-api,0.24,580.2,6928.38,8.37,18.6,15.5,31.8,645.0,17
2026-08-21T21:33:18Z,celmis-postgres,0.00,45.34,6928.38,0.65,27.4,16.5,43.2,55.5,16
2026-08-21T21:33:18Z,celmis-sandbox,0.12,59.23,3072.0,1.93,0.0,0.0,18.0,0.0,3
2026-08-21T21:33:18Z,celmis-qdrant,0.08,177.8,6928.38,2.57,0.06,0.04,71.3,0.0,25
2026-08-21T21:33:26Z,celmis-web,0.01,82.28,6928.38,1.19,0.36,0.63,10.3,0.0,12
2026-08-21T21:33:26Z,celmis-api,45.53,587.0,6928.38,8.47,18.6,15.5,31.8,675.0,17
2026-08-21T21:33:26Z,celmis-postgres,0.37,45.32,6928.38,0.65,27.4,16.5,43.2,55.5,16
2026-08-21T21:33:26Z,celmis-sandbox,0.35,59.17,3072.0,1.93,0.0,0.0,18.0,0.0,3
2026-08-21T21:33:26Z,celmis-qdrant,0.22,178.2,6928.38,2.57,0.06,0.04,71.3,0.0,25
2026-08-21T21:33:33Z,celmis-web,0.01,82.28,6928.38,1.19,0.36,0.63,10.3,0.0,12
2026-08-21T21:33:33Z,celmis-api,34.74,378.0,6928.38,5.46,18.7,15.6,31.8,675.0,16
2026-08-21T21:33:33Z,celmis-postgres,0.00,39.78,6928.38,0.57,27.4,16.5,43.2,55.5,13
2026-08-21T21:33:33Z,celmis-sandbox,0.02,59.17,3072.0,1.93,0.0,0.0,18.0,0.0,3
2026-08-21T21:33:33Z,celmis-qdrant,0.05,178.2,6928.38,2.57,0.06,0.04,71.3,0.0,25
2026-08-21T21:33:41Z,celmis-web,0.02,82.18,6928.38,1.19,0.36,0.63,10.3,0.0,12
2026-08-21T21:33:41Z,celmis-api,0.56,579.3,6928.38,8.36,18.9,15.7,31.8,675.0,21
2026-08-21T21:33:41Z,celmis-postgres,0.18,43.45,6928.38,0.63,27.4,16.5,43.2,55.5,15
2026-08-21T21:33:41Z,celmis-sandbox,0.07,59.17,3072.0,1.93,0.0,0.0,18.0,0.0,3
2026-08-21T21:33:41Z,celmis-qdrant,0.11,178.3,6928.38,2.57,0.06,0.04,71.3,0.0,25
2026-08-21T21:33:48Z,celmis-web,0.01,82.18,6928.38,1.19,0.36,0.63,10.3,0.0,12
2026-08-21T21:33:48Z,celmis-api,0.25,579.3,6928.38,8.36,18.9,15.7,31.8,675.0,21
2026-08-21T21:33:48Z,celmis-postgres,0.03,43.43,6928.38,0.63,27.4,16.5,43.2,55.5,15
2026-08-21T21:33:48Z,celmis-sandbox,0.03,59.17,3072.0,1.93,0.0,0.0,18.0,0.0,3
2026-08-21T21:33:48Z,celmis-qdrant,0.09,178.3,6928.38,2.57,0.06,0.04,71.3,0.0,25
2026-08-21T21:33:56Z,celmis-web,0.01,82.45,6928.38,1.19,0.36,0.63,10.3,0.0,12
2026-08-21T21:33:56Z,celmis-api,0.80,579.8,6928.38,8.37,18.9,15.7,31.8,675.0,21
2026-08-21T21:33:56Z,celmis-postgres,0.12,43.48,6928.38,0.63,27.4,16.5,43.2,55.5,15
2026-08-21T21:33:56Z,celmis-sandbox,0.08,59.09,3072.0,1.92,0.0,0.0,18.0,0.0,3
2026-08-21T21:33:56Z,celmis-qdrant,0.09,178.2,6928.38,2.57,0.06,0.04,71.3,0.0,25
2026-08-21T21:34:03Z,celmis-web,0.01,82.45,6928.38,1.19,0.36,0.63,10.3,0.0,12
2026-08-21T21:34:03Z,celmis-api,0.30,579.7,6928.38,8.37,18.9,15.7,31.8,675.0,21
2026-08-21T21:34:03Z,celmis-postgres,0.03,43.5,6928.38,0.63,27.4,16.6,43.2,55.6,15
2026-08-21T21:34:03Z,celmis-sandbox,0.02,59.09,3072.0,1.92,0.0,0.0,18.0,0.0,3
2026-08-21T21:34:03Z,celmis-qdrant,0.08,178.2,6928.38,2.57,0.06,0.04,71.3,0.0,25
2026-08-21T21:34:11Z,celmis-web,0.01,82.03,6928.38,1.18,0.36,0.63,10.3,0.0,12
2026-08-21T21:34:11Z,celmis-api,2.13,580.4,6928.38,8.38,18.9,15.7,31.8,675.0,22
2026-08-21T21:34:11Z,celmis-postgres,1.07,45.34,6928.38,0.65,27.4,16.6,43.2,55.6,16
2026-08-21T21:34:11Z,celmis-sandbox,0.07,59.09,3072.0,1.92,0.0,0.0,18.0,0.0,3
2026-08-21T21:34:11Z,celmis-qdrant,0.12,178.4,6928.38,2.57,0.06,0.04,71.3,0.0,25
2026-08-21T21:34:18Z,celmis-web,0.00,82.03,6928.38,1.18,0.36,0.63,10.3,0.0,12
2026-08-21T21:34:18Z,celmis-api,0.25,580.5,6928.38,8.38,18.9,15.7,31.8,675.0,22
2026-08-21T21:34:18Z,celmis-postgres,0.00,45.51,6928.38,0.66,27.4,16.6,43.2,55.6,16
2026-08-21T21:34:18Z,celmis-sandbox,0.02,59.09,3072.0,1.92,0.0,0.0,18.0,0.0,3
2026-08-21T21:34:18Z,celmis-qdrant,0.07,178.4,6928.38,2.57,0.06,0.04,71.3,0.0,25
2026-08-21T21:34:26Z,celmis-web,0.01,82.06,6928.38,1.18,0.36,0.63,10.3,0.0,12
2026-08-21T21:34:26Z,celmis-api,1.36,580.5,6928.38,8.38,18.9,15.7,31.8,675.0,22
2026-08-21T21:34:26Z,celmis-postgres,0.14,45.38,6928.38,0.65,27.4,16.6,43.2,55.6,16
2026-08-21T21:34:26Z,celmis-sandbox,0.02,59.27,3072.0,1.93,0.0,0.0,18.0,0.0,3
2026-08-21T21:34:26Z,celmis-qdrant,0.11,178.2,6928.38,2.57,0.06,0.04,71.3,0.0,25
2026-08-21T21:34:33Z,celmis-web,0.01,82.06,6928.38,1.18,0.36,0.63,10.3,0.0,12
2026-08-21T21:34:33Z,celmis-api,0.26,580.6,6928.38,8.38,19.0,15.7,31.8,675.0,17
2026-08-21T21:34:33Z,celmis-postgres,0.00,45.57,6928.38,0.66,27.4,16.6,43.2,55.6,16
2026-08-21T21:34:33Z,celmis-sandbox,0.03,59.27,3072.0,1.93,0.0,0.0,18.0,0.0,3
2026-08-21T21:34:33Z,celmis-qdrant,0.08,178.2,6928.38,2.57,0.06,0.04,71.3,0.0,25
2026-08-21T21:34:41Z,celmis-web,0.01,82.05,6928.38,1.18,0.36,0.63,10.3,0.0,12
2026-08-21T21:34:41Z,celmis-api,0.77,580.4,6928.38,8.38,19.0,15.7,31.8,675.0,17
2026-08-21T21:34:41Z,celmis-postgres,0.23,45.44,6928.38,0.66,27.4,16.6,43.2,55.6,16
2026-08-21T21:34:41Z,celmis-sandbox,0.03,59.27,3072.0,1.93,0.0,0.0,18.0,0.0,3
2026-08-21T21:34:41Z,celmis-qdrant,0.10,178.4,6928.38,2.57,0.06,0.04,71.3,0.0,25
2026-08-21T21:34:48Z,celmis-web,0.01,82.05,6928.38,1.18,0.36,0.63,10.3,0.0,12
2026-08-21T21:34:48Z,celmis-api,0.46,587.4,6928.38,8.48,19.0,15.7,31.8,704.0,17
2026-08-21T21:34:48Z,celmis-postgres,0.03,45.1,6928.38,0.65,27.4,16.6,43.2,55.6,16
2026-08-21T21:34:48Z,celmis-sandbox,0.02,59.27,3072.0,1.93,0.0,0.0,18.0,0.0,3
2026-08-21T21:34:48Z,celmis-qdrant,0.05,178.4,6928.38,2.57,0.06,0.04,71.3,0.0,25
2026-08-21T21:34:56Z,celmis-web,0.01,82.07,6928.38,1.18,0.36,0.63,10.3,0.0,12
2026-08-21T21:34:56Z,celmis-api,1.74,587.9,6928.38,8.48,19.0,15.7,31.8,733.0,17
2026-08-21T21:34:56Z,celmis-postgres,0.12,45.43,6928.38,0.66,27.4,16.6,43.2,55.6,16
2026-08-21T21:34:56Z,celmis-sandbox,0.02,59.45,3072.0,1.94,0.0,0.0,18.0,0.0,3
2026-08-21T21:34:56Z,celmis-qdrant,0.16,178.3,6928.38,2.57,0.06,0.04,71.3,0.0,25
2026-08-21T21:35:03Z,celmis-web,0.00,82.07,6928.38,1.18,0.36,0.63,10.3,0.0,12
2026-08-21T21:35:03Z,celmis-api,0.67,588.8,6928.38,8.50,19.1,15.8,31.8,733.0,17
2026-08-21T21:35:03Z,celmis-postgres,0.03,45.57,6928.38,0.66,27.5,16.7,43.2,55.7,16
2026-08-21T21:35:03Z,celmis-sandbox,0.03,59.45,3072.0,1.94,0.0,0.0,18.0,0.0,3
2026-08-21T21:35:03Z,celmis-qdrant,0.08,178.3,6928.38,2.57,0.06,0.04,71.3,0.0,25
2026-08-21T21:35:11Z,celmis-web,0.01,82.56,6928.38,1.19,0.36,0.63,10.3,0.0,12
2026-08-21T21:35:11Z,celmis-api,0.56,579.4,6928.38,8.36,19.2,15.9,31.8,733.0,21
2026-08-21T21:35:11Z,celmis-postgres,1.04,43.73,6928.38,0.63,27.5,16.7,43.2,55.7,15
2026-08-21T21:35:11Z,celmis-sandbox,0.04,59.45,3072.0,1.94,0.0,0.0,18.0,0.0,3
2026-08-21T21:35:11Z,celmis-qdrant,0.08,178.2,6928.38,2.57,0.06,0.04,71.3,0.0,25
2026-08-21T21:35:18Z,celmis-web,0.00,82.56,6928.38,1.19,0.36,0.63,10.3,0.0,12
2026-08-21T21:35:18Z,celmis-api,0.26,579.3,6928.38,8.36,19.2,15.9,31.8,733.0,21
2026-08-21T21:35:18Z,celmis-postgres,1.59,43.14,6928.38,0.62,27.5,16.7,43.2,55.7,15
2026-08-21T21:35:18Z,celmis-sandbox,0.03,59.45,3072.0,1.94,0.0,0.0,18.0,0.0,3
2026-08-21T21:35:18Z,celmis-qdrant,0.10,178.2,6928.38,2.57,0.06,0.04,71.3,0.0,25
2026-08-21T21:35:25Z,celmis-web,0.01,82.32,6928.38,1.19,0.36,0.63,10.3,0.0,12
2026-08-21T21:35:25Z,celmis-api,0.79,579.8,6928.38,8.37,19.2,15.9,31.8,733.0,22
2026-08-21T21:35:25Z,celmis-postgres,0.12,45.12,6928.38,0.65,27.5,16.7,43.2,55.7,16
2026-08-21T21:35:25Z,celmis-sandbox,0.03,59.62,3072.0,1.94,0.0,0.0,18.0,0.0,3
2026-08-21T21:35:25Z,celmis-qdrant,0.12,178.4,6928.38,2.57,0.06,0.04,71.3,0.0,25
2026-08-21T21:35:33Z,celmis-web,0.00,82.32,6928.38,1.19,0.36,0.63,10.3,0.0,12
2026-08-21T21:35:33Z,celmis-api,0.29,579.7,6928.38,8.37,19.3,15.9,31.8,733.0,22
2026-08-21T21:35:33Z,celmis-postgres,0.06,45.45,6928.38,0.66,27.5,16.7,43.2,55.7,16
2026-08-21T21:35:33Z,celmis-sandbox,0.02,59.62,3072.0,1.94,0.0,0.0,18.0,0.0,3
2026-08-21T21:35:33Z,celmis-qdrant,0.10,178.4,6928.38,2.57,0.06,0.04,71.3,0.0,25
2026-08-21T21:35:41Z,celmis-web,0.01,82.28,6928.38,1.19,0.36,0.63,10.3,0.0,12
2026-08-21T21:35:41Z,celmis-api,11.43,580.0,6928.38,8.37,19.3,15.9,31.8,733.0,16
2026-08-21T21:35:41Z,celmis-postgres,0.13,45.37,6928.38,0.65,27.6,16.7,43.2,55.7,16
2026-08-21T21:35:41Z,celmis-sandbox,0.02,59.62,3072.0,1.94,0.0,0.0,18.0,0.0,3
2026-08-21T21:35:41Z,celmis-qdrant,0.14,178.3,6928.38,2.57,0.06,0.04,71.3,0.0,25
2026-08-21T21:35:48Z,celmis-web,0.00,82.28,6928.38,1.19,0.36,0.63,10.3,0.0,12
2026-08-21T21:35:48Z,celmis-api,0.28,579.6,6928.38,8.37,19.4,16.0,31.8,733.0,21
2026-08-21T21:35:48Z,celmis-postgres,1.69,43.44,6928.38,0.63,27.6,16.7,43.2,55.7,15
2026-08-21T21:35:48Z,celmis-sandbox,0.06,59.62,3072.0,1.94,0.0,0.0,18.0,0.0,3
2026-08-21T21:35:48Z,celmis-qdrant,0.08,178.3,6928.38,2.57,0.06,0.04,71.3,0.0,25
2026-08-21T21:35:56Z,celmis-web,0.01,82.3,6928.38,1.19,0.36,0.63,10.3,0.0,12
2026-08-21T21:35:56Z,celmis-api,1.34,579.4,6928.38,8.36,19.4,16.0,31.8,733.0,21
2026-08-21T21:35:56Z,celmis-postgres,0.14,43.28,6928.38,0.62,27.6,16.7,43.2,55.7,15
2026-08-21T21:35:56Z,celmis-sandbox,0.02,59.55,3072.0,1.94,0.0,0.0,18.0,0.0,3
2026-08-21T21:35:56Z,celmis-qdrant,0.08,178.4,6928.38,2.58,0.06,0.04,71.3,0.0,25
2026-08-21T21:36:03Z,celmis-web,0.00,82.3,6928.38,1.19,0.36,0.63,10.3,0.0,12
2026-08-21T21:36:03Z,celmis-api,0.31,579.7,6928.38,8.37,19.5,16.0,31.8,733.0,22
2026-08-21T21:36:03Z,celmis-postgres,0.08,45.47,6928.38,0.66,27.6,16.7,43.2,55.7,16
2026-08-21T21:36:03Z,celmis-sandbox,0.03,59.54,3072.0,1.94,0.0,0.0,18.0,0.0,3
2026-08-21T21:36:03Z,celmis-qdrant,0.19,178.4,6928.38,2.58,0.06,0.04,71.3,0.0,25
2026-08-21T21:36:11Z,celmis-web,0.01,82.27,6928.38,1.19,0.36,0.63,10.3,0.0,12
2026-08-21T21:36:11Z,celmis-api,0.53,580.1,6928.38,8.37,19.5,16.0,31.8,734.0,22
2026-08-21T21:36:11Z,celmis-postgres,2.72,45.65,6928.38,0.66,27.6,16.7,43.2,55.8,16
2026-08-21T21:36:11Z,celmis-sandbox,0.03,59.54,3072.0,1.94,0.0,0.0,18.0,0.0,3
2026-08-21T21:36:11Z,celmis-qdrant,0.12,178.3,6928.38,2.57,0.06,0.04,71.3,0.0,25
2026-08-21T21:36:18Z,celmis-web,0.00,82.27,6928.38,1.19,0.36,0.63,10.3,0.0,12
2026-08-21T21:36:18Z,celmis-api,0.24,580.0,6928.38,8.37,19.5,16.0,31.8,734.0,22
2026-08-21T21:36:18Z,celmis-postgres,1.58,45.38,6928.38,0.65,27.6,16.7,43.2,55.8,16
2026-08-21T21:36:18Z,celmis-sandbox,0.02,59.54,3072.0,1.94,0.0,0.0,18.0,0.0,3
2026-08-21T21:36:18Z,celmis-qdrant,0.11,178.3,6928.38,2.57,0.06,0.04,71.3,0.0,25
2026-08-21T21:36:26Z,celmis-web,0.01,82.31,6928.38,1.19,0.36,0.63,10.3,0.0,12
2026-08-21T21:36:26Z,celmis-api,0.85,580.1,6928.38,8.37,19.5,16.0,31.8,734.0,22
2026-08-21T21:36:26Z,celmis-postgres,0.11,45.29,6928.38,0.65,27.6,16.7,43.2,55.8,16
2026-08-21T21:36:26Z,celmis-sandbox,0.09,59.79,3072.0,1.95,0.0,0.0,18.0,0.0,3
2026-08-21T21:36:26Z,celmis-qdrant,0.15,178.1,6928.38,2.57,0.06,0.04,71.3,0.0,25
2026-08-21T21:36:33Z,celmis-web,0.01,82.31,6928.38,1.19,0.36,0.63,10.3,0.0,12
2026-08-21T21:36:33Z,celmis-api,0.26,580.1,6928.38,8.37,19.5,16.0,31.8,734.0,22
2026-08-21T21:36:33Z,celmis-postgres,1.80,45.17,6928.38,0.65,27.6,16.7,43.2,55.8,16
2026-08-21T21:36:33Z,celmis-sandbox,0.03,59.79,3072.0,1.95,0.0,0.0,18.0,0.0,3
2026-08-21T21:36:33Z,celmis-qdrant,0.07,178.1,6928.38,2.57,0.06,0.04,71.3,0.0,25
2026-08-21T21:36:41Z,celmis-web,0.00,82.3,6928.38,1.19,0.36,0.63,10.3,0.0,12
2026-08-21T21:36:41Z,celmis-api,49.75,580.0,6928.38,8.37,19.5,16.0,31.8,734.0,16
2026-08-21T21:36:41Z,celmis-postgres,0.81,39.74,6928.38,0.57,27.6,16.8,43.2,55.8,13
2026-08-21T21:36:41Z,celmis-sandbox,0.02,59.79,3072.0,1.95,0.0,0.0,18.0,0.0,3
2026-08-21T21:36:41Z,celmis-qdrant,0.09,178.5,6928.38,2.58,0.06,0.04,71.3,0.0,25
2026-08-21T21:36:48Z,celmis-web,0.01,82.3,6928.38,1.19,0.36,0.63,10.3,0.0,12
2026-08-21T21:36:48Z,celmis-api,0.23,581.9,6928.38,8.40,19.7,16.2,31.8,734.0,21
2026-08-21T21:36:48Z,celmis-postgres,1.83,43.87,6928.38,0.63,27.6,16.8,43.2,55.8,15
2026-08-21T21:36:48Z,celmis-sandbox,0.06,59.79,3072.0,1.95,0.0,0.0,18.0,0.0,3
2026-08-21T21:36:48Z,celmis-qdrant,0.07,178.5,6928.38,2.58,0.06,0.04,71.3,0.0,25
2026-08-21T21:36:56Z,celmis-web,0.01,82.18,6928.38,1.19,0.36,0.63,10.3,0.0,12
2026-08-21T21:36:56Z,celmis-api,0.65,581.8,6928.38,8.40,19.7,16.2,31.8,734.0,21
2026-08-21T21:36:56Z,celmis-postgres,0.18,43.32,6928.38,0.63,27.6,16.8,43.2,55.8,15
2026-08-21T21:36:56Z,celmis-sandbox,0.03,59.41,3072.0,1.93,0.0,0.0,18.0,0.0,3
2026-08-21T21:36:56Z,celmis-qdrant,0.13,178.4,6928.38,2.57,0.06,0.04,71.3,0.0,25
2026-08-21T21:37:03Z,celmis-web,0.01,82.18,6928.38,1.19,0.36,0.63,10.3,0.0,12
2026-08-21T21:37:03Z,celmis-api,0.29,582.4,6928.38,8.41,19.7,16.3,31.8,734.0,22
2026-08-21T21:37:03Z,celmis-postgres,1.90,45.4,6928.38,0.66,27.6,16.8,43.2,55.8,16
2026-08-21T21:37:03Z,celmis-sandbox,0.03,59.41,3072.0,1.93,0.0,0.0,18.0,0.0,3
2026-08-21T21:37:03Z,celmis-qdrant,0.07,178.4,6928.38,2.57,0.06,0.04,71.3,0.0,25
2026-08-21T21:37:11Z,celmis-web,0.01,82.26,6928.38,1.19,0.36,0.63,10.3,0.0,12
2026-08-21T21:37:11Z,celmis-api,13.62,595.9,6928.38,8.60,19.7,16.3,31.8,734.0,23
2026-08-21T21:37:11Z,celmis-postgres,0.38,45.64,6928.38,0.66,27.6,16.8,43.2,55.8,16
2026-08-21T21:37:11Z,celmis-sandbox,0.03,59.41,3072.0,1.93,0.0,0.0,18.0,0.0,3
2026-08-21T21:37:11Z,celmis-qdrant,0.13,178.1,6928.38,2.57,0.06,0.04,71.3,0.0,25
2026-08-21T21:37:18Z,celmis-web,0.00,82.26,6928.38,1.19,0.36,0.63,10.3,0.0,12
2026-08-21T21:37:18Z,celmis-api,0.20,582.7,6928.38,8.41,19.8,16.3,31.8,734.0,22
2026-08-21T21:37:18Z,celmis-postgres,1.59,45.25,6928.38,0.65,27.6,16.8,43.2,55.8,16
2026-08-21T21:37:18Z,celmis-sandbox,0.05,59.41,3072.0,1.93,0.0,0.0,18.0,0.0,3
2026-08-21T21:37:18Z,celmis-qdrant,0.09,178.1,6928.38,2.57,0.06,0.04,71.3,0.0,25
2026-08-21T21:37:26Z,celmis-web,0.01,82.29,6928.38,1.19,0.36,0.63,10.3,0.0,12
2026-08-21T21:37:26Z,celmis-api,1.14,583.0,6928.38,8.41,19.8,16.3,31.8,734.0,22
2026-08-21T21:37:26Z,celmis-postgres,0.12,45.52,6928.38,0.66,27.6,16.8,43.2,56.0,16
2026-08-21T21:37:26Z,celmis-sandbox,0.06,59.58,3072.0,1.94,0.0,0.0,18.0,0.0,3
2026-08-21T21:37:26Z,celmis-qdrant,0.09,178.4,6928.38,2.57,0.06,0.04,71.3,0.0,25
2026-08-21T21:37:33Z,celmis-web,0.01,82.29,6928.38,1.19,0.36,0.63,10.3,0.0,12
2026-08-21T21:37:33Z,celmis-api,0.26,583.0,6928.38,8.41,19.8,16.3,31.8,734.0,22
2026-08-21T21:37:33Z,celmis-postgres,1.39,45.38,6928.38,0.65,27.7,16.8,43.2,56.1,16
2026-08-21T21:37:33Z,celmis-sandbox,0.03,59.58,3072.0,1.94,0.0,0.0,18.0,0.0,3
2026-08-21T21:37:33Z,celmis-qdrant,0.08,178.4,6928.38,2.57,0.06,0.04,71.3,0.0,25
2026-08-21T21:37:41Z,celmis-web,0.01,82.29,6928.38,1.19,0.36,0.63,10.3,0.0,12
2026-08-21T21:37:41Z,celmis-api,0.47,582.9,6928.38,8.41,19.8,16.3,31.8,734.0,22
2026-08-21T21:37:41Z,celmis-postgres,0.11,45.26,6928.38,0.65,27.7,16.8,43.2,56.1,16
2026-08-21T21:37:41Z,celmis-sandbox,0.03,59.58,3072.0,1.94,0.0,0.0,18.0,0.0,3
2026-08-21T21:37:41Z,celmis-qdrant,0.10,178.5,6928.38,2.58,0.06,0.04,71.3,0.0,25
2026-08-21T21:37:48Z,celmis-web,0.01,82.29,6928.38,1.19,0.36,0.63,10.3,0.0,12
2026-08-21T21:37:48Z,celmis-api,0.22,582.6,6928.38,8.41,19.8,16.3,31.8,734.0,17
2026-08-21T21:37:48Z,celmis-postgres,0.00,45.24,6928.38,0.65,27.7,16.8,43.2,56.1,16
2026-08-21T21:37:48Z,celmis-sandbox,0.03,59.58,3072.0,1.94,0.0,0.0,18.0,0.0,3
2026-08-21T21:37:48Z,celmis-qdrant,0.12,178.5,6928.38,2.58,0.06,0.04,71.3,0.0,25
2026-08-21T21:37:56Z,celmis-web,0.00,82.08,6928.38,1.18,0.36,0.63,10.3,0.0,12
2026-08-21T21:37:56Z,celmis-api,83.85,577.8,6928.38,8.34,20.1,16.4,31.8,734.0,21
2026-08-21T21:37:56Z,celmis-postgres,0.04,43.45,6928.38,0.63,27.8,16.9,43.2,56.1,15
2026-08-21T21:37:56Z,celmis-sandbox,0.01,59.75,3072.0,1.95,0.0,0.0,18.0,0.0,3
2026-08-21T21:37:56Z,celmis-qdrant,0.02,178.4,6928.38,2.57,0.06,0.04,71.3,0.0,25
2026-08-21T21:38:03Z,celmis-web,0.01,82.08,6928.38,1.18,0.36,0.63,10.3,0.0,12
2026-08-21T21:38:03Z,celmis-api,0.26,580.5,6928.38,8.38,20.1,16.5,31.8,734.0,21
2026-08-21T21:38:03Z,celmis-postgres,1.38,43.68,6928.38,0.63,27.8,16.9,43.2,56.1,15
2026-08-21T21:38:03Z,celmis-sandbox,0.03,59.75,3072.0,1.95,0.0,0.0,18.0,0.0,3
2026-08-21T21:38:03Z,celmis-qdrant,0.07,178.4,6928.38,2.57,0.06,0.04,71.3,0.0,25
2026-08-21T21:38:11Z,celmis-web,0.01,82.2,6928.38,1.19,0.36,0.63,10.3,0.0,12
2026-08-21T21:38:11Z,celmis-api,0.64,580.8,6928.38,8.38,20.1,16.6,31.8,734.0,22
2026-08-21T21:38:11Z,celmis-postgres,0.81,45.13,6928.38,0.65,27.8,16.9,43.2,56.1,16
2026-08-21T21:38:11Z,celmis-sandbox,0.03,59.75,3072.0,1.95,0.0,0.0,18.0,0.0,3
2026-08-21T21:38:11Z,celmis-qdrant,0.16,178.3,6928.38,2.57,0.06,0.04,71.3,0.0,25
2026-08-21T21:38:18Z,celmis-web,0.01,82.2,6928.38,1.19,0.36,0.63,10.3,0.0,12
2026-08-21T21:38:18Z,celmis-api,0.93,580.4,6928.38,8.38,20.1,16.6,31.8,734.0,22
2026-08-21T21:38:18Z,celmis-postgres,0.02,45.45,6928.38,0.66,27.8,16.9,43.2,56.2,16
2026-08-21T21:38:18Z,celmis-sandbox,0.02,59.75,3072.0,1.95,0.0,0.0,18.0,0.0,3
2026-08-21T21:38:18Z,celmis-qdrant,0.09,178.3,6928.38,2.57,0.06,0.04,71.3,0.0,25
2026-08-21T21:38:26Z,celmis-web,0.01,82.14,6928.38,1.19,0.36,0.63,10.3,0.0,12
2026-08-21T21:38:26Z,celmis-api,0.50,580.8,6928.38,8.38,20.1,16.6,31.8,734.0,22
2026-08-21T21:38:26Z,celmis-postgres,0.11,44.96,6928.38,0.65,27.8,16.9,43.2,56.2,16
2026-08-21T21:38:26Z,celmis-sandbox,0.03,59.68,3072.0,1.94,0.0,0.0,18.0,0.0,3
2026-08-21T21:38:26Z,celmis-qdrant,0.09,178.2,6928.38,2.57,0.06,0.04,71.3,0.0,25
2026-08-21T21:38:33Z,celmis-web,0.00,82.14,6928.38,1.19,0.36,0.63,10.3,0.0,12
2026-08-21T21:38:33Z,celmis-api,0.26,580.8,6928.38,8.38,20.1,16.6,31.8,734.0,22
2026-08-21T21:38:33Z,celmis-postgres,0.59,45.77,6928.38,0.66,27.8,16.9,43.2,56.2,22
2026-08-21T21:38:33Z,celmis-sandbox,0.03,59.68,3072.0,1.94,0.0,0.0,18.0,0.0,3
2026-08-21T21:38:33Z,celmis-qdrant,0.09,178.2,6928.38,2.57,0.06,0.04,71.3,0.0,25
2026-08-21T21:38:41Z,celmis-web,0.01,82.13,6928.38,1.19,0.36,0.63,10.3,0.0,12
2026-08-21T21:38:41Z,celmis-api,0.56,580.6,6928.38,8.38,20.2,16.6,31.8,734.0,22
2026-08-21T21:38:41Z,celmis-postgres,0.12,45.12,6928.38,0.65,27.8,16.9,43.2,56.2,16
2026-08-21T21:38:41Z,celmis-sandbox,0.03,59.68,3072.0,1.94,0.0,0.0,18.0,0.0,3
2026-08-21T21:38:41Z,celmis-qdrant,0.09,178.1,6928.38,2.57,0.06,0.04,71.3,0.0,25
2026-08-21T21:38:48Z,celmis-web,0.00,82.13,6928.38,1.19,0.36,0.63,10.3,0.0,12
2026-08-21T21:38:48Z,celmis-api,0.24,580.6,6928.38,8.38,20.2,16.6,31.8,734.0,22
2026-08-21T21:38:48Z,celmis-postgres,0.03,45.26,6928.38,0.65,27.8,16.9,43.2,56.2,16
2026-08-21T21:38:48Z,celmis-sandbox,0.02,59.68,3072.0,1.94,0.0,0.0,18.0,0.0,3
2026-08-21T21:38:48Z,celmis-qdrant,0.08,178.1,6928.38,2.57,0.06,0.04,71.3,0.0,25
2026-08-21T21:38:56Z,celmis-web,0.01,82.16,6928.38,1.19,0.36,0.63,10.3,0.0,12
2026-08-21T21:38:56Z,celmis-api,0.79,581.0,6928.38,8.38,20.2,16.6,31.8,734.0,17
2026-08-21T21:38:56Z,celmis-postgres,0.09,45.33,6928.38,0.65,27.8,16.9,43.2,56.2,16
2026-08-21T21:38:56Z,celmis-sandbox,0.02,59.6,3072.0,1.94,0.0,0.0,18.0,0.0,3
2026-08-21T21:38:56Z,celmis-qdrant,0.11,178.2,6928.38,2.57,0.06,0.04,71.3,0.0,25
2026-08-21T21:39:03Z,celmis-web,0.01,82.16,6928.38,1.19,0.36,0.63,10.3,0.0,12
2026-08-21T21:39:03Z,celmis-api,0.30,580.8,6928.38,8.38,20.2,16.6,31.8,734.0,17
2026-08-21T21:39:03Z,celmis-postgres,0.03,45.32,6928.38,0.65,27.8,16.9,43.2,56.2,16
2026-08-21T21:39:03Z,celmis-sandbox,0.02,59.6,3072.0,1.94,0.0,0.0,18.0,0.0,3
2026-08-21T21:39:03Z,celmis-qdrant,0.09,178.2,6928.38,2.57,0.06,0.04,71.3,0.0,25
2026-08-21T21:39:11Z,celmis-web,0.00,82.03,6928.38,1.18,0.36,0.63,10.3,0.0,12
2026-08-21T21:39:11Z,celmis-api,0.52,580.8,6928.38,8.38,20.2,16.6,31.8,734.0,17
2026-08-21T21:39:11Z,celmis-postgres,0.86,45.67,6928.38,0.66,27.8,16.9,43.2,56.2,16
2026-08-21T21:39:11Z,celmis-sandbox,0.02,59.6,3072.0,1.94,0.0,0.0,18.0,0.0,3
2026-08-21T21:39:11Z,celmis-qdrant,0.13,178.4,6928.38,2.57,0.06,0.04,71.3,0.0,25
2026-08-21T21:39:18Z,celmis-web,0.00,82.03,6928.38,1.18,0.36,0.63,10.3,0.0,12
2026-08-21T21:39:18Z,celmis-api,0.44,587.9,6928.38,8.49,20.2,16.6,31.8,749.0,17
2026-08-21T21:39:18Z,celmis-postgres,0.02,45.65,6928.38,0.66,27.8,16.9,43.2,56.2,16
2026-08-21T21:39:18Z,celmis-sandbox,0.06,59.6,3072.0,1.94,0.0,0.0,18.0,0.0,3
2026-08-21T21:39:18Z,celmis-qdrant,0.09,178.4,6928.38,2.57,0.06,0.04,71.3,0.0,25
2026-08-21T21:39:26Z,celmis-web,0.01,82.16,6928.38,1.19,0.36,0.63,10.3,0.0,12
2026-08-21T21:39:26Z,celmis-api,0.74,588.4,6928.38,8.49,20.2,16.6,31.8,778.0,17
2026-08-21T21:39:26Z,celmis-postgres,0.13,45.14,6928.38,0.65,27.8,16.9,43.2,56.2,16
2026-08-21T21:39:26Z,celmis-sandbox,0.10,59.52,3072.0,1.94,0.0,0.0,18.0,0.0,3
2026-08-21T21:39:26Z,celmis-qdrant,0.08,178.5,6928.38,2.58,0.06,0.04,71.3,0.0,25
2026-08-21T21:39:33Z,celmis-web,0.01,82.16,6928.38,1.19,0.36,0.63,10.3,0.0,12
2026-08-21T21:39:33Z,celmis-api,1.31,589.0,6928.38,8.50,20.3,16.7,31.8,792.0,17
2026-08-21T21:39:33Z,celmis-postgres,0.00,45.31,6928.38,0.65,27.8,17.0,43.2,56.3,16
2026-08-21T21:39:33Z,celmis-sandbox,0.03,59.52,3072.0,1.94,0.0,0.0,18.0,0.0,3
2026-08-21T21:39:33Z,celmis-qdrant,0.09,178.5,6928.38,2.58,0.06,0.04,71.3,0.0,25
2026-08-21T21:39:41Z,celmis-web,0.00,82.27,6928.38,1.19,0.36,0.63,10.3,0.0,12
2026-08-21T21:39:41Z,celmis-api,31.07,378.0,6928.38,5.46,20.3,16.7,31.8,792.0,16
2026-08-21T21:39:41Z,celmis-postgres,0.23,39.97,6928.38,0.58,27.8,17.0,43.2,56.3,13
2026-08-21T21:39:41Z,celmis-sandbox,0.02,59.52,3072.0,1.94,0.0,0.0,18.0,0.0,3
2026-08-21T21:39:41Z,celmis-qdrant,0.08,178.4,6928.38,2.58,0.06,0.04,71.3,0.0,25
2026-08-21T21:39:48Z,celmis-web,26.60,82.81,6928.38,1.20,0.42,0.69,10.3,0.0,12
2026-08-21T21:39:48Z,celmis-api,0.32,578.9,6928.38,8.36,20.4,16.7,31.8,793.0,21
2026-08-21T21:39:48Z,celmis-postgres,4.40,44.29,6928.38,0.64,27.9,17.0,43.2,56.3,15
2026-08-21T21:39:48Z,celmis-sandbox,0.03,59.52,3072.0,1.94,0.0,0.0,18.0,0.0,3
2026-08-21T21:39:48Z,celmis-qdrant,0.09,178.4,6928.38,2.58,0.06,0.04,71.3,0.0,25
2026-08-21T21:39:56Z,celmis-web,0.04,82.92,6928.38,1.20,0.46,0.73,10.5,0.0,12
2026-08-21T21:39:56Z,celmis-api,3.65,580.0,6928.38,8.37,20.5,16.8,31.8,793.0,25
2026-08-21T21:39:56Z,celmis-postgres,1.13,46.2,6928.38,0.67,27.9,17.0,43.3,56.3,16
2026-08-21T21:39:56Z,celmis-sandbox,0.03,59.38,3072.0,1.93,0.0,0.0,18.0,0.0,3
2026-08-21T21:39:56Z,celmis-qdrant,0.12,178.3,6928.38,2.57,0.06,0.04,71.3,0.0,25
2026-08-21T21:40:03Z,celmis-web,0.01,82.92,6928.38,1.20,0.46,0.73,10.5,0.0,12
2026-08-21T21:40:03Z,celmis-api,2.95,580.1,6928.38,8.37,20.5,16.8,31.8,793.0,23
2026-08-21T21:40:03Z,celmis-postgres,1.79,45.89,6928.38,0.66,27.9,17.1,43.3,56.3,16
2026-08-21T21:40:03Z,celmis-sandbox,0.03,59.38,3072.0,1.93,0.0,0.0,18.0,0.0,3
2026-08-21T21:40:03Z,celmis-qdrant,0.09,178.3,6928.38,2.57,0.06,0.04,71.3,0.0,25
2026-08-21T21:40:11Z,celmis-web,3.66,82.98,6928.38,1.20,0.47,0.75,10.5,0.0,12
2026-08-21T21:40:11Z,celmis-api,4.67,581.9,6928.38,8.40,20.6,16.9,32.0,793.0,24
2026-08-21T21:40:11Z,celmis-postgres,2.38,46.06,6928.38,0.66,27.9,17.1,43.3,56.3,16
2026-08-21T21:40:11Z,celmis-sandbox,0.03,59.38,3072.0,1.93,0.0,0.0,18.0,0.0,3
2026-08-21T21:40:11Z,celmis-qdrant,0.09,178.2,6928.38,2.57,0.06,0.04,71.3,0.0,25
2026-08-21T21:40:18Z,celmis-web,0.29,82.73,6928.38,1.19,0.47,0.75,10.5,0.0,12
2026-08-21T21:40:18Z,celmis-api,3.80,588.7,6928.38,8.50,20.6,16.9,32.0,822.0,19
2026-08-21T21:40:18Z,celmis-postgres,1.69,47.94,6928.38,0.69,28.0,17.1,43.3,56.3,17
2026-08-21T21:40:18Z,celmis-sandbox,0.01,59.38,3072.0,1.93,0.0,0.0,18.0,0.0,3
2026-08-21T21:40:18Z,celmis-qdrant,0.06,178.2,6928.38,2.57,0.06,0.04,71.3,0.0,25
2026-08-21T21:40:26Z,celmis-web,0.01,82.78,6928.38,1.19,0.47,0.75,10.5,0.0,12
2026-08-21T21:40:26Z,celmis-api,0.95,380.1,6928.38,5.49,20.7,17.0,32.0,822.0,17
2026-08-21T21:40:26Z,celmis-postgres,0.14,41.01,6928.38,0.59,28.0,17.1,43.3,56.3,13
2026-08-21T21:40:26Z,celmis-sandbox,0.03,59.31,3072.0,1.93,0.0,0.0,18.0,0.0,3
2026-08-21T21:40:26Z,celmis-qdrant,0.08,178.2,6928.38,2.57,0.06,0.04,71.3,0.0,25
2026-08-21T21:40:33Z,celmis-web,0.01,82.78,6928.38,1.19,0.47,0.75,10.5,0.0,12
2026-08-21T21:40:33Z,celmis-api,2.90,581.9,6928.38,8.40,20.9,17.1,32.3,822.0,22
2026-08-21T21:40:33Z,celmis-postgres,1.70,44.31,6928.38,0.64,28.0,17.2,43.3,56.3,15
2026-08-21T21:40:33Z,celmis-sandbox,0.03,59.31,3072.0,1.93,0.0,0.0,18.0,0.0,3
2026-08-21T21:40:33Z,celmis-qdrant,0.06,178.2,6928.38,2.57,0.06,0.04,71.3,0.0,25
2026-08-21T21:40:41Z,celmis-web,0.01,83.25,6928.38,1.20,0.47,0.75,10.5,0.0,12
2026-08-21T21:40:41Z,celmis-api,0.51,581.8,6928.38,8.40,20.9,17.1,32.3,822.0,22
2026-08-21T21:40:41Z,celmis-postgres,0.12,44.45,6928.38,0.64,28.0,17.2,43.3,56.3,15
2026-08-21T21:40:41Z,celmis-sandbox,0.03,59.31,3072.0,1.93,0.0,0.0,18.0,0.0,3
2026-08-21T21:40:41Z,celmis-qdrant,0.13,178.3,6928.38,2.57,0.06,0.04,71.3,0.0,25
2026-08-21T21:40:48Z,celmis-web,0.00,83.25,6928.38,1.20,0.47,0.75,10.5,0.0,12
2026-08-21T21:40:48Z,celmis-api,0.25,582.3,6928.38,8.40,20.9,17.1,32.3,822.0,22
2026-08-21T21:40:48Z,celmis-postgres,0.03,44.15,6928.38,0.64,28.0,17.2,43.3,56.4,15
2026-08-21T21:40:48Z,celmis-sandbox,0.03,59.31,3072.0,1.93,0.0,0.0,18.0,0.0,3
2026-08-21T21:40:48Z,celmis-qdrant,0.07,178.3,6928.38,2.57,0.06,0.04,71.3,0.0,25
2026-08-21T21:40:56Z,celmis-web,0.01,82.86,6928.38,1.20,0.47,0.75,10.5,0.0,12
2026-08-21T21:40:56Z,celmis-api,0.59,582.4,6928.38,8.41,21.0,17.2,32.3,822.0,23
2026-08-21T21:40:56Z,celmis-postgres,0.10,46.23,6928.38,0.67,28.1,17.2,43.3,56.4,16
2026-08-21T21:40:56Z,celmis-sandbox,0.04,59.48,3072.0,1.94,0.0,0.0,18.0,0.0,3
2026-08-21T21:40:56Z,celmis-qdrant,0.07,178.0,6928.38,2.57,0.06,0.04,71.3,0.0,25
2026-08-21T21:41:03Z,celmis-web,0.01,82.86,6928.38,1.20,0.47,0.75,10.5,0.0,12
2026-08-21T21:41:03Z,celmis-api,0.24,582.7,6928.38,8.41,21.0,17.2,32.3,822.0,23
2026-08-21T21:41:03Z,celmis-postgres,0.03,46.34,6928.38,0.67,28.1,17.2,43.3,56.4,16
2026-08-21T21:41:03Z,celmis-sandbox,0.04,59.48,3072.0,1.94,0.0,0.0,18.0,0.0,3
2026-08-21T21:41:03Z,celmis-qdrant,0.07,178.0,6928.38,2.57,0.06,0.04,71.3,0.0,25
2026-08-21T21:41:11Z,celmis-web,0.01,82.83,6928.38,1.20,0.47,0.75,10.5,0.0,12
2026-08-21T21:41:11Z,celmis-api,0.38,582.7,6928.38,8.41,21.1,17.2,32.3,822.0,18
2026-08-21T21:41:11Z,celmis-postgres,1.81,47.28,6928.38,0.68,28.1,17.3,43.3,56.4,17
2026-08-21T21:41:11Z,celmis-sandbox,0.03,59.48,3072.0,1.94,0.0,0.0,18.0,0.0,3
2026-08-21T21:41:11Z,celmis-qdrant,0.09,178.1,6928.38,2.57,0.06,0.04,71.3,0.0,25
2026-08-21T21:41:18Z,celmis-web,0.00,82.83,6928.38,1.20,0.47,0.75,10.5,0.0,12
2026-08-21T21:41:18Z,celmis-api,26.18,589.4,6928.38,8.51,21.1,17.3,32.3,851.0,18
2026-08-21T21:41:18Z,celmis-postgres,0.01,46.21,6928.38,0.67,28.1,17.3,43.3,56.4,16
2026-08-21T21:41:18Z,celmis-sandbox,0.06,59.48,3072.0,1.94,0.0,0.0,18.0,0.0,3
2026-08-21T21:41:18Z,celmis-qdrant,0.06,178.1,6928.38,2.57,0.06,0.04,71.3,0.0,25
2026-08-21T21:41:26Z,celmis-web,0.01,82.72,6928.38,1.19,0.47,0.75,10.5,0.0,12
2026-08-21T21:41:26Z,celmis-api,16.72,590.9,6928.38,8.53,21.2,17.4,32.3,866.0,18
2026-08-21T21:41:26Z,celmis-postgres,18.35,46.25,6928.38,0.67,28.2,17.4,43.3,56.4,16
2026-08-21T21:41:26Z,celmis-sandbox,0.02,59.66,3072.0,1.94,0.0,0.0,18.0,0.0,3
2026-08-21T21:41:26Z,celmis-qdrant,0.10,178.0,6928.38,2.57,0.06,0.04,71.3,0.0,25
2026-08-21T21:41:33Z,celmis-web,0.01,82.72,6928.38,1.19,0.47,0.75,10.5,0.0,12
2026-08-21T21:41:33Z,celmis-api,0.25,382.7,6928.38,5.52,21.2,17.4,32.3,866.0,17
2026-08-21T21:41:33Z,celmis-postgres,0.05,41.03,6928.38,0.59,28.2,17.4,43.3,56.4,13
2026-08-21T21:41:33Z,celmis-sandbox,0.03,59.66,3072.0,1.94,0.0,0.0,18.0,0.0,3
2026-08-21T21:41:33Z,celmis-qdrant,0.09,178.0,6928.38,2.57,0.06,0.04,71.3,0.0,25
2026-08-21T21:41:41Z,celmis-web,0.00,82.69,6928.38,1.19,0.47,0.75,10.5,0.0,12
2026-08-21T21:41:41Z,celmis-api,0.42,583.9,6928.38,8.43,21.5,17.6,32.3,866.0,22
2026-08-21T21:41:41Z,celmis-postgres,1.74,44.5,6928.38,0.64,28.2,17.4,43.3,56.4,15
2026-08-21T21:41:41Z,celmis-sandbox,0.02,59.66,3072.0,1.94,0.0,0.0,18.0,0.0,3
2026-08-21T21:41:41Z,celmis-qdrant,0.07,178.2,6928.38,2.57,0.06,0.04,71.3,0.0,25
2026-08-21T21:41:48Z,celmis-web,0.00,82.69,6928.38,1.19,0.47,0.75,10.5,0.0,12
2026-08-21T21:41:48Z,celmis-api,0.28,583.9,6928.38,8.43,21.5,17.6,32.3,866.0,22
2026-08-21T21:41:48Z,celmis-postgres,0.04,44.13,6928.38,0.64,28.2,17.4,43.3,56.5,15
2026-08-21T21:41:48Z,celmis-sandbox,0.08,59.66,3072.0,1.94,0.0,0.0,18.0,0.0,3
2026-08-21T21:41:48Z,celmis-qdrant,0.10,178.2,6928.38,2.57,0.06,0.04,71.3,0.0,25
2026-08-21T21:41:56Z,celmis-web,0.00,82.83,6928.38,1.20,0.47,0.75,10.5,0.0,12
2026-08-21T21:41:56Z,celmis-api,0.52,584.5,6928.38,8.44,21.5,17.6,32.3,866.0,23
2026-08-21T21:41:56Z,celmis-postgres,1.70,46.25,6928.38,0.67,28.3,17.5,43.3,56.5,16
2026-08-21T21:41:56Z,celmis-sandbox,0.03,59.58,3072.0,1.94,0.0,0.0,18.0,0.0,3
2026-08-21T21:41:56Z,celmis-qdrant,0.12,178.3,6928.38,2.57,0.06,0.04,71.3,0.0,25
2026-08-21T21:42:03Z,celmis-web,0.01,82.83,6928.38,1.20,0.47,0.75,10.5,0.0,12
2026-08-21T21:42:03Z,celmis-api,0.28,584.4,6928.38,8.43,21.5,17.7,32.3,866.0,23
2026-08-21T21:42:03Z,celmis-postgres,0.04,46.14,6928.38,0.67,28.3,17.5,43.3,56.5,16
2026-08-21T21:42:03Z,celmis-sandbox,0.03,59.58,3072.0,1.94,0.0,0.0,18.0,0.0,3
2026-08-21T21:42:03Z,celmis-qdrant,0.11,178.3,6928.38,2.57,0.06,0.04,71.3,0.0,25
2026-08-21T21:42:11Z,celmis-web,0.00,82.73,6928.38,1.19,0.47,0.75,10.5,0.0,12
2026-08-21T21:42:11Z,celmis-api,0.53,584.5,6928.38,8.44,21.6,17.7,32.3,866.0,23
2026-08-21T21:42:11Z,celmis-postgres,1.72,46.07,6928.38,0.66,28.3,17.5,43.3,56.5,16
2026-08-21T21:42:11Z,celmis-sandbox,0.02,59.58,3072.0,1.94,0.0,0.0,18.0,0.0,3
2026-08-21T21:42:11Z,celmis-qdrant,0.13,178.0,6928.38,2.57,0.06,0.04,71.3,0.0,25
2026-08-21T21:42:18Z,celmis-web,0.01,82.73,6928.38,1.19,0.47,0.75,10.5,0.0,12
2026-08-21T21:42:18Z,celmis-api,0.75,584.9,6928.38,8.44,21.6,17.7,32.3,866.0,23
2026-08-21T21:42:18Z,celmis-postgres,0.01,46.46,6928.38,0.67,28.3,17.5,43.3,56.5,16
2026-08-21T21:42:18Z,celmis-sandbox,0.03,59.58,3072.0,1.94,0.0,0.0,18.0,0.0,3
2026-08-21T21:42:18Z,celmis-qdrant,0.09,178.0,6928.38,2.57,0.06,0.04,71.3,0.0,25
2026-08-21T21:42:26Z,celmis-web,0.01,83.0,6928.38,1.20,0.47,0.75,10.5,0.0,12
2026-08-21T21:42:26Z,celmis-api,19.70,585.2,6928.38,8.45,21.7,17.8,32.3,866.0,17
2026-08-21T21:42:26Z,celmis-postgres,1.79,46.29,6928.38,0.67,28.3,17.6,43.3,56.8,16
2026-08-21T21:42:26Z,celmis-sandbox,0.02,59.75,3072.0,1.94,0.0,0.0,18.0,0.0,3
2026-08-21T21:42:26Z,celmis-qdrant,0.05,178.2,6928.38,2.57,0.06,0.04,71.3,0.0,25
2026-08-21T21:42:33Z,celmis-web,0.00,83.0,6928.38,1.20,0.47,0.75,10.5,0.0,12
2026-08-21T21:42:33Z,celmis-api,0.87,446.3,6928.38,6.44,21.8,17.8,32.3,866.0,22
2026-08-21T21:42:33Z,celmis-postgres,0.01,44.49,6928.38,0.64,28.4,17.6,43.3,56.8,15
2026-08-21T21:42:33Z,celmis-sandbox,0.01,59.75,3072.0,1.94,0.0,0.0,18.0,0.0,3
2026-08-21T21:42:33Z,celmis-qdrant,0.02,178.2,6928.38,2.57,0.06,0.04,71.3,0.0,25
2026-08-21T21:42:41Z,celmis-web,0.01,82.86,6928.38,1.20,0.47,0.75,10.5,0.0,12
2026-08-21T21:42:41Z,celmis-api,2.96,581.8,6928.38,8.40,21.9,17.9,32.3,866.0,22
2026-08-21T21:42:41Z,celmis-postgres,3.11,44.39,6928.38,0.64,28.4,17.6,43.3,56.8,15
2026-08-21T21:42:41Z,celmis-sandbox,0.03,59.75,3072.0,1.94,0.0,0.0,18.0,0.0,3
2026-08-21T21:42:41Z,celmis-qdrant,0.09,178.1,6928.38,2.57,0.06,0.04,71.3,0.0,25
2026-08-21T21:42:48Z,celmis-web,0.01,82.86,6928.38,1.20,0.47,0.75,10.5,0.0,12
2026-08-21T21:42:48Z,celmis-api,0.23,582.2,6928.38,8.40,22.0,17.9,32.3,866.0,23
2026-08-21T21:42:48Z,celmis-postgres,0.64,46.24,6928.38,0.67,28.4,17.6,43.3,56.8,16
2026-08-21T21:42:48Z,celmis-sandbox,0.04,59.75,3072.0,1.94,0.0,0.0,18.0,0.0,3
2026-08-21T21:42:48Z,celmis-qdrant,0.08,178.1,6928.38,2.57,0.06,0.04,71.3,0.0,25
2026-08-21T21:42:56Z,celmis-web,0.00,82.89,6928.38,1.20,0.47,0.75,10.5,0.0,12
2026-08-21T21:42:56Z,celmis-api,0.71,582.1,6928.38,8.40,22.0,18.0,32.3,866.0,23
2026-08-21T21:42:56Z,celmis-postgres,1.06,46.46,6928.38,0.67,28.4,17.6,43.3,56.8,16
2026-08-21T21:42:56Z,celmis-sandbox,0.04,59.92,3072.0,1.95,0.0,0.0,18.0,0.0,3
2026-08-21T21:42:56Z,celmis-qdrant,0.10,178.3,6928.38,2.57,0.06,0.04,71.3,0.0,25
2026-08-21T21:43:03Z,celmis-web,0.00,82.89,6928.38,1.20,0.47,0.75,10.5,0.0,12
2026-08-21T21:43:03Z,celmis-api,89.22,582.6,6928.38,8.41,22.0,18.0,32.3,866.0,23
2026-08-21T21:43:03Z,celmis-postgres,1.19,46.2,6928.38,0.67,28.4,17.6,43.3,56.8,16
2026-08-21T21:43:03Z,celmis-sandbox,0.02,59.92,3072.0,1.95,0.0,0.0,18.0,0.0,3
2026-08-21T21:43:03Z,celmis-qdrant,0.08,178.3,6928.38,2.57,0.06,0.04,71.3,0.0,25
2026-08-21T21:43:11Z,celmis-web,0.01,82.84,6928.38,1.20,0.47,0.75,10.5,0.0,12
2026-08-21T21:43:11Z,celmis-api,4.61,582.7,6928.38,8.41,22.1,18.0,32.3,866.0,23
2026-08-21T21:43:11Z,celmis-postgres,1.77,46.5,6928.38,0.67,28.4,17.7,43.3,56.8,16
2026-08-21T21:43:11Z,celmis-sandbox,0.03,59.92,3072.0,1.95,0.0,0.0,18.0,0.0,3
2026-08-21T21:43:11Z,celmis-qdrant,0.08,178.2,6928.38,2.57,0.06,0.04,71.3,0.0,25
2026-08-21T21:43:18Z,celmis-web,0.00,82.84,6928.38,1.20,0.47,0.75,10.5,0.0,12
2026-08-21T21:43:18Z,celmis-api,0.27,582.6,6928.38,8.41,22.1,18.0,32.3,866.0,23
2026-08-21T21:43:18Z,celmis-postgres,0.00,46.25,6928.38,0.67,28.4,17.7,43.3,56.8,16
2026-08-21T21:43:18Z,celmis-sandbox,0.05,59.92,3072.0,1.95,0.0,0.0,18.0,0.0,3
2026-08-21T21:43:18Z,celmis-qdrant,0.09,178.2,6928.38,2.57,0.06,0.04,71.3,0.0,25
2026-08-21T21:43:26Z,celmis-web,0.01,82.74,6928.38,1.19,0.47,0.75,10.5,0.0,12
2026-08-21T21:43:26Z,celmis-api,2.72,582.7,6928.38,8.41,22.2,18.1,32.3,866.0,18
2026-08-21T21:43:26Z,celmis-postgres,3.04,46.21,6928.38,0.67,28.4,17.7,43.3,56.8,16
2026-08-21T21:43:26Z,celmis-sandbox,13.50,59.93,3072.0,1.95,0.0,0.0,18.0,0.0,3
2026-08-21T21:43:26Z,celmis-qdrant,0.06,178.1,6928.38,2.57,0.06,0.04,71.3,0.0,25
2026-08-21T21:43:33Z,celmis-web,0.01,82.74,6928.38,1.19,0.47,0.75,10.5,0.0,12
2026-08-21T21:43:33Z,celmis-api,0.28,582.7,6928.38,8.41,22.2,18.1,32.3,866.0,18
2026-08-21T21:43:33Z,celmis-postgres,0.04,46.37,6928.38,0.67,28.5,17.7,43.3,56.9,16
2026-08-21T21:43:33Z,celmis-sandbox,0.03,59.83,3072.0,1.95,0.0,0.0,18.0,0.0,3
2026-08-21T21:43:33Z,celmis-qdrant,0.09,178.1,6928.38,2.57,0.06,0.04,71.3,0.0,25
2026-08-21T21:43:41Z,celmis-web,0.01,82.96,6928.38,1.20,0.47,0.75,10.5,0.0,12
2026-08-21T21:43:41Z,celmis-api,3.05,582.7,6928.38,8.41,22.2,18.1,32.3,866.0,18
2026-08-21T21:43:41Z,celmis-postgres,1.88,46.08,6928.38,0.67,28.5,17.7,43.3,56.9,16
2026-08-21T21:43:41Z,celmis-sandbox,0.03,59.83,3072.0,1.95,0.0,0.0,18.0,0.0,3
2026-08-21T21:43:41Z,celmis-qdrant,0.09,178.2,6928.38,2.57,0.06,0.04,71.3,0.0,25
2026-08-21T21:43:48Z,celmis-web,0.01,82.96,6928.38,1.20,0.47,0.75,10.5,0.0,12
2026-08-21T21:43:48Z,celmis-api,5.69,382.3,6928.38,5.52,22.3,18.1,32.3,866.0,17
2026-08-21T21:43:48Z,celmis-postgres,0.02,40.9,6928.38,0.59,28.5,17.8,43.3,56.9,13
2026-08-21T21:43:48Z,celmis-sandbox,0.01,59.83,3072.0,1.95,0.0,0.0,18.0,0.0,3
2026-08-21T21:43:48Z,celmis-qdrant,0.06,178.2,6928.38,2.57,0.06,0.04,71.3,0.0,25
2026-08-21T21:43:56Z,celmis-web,0.01,83.05,6928.38,1.20,0.47,0.75,10.5,0.0,12
2026-08-21T21:43:56Z,celmis-api,0.49,583.9,6928.38,8.43,22.4,18.3,32.3,866.0,22
2026-08-21T21:43:56Z,celmis-postgres,0.06,44.55,6928.38,0.64,28.5,17.8,43.3,56.9,15
2026-08-21T21:43:56Z,celmis-sandbox,10.48,70.24,3072.0,2.29,0.0,0.0,18.0,0.0,4
2026-08-21T21:43:56Z,celmis-qdrant,0.06,178.4,6928.38,2.57,0.06,0.04,71.3,0.0,25
2026-08-21T21:44:02Z,celmis-web,0.01,83.05,6928.38,1.20,0.47,0.75,10.5,0.0,12
2026-08-21T21:44:02Z,celmis-api,0.29,583.7,6928.38,8.42,22.5,18.3,32.3,866.0,22
2026-08-21T21:44:02Z,celmis-postgres,0.00,44.46,6928.38,0.64,28.5,17.8,43.3,56.9,15
2026-08-21T21:44:02Z,celmis-sandbox,0.03,59.5,3072.0,1.94,0.0,0.0,18.0,0.0,3
2026-08-21T21:44:02Z,celmis-qdrant,0.10,178.4,6928.38,2.57,0.06,0.04,71.3,0.0,25
2026-08-21T21:44:10Z,celmis-web,0.01,83.11,6928.38,1.20,0.47,0.75,10.5,0.0,12
2026-08-21T21:44:10Z,celmis-api,0.22,583.9,6928.38,8.43,22.5,18.3,32.3,866.0,22
2026-08-21T21:44:10Z,celmis-postgres,0.03,44.4,6928.38,0.64,28.5,17.8,43.3,56.9,15
2026-08-21T21:44:10Z,celmis-sandbox,0.04,59.5,3072.0,1.94,0.0,0.0,18.0,0.0,3
2026-08-21T21:44:10Z,celmis-qdrant,0.09,178.3,6928.38,2.57,0.06,0.04,71.3,0.0,25
2026-08-21T21:44:17Z,celmis-web,0.00,83.11,6928.38,1.20,0.47,0.75,10.5,0.0,12
2026-08-21T21:44:17Z,celmis-api,3.42,584.6,6928.38,8.44,22.5,18.4,32.3,866.0,23
2026-08-21T21:44:17Z,celmis-postgres,0.09,46.11,6928.38,0.67,28.6,17.8,43.3,56.9,16
2026-08-21T21:44:17Z,celmis-sandbox,0.02,59.5,3072.0,1.94,0.0,0.0,18.0,0.0,3
2026-08-21T21:44:17Z,celmis-qdrant,0.08,178.3,6928.38,2.57,0.06,0.04,71.3,0.0,25
2026-08-21T21:44:25Z,celmis-web,0.01,83.13,6928.38,1.20,0.47,0.75,10.5,0.0,12
2026-08-21T21:44:25Z,celmis-api,0.57,584.5,6928.38,8.44,22.6,18.4,32.3,866.0,23
2026-08-21T21:44:25Z,celmis-postgres,0.10,46.21,6928.38,0.67,28.6,17.8,43.3,56.9,16
2026-08-21T21:44:25Z,celmis-sandbox,0.03,59.5,3072.0,1.94,0.0,0.0,18.0,0.0,3
2026-08-21T21:44:25Z,celmis-qdrant,0.07,178.3,6928.38,2.57,0.06,0.04,71.3,0.0,25
2026-08-21T21:44:32Z,celmis-web,0.01,83.13,6928.38,1.20,0.47,0.75,10.5,0.0,12
2026-08-21T21:44:32Z,celmis-api,0.56,584.5,6928.38,8.44,22.6,18.4,32.3,866.0,18
2026-08-21T21:44:32Z,celmis-postgres,2.72,45.93,6928.38,0.66,28.6,17.9,43.3,57.0,16
2026-08-21T21:44:32Z,celmis-sandbox,0.03,59.68,3072.0,1.94,0.0,0.0,18.0,0.0,3
2026-08-21T21:44:32Z,celmis-qdrant,0.10,178.2,6928.38,2.57,0.06,0.04,71.3,0.0,25
2026-08-21T21:44:39Z,celmis-web,0.00,83.09,6928.38,1.20,0.47,0.75,10.5,0.0,12
2026-08-21T21:44:39Z,celmis-api,1.48,584.6,6928.38,8.44,22.6,18.4,32.3,866.0,18
2026-08-21T21:44:39Z,celmis-postgres,0.00,46.12,6928.38,0.67,28.6,17.9,43.3,57.0,16
2026-08-21T21:44:39Z,celmis-sandbox,0.03,59.68,3072.0,1.94,0.0,0.0,18.0,0.0,3
2026-08-21T21:44:39Z,celmis-qdrant,0.06,178.1,6928.38,2.57,0.06,0.04,71.3,0.0,25
2026-08-21T21:44:47Z,celmis-web,0.00,83.09,6928.38,1.20,0.47,0.75,10.5,0.0,12
2026-08-21T21:44:47Z,celmis-api,0.30,584.8,6928.38,8.44,22.7,18.5,32.3,866.0,18
2026-08-21T21:44:47Z,celmis-postgres,1.72,46.35,6928.38,0.67,28.6,17.9,43.3,57.0,16
2026-08-21T21:44:47Z,celmis-sandbox,0.02,59.68,3072.0,1.94,0.0,0.0,18.0,0.0,3
2026-08-21T21:44:47Z,celmis-qdrant,0.08,178.1,6928.38,2.57,0.06,0.04,71.3,0.0,25
2026-08-21T21:44:54Z,celmis-api,99.39,110.5,6928.38,1.60,0.01,0.01,0.04,0.0,4
2026-08-21T21:44:54Z,celmis-web,0.00,82.66,6928.38,1.19,0.48,0.75,10.5,0.0,12
2026-08-21T21:44:54Z,celmis-postgres,0.35,32.59,6928.38,0.47,28.7,17.9,43.3,57.0,9
2026-08-21T21:44:54Z,celmis-sandbox,0.02,59.34,3072.0,1.93,0.0,0.0,18.0,0.0,3
2026-08-21T21:44:54Z,celmis-qdrant,0.53,178.3,6928.38,2.57,0.06,0.04,71.3,0.0,25
2026-08-21T21:45:02Z,celmis-api,2.97,119.7,6928.38,1.73,0.04,0.03,0.04,0.0,11
2026-08-21T21:45:02Z,celmis-web,0.00,82.66,6928.38,1.19,0.48,0.75,10.5,0.0,12
2026-08-21T21:45:02Z,celmis-postgres,3.37,34.36,6928.38,0.50,28.7,18.0,43.3,57.0,10
2026-08-21T21:45:02Z,celmis-sandbox,0.03,59.5,3072.0,1.94,0.0,0.0,18.0,0.0,3
2026-08-21T21:45:02Z,celmis-qdrant,0.09,178.3,6928.38,2.57,0.06,0.04,71.3,0.0,25
2026-08-21T21:45:09Z,celmis-api,0.53,119.6,6928.38,1.73,0.05,0.05,0.04,0.0,11
2026-08-21T21:45:09Z,celmis-web,2.93,82.96,6928.38,1.20,0.48,0.75,10.5,0.0,12
2026-08-21T21:45:09Z,celmis-postgres,0.02,33.82,6928.38,0.49,28.7,18.0,43.3,57.0,10
2026-08-21T21:45:09Z,celmis-sandbox,0.02,59.5,3072.0,1.94,0.0,0.0,18.0,0.0,3
2026-08-21T21:45:09Z,celmis-qdrant,0.15,178.3,6928.38,2.57,0.06,0.04,71.3,0.0,25
2026-08-21T21:45:17Z,celmis-api,3.33,120.0,6928.38,1.73,0.08,0.07,0.04,0.0,11
2026-08-21T21:45:17Z,celmis-web,0.01,82.74,6928.38,1.19,0.48,0.75,10.5,0.0,12
2026-08-21T21:45:17Z,celmis-postgres,0.03,34.11,6928.38,0.49,28.7,18.0,43.3,57.0,10
2026-08-21T21:45:17Z,celmis-sandbox,0.02,59.5,3072.0,1.94,0.0,0.0,18.0,0.0,3
2026-08-21T21:45:17Z,celmis-qdrant,0.09,178.2,6928.38,2.57,0.06,0.04,71.3,0.0,25
2026-08-21T21:45:24Z,celmis-api,0.35,120.1,6928.38,1.73,0.1,0.08,0.04,0.0,11
2026-08-21T21:45:24Z,celmis-web,0.02,82.94,6928.38,1.20,0.48,0.75,10.5,0.0,12
2026-08-21T21:45:24Z,celmis-postgres,0.08,34.27,6928.38,0.49,28.7,18.0,43.3,57.0,10
2026-08-21T21:45:24Z,celmis-sandbox,0.03,59.5,3072.0,1.94,0.0,0.0,18.0,0.0,3
2026-08-21T21:45:24Z,celmis-qdrant,0.91,178.1,6928.38,2.57,0.06,0.04,71.3,0.0,25
2026-08-21T21:45:32Z,celmis-api,47.55,169.3,6928.38,2.44,0.12,0.11,0.04,0.0,12
2026-08-21T21:45:32Z,celmis-web,0.00,82.94,6928.38,1.20,0.48,0.75,10.5,0.0,12
2026-08-21T21:45:32Z,celmis-postgres,1.08,34.47,6928.38,0.50,28.7,18.0,43.3,57.0,10
2026-08-21T21:45:32Z,celmis-sandbox,0.01,59.68,3072.0,1.94,0.0,0.0,18.0,0.0,3
2026-08-21T21:45:32Z,celmis-qdrant,0.06,178.1,6928.38,2.57,0.06,0.04,71.3,0.0,25
2026-08-21T21:45:39Z,celmis-api,1.29,120.4,6928.38,1.74,0.14,0.12,0.04,0.0,11
2026-08-21T21:45:39Z,celmis-web,2.78,83.29,6928.38,1.20,0.48,0.75,10.5,0.0,12
2026-08-21T21:45:39Z,celmis-postgres,0.15,34.53,6928.38,0.50,28.7,18.0,43.3,57.0,10
2026-08-21T21:45:39Z,celmis-sandbox,0.03,59.68,3072.0,1.94,0.0,0.0,18.0,0.0,3
2026-08-21T21:45:39Z,celmis-qdrant,1.22,178.2,6928.38,2.57,0.06,0.04,71.3,0.0,25
2026-08-21T21:45:47Z,celmis-api,24.54,269.3,6928.38,3.89,0.38,0.32,0.05,0.14,16
2026-08-21T21:45:47Z,celmis-web,0.00,83.08,6928.38,1.20,0.48,0.75,10.5,0.0,12
2026-08-21T21:45:47Z,celmis-postgres,3.17,34.39,6928.38,0.50,28.8,18.1,43.3,57.4,10
2026-08-21T21:45:47Z,celmis-sandbox,0.02,59.68,3072.0,1.94,0.0,0.0,18.0,0.0,3
2026-08-21T21:45:47Z,celmis-qdrant,0.02,178.2,6928.38,2.57,0.06,0.04,71.3,0.0,25
2026-08-21T21:45:54Z,celmis-api,0.29,269.3,6928.38,3.89,0.41,0.36,0.05,0.14,16
2026-08-21T21:45:54Z,celmis-web,0.03,82.84,6928.38,1.20,0.48,0.75,10.5,0.0,12
2026-08-21T21:45:54Z,celmis-postgres,0.55,34.49,6928.38,0.50,28.8,18.1,43.3,57.4,10
2026-08-21T21:45:54Z,celmis-sandbox,0.04,59.68,3072.0,1.94,0.0,0.0,18.0,0.0,3
2026-08-21T21:45:54Z,celmis-qdrant,0.11,178.1,6928.38,2.57,0.06,0.04,71.3,0.0,25
2026-08-21T21:46:02Z,celmis-api,3.34,269.7,6928.38,3.89,0.47,0.43,0.05,0.14,16
2026-08-21T21:46:02Z,celmis-web,0.01,82.84,6928.38,1.20,0.48,0.75,10.5,0.0,12
2026-08-21T21:46:02Z,celmis-postgres,1.77,34.77,6928.38,0.50,28.8,18.2,43.3,57.4,10
2026-08-21T21:46:02Z,celmis-sandbox,0.04,59.86,3072.0,1.95,0.0,0.0,18.0,0.0,3
2026-08-21T21:46:02Z,celmis-qdrant,0.11,178.1,6928.38,2.57,0.06,0.04,71.3,0.0,25
2026-08-21T21:46:09Z,celmis-api,0.33,270.0,6928.38,3.90,0.52,0.5,0.05,0.18,16
2026-08-21T21:46:09Z,celmis-web,0.03,82.51,6928.38,1.19,0.48,0.75,10.5,0.0,12
2026-08-21T21:46:09Z,celmis-postgres,0.03,36.11,6928.38,0.52,28.8,18.2,43.3,57.5,11
2026-08-21T21:46:09Z,celmis-sandbox,0.04,59.86,3072.0,1.95,0.0,0.0,18.0,0.0,3
2026-08-21T21:46:09Z,celmis-qdrant,0.14,178.1,6928.38,2.57,0.06,0.04,71.3,0.0,25
2026-08-21T21:46:17Z,celmis-api,3.08,270.1,6928.38,3.90,0.6,0.57,0.05,0.18,16
2026-08-21T21:46:17Z,celmis-web,0.01,82.51,6928.38,1.19,0.48,0.75,10.5,0.0,12
2026-08-21T21:46:17Z,celmis-postgres,1.95,36.18,6928.38,0.52,28.8,18.3,43.3,57.5,11
2026-08-21T21:46:17Z,celmis-sandbox,0.03,59.86,3072.0,1.95,0.0,0.0,18.0,0.0,3
2026-08-21T21:46:17Z,celmis-qdrant,0.23,178.3,6928.38,2.57,0.06,0.04,71.3,0.0,25
2026-08-21T21:46:24Z,celmis-api,1.12,270.2,6928.38,3.90,0.63,0.61,0.05,0.18,17
2026-08-21T21:46:24Z,celmis-web,0.01,82.73,6928.38,1.19,0.48,0.75,10.5,0.0,12
2026-08-21T21:46:24Z,celmis-postgres,0.22,36.51,6928.38,0.53,28.8,18.3,43.3,57.5,11
2026-08-21T21:46:24Z,celmis-sandbox,0.03,59.86,3072.0,1.95,0.0,0.0,18.0,0.0,3
2026-08-21T21:46:24Z,celmis-qdrant,1.29,178.4,6928.38,2.57,0.06,0.04,71.3,0.0,25
2026-08-21T21:46:32Z,celmis-api,0.40,270.3,6928.38,3.90,0.66,0.64,0.05,0.18,17
2026-08-21T21:46:32Z,celmis-web,0.01,82.73,6928.38,1.19,0.48,0.75,10.5,0.0,12
2026-08-21T21:46:32Z,celmis-postgres,0.83,36.41,6928.38,0.53,28.8,18.3,43.3,57.5,11
2026-08-21T21:46:32Z,celmis-sandbox,0.03,60.04,3072.0,1.95,0.0,0.0,18.0,0.0,3
2026-08-21T21:46:32Z,celmis-qdrant,0.11,178.4,6928.38,2.57,0.06,0.04,71.3,0.0,25
2026-08-21T21:46:39Z,celmis-api,7.60,271.3,6928.38,3.92,0.8,0.77,0.05,0.3,12
2026-08-21T21:46:39Z,celmis-web,0.02,82.84,6928.38,1.20,0.48,0.75,10.5,0.0,12
2026-08-21T21:46:39Z,celmis-postgres,6.02,36.2,6928.38,0.52,28.9,18.4,43.3,57.6,11
2026-08-21T21:46:39Z,celmis-sandbox,0.02,60.04,3072.0,1.95,0.0,0.0,18.0,0.0,3
2026-08-21T21:46:39Z,celmis-qdrant,0.11,178.4,6928.38,2.57,0.06,0.04,71.3,0.0,25
2026-08-21T21:46:47Z,celmis-api,3.47,271.8,6928.38,3.92,0.92,0.89,0.05,0.46,16
2026-08-21T21:46:47Z,celmis-web,0.01,82.84,6928.38,1.20,0.48,0.75,10.5,0.0,12
2026-08-21T21:46:47Z,celmis-postgres,1.99,36.87,6928.38,0.53,28.9,18.5,43.3,57.6,11
2026-08-21T21:46:47Z,celmis-sandbox,0.02,60.04,3072.0,1.95,0.0,0.0,18.0,0.0,3
2026-08-21T21:46:47Z,celmis-qdrant,0.16,178.0,6928.38,2.57,0.06,0.04,71.3,0.0,25
2026-08-21T21:46:54Z,celmis-api,1.00,271.7,6928.38,3.92,0.95,0.93,0.05,0.46,16
2026-08-21T21:46:54Z,celmis-web,0.03,83.11,6928.38,1.20,0.48,0.75,10.5,0.0,12
2026-08-21T21:46:54Z,celmis-postgres,0.15,36.32,6928.38,0.52,28.9,18.5,43.3,57.6,11
2026-08-21T21:46:54Z,celmis-sandbox,0.03,60.04,3072.0,1.95,0.0,0.0,18.0,0.0,3
2026-08-21T21:46:54Z,celmis-qdrant,1.36,178.2,6928.38,2.57,0.06,0.04,71.3,0.0,25
2026-08-21T21:47:02Z,celmis-api,1.53,271.7,6928.38,3.92,1.02,1.0,0.05,0.5,16
2026-08-21T21:47:02Z,celmis-web,0.01,83.11,6928.38,1.20,0.48,0.75,10.5,0.0,12
2026-08-21T21:47:02Z,celmis-postgres,0.27,36.48,6928.38,0.53,28.9,18.5,43.3,57.6,11
2026-08-21T21:47:02Z,celmis-sandbox,0.03,59.95,3072.0,1.95,0.0,0.0,18.0,0.0,3
2026-08-21T21:47:02Z,celmis-qdrant,0.13,178.2,6928.38,2.57,0.06,0.04,71.3,0.0,25
2026-08-21T21:47:09Z,celmis-api,0.26,271.8,6928.38,3.92,1.09,1.07,0.05,0.5,17
2026-08-21T21:47:09Z,celmis-web,0.03,82.82,6928.38,1.20,0.48,0.75,10.5,0.0,12
2026-08-21T21:47:09Z,celmis-postgres,0.04,36.15,6928.38,0.52,28.9,18.6,43.3,57.6,11
2026-08-21T21:47:09Z,celmis-sandbox,0.04,59.95,3072.0,1.95,0.0,0.0,18.0,0.0,3
2026-08-21T21:47:09Z,celmis-qdrant,0.07,178.2,6928.38,2.57,0.06,0.04,71.3,0.0,25
2026-08-21T21:47:17Z,celmis-api,4.75,272.1,6928.38,3.93,1.18,1.15,0.05,0.62,12
2026-08-21T21:47:17Z,celmis-web,0.01,82.82,6928.38,1.20,0.48,0.75,10.5,0.0,12
2026-08-21T21:47:17Z,celmis-postgres,4.31,36.16,6928.38,0.52,29.0,18.6,43.3,57.6,11
2026-08-21T21:47:17Z,celmis-sandbox,0.03,59.95,3072.0,1.95,0.0,0.0,18.0,0.0,3
2026-08-21T21:47:17Z,celmis-qdrant,0.13,178.4,6928.38,2.57,0.06,0.04,71.3,0.0,25
2026-08-21T21:47:24Z,celmis-api,0.67,273.8,6928.38,3.95,1.37,1.41,0.05,0.81,18
2026-08-21T21:47:24Z,celmis-web,3.28,82.79,6928.38,1.19,0.48,0.75,10.5,0.0,12
2026-08-21T21:47:24Z,celmis-postgres,0.25,36.73,6928.38,0.53,29.0,18.7,43.3,57.7,11
2026-08-21T21:47:24Z,celmis-sandbox,0.03,59.95,3072.0,1.95,0.0,0.0,18.0,0.0,3
2026-08-21T21:47:24Z,celmis-qdrant,1.41,178.5,6928.38,2.58,0.06,0.04,71.3,0.0,25
2026-08-21T21:47:32Z,celmis-api,0.36,273.9,6928.38,3.95,1.4,1.45,0.05,0.81,18
2026-08-21T21:47:32Z,celmis-web,0.00,82.78,6928.38,1.19,0.48,0.75,10.5,0.0,12
2026-08-21T21:47:32Z,celmis-postgres,0.80,36.55,6928.38,0.53,29.0,18.7,43.3,58.0,11
2026-08-21T21:47:32Z,celmis-sandbox,0.03,59.88,3072.0,1.95,0.0,0.0,18.0,0.0,3
2026-08-21T21:47:32Z,celmis-qdrant,0.11,178.5,6928.38,2.58,0.06,0.04,71.3,0.0,25
2026-08-21T21:47:39Z,celmis-api,0.24,273.8,6928.38,3.95,1.46,1.52,0.05,0.81,18
2026-08-21T21:47:39Z,celmis-web,2.31,83.12,6928.38,1.20,0.48,0.75,10.5,0.0,12
2026-08-21T21:47:39Z,celmis-postgres,1.11,36.51,6928.38,0.53,29.0,18.8,43.3,58.0,11
2026-08-21T21:47:39Z,celmis-sandbox,0.03,59.88,3072.0,1.95,0.0,0.0,18.0,0.0,3
2026-08-21T21:47:39Z,celmis-qdrant,0.09,178.5,6928.38,2.58,0.06,0.04,71.3,0.0,25
2026-08-21T21:47:46Z,celmis-api,0.29,276.0,6928.38,3.98,1.49,1.61,0.05,0.82,18
2026-08-21T21:47:46Z,celmis-web,0.00,83.08,6928.38,1.20,0.48,0.75,10.5,0.0,12
2026-08-21T21:47:46Z,celmis-postgres,0.03,36.48,6928.38,0.53,29.0,18.8,43.3,58.0,11
2026-08-21T21:47:46Z,celmis-sandbox,0.04,59.88,3072.0,1.95,0.0,0.0,18.0,0.0,3
2026-08-21T21:47:46Z,celmis-qdrant,0.08,178.4,6928.38,2.58,0.06,0.04,71.3,0.0,25
2026-08-21T21:47:53Z,celmis-api,0.42,275.6,6928.38,3.98,1.56,1.68,0.05,0.82,17
2026-08-21T21:47:53Z,celmis-web,2.98,83.04,6928.38,1.20,0.48,0.75,10.5,0.0,12
2026-08-21T21:47:53Z,celmis-postgres,1.31,36.38,6928.38,0.53,29.0,18.9,43.3,58.0,11
2026-08-21T21:47:53Z,celmis-sandbox,0.02,59.88,3072.0,1.95,0.0,0.0,18.0,0.0,3
2026-08-21T21:47:53Z,celmis-qdrant,0.08,178.4,6928.38,2.58,0.06,0.04,71.3,0.0,25
2026-08-21T21:48:01Z,celmis-api,0.99,276.6,6928.38,3.99,1.66,1.78,0.05,0.86,18
2026-08-21T21:48:01Z,celmis-web,9.12,83.32,6928.38,1.20,0.49,0.76,10.5,0.0,12
2026-08-21T21:48:01Z,celmis-postgres,0.00,36.51,6928.38,0.53,29.1,18.9,43.3,58.1,11
2026-08-21T21:48:01Z,celmis-sandbox,0.02,59.8,3072.0,1.95,0.0,0.0,18.0,0.0,3
2026-08-21T21:48:01Z,celmis-qdrant,0.12,178.1,6928.38,2.57,0.06,0.04,71.3,0.0,25
2026-08-21T21:48:08Z,celmis-api,3.21,276.4,6928.38,3.99,1.73,1.85,0.05,0.86,18
2026-08-21T21:48:08Z,celmis-web,2.35,82.83,6928.38,1.20,0.5,0.77,10.5,0.0,12
2026-08-21T21:48:08Z,celmis-postgres,3.20,36.52,6928.38,0.53,29.1,18.9,43.3,58.1,11
2026-08-21T21:48:08Z,celmis-sandbox,0.02,59.8,3072.0,1.95,0.0,0.0,18.0,0.0,3
2026-08-21T21:48:08Z,celmis-qdrant,0.10,178.1,6928.38,2.57,0.06,0.04,71.3,0.0,25
2026-08-21T21:48:16Z,celmis-api,0.28,276.5,6928.38,3.99,1.76,1.89,0.05,0.86,18
2026-08-21T21:48:16Z,celmis-web,0.01,82.8,6928.38,1.20,0.5,0.77,10.5,0.0,12
2026-08-21T21:48:16Z,celmis-postgres,0.00,36.65,6928.38,0.53,29.1,19.0,43.3,58.1,11
2026-08-21T21:48:16Z,celmis-sandbox,0.03,59.8,3072.0,1.95,0.0,0.0,18.0,0.0,3
2026-08-21T21:48:16Z,celmis-qdrant,0.06,178.0,6928.38,2.57,0.06,0.04,71.3,0.0,25
2026-08-21T21:48:23Z,celmis-api,0.28,276.5,6928.38,3.99,1.82,1.96,0.05,0.86,17
2026-08-21T21:48:23Z,celmis-web,2.55,82.84,6928.38,1.20,0.5,0.77,10.5,0.0,12
2026-08-21T21:48:23Z,celmis-postgres,1.58,36.72,6928.38,0.53,29.1,19.0,43.3,58.1,11
2026-08-21T21:48:23Z,celmis-sandbox,0.02,59.8,3072.0,1.95,0.0,0.0,18.0,0.0,3
2026-08-21T21:48:23Z,celmis-qdrant,0.15,178.0,6928.38,2.57,0.06,0.04,71.3,0.0,25
2026-08-21T21:48:31Z,celmis-api,0.25,276.3,6928.38,3.99,1.86,2.01,0.05,0.98,12
2026-08-21T21:48:31Z,celmis-web,0.01,82.83,6928.38,1.20,0.5,0.77,10.5,0.0,12
2026-08-21T21:48:31Z,celmis-postgres,0.00,36.41,6928.38,0.53,29.1,19.1,43.3,58.1,11
2026-08-21T21:48:31Z,celmis-sandbox,0.03,59.98,3072.0,1.95,0.0,0.0,18.0,0.0,3
2026-08-21T21:48:31Z,celmis-qdrant,0.08,178.4,6928.38,2.57,0.06,0.04,71.3,0.0,25
2026-08-21T21:48:38Z,celmis-api,2.84,276.3,6928.38,3.99,1.98,2.12,0.05,1.09,12
2026-08-21T21:48:38Z,celmis-web,0.01,82.83,6928.38,1.20,0.5,0.77,10.5,0.0,12
2026-08-21T21:48:38Z,celmis-postgres,2.73,36.41,6928.38,0.53,29.1,19.1,43.3,58.2,11
2026-08-21T21:48:38Z,celmis-sandbox,0.03,59.98,3072.0,1.95,0.0,0.0,18.0,0.0,3
2026-08-21T21:48:38Z,celmis-qdrant,0.08,178.4,6928.38,2.57,0.06,0.04,71.3,0.0,25
2026-08-21T21:48:46Z,celmis-api,0.26,277.2,6928.38,4.00,2.11,2.32,0.05,1.2,16
2026-08-21T21:48:46Z,celmis-web,0.01,82.88,6928.38,1.20,0.5,0.77,10.5,0.0,12
2026-08-21T21:48:46Z,celmis-postgres,0.00,36.38,6928.38,0.52,29.2,19.2,43.3,58.2,11
2026-08-21T21:48:46Z,celmis-sandbox,0.03,59.98,3072.0,1.95,0.0,0.0,18.0,0.0,3
2026-08-21T21:48:46Z,celmis-qdrant,0.08,178.5,6928.38,2.58,0.06,0.04,71.3,0.0,25
2026-08-21T21:48:53Z,celmis-api,4.14,277.3,6928.38,4.00,2.17,2.4,0.05,1.2,17
2026-08-21T21:48:53Z,celmis-web,5.85,82.8,6928.38,1.20,0.5,0.77,10.5,0.0,12
2026-08-21T21:48:53Z,celmis-postgres,3.34,36.26,6928.38,0.52,29.2,19.2,43.3,58.2,11
2026-08-21T21:48:53Z,celmis-sandbox,0.03,59.98,3072.0,1.95,0.0,0.0,18.0,0.0,3
2026-08-21T21:48:53Z,celmis-qdrant,0.10,178.5,6928.38,2.58,0.06,0.04,71.3,0.0,25
2026-08-21T21:49:01Z,celmis-api,3.45,277.4,6928.38,4.00,2.22,2.48,0.05,1.24,17
2026-08-21T21:49:01Z,celmis-web,0.01,82.72,6928.38,1.19,0.5,0.77,10.5,0.0,12
2026-08-21T21:49:01Z,celmis-postgres,0.18,36.43,6928.38,0.53,29.2,19.3,43.3,58.2,11
2026-08-21T21:49:01Z,celmis-sandbox,0.03,60.16,3072.0,1.96,0.0,0.0,18.0,0.0,3
2026-08-21T21:49:01Z,celmis-qdrant,0.09,178.5,6928.38,2.58,0.06,0.04,71.3,0.0,25
2026-08-21T21:49:08Z,celmis-api,2.95,277.5,6928.38,4.00,2.29,2.56,0.05,1.24,17
2026-08-21T21:49:08Z,celmis-web,0.00,82.72,6928.38,1.19,0.5,0.77,10.5,0.0,12
2026-08-21T21:49:08Z,celmis-postgres,3.38,36.5,6928.38,0.53,29.2,19.3,43.3,58.2,11
2026-08-21T21:49:08Z,celmis-sandbox,0.02,60.16,3072.0,1.96,0.0,0.0,18.0,0.0,3
2026-08-21T21:49:08Z,celmis-qdrant,0.07,178.5,6928.38,2.58,0.06,0.04,71.3,0.0,25
2026-08-21T21:49:16Z,celmis-api,0.27,277.1,6928.38,4.00,2.32,2.59,0.05,1.24,17
2026-08-21T21:49:16Z,celmis-web,0.01,82.94,6928.38,1.20,0.5,0.77,10.5,0.0,12
2026-08-21T21:49:16Z,celmis-postgres,0.03,36.31,6928.38,0.52,29.2,19.3,43.3,58.2,11
2026-08-21T21:49:16Z,celmis-sandbox,0.03,60.16,3072.0,1.96,0.0,0.0,18.0,0.0,3
2026-08-21T21:49:16Z,celmis-qdrant,0.08,178.1,6928.38,2.57,0.06,0.04,71.3,0.0,25
2026-08-21T21:49:23Z,celmis-api,0.25,277.3,6928.38,4.00,2.35,2.63,0.05,1.24,17
2026-08-21T21:49:23Z,celmis-web,2.14,82.43,6928.38,1.19,0.5,0.77,10.5,0.0,12
2026-08-21T21:49:23Z,celmis-postgres,3.36,36.45,6928.38,0.53,29.2,19.4,43.3,58.2,11
2026-08-21T21:49:23Z,celmis-sandbox,0.02,60.16,3072.0,1.96,0.0,0.0,18.0,0.0,3
2026-08-21T21:49:23Z,celmis-qdrant,0.06,178.1,6928.38,2.57,0.06,0.04,71.3,0.0,25
2026-08-21T21:49:31Z,celmis-api,0.24,277.6,6928.38,4.01,2.45,2.7,0.05,1.24,17
2026-08-21T21:49:31Z,celmis-web,0.01,82.43,6928.38,1.19,0.5,0.77,10.5,0.0,12
2026-08-21T21:49:31Z,celmis-postgres,0.06,36.36,6928.38,0.52,29.2,19.4,43.3,58.2,11
2026-08-21T21:49:31Z,celmis-sandbox,0.02,60.08,3072.0,1.96,0.0,0.0,18.0,0.0,3
2026-08-21T21:49:31Z,celmis-qdrant,0.09,178.3,6928.38,2.57,0.06,0.04,71.3,0.0,25
2026-08-21T21:49:38Z,celmis-api,3.07,277.8,6928.38,4.01,2.54,2.79,0.05,1.36,13
2026-08-21T21:49:38Z,celmis-web,0.01,82.43,6928.38,1.19,0.5,0.77,10.5,0.0,12
2026-08-21T21:49:38Z,celmis-postgres,1.88,36.41,6928.38,0.53,29.2,19.5,43.3,58.3,11
2026-08-21T21:49:38Z,celmis-sandbox,0.03,60.08,3072.0,1.96,0.0,0.0,18.0,0.0,3
2026-08-21T21:49:38Z,celmis-qdrant,0.11,178.3,6928.38,2.57,0.06,0.04,71.3,0.0,25
2026-08-21T21:49:46Z,celmis-api,0.34,277.8,6928.38,4.01,2.57,2.82,0.05,1.37,13
2026-08-21T21:49:46Z,celmis-web,0.01,82.64,6928.38,1.19,0.5,0.77,10.5,0.0,12
2026-08-21T21:49:46Z,celmis-postgres,0.06,36.61,6928.38,0.53,29.2,19.5,43.3,58.3,11
2026-08-21T21:49:46Z,celmis-sandbox,0.03,60.08,3072.0,1.96,0.0,0.0,18.0,0.0,3
2026-08-21T21:49:46Z,celmis-qdrant,0.12,178.4,6928.38,2.57,0.06,0.04,71.3,0.0,25
2026-08-21T21:49:53Z,celmis-api,7.76,278.2,6928.38,4.02,2.84,3.16,0.05,1.58,17
2026-08-21T21:49:53Z,celmis-web,0.00,82.64,6928.38,1.19,0.5,0.77,10.5,0.0,12
2026-08-21T21:49:53Z,celmis-postgres,4.12,36.67,6928.38,0.53,29.3,19.6,43.3,58.3,11
2026-08-21T21:49:53Z,celmis-sandbox,0.01,60.08,3072.0,1.96,0.0,0.0,18.0,0.0,3
2026-08-21T21:49:53Z,celmis-qdrant,0.06,178.4,6928.38,2.57,0.06,0.04,71.3,0.0,25
2026-08-21T21:50:01Z,celmis-api,0.24,278.5,6928.38,4.02,2.88,3.26,0.05,1.61,17
2026-08-21T21:50:01Z,celmis-web,0.02,82.65,6928.38,1.19,0.5,0.77,10.5,0.0,12
2026-08-21T21:50:01Z,celmis-postgres,0.03,36.82,6928.38,0.53,29.3,19.6,43.3,58.4,11
2026-08-21T21:50:01Z,celmis-sandbox,0.02,60.26,3072.0,1.96,0.0,0.0,18.0,0.0,3
2026-08-21T21:50:01Z,celmis-qdrant,0.09,178.3,6928.38,2.57,0.06,0.04,71.3,0.0,25
2026-08-21T21:50:08Z,celmis-api,0.24,278.4,6928.38,4.02,2.91,3.29,0.05,1.61,17
2026-08-21T21:50:08Z,celmis-web,0.01,82.65,6928.38,1.19,0.5,0.77,10.5,0.0,12
2026-08-21T21:50:08Z,celmis-postgres,0.00,36.28,6928.38,0.52,29.3,19.7,43.3,58.4,11
2026-08-21T21:50:08Z,celmis-sandbox,0.03,60.26,3072.0,1.96,0.0,0.0,18.0,0.0,3
2026-08-21T21:50:08Z,celmis-qdrant,0.10,178.3,6928.38,2.57,0.06,0.04,71.3,0.0,25
2026-08-21T21:50:16Z,celmis-api,0.31,278.7,6928.38,4.02,2.98,3.37,0.05,1.61,17
2026-08-21T21:50:16Z,celmis-web,0.01,82.86,6928.38,1.20,0.5,0.77,10.5,0.0,12
2026-08-21T21:50:16Z,celmis-postgres,0.07,36.32,6928.38,0.52,29.3,19.7,43.3,58.4,11
2026-08-21T21:50:16Z,celmis-sandbox,0.03,60.26,3072.0,1.96,0.0,0.0,18.0,0.0,3
2026-08-21T21:50:16Z,celmis-qdrant,0.08,178.4,6928.38,2.58,0.06,0.04,71.3,0.0,25
2026-08-21T21:50:23Z,celmis-api,3.03,278.4,6928.38,4.02,3.04,3.44,0.05,1.62,16
2026-08-21T21:50:23Z,celmis-web,0.00,82.86,6928.38,1.20,0.5,0.77,10.5,0.0,12
2026-08-21T21:50:23Z,celmis-postgres,0.02,36.44,6928.38,0.53,29.3,19.7,43.3,58.4,11
2026-08-21T21:50:23Z,celmis-sandbox,0.02,60.26,3072.0,1.96,0.0,0.0,18.0,0.0,3
2026-08-21T21:50:23Z,celmis-qdrant,0.07,178.4,6928.38,2.58,0.06,0.04,71.3,0.0,25
2026-08-21T21:50:31Z,celmis-api,0.29,278.5,6928.38,4.02,3.12,3.49,0.05,1.74,12
2026-08-21T21:50:31Z,celmis-web,0.02,82.82,6928.38,1.20,0.5,0.77,10.5,0.0,12
2026-08-21T21:50:31Z,celmis-postgres,0.01,36.79,6928.38,0.53,29.4,19.8,43.3,58.4,11
2026-08-21T21:50:31Z,celmis-sandbox,0.03,60.18,3072.0,1.96,0.0,0.0,18.0,0.0,3
2026-08-21T21:50:31Z,celmis-qdrant,0.07,178.1,6928.38,2.57,0.06,0.04,71.3,0.0,25
2026-08-21T21:50:38Z,celmis-api,1.04,278.7,6928.38,4.02,3.3,3.66,0.05,1.74,12
2026-08-21T21:50:38Z,celmis-web,0.01,82.82,6928.38,1.20,0.5,0.77,10.5,0.0,12
2026-08-21T21:50:38Z,celmis-postgres,0.02,36.7,6928.38,0.53,29.5,20.0,43.3,58.4,11
2026-08-21T21:50:38Z,celmis-sandbox,0.02,60.18,3072.0,1.96,0.0,0.0,18.0,0.0,3
2026-08-21T21:50:38Z,celmis-qdrant,0.07,178.1,6928.38,2.57,0.06,0.04,71.3,0.0,25
2026-08-21T21:50:46Z,celmis-api,0.26,279.1,6928.38,4.03,3.46,3.9,0.05,1.92,18
2026-08-21T21:50:46Z,celmis-web,0.00,82.8,6928.38,1.20,0.5,0.77,10.5,0.0,12
2026-08-21T21:50:46Z,celmis-postgres,0.03,36.4,6928.38,0.53,29.5,20.0,43.3,58.5,11
2026-08-21T21:50:46Z,celmis-sandbox,0.03,60.18,3072.0,1.96,0.0,0.0,18.0,0.0,3
2026-08-21T21:50:46Z,celmis-qdrant,0.08,178.5,6928.38,2.58,0.06,0.04,71.3,0.0,25
2026-08-21T21:50:53Z,celmis-api,0.20,279.3,6928.38,4.03,3.49,3.94,0.05,1.92,17
2026-08-21T21:50:53Z,celmis-web,0.00,82.8,6928.38,1.20,0.5,0.77,10.5,0.0,12
2026-08-21T21:50:53Z,celmis-postgres,0.02,36.62,6928.38,0.53,29.5,20.1,43.3,58.5,11
2026-08-21T21:50:53Z,celmis-sandbox,0.03,60.18,3072.0,1.96,0.0,0.0,18.0,0.0,3
2026-08-21T21:50:53Z,celmis-qdrant,0.06,178.5,6928.38,2.58,0.06,0.04,71.3,0.0,25
2026-08-21T21:51:01Z,celmis-api,0.24,279.3,6928.38,4.03,3.58,4.07,0.05,1.96,18
2026-08-21T21:51:01Z,celmis-web,0.02,82.77,6928.38,1.19,0.5,0.77,10.5,0.0,12
2026-08-21T21:51:01Z,celmis-postgres,0.03,36.64,6928.38,0.53,29.5,20.1,43.3,58.5,11
2026-08-21T21:51:01Z,celmis-sandbox,0.03,60.11,3072.0,1.96,0.0,0.0,18.0,0.0,3
2026-08-21T21:51:01Z,celmis-qdrant,0.07,178.4,6928.38,2.57,0.06,0.04,71.3,0.0,25
2026-08-21T21:51:08Z,celmis-api,0.26,279.1,6928.38,4.03,3.61,4.1,0.05,1.97,17
2026-08-21T21:51:08Z,celmis-web,0.01,82.77,6928.38,1.19,0.5,0.77,10.5,0.0,12
2026-08-21T21:51:08Z,celmis-postgres,0.00,36.8,6928.38,0.53,29.5,20.1,43.3,58.5,11
2026-08-21T21:51:08Z,celmis-sandbox,0.03,60.11,3072.0,1.96,0.0,0.0,18.0,0.0,3
2026-08-21T21:51:08Z,celmis-qdrant,0.07,178.4,6928.38,2.57,0.06,0.04,71.3,0.0,25
2026-08-21T21:51:16Z,celmis-api,0.23,279.2,6928.38,4.03,3.71,4.18,0.05,2.09,13
2026-08-21T21:51:16Z,celmis-web,0.13,82.8,6928.38,1.20,0.5,0.77,10.5,0.0,12
2026-08-21T21:51:16Z,celmis-postgres,1.87,36.75,6928.38,0.53,29.5,20.2,43.3,58.5,11
2026-08-21T21:51:16Z,celmis-sandbox,0.03,60.11,3072.0,1.96,0.0,0.0,18.0,0.0,3
2026-08-21T21:51:16Z,celmis-qdrant,0.07,178.1,6928.38,2.57,0.06,0.04,71.3,0.0,25
2026-08-21T21:51:23Z,celmis-api,0.28,279.0,6928.38,4.03,3.84,4.31,0.05,2.09,12
2026-08-21T21:51:23Z,celmis-web,0.01,82.8,6928.38,1.20,0.5,0.77,10.5,0.0,12
2026-08-21T21:51:23Z,celmis-postgres,0.02,36.53,6928.38,0.53,29.6,20.3,43.3,58.5,11
2026-08-21T21:51:23Z,celmis-sandbox,0.02,60.11,3072.0,1.96,0.0,0.0,18.0,0.0,3
2026-08-21T21:51:23Z,celmis-qdrant,0.07,178.1,6928.38,2.57,0.06,0.04,71.3,0.0,25
2026-08-21T21:51:31Z,celmis-api,0.28,279.3,6928.38,4.03,3.98,4.52,0.05,2.3,17
2026-08-21T21:51:31Z,celmis-web,0.03,82.81,6928.38,1.20,0.5,0.77,10.5,0.0,12
2026-08-21T21:51:31Z,celmis-postgres,0.00,36.43,6928.38,0.53,29.7,20.4,43.3,58.6,11
2026-08-21T21:51:31Z,celmis-sandbox,0.03,60.28,3072.0,1.96,0.0,0.0,18.0,0.0,3
2026-08-21T21:51:31Z,celmis-qdrant,0.08,178.2,6928.38,2.57,0.06,0.04,71.3,0.0,25
2026-08-21T21:51:38Z,celmis-api,0.21,279.2,6928.38,4.03,4.01,4.55,0.05,2.3,17
2026-08-21T21:51:38Z,celmis-web,0.01,82.81,6928.38,1.20,0.5,0.77,10.5,0.0,12
2026-08-21T21:51:38Z,celmis-postgres,0.06,36.63,6928.38,0.53,29.7,20.4,43.3,58.6,11
2026-08-21T21:51:38Z,celmis-sandbox,0.04,60.28,3072.0,1.96,0.0,0.0,18.0,0.0,3
2026-08-21T21:51:38Z,celmis-qdrant,0.07,178.2,6928.38,2.57,0.06,0.04,71.3,0.0,25
2026-08-21T21:51:46Z,celmis-api,0.28,279.4,6928.38,4.03,4.09,4.66,0.05,2.34,18
2026-08-21T21:51:46Z,celmis-web,0.02,83.03,6928.38,1.20,0.5,0.77,10.5,0.0,12
2026-08-21T21:51:46Z,celmis-postgres,3.15,36.32,6928.38,0.52,29.7,20.4,43.3,58.6,11
2026-08-21T21:51:46Z,celmis-sandbox,0.04,60.28,3072.0,1.96,0.0,0.0,18.0,0.0,3
2026-08-21T21:51:46Z,celmis-qdrant,0.08,178.3,6928.38,2.57,0.06,0.04,71.3,0.0,25
2026-08-21T21:51:53Z,celmis-api,0.36,279.3,6928.38,4.03,4.14,4.7,0.05,2.35,18
2026-08-21T21:51:53Z,celmis-web,0.01,83.03,6928.38,1.20,0.5,0.77,10.5,0.0,12
2026-08-21T21:51:53Z,celmis-postgres,0.00,36.52,6928.38,0.53,29.7,20.5,43.3,58.6,11
2026-08-21T21:51:53Z,celmis-sandbox,0.03,60.28,3072.0,1.96,0.0,0.0,18.0,0.0,3
2026-08-21T21:51:53Z,celmis-qdrant,0.10,178.3,6928.38,2.57,0.06,0.04,71.3,0.0,25
2026-08-21T21:52:01Z,celmis-api,0.26,279.2,6928.38,4.03,4.24,4.79,0.05,2.47,12
2026-08-21T21:52:01Z,celmis-web,0.02,83.12,6928.38,1.20,0.5,0.77,10.5,0.0,12
2026-08-21T21:52:01Z,celmis-postgres,0.00,36.73,6928.38,0.53,29.7,20.5,43.3,58.6,11
2026-08-21T21:52:01Z,celmis-sandbox,0.03,60.45,3072.0,1.97,0.0,0.0,18.0,0.0,3
2026-08-21T21:52:01Z,celmis-qdrant,0.10,178.3,6928.38,2.57,0.06,0.04,71.3,0.0,25
2026-08-21T21:52:08Z,celmis-api,0.28,279.5,6928.38,4.03,4.36,4.9,0.05,2.67,16
2026-08-21T21:52:08Z,celmis-web,0.01,83.12,6928.38,1.20,0.5,0.77,10.5,0.0,12
2026-08-21T21:52:08Z,celmis-postgres,1.85,36.38,6928.38,0.53,29.7,20.6,43.3,58.6,11
2026-08-21T21:52:08Z,celmis-sandbox,0.02,60.45,3072.0,1.97,0.0,0.0,18.0,0.0,3
2026-08-21T21:52:08Z,celmis-qdrant,0.07,178.3,6928.38,2.57,0.06,0.04,71.3,0.0,25
2026-08-21T21:52:16Z,celmis-api,3.20,279.4,6928.38,4.03,4.42,4.97,0.05,2.67,16
2026-08-21T21:52:16Z,celmis-web,0.03,82.73,6928.38,1.19,0.5,0.77,10.5,0.0,12
2026-08-21T21:52:16Z,celmis-postgres,0.03,36.64,6928.38,0.53,29.7,20.6,43.3,58.6,11
2026-08-21T21:52:16Z,celmis-sandbox,0.03,60.45,3072.0,1.97,0.0,0.0,18.0,0.0,3
2026-08-21T21:52:16Z,celmis-qdrant,0.11,178.4,6928.38,2.57,0.06,0.04,71.3,0.0,25
2026-08-21T21:52:23Z,celmis-api,3.61,279.4,6928.38,4.03,4.46,5.02,0.05,2.7,16
2026-08-21T21:52:23Z,celmis-web,0.01,82.73,6928.38,1.19,0.5,0.77,10.5,0.0,12
2026-08-21T21:52:23Z,celmis-postgres,0.52,36.31,6928.38,0.52,29.8,20.7,43.3,58.7,11
2026-08-21T21:52:23Z,celmis-sandbox,0.04,60.45,3072.0,1.97,0.0,0.0,18.0,0.0,3
2026-08-21T21:52:23Z,celmis-qdrant,0.06,178.4,6928.38,2.57,0.06,0.04,71.3,0.0,25
2026-08-21T21:52:31Z,celmis-api,0.24,279.8,6928.38,4.04,4.53,5.09,0.05,2.7,17
2026-08-21T21:52:31Z,celmis-web,0.02,83.02,6928.38,1.20,0.5,0.77,10.5,0.0,12
2026-08-21T21:52:31Z,celmis-postgres,1.23,36.5,6928.38,0.53,29.8,20.7,43.3,59.0,11
2026-08-21T21:52:31Z,celmis-sandbox,0.03,60.36,3072.0,1.96,0.0,0.0,18.0,0.0,3
2026-08-21T21:52:31Z,celmis-qdrant,0.08,178.1,6928.38,2.57,0.06,0.04,71.3,0.0,25
2026-08-21T21:52:38Z,celmis-api,0.27,279.9,6928.38,4.04,4.59,5.13,0.05,2.71,16
2026-08-21T21:52:38Z,celmis-web,0.01,83.02,6928.38,1.20,0.5,0.77,10.5,0.0,12
2026-08-21T21:52:38Z,celmis-postgres,0.00,36.71,6928.38,0.53,29.8,20.7,43.3,59.0,11
2026-08-21T21:52:38Z,celmis-sandbox,0.02,60.36,3072.0,1.96,0.0,0.0,18.0,0.0,3
2026-08-21T21:52:38Z,celmis-qdrant,0.07,178.1,6928.38,2.57,0.06,0.04,71.3,0.0,25
2026-08-21T21:52:46Z,celmis-api,0.29,279.3,6928.38,4.03,4.66,5.21,0.05,2.83,12
2026-08-21T21:52:46Z,celmis-web,0.03,82.92,6928.38,1.20,0.5,0.77,10.5,0.0,12
2026-08-21T21:52:46Z,celmis-postgres,0.03,36.62,6928.38,0.53,29.8,20.8,43.3,59.1,11
2026-08-21T21:52:46Z,celmis-sandbox,0.03,60.36,3072.0,1.96,0.0,0.0,18.0,0.0,3
2026-08-21T21:52:46Z,celmis-qdrant,0.08,178.2,6928.38,2.57,0.06,0.04,71.3,0.0,25
2026-08-21T21:52:53Z,celmis-api,0.33,279.3,6928.38,4.03,4.69,5.24,0.05,2.83,12
2026-08-21T21:52:53Z,celmis-web,0.00,82.92,6928.38,1.20,0.5,0.77,10.5,0.0,12
2026-08-21T21:52:53Z,celmis-postgres,0.02,36.43,6928.38,0.53,29.8,20.8,43.3,59.1,11
2026-08-21T21:52:53Z,celmis-sandbox,0.02,60.36,3072.0,1.96,0.0,0.0,18.0,0.0,3
2026-08-21T21:52:53Z,celmis-qdrant,0.07,178.2,6928.38,2.57,0.06,0.04,71.3,0.0,25
2026-08-21T21:53:01Z,celmis-api,0.24,279.8,6928.38,4.04,4.82,5.39,0.05,3.01,17
2026-08-21T21:53:01Z,celmis-web,0.05,83.06,6928.38,1.20,0.5,0.77,10.5,0.0,12
2026-08-21T21:53:01Z,celmis-postgres,1.65,36.57,6928.38,0.53,29.8,20.9,43.3,59.1,11
2026-08-21T21:53:01Z,celmis-sandbox,0.02,60.27,3072.0,1.96,0.0,0.0,18.0,0.0,3
2026-08-21T21:53:01Z,celmis-qdrant,0.07,178.1,6928.38,2.57,0.06,0.04,71.3,0.0,25
2026-08-21T21:53:08Z,celmis-api,0.29,279.9,6928.38,4.04,4.85,5.42,0.05,3.01,17
2026-08-21T21:53:08Z,celmis-web,0.00,83.06,6928.38,1.20,0.5,0.77,10.5,0.0,12
2026-08-21T21:53:08Z,celmis-postgres,0.03,36.53,6928.38,0.53,29.8,20.9,43.3,59.1,11
2026-08-21T21:53:08Z,celmis-sandbox,0.03,60.27,3072.0,1.96,0.0,0.0,18.0,0.0,3
2026-08-21T21:53:08Z,celmis-qdrant,0.07,178.1,6928.38,2.57,0.06,0.04,71.3,0.0,25
2026-08-21T21:53:16Z,celmis-api,0.28,279.7,6928.38,4.04,4.92,5.5,0.05,3.01,17
2026-08-21T21:53:16Z,celmis-web,0.02,82.96,6928.38,1.20,0.5,0.77,10.5,0.0,12
2026-08-21T21:53:16Z,celmis-postgres,1.74,36.7,6928.38,0.53,29.8,21.0,43.3,59.1,11
2026-08-21T21:53:16Z,celmis-sandbox,0.03,60.27,3072.0,1.96,0.0,0.0,18.0,0.0,3
2026-08-21T21:53:16Z,celmis-qdrant,0.10,178.3,6928.38,2.57,0.06,0.04,71.3,0.0,25
2026-08-21T21:53:23Z,celmis-api,1.00,279.7,6928.38,4.04,4.99,5.56,0.05,3.18,12
2026-08-21T21:53:23Z,celmis-web,0.01,82.96,6928.38,1.20,0.5,0.77,10.5,0.0,12
2026-08-21T21:53:23Z,celmis-postgres,0.05,36.34,6928.38,0.52,29.9,21.0,43.3,59.2,11
2026-08-21T21:53:23Z,celmis-sandbox,0.02,60.27,3072.0,1.96,0.0,0.0,18.0,0.0,3
2026-08-21T21:53:23Z,celmis-qdrant,0.06,178.3,6928.38,2.57,0.06,0.04,71.3,0.0,25
2026-08-21T21:53:31Z,celmis-api,3.78,279.7,6928.38,4.04,5.05,5.63,0.05,3.18,13
2026-08-21T21:53:31Z,celmis-web,0.04,82.99,6928.38,1.20,0.5,0.77,10.5,0.0,12
2026-08-21T21:53:31Z,celmis-postgres,3.03,36.38,6928.38,0.53,29.9,21.1,43.3,59.2,11
2026-08-21T21:53:31Z,celmis-sandbox,0.03,60.21,3072.0,1.96,0.0,0.0,18.0,0.0,3
2026-08-21T21:53:31Z,celmis-qdrant,0.09,178.2,6928.38,2.57,0.06,0.04,71.3,0.0,25
2026-08-21T21:53:38Z,celmis-api,0.27,279.3,6928.38,4.03,5.08,5.67,0.05,3.18,13
2026-08-21T21:53:38Z,celmis-web,0.01,82.99,6928.38,1.20,0.5,0.77,10.5,0.0,12
2026-08-21T21:53:38Z,celmis-postgres,0.00,36.82,6928.38,0.53,29.9,21.1,43.3,59.2,11
2026-08-21T21:53:38Z,celmis-sandbox,0.03,60.21,3072.0,1.96,0.0,0.0,18.0,0.0,3
2026-08-21T21:53:38Z,celmis-qdrant,0.07,178.2,6928.38,2.57,0.06,0.04,71.3,0.0,25
2026-08-21T21:53:46Z,celmis-api,0.30,286.3,6928.38,4.13,5.15,5.74,0.05,17.8,12
2026-08-21T21:53:46Z,celmis-web,0.03,82.96,6928.38,1.20,0.5,0.77,10.5,0.0,12
2026-08-21T21:53:46Z,celmis-postgres,1.77,36.36,6928.38,0.52,29.9,21.1,43.3,59.2,11
2026-08-21T21:53:46Z,celmis-sandbox,0.04,60.21,3072.0,1.96,0.0,0.0,18.0,0.0,3
2026-08-21T21:53:46Z,celmis-qdrant,0.08,178.3,6928.38,2.57,0.06,0.04,71.3,0.0,25
2026-08-21T21:53:53Z,celmis-api,3.92,286.1,6928.38,4.13,5.18,5.78,0.05,46.9,12
2026-08-21T21:53:53Z,celmis-web,0.01,82.96,6928.38,1.20,0.5,0.77,10.5,0.0,12
2026-08-21T21:53:53Z,celmis-postgres,0.01,36.64,6928.38,0.53,29.9,21.2,43.3,59.2,11
2026-08-21T21:53:53Z,celmis-sandbox,0.03,60.21,3072.0,1.96,0.0,0.0,18.0,0.0,3
2026-08-21T21:53:53Z,celmis-qdrant,0.05,178.3,6928.38,2.57,0.06,0.04,71.3,0.0,25
2026-08-21T21:54:01Z,celmis-api,3.23,286.5,6928.38,4.13,5.25,5.85,0.05,61.5,12
2026-08-21T21:54:01Z,celmis-web,0.02,82.84,6928.38,1.20,0.5,0.77,10.5,0.0,12
2026-08-21T21:54:01Z,celmis-postgres,3.75,36.85,6928.38,0.53,29.9,21.2,43.3,59.2,11
2026-08-21T21:54:01Z,celmis-sandbox,0.03,60.39,3072.0,1.97,0.0,0.0,18.0,0.0,3
2026-08-21T21:54:01Z,celmis-qdrant,0.06,178.2,6928.38,2.57,0.06,0.04,71.3,0.0,25
2026-08-21T21:54:08Z,celmis-api,0.84,286.7,6928.38,4.14,5.3,5.91,0.05,76.0,12
2026-08-21T21:54:08Z,celmis-web,0.01,82.84,6928.38,1.20,0.5,0.77,10.5,0.0,12
2026-08-21T21:54:08Z,celmis-postgres,0.03,36.67,6928.38,0.53,29.9,21.3,43.3,59.2,11
2026-08-21T21:54:08Z,celmis-sandbox,0.03,60.39,3072.0,1.97,0.0,0.0,18.0,0.0,3
2026-08-21T21:54:08Z,celmis-qdrant,0.07,178.2,6928.38,2.57,0.06,0.04,71.3,0.0,25
2026-08-21T21:54:16Z,celmis-api,1.96,287.6,6928.38,4.15,5.43,6.09,0.05,76.2,17
2026-08-21T21:54:16Z,celmis-web,0.02,83.04,6928.38,1.20,0.5,0.77,10.5,0.0,12
2026-08-21T21:54:16Z,celmis-postgres,3.23,36.46,6928.38,0.53,29.9,21.3,43.3,59.3,11
2026-08-21T21:54:16Z,celmis-sandbox,0.04,60.39,3072.0,1.97,0.0,0.0,18.0,0.0,3
2026-08-21T21:54:16Z,celmis-qdrant,0.06,178.4,6928.38,2.57,0.06,0.04,71.3,0.0,25
2026-08-21T21:54:23Z,celmis-api,0.28,287.5,6928.38,4.15,5.46,6.12,0.05,76.2,17
2026-08-21T21:54:23Z,celmis-web,0.00,83.04,6928.38,1.20,0.5,0.77,10.5,0.0,12
2026-08-21T21:54:23Z,celmis-postgres,0.05,36.42,6928.38,0.53,30.0,21.4,43.3,59.3,11
2026-08-21T21:54:23Z,celmis-sandbox,0.03,60.39,3072.0,1.97,0.0,0.0,18.0,0.0,3
2026-08-21T21:54:23Z,celmis-qdrant,0.06,178.4,6928.38,2.57,0.06,0.04,71.3,0.0,25
2026-08-21T21:54:31Z,celmis-api,3.23,287.2,6928.38,4.14,5.54,6.23,0.05,79.7,17
2026-08-21T21:54:31Z,celmis-web,0.03,82.68,6928.38,1.19,0.5,0.77,10.5,0.0,12
2026-08-21T21:54:31Z,celmis-postgres,3.61,36.42,6928.38,0.53,30.0,21.4,43.3,59.3,11
2026-08-21T21:54:31Z,celmis-sandbox,0.02,60.3,3072.0,1.96,0.0,0.0,18.0,0.0,3
2026-08-21T21:54:31Z,celmis-qdrant,0.09,178.3,6928.38,2.57,0.06,0.04,71.3,0.0,25
2026-08-21T21:54:38Z,celmis-api,0.28,287.3,6928.38,4.15,5.58,6.29,0.05,79.8,17
2026-08-21T21:54:38Z,celmis-web,0.00,82.68,6928.38,1.19,0.5,0.77,10.5,0.0,12
2026-08-21T21:54:38Z,celmis-postgres,0.09,36.51,6928.38,0.53,30.0,21.4,43.3,59.3,11
2026-08-21T21:54:38Z,celmis-sandbox,0.03,60.3,3072.0,1.96,0.0,0.0,18.0,0.0,3
2026-08-21T21:54:38Z,celmis-qdrant,0.07,178.3,6928.38,2.57,0.06,0.04,71.3,0.0,25
2026-08-21T21:54:46Z,celmis-api,3.26,287.4,6928.38,4.15,5.67,6.38,0.05,79.9,12
2026-08-21T21:54:46Z,celmis-web,0.00,82.62,6928.38,1.19,0.5,0.77,10.5,0.0,12
2026-08-21T21:54:46Z,celmis-postgres,3.64,36.61,6928.38,0.53,30.0,21.5,43.3,59.3,11
2026-08-21T21:54:46Z,celmis-sandbox,0.02,60.3,3072.0,1.96,0.0,0.0,18.0,0.0,3
2026-08-21T21:54:46Z,celmis-qdrant,0.07,178.2,6928.38,2.57,0.06,0.04,71.3,0.0,25
2026-08-21T21:54:53Z,celmis-api,0.34,287.6,6928.38,4.15,5.71,6.41,0.05,94.4,12
2026-08-21T21:54:53Z,celmis-web,0.01,82.62,6928.38,1.19,0.5,0.77,10.5,0.0,12
2026-08-21T21:54:53Z,celmis-postgres,0.03,36.61,6928.38,0.53,30.0,21.5,43.3,59.3,11
2026-08-21T21:54:53Z,celmis-sandbox,0.03,60.3,3072.0,1.96,0.0,0.0,18.0,0.0,3
2026-08-21T21:54:53Z,celmis-qdrant,0.07,178.2,6928.38,2.57,0.06,0.04,71.3,0.0,25
2026-08-21T21:55:01Z,celmis-api,49.41,287.8,6928.38,4.15,5.77,6.49,0.05,124.0,12
2026-08-21T21:55:01Z,celmis-web,0.03,82.9,6928.38,1.20,0.5,0.77,10.5,0.0,12
2026-08-21T21:55:01Z,celmis-postgres,1.11,36.33,6928.38,0.52,30.0,21.6,43.3,59.3,11
2026-08-21T21:55:01Z,celmis-sandbox,0.03,60.21,3072.0,1.96,0.0,0.0,18.0,0.0,3
2026-08-21T21:55:01Z,celmis-qdrant,0.08,178.4,6928.38,2.57,0.06,0.04,71.3,0.0,25
2026-08-21T21:55:08Z,celmis-api,0.32,287.7,6928.38,4.15,5.8,6.53,0.05,138.0,12
2026-08-21T21:55:08Z,celmis-web,0.00,82.9,6928.38,1.20,0.5,0.77,10.5,0.0,12
2026-08-21T21:55:08Z,celmis-postgres,0.03,36.47,6928.38,0.53,30.0,21.6,43.3,59.4,11
2026-08-21T21:55:08Z,celmis-sandbox,0.03,60.21,3072.0,1.96,0.0,0.0,18.0,0.0,3
2026-08-21T21:55:08Z,celmis-qdrant,0.06,178.4,6928.38,2.57,0.06,0.04,71.3,0.0,25
2026-08-21T21:55:16Z,celmis-api,3.10,288.1,6928.38,4.16,5.9,6.64,0.05,153.0,13
2026-08-21T21:55:16Z,celmis-web,0.02,82.93,6928.38,1.20,0.5,0.77,10.5,0.0,12
2026-08-21T21:55:16Z,celmis-postgres,3.08,36.69,6928.38,0.53,30.1,21.7,43.3,59.4,11
2026-08-21T21:55:16Z,celmis-sandbox,0.03,60.21,3072.0,1.96,0.0,0.0,18.0,0.0,3
2026-08-21T21:55:16Z,celmis-qdrant,0.11,178.6,6928.38,2.58,0.06,0.04,71.3,0.0,25
2026-08-21T21:55:23Z,celmis-api,0.25,288.8,6928.38,4.17,6.0,6.78,0.05,153.0,16
2026-08-21T21:55:23Z,celmis-web,0.01,82.93,6928.38,1.20,0.5,0.77,10.5,0.0,12
2026-08-21T21:55:23Z,celmis-postgres,0.03,36.81,6928.38,0.53,30.1,21.7,43.3,59.4,11
2026-08-21T21:55:23Z,celmis-sandbox,0.03,60.21,3072.0,1.96,0.0,0.0,18.0,0.0,3
2026-08-21T21:55:23Z,celmis-qdrant,0.07,178.6,6928.38,2.58,0.06,0.04,71.3,0.0,25
2026-08-21T21:55:31Z,celmis-api,2.95,289.0,6928.38,4.17,6.08,6.89,0.05,153.0,17
2026-08-21T21:55:31Z,celmis-web,0.02,82.77,6928.38,1.19,0.5,0.77,10.5,0.0,12
2026-08-21T21:55:31Z,celmis-postgres,1.87,36.47,6928.38,0.53,30.1,21.8,43.3,59.4,11
2026-08-21T21:55:31Z,celmis-sandbox,0.03,60.39,3072.0,1.97,0.0,0.0,18.0,0.0,3
2026-08-21T21:55:31Z,celmis-qdrant,0.08,178.4,6928.38,2.57,0.06,0.04,71.3,0.0,25
2026-08-21T21:55:38Z,celmis-api,0.31,288.9,6928.38,4.17,6.12,6.92,0.05,153.0,16
2026-08-21T21:55:38Z,celmis-web,0.01,82.77,6928.38,1.19,0.5,0.77,10.5,0.0,12
2026-08-21T21:55:38Z,celmis-postgres,0.00,36.5,6928.38,0.53,30.1,21.8,43.3,59.4,11
2026-08-21T21:55:38Z,celmis-sandbox,0.03,60.39,3072.0,1.97,0.0,0.0,18.0,0.0,3
2026-08-21T21:55:38Z,celmis-qdrant,0.16,178.4,6928.38,2.57,0.06,0.04,71.3,0.0,25
2026-08-21T21:55:46Z,celmis-api,2.93,288.9,6928.38,4.17,6.18,7.0,0.05,153.0,16
2026-08-21T21:55:46Z,celmis-web,0.02,82.76,6928.38,1.19,0.5,0.77,10.5,0.0,12
2026-08-21T21:55:46Z,celmis-postgres,1.88,36.97,6928.38,0.53,30.1,21.9,43.3,59.4,11
2026-08-21T21:55:46Z,celmis-sandbox,0.02,60.39,3072.0,1.97,0.0,0.0,18.0,0.0,3
2026-08-21T21:55:46Z,celmis-qdrant,0.06,178.3,6928.38,2.57,0.06,0.04,71.3,0.0,25
2026-08-21T21:55:53Z,celmis-api,0.27,288.8,6928.38,4.17,6.23,7.03,0.05,153.0,16
2026-08-21T21:55:53Z,celmis-web,0.00,82.76,6928.38,1.19,0.5,0.77,10.5,0.0,12
2026-08-21T21:55:53Z,celmis-postgres,0.12,36.73,6928.38,0.53,30.1,21.9,43.3,59.4,11
2026-08-21T21:55:53Z,celmis-sandbox,0.03,60.39,3072.0,1.97,0.0,0.0,18.0,0.0,3
2026-08-21T21:55:53Z,celmis-qdrant,0.07,178.3,6928.38,2.57,0.06,0.04,71.3,0.0,25
2026-08-21T21:56:01Z,celmis-api,1.95,288.9,6928.38,4.17,6.27,7.08,0.05,153.0,17
2026-08-21T21:56:01Z,celmis-web,0.01,83.07,6928.38,1.20,0.5,0.77,10.5,0.0,12
2026-08-21T21:56:01Z,celmis-postgres,0.79,38.22,6928.38,0.55,30.1,21.9,43.3,59.4,12
2026-08-21T21:56:01Z,celmis-sandbox,0.02,60.57,3072.0,1.97,0.0,0.0,18.0,0.0,3
2026-08-21T21:56:01Z,celmis-qdrant,0.07,178.2,6928.38,2.57,0.06,0.04,71.3,0.0,25
2026-08-21T21:56:08Z,celmis-api,0.36,288.9,6928.38,4.17,6.34,7.15,0.05,168.0,12
2026-08-21T21:56:08Z,celmis-web,0.01,83.07,6928.38,1.20,0.5,0.77,10.5,0.0,12
2026-08-21T21:56:08Z,celmis-postgres,0.03,36.77,6928.38,0.53,30.1,22.0,43.3,59.5,11
2026-08-21T21:56:08Z,celmis-sandbox,0.03,60.57,3072.0,1.97,0.0,0.0,18.0,0.0,3
2026-08-21T21:56:08Z,celmis-qdrant,0.07,178.2,6928.38,2.57,0.06,0.04,71.3,0.0,25
2026-08-21T21:56:16Z,celmis-api,48.00,289.4,6928.38,4.18,6.4,7.22,0.05,197.0,12
2026-08-21T21:56:16Z,celmis-web,0.01,83.03,6928.38,1.20,0.5,0.77,10.5,0.0,12
2026-08-21T21:56:16Z,celmis-postgres,1.03,36.79,6928.38,0.53,30.1,22.0,43.3,59.5,11
2026-08-21T21:56:16Z,celmis-sandbox,0.02,60.57,3072.0,1.97,0.0,0.0,18.0,0.0,3
2026-08-21T21:56:16Z,celmis-qdrant,0.11,178.1,6928.38,2.57,0.06,0.04,71.3,0.0,25
2026-08-21T21:56:23Z,celmis-api,0.31,289.1,6928.38,4.17,6.43,7.25,0.05,211.0,12
2026-08-21T21:56:23Z,celmis-web,0.00,83.03,6928.38,1.20,0.5,0.77,10.5,0.0,12
2026-08-21T21:56:23Z,celmis-postgres,0.00,36.22,6928.38,0.52,30.1,22.0,43.3,59.5,11
2026-08-21T21:56:23Z,celmis-sandbox,0.03,60.57,3072.0,1.97,0.0,0.0,18.0,0.0,3
2026-08-21T21:56:23Z,celmis-qdrant,0.07,178.1,6928.38,2.57,0.06,0.04,71.3,0.0,25
2026-08-21T21:56:31Z,celmis-api,10.96,289.6,6928.38,4.18,6.46,7.29,0.05,240.0,12
2026-08-21T21:56:31Z,celmis-web,0.01,83.05,6928.38,1.20,0.5,0.77,10.5,0.0,12
2026-08-21T21:56:31Z,celmis-postgres,0.03,36.44,6928.38,0.53,30.2,22.1,43.3,59.5,11
2026-08-21T21:56:31Z,celmis-sandbox,0.03,60.49,3072.0,1.97,0.0,0.0,18.0,0.0,3
2026-08-21T21:56:31Z,celmis-qdrant,0.06,178.3,6928.38,2.57,0.06,0.04,71.3,0.0,25
2026-08-21T21:56:38Z,celmis-api,0.32,289.3,6928.38,4.18,6.53,7.37,0.05,255.0,13
2026-08-21T21:56:38Z,celmis-web,0.01,83.05,6928.38,1.20,0.5,0.77,10.5,0.0,12
2026-08-21T21:56:38Z,celmis-postgres,0.00,36.96,6928.38,0.53,30.2,22.1,43.3,59.5,11
2026-08-21T21:56:38Z,celmis-sandbox,0.02,60.49,3072.0,1.97,0.0,0.0,18.0,0.0,3
2026-08-21T21:56:38Z,celmis-qdrant,0.08,178.3,6928.38,2.57,0.06,0.04,71.3,0.0,25
2026-08-21T21:56:46Z,celmis-api,4.45,290.0,6928.38,4.19,6.59,7.44,0.05,284.0,12
2026-08-21T21:56:46Z,celmis-web,0.03,82.76,6928.38,1.19,0.5,0.77,10.5,0.0,12
2026-08-21T21:56:46Z,celmis-postgres,1.70,36.71,6928.38,0.53,30.2,22.2,43.3,59.5,11
2026-08-21T21:56:46Z,celmis-sandbox,0.02,60.49,3072.0,1.97,0.0,0.0,18.0,0.0,3
2026-08-21T21:56:46Z,celmis-qdrant,0.03,178.2,6928.38,2.57,0.06,0.04,71.3,0.0,25
2026-08-21T21:56:53Z,celmis-api,0.51,289.9,6928.38,4.18,6.62,7.47,0.05,299.0,12
2026-08-21T21:56:53Z,celmis-web,0.01,82.76,6928.38,1.19,0.5,0.77,10.5,0.0,12
2026-08-21T21:56:53Z,celmis-postgres,0.00,36.55,6928.38,0.53,30.2,22.2,43.3,59.5,11
2026-08-21T21:56:53Z,celmis-sandbox,0.03,60.49,3072.0,1.97,0.0,0.0,18.0,0.0,3
2026-08-21T21:56:53Z,celmis-qdrant,0.08,178.2,6928.38,2.57,0.06,0.04,71.3,0.0,25
2026-08-21T21:57:01Z,celmis-api,0.29,290.0,6928.38,4.19,6.65,7.51,0.05,328.0,12
2026-08-21T21:57:01Z,celmis-web,0.01,82.52,6928.38,1.19,0.5,0.77,10.5,0.0,12
2026-08-21T21:57:01Z,celmis-postgres,0.02,36.61,6928.38,0.53,30.2,22.2,43.3,59.5,11
2026-08-21T21:57:01Z,celmis-sandbox,0.03,60.41,3072.0,1.97,0.0,0.0,18.0,0.0,3
2026-08-21T21:57:01Z,celmis-qdrant,0.06,178.3,6928.38,2.57,0.06,0.04,71.3,0.0,25
2026-08-21T21:57:08Z,celmis-api,46.80,290.5,6928.38,4.19,6.71,7.58,0.05,357.0,13
2026-08-21T21:57:08Z,celmis-web,0.01,82.52,6928.38,1.19,0.5,0.77,10.5,0.0,12
2026-08-21T21:57:08Z,celmis-postgres,1.54,36.28,6928.38,0.52,30.2,22.3,43.3,59.5,11
2026-08-21T21:57:08Z,celmis-sandbox,0.02,60.41,3072.0,1.97,0.0,0.0,18.0,0.0,3
2026-08-21T21:57:08Z,celmis-qdrant,0.09,178.3,6928.38,2.57,0.06,0.04,71.3,0.0,25
2026-08-21T21:57:16Z,celmis-api,2.30,290.6,6928.38,4.19,6.75,7.62,0.05,372.0,13
2026-08-21T21:57:16Z,celmis-web,0.04,82.73,6928.38,1.19,0.5,0.77,10.5,0.0,12
2026-08-21T21:57:16Z,celmis-postgres,0.00,36.53,6928.38,0.53,30.2,22.3,43.3,59.5,11
2026-08-21T21:57:16Z,celmis-sandbox,0.02,60.41,3072.0,1.97,0.0,0.0,18.0,0.0,3
2026-08-21T21:57:16Z,celmis-qdrant,0.06,178.5,6928.38,2.58,0.06,0.04,71.3,0.0,25
2026-08-21T21:57:23Z,celmis-api,4.63,290.9,6928.38,4.20,6.83,7.71,0.05,401.0,13
2026-08-21T21:57:23Z,celmis-web,0.02,82.73,6928.38,1.19,0.5,0.77,10.5,0.0,12
2026-08-21T21:57:23Z,celmis-postgres,4.62,38.76,6928.38,0.56,30.2,22.4,43.3,59.5,12
2026-08-21T21:57:23Z,celmis-sandbox,0.08,60.41,3072.0,1.97,0.0,0.0,18.0,0.0,3
2026-08-21T21:57:23Z,celmis-qdrant,0.08,178.5,6928.38,2.58,0.06,0.04,71.3,0.0,25
2026-08-21T21:57:31Z,celmis-api,0.29,297.2,6928.38,4.29,7.18,7.95,0.05,401.0,18
2026-08-21T21:57:31Z,celmis-web,0.01,82.83,6928.38,1.20,0.5,0.77,10.5,0.0,12
2026-08-21T21:57:31Z,celmis-postgres,0.03,36.57,6928.38,0.53,30.3,22.4,43.3,59.9,11
2026-08-21T21:57:31Z,celmis-sandbox,0.03,60.08,3072.0,1.96,0.0,0.0,18.0,0.0,3
2026-08-21T21:57:31Z,celmis-qdrant,0.09,178.1,6928.38,2.57,0.06,0.04,71.3,0.0,25
2026-08-21T21:57:38Z,celmis-api,0.24,296.9,6928.38,4.28,7.24,8.02,0.05,401.0,18
2026-08-21T21:57:38Z,celmis-web,0.00,82.83,6928.38,1.20,0.5,0.77,10.5,0.0,12
2026-08-21T21:57:38Z,celmis-postgres,0.05,36.61,6928.38,0.53,30.3,22.5,43.3,59.9,11
2026-08-21T21:57:38Z,celmis-sandbox,0.04,60.08,3072.0,1.96,0.0,0.0,18.0,0.0,3
2026-08-21T21:57:38Z,celmis-qdrant,0.09,178.1,6928.38,2.57,0.06,0.04,71.3,0.0,25
2026-08-21T21:57:46Z,celmis-api,0.97,297.3,6928.38,4.29,7.28,8.12,0.05,401.0,18
2026-08-21T21:57:46Z,celmis-web,0.02,82.85,6928.38,1.20,0.5,0.77,10.5,0.0,12
2026-08-21T21:57:46Z,celmis-postgres,0.00,36.77,6928.38,0.53,30.3,22.5,43.3,60.0,11
2026-08-21T21:57:46Z,celmis-sandbox,0.03,60.08,3072.0,1.96,0.0,0.0,18.0,0.0,3
2026-08-21T21:57:46Z,celmis-qdrant,0.13,178.0,6928.38,2.57,0.06,0.04,71.3,0.0,25
2026-08-21T21:57:53Z,celmis-api,1.44,297.1,6928.38,4.29,7.37,8.19,0.05,401.0,18
2026-08-21T21:57:53Z,celmis-web,0.01,82.85,6928.38,1.20,0.5,0.77,10.5,0.0,12
2026-08-21T21:57:53Z,celmis-postgres,0.11,36.46,6928.38,0.53,30.3,22.6,43.3,60.0,11
2026-08-21T21:57:53Z,celmis-sandbox,0.02,60.08,3072.0,1.96,0.0,0.0,18.0,0.0,3
2026-08-21T21:57:53Z,celmis-qdrant,0.11,178.0,6928.38,2.57,0.06,0.04,71.3,0.0,25
2026-08-21T21:58:01Z,celmis-api,0.38,297.3,6928.38,4.29,7.42,8.23,0.05,401.0,18
2026-08-21T21:58:01Z,celmis-web,0.02,82.76,6928.38,1.19,0.5,0.77,10.5,0.0,12
2026-08-21T21:58:01Z,celmis-postgres,0.00,36.9,6928.38,0.53,30.3,22.6,43.3,60.0,11
2026-08-21T21:58:01Z,celmis-sandbox,0.04,60.5,3072.0,1.97,0.0,0.0,18.0,0.0,3
2026-08-21T21:58:01Z,celmis-qdrant,0.15,178.2,6928.38,2.57,0.06,0.04,71.3,0.0,25
2026-08-21T21:58:08Z,celmis-api,3.80,297.1,6928.38,4.29,7.48,8.3,0.05,401.0,18
2026-08-21T21:58:08Z,celmis-web,0.01,82.76,6928.38,1.19,0.5,0.77,10.5,0.0,12
2026-08-21T21:58:08Z,celmis-postgres,5.97,36.95,6928.38,0.53,30.3,22.7,43.3,60.0,11
2026-08-21T21:58:08Z,celmis-sandbox,0.02,60.5,3072.0,1.97,0.0,0.0,18.0,0.0,3
2026-08-21T21:58:08Z,celmis-qdrant,0.07,178.2,6928.38,2.57,0.06,0.04,71.3,0.0,25
2026-08-21T21:58:16Z,celmis-api,0.30,297.1,6928.38,4.29,7.54,8.35,0.05,401.0,13
2026-08-21T21:58:16Z,celmis-web,0.00,82.97,6928.38,1.20,0.5,0.77,10.5,0.0,12
2026-08-21T21:58:16Z,celmis-postgres,0.04,36.49,6928.38,0.53,30.3,22.7,43.3,60.0,11
2026-08-21T21:58:16Z,celmis-sandbox,0.02,60.5,3072.0,1.97,0.0,0.0,18.0,0.0,3
2026-08-21T21:58:16Z,celmis-qdrant,0.11,178.3,6928.38,2.57,0.06,0.04,71.3,0.0,25
2026-08-21T21:58:23Z,celmis-api,9.87,341.5,6928.38,4.93,7.6,8.42,0.05,416.0,26
2026-08-21T21:58:23Z,celmis-web,0.01,82.97,6928.38,1.20,0.5,0.77,10.5,0.0,12
2026-08-21T21:58:23Z,celmis-postgres,0.01,36.66,6928.38,0.53,30.3,22.7,43.3,60.0,11
2026-08-21T21:58:23Z,celmis-sandbox,0.02,60.5,3072.0,1.97,0.0,0.0,18.0,0.0,3
2026-08-21T21:58:23Z,celmis-qdrant,0.04,178.3,6928.38,2.57,0.06,0.04,71.3,0.0,25
2026-08-21T21:58:31Z,celmis-api,0.29,296.8,6928.38,4.28,7.64,8.46,0.05,445.0,13
2026-08-21T21:58:31Z,celmis-web,0.01,82.72,6928.38,1.19,0.5,0.77,10.5,0.0,12
2026-08-21T21:58:31Z,celmis-postgres,0.07,36.64,6928.38,0.53,30.3,22.8,43.3,60.1,11
2026-08-21T21:58:31Z,celmis-sandbox,0.03,60.43,3072.0,1.97,0.0,0.0,18.0,0.0,3
2026-08-21T21:58:31Z,celmis-qdrant,0.09,177.9,6928.38,2.57,0.06,0.04,71.3,0.0,25
2026-08-21T21:58:38Z,celmis-api,11.19,351.0,6928.38,5.07,7.7,8.53,0.05,459.0,26
2026-08-21T21:58:38Z,celmis-web,0.00,82.72,6928.38,1.19,0.5,0.77,10.5,0.0,12
2026-08-21T21:58:38Z,celmis-postgres,0.75,36.61,6928.38,0.53,30.4,22.8,43.3,60.1,11
2026-08-21T21:58:38Z,celmis-sandbox,0.02,60.43,3072.0,1.97,0.0,0.0,18.0,0.0,3
2026-08-21T21:58:38Z,celmis-qdrant,0.05,177.9,6928.38,2.57,0.06,0.04,71.3,0.0,25
2026-08-21T21:58:46Z,celmis-api,2.29,296.6,6928.38,4.28,7.73,8.57,0.05,488.0,13
2026-08-21T21:58:46Z,celmis-web,0.01,82.66,6928.38,1.19,0.5,0.77,10.5,0.0,12
2026-08-21T21:58:46Z,celmis-postgres,0.00,36.57,6928.38,0.53,30.4,22.8,43.3,60.1,11
2026-08-21T21:58:46Z,celmis-sandbox,0.02,60.43,3072.0,1.97,0.0,0.0,18.0,0.0,3
2026-08-21T21:58:46Z,celmis-qdrant,0.07,178.1,6928.38,2.57,0.06,0.04,71.3,0.0,25
2026-08-21T21:58:53Z,celmis-api,48.51,297.2,6928.38,4.29,7.8,8.64,0.05,518.0,13
2026-08-21T21:58:53Z,celmis-web,0.01,82.66,6928.38,1.19,0.5,0.77,10.5,0.0,12
2026-08-21T21:58:53Z,celmis-postgres,0.00,36.55,6928.38,0.53,30.4,22.9,43.3,60.1,11
2026-08-21T21:58:53Z,celmis-sandbox,0.03,60.43,3072.0,1.97,0.0,0.0,18.0,0.0,3
2026-08-21T21:58:53Z,celmis-qdrant,0.07,178.1,6928.38,2.57,0.06,0.04,71.3,0.0,25
2026-08-21T21:59:01Z,celmis-api,49.06,297.0,6928.38,4.29,7.83,8.68,0.05,547.0,13
2026-08-21T21:59:01Z,celmis-web,0.00,82.8,6928.38,1.19,0.5,0.77,10.5,0.0,12
2026-08-21T21:59:01Z,celmis-postgres,0.02,36.52,6928.38,0.53,30.4,22.9,43.3,60.1,11
2026-08-21T21:59:01Z,celmis-sandbox,9.82,60.55,3072.0,1.97,0.0,0.0,18.0,0.0,3
2026-08-21T21:59:01Z,celmis-qdrant,0.03,178.2,6928.38,2.57,0.06,0.04,71.3,0.0,25
2026-08-21T21:59:08Z,celmis-api,0.26,296.9,6928.38,4.28,7.89,8.76,0.05,561.0,13
2026-08-21T21:59:08Z,celmis-web,0.00,82.8,6928.38,1.19,0.5,0.77,10.5,0.0,12
2026-08-21T21:59:08Z,celmis-postgres,0.89,36.42,6928.38,0.53,30.4,23.0,43.3,60.1,11
2026-08-21T21:59:08Z,celmis-sandbox,0.01,60.55,3072.0,1.97,0.0,0.0,18.0,0.0,3
2026-08-21T21:59:08Z,celmis-qdrant,0.07,178.2,6928.38,2.57,0.06,0.04,71.3,0.0,25
2026-08-21T21:59:16Z,celmis-api,12.96,370.5,6928.38,5.35,7.93,8.8,0.05,590.0,30
2026-08-21T21:59:16Z,celmis-web,0.01,82.55,6928.38,1.19,0.5,0.77,10.5,0.0,12
2026-08-21T21:59:16Z,celmis-postgres,0.03,36.83,6928.38,0.53,30.4,23.0,43.3,60.1,11
2026-08-21T21:59:16Z,celmis-sandbox,0.03,60.55,3072.0,1.97,0.0,0.0,18.0,0.0,3
2026-08-21T21:59:16Z,celmis-qdrant,0.13,178.4,6928.38,2.57,0.06,0.04,71.3,0.0,25
2026-08-21T21:59:23Z,celmis-api,0.27,297.3,6928.38,4.29,7.99,8.87,0.05,620.0,13
2026-08-21T21:59:23Z,celmis-web,0.01,82.55,6928.38,1.19,0.5,0.77,10.5,0.0,12
2026-08-21T21:59:23Z,celmis-postgres,1.60,36.61,6928.38,0.53,30.4,23.1,43.3,60.1,11
2026-08-21T21:59:23Z,celmis-sandbox,0.02,60.55,3072.0,1.97,0.0,0.0,18.0,0.0,3
2026-08-21T21:59:23Z,celmis-qdrant,0.12,178.4,6928.38,2.57,0.06,0.04,71.3,0.0,25
2026-08-21T21:59:31Z,celmis-api,1.81,297.6,6928.38,4.29,8.03,8.91,0.05,649.0,13
2026-08-21T21:59:31Z,celmis-web,0.00,82.8,6928.38,1.20,0.5,0.77,10.5,0.0,12
2026-08-21T21:59:31Z,celmis-postgres,0.04,36.63,6928.38,0.53,30.4,23.1,43.3,60.1,11
2026-08-21T21:59:31Z,celmis-sandbox,12.34,60.8,3072.0,1.98,0.0,0.0,18.0,0.0,3
2026-08-21T21:59:31Z,celmis-qdrant,0.06,178.3,6928.38,2.57,0.06,0.04,71.3,0.0,25
2026-08-21T21:59:38Z,celmis-api,26.51,297.4,6928.38,4.29,8.09,8.98,0.05,678.0,13
2026-08-21T21:59:38Z,celmis-web,0.01,82.8,6928.38,1.20,0.5,0.77,10.5,0.0,12
2026-08-21T21:59:38Z,celmis-postgres,2.15,36.79,6928.38,0.53,30.4,23.1,43.3,60.1,11
2026-08-21T21:59:38Z,celmis-sandbox,0.02,60.71,3072.0,1.98,0.0,0.0,18.0,0.0,3
2026-08-21T21:59:38Z,celmis-qdrant,0.06,178.3,6928.38,2.57,0.06,0.04,71.3,0.0,25
2026-08-21T21:59:46Z,celmis-api,0.36,297.8,6928.38,4.30,8.12,9.02,0.05,692.0,13
2026-08-21T21:59:46Z,celmis-web,0.00,82.64,6928.38,1.19,0.5,0.77,10.5,0.0,12
2026-08-21T21:59:46Z,celmis-postgres,0.03,36.38,6928.38,0.52,30.4,23.2,43.3,60.1,11
2026-08-21T21:59:46Z,celmis-sandbox,0.03,60.71,3072.0,1.98,0.0,0.0,18.0,0.0,3
2026-08-21T21:59:46Z,celmis-qdrant,0.07,178.5,6928.38,2.58,0.06,0.04,71.3,0.0,25
2026-08-21T21:59:53Z,celmis-api,2.51,298.1,6928.38,4.30,8.18,9.09,0.05,722.0,13
2026-08-21T21:59:53Z,celmis-web,0.00,82.64,6928.38,1.19,0.5,0.77,10.5,0.0,12
2026-08-21T21:59:53Z,celmis-postgres,2.84,36.82,6928.38,0.53,30.5,23.2,43.3,60.1,11
2026-08-21T21:59:53Z,celmis-sandbox,0.02,60.71,3072.0,1.98,0.0,0.0,18.0,0.0,3
2026-08-21T21:59:53Z,celmis-qdrant,0.08,178.5,6928.38,2.58,0.06,0.04,71.3,0.0,25
2026-08-21T22:00:01Z,celmis-api,1.23,298.2,6928.38,4.30,8.22,9.13,0.05,736.0,13
2026-08-21T22:00:01Z,celmis-web,0.00,82.9,6928.38,1.20,0.5,0.77,10.5,0.0,12
2026-08-21T22:00:01Z,celmis-postgres,0.01,36.59,6928.38,0.53,30.5,23.3,43.3,60.1,11
2026-08-21T22:00:01Z,celmis-sandbox,12.35,60.45,3072.0,1.97,0.0,0.0,18.0,0.0,3
2026-08-21T22:00:01Z,celmis-qdrant,0.07,178.1,6928.38,2.57,0.06,0.04,71.3,0.0,25
2026-08-21T22:00:08Z,celmis-api,2.96,298.2,6928.38,4.30,8.28,9.2,0.05,765.0,13
2026-08-21T22:00:08Z,celmis-web,0.00,82.9,6928.38,1.20,0.5,0.77,10.5,0.0,12
2026-08-21T22:00:08Z,celmis-postgres,3.30,36.75,6928.38,0.53,30.5,23.3,43.3,60.1,11
2026-08-21T22:00:08Z,celmis-sandbox,0.02,60.37,3072.0,1.97,0.0,0.0,18.0,0.0,3
2026-08-21T22:00:08Z,celmis-qdrant,0.06,178.1,6928.38,2.57,0.06,0.04,71.3,0.0,25
2026-08-21T22:00:16Z,celmis-api,0.43,298.5,6928.38,4.31,8.31,9.24,0.05,794.0,13
2026-08-21T22:00:16Z,celmis-web,0.01,82.86,6928.38,1.20,0.5,0.77,10.5,0.0,12
2026-08-21T22:00:16Z,celmis-postgres,0.00,36.73,6928.38,0.53,30.5,23.3,43.3,60.1,11
2026-08-21T22:00:16Z,celmis-sandbox,0.02,60.37,3072.0,1.97,0.0,0.0,18.0,0.0,3
2026-08-21T22:00:16Z,celmis-qdrant,0.09,178.2,6928.38,2.57,0.06,0.04,71.3,0.0,25
2026-08-21T22:00:23Z,celmis-api,33.14,298.8,6928.38,4.31,8.37,9.31,0.05,824.0,13
2026-08-21T22:00:23Z,celmis-web,0.00,82.86,6928.38,1.20,0.5,0.77,10.5,0.0,12
2026-08-21T22:00:23Z,celmis-postgres,1.75,36.76,6928.38,0.53,30.5,23.4,43.3,60.1,11
2026-08-21T22:00:23Z,celmis-sandbox,0.02,60.37,3072.0,1.97,0.0,0.0,18.0,0.0,3
2026-08-21T22:00:23Z,celmis-qdrant,0.16,178.2,6928.38,2.57,0.06,0.04,71.3,0.0,25
2026-08-21T22:00:31Z,celmis-api,1.31,298.5,6928.38,4.31,8.41,9.35,0.05,838.0,13
2026-08-21T22:00:31Z,celmis-web,0.00,82.61,6928.38,1.19,0.5,0.77,10.5,0.0,12
2026-08-21T22:00:31Z,celmis-postgres,0.00,36.86,6928.38,0.53,30.5,23.4,43.3,60.1,11
2026-08-21T22:00:31Z,celmis-sandbox,14.09,60.57,3072.0,1.97,0.0,0.0,18.0,0.0,3
2026-08-21T22:00:31Z,celmis-qdrant,0.04,178.4,6928.38,2.57,0.06,0.04,71.3,0.0,25
2026-08-21T22:00:38Z,celmis-api,2.95,298.8,6928.38,4.31,8.47,9.43,0.05,867.0,13
2026-08-21T22:00:38Z,celmis-web,0.01,82.61,6928.38,1.19,0.5,0.77,10.5,0.0,12
2026-08-21T22:00:38Z,celmis-postgres,3.42,36.68,6928.38,0.53,30.5,23.5,43.3,60.1,11
2026-08-21T22:00:38Z,celmis-sandbox,0.03,60.54,3072.0,1.97,0.0,0.0,18.0,0.0,3
2026-08-21T22:00:38Z,celmis-qdrant,0.07,178.4,6928.38,2.57,0.06,0.04,71.3,0.0,25
2026-08-21T22:00:46Z,celmis-api,23.51,393.8,6928.38,5.68,8.5,9.46,0.05,882.0,30
2026-08-21T22:00:46Z,celmis-web,0.01,83.0,6928.38,1.20,0.5,0.77,10.5,0.0,12
2026-08-21T22:00:46Z,celmis-postgres,0.00,36.59,6928.38,0.53,30.5,23.5,43.3,60.1,11
2026-08-21T22:00:46Z,celmis-sandbox,0.03,60.54,3072.0,1.97,0.0,0.0,18.0,0.0,3
2026-08-21T22:00:46Z,celmis-qdrant,0.09,178.3,6928.38,2.57,0.06,0.04,71.3,0.0,25
2026-08-21T22:00:53Z,celmis-api,3.28,299.2,6928.38,4.32,8.57,9.54,0.05,911.0,13
2026-08-21T22:00:53Z,celmis-web,0.01,83.0,6928.38,1.20,0.5,0.77,10.5,0.0,12
2026-08-21T22:00:53Z,celmis-postgres,3.27,36.7,6928.38,0.53,30.5,23.6,43.3,60.1,11
2026-08-21T22:00:53Z,celmis-sandbox,0.02,60.54,3072.0,1.97,0.0,0.0,18.0,0.0,3
2026-08-21T22:00:53Z,celmis-qdrant,0.07,178.3,6928.38,2.57,0.06,0.04,71.3,0.0,25
2026-08-21T22:01:01Z,celmis-api,10.34,299.6,6928.38,4.32,8.6,9.57,0.05,940.0,13
2026-08-21T22:01:01Z,celmis-web,0.00,82.77,6928.38,1.19,0.5,0.77,10.5,0.0,12
2026-08-21T22:01:01Z,celmis-postgres,0.00,36.47,6928.38,0.53,30.5,23.6,43.3,60.2,11
2026-08-21T22:01:01Z,celmis-sandbox,13.15,60.76,3072.0,1.98,0.0,0.0,18.0,0.0,3
2026-08-21T22:01:01Z,celmis-qdrant,0.03,178.2,6928.38,2.57,0.06,0.04,71.3,0.0,25
2026-08-21T22:01:08Z,celmis-api,0.94,299.8,6928.38,4.33,8.63,9.61,0.05,955.0,13
2026-08-21T22:01:08Z,celmis-web,0.01,82.77,6928.38,1.19,0.5,0.77,10.5,0.0,12
2026-08-21T22:01:08Z,celmis-postgres,0.04,36.45,6928.38,0.53,30.5,23.6,43.3,60.2,11
2026-08-21T22:01:08Z,celmis-sandbox,0.03,60.7,3072.0,1.98,0.0,0.0,18.0,0.0,3
2026-08-21T22:01:08Z,celmis-qdrant,0.08,178.2,6928.38,2.57,0.06,0.04,71.3,0.0,25
2026-08-21T22:01:16Z,celmis-api,1.85,300.0,6928.38,4.33,8.69,9.68,0.05,984.0,13
2026-08-21T22:01:16Z,celmis-web,0.00,82.74,6928.38,1.19,0.5,0.77,10.5,0.0,12
2026-08-21T22:01:16Z,celmis-postgres,0.00,36.41,6928.38,0.53,30.6,23.7,43.3,60.2,11
2026-08-21T22:01:16Z,celmis-sandbox,0.03,60.7,3072.0,1.98,0.0,0.0,18.0,0.0,3
2026-08-21T22:01:16Z,celmis-qdrant,0.08,178.1,6928.38,2.57,0.06,0.04,71.3,0.0,25
2026-08-21T22:01:23Z,celmis-api,9.55,300.1,6928.38,4.33,8.91,9.9,0.05,998.0,13
2026-08-21T22:01:23Z,celmis-web,0.01,82.74,6928.38,1.19,0.5,0.77,10.5,0.0,12
2026-08-21T22:01:23Z,celmis-postgres,10.24,36.7,6928.38,0.53,30.7,23.9,43.3,60.2,11
2026-08-21T22:01:23Z,celmis-sandbox,0.02,60.7,3072.0,1.98,0.0,0.0,18.0,0.0,3
2026-08-21T22:01:23Z,celmis-qdrant,0.08,178.1,6928.38,2.57,0.06,0.04,71.3,0.0,25
2026-08-21T22:01:31Z,celmis-api,1.64,300.1,6928.38,4.33,9.0,10.0,0.05,999.0,18
2026-08-21T22:01:31Z,celmis-web,0.00,82.75,6928.38,1.19,0.5,0.77,10.5,0.0,12
2026-08-21T22:01:31Z,celmis-postgres,0.09,36.57,6928.38,0.53,30.7,23.9,43.3,60.2,11
2026-08-21T22:01:31Z,celmis-sandbox,13.49,61.02,3072.0,1.99,0.0,0.0,18.0,0.0,3
2026-08-21T22:01:31Z,celmis-qdrant,0.12,177.8,6928.38,2.57,0.06,0.04,71.3,0.0,25
2026-08-21T22:01:38Z,celmis-api,0.26,300.1,6928.38,4.33,9.03,10.0,0.05,999.0,18
2026-08-21T22:01:38Z,celmis-web,0.01,82.75,6928.38,1.19,0.5,0.77,10.5,0.0,12
2026-08-21T22:01:38Z,celmis-postgres,0.02,36.34,6928.38,0.52,30.7,23.9,43.3,60.2,11
2026-08-21T22:01:38Z,celmis-sandbox,0.02,60.88,3072.0,1.98,0.0,0.0,18.0,0.0,3
2026-08-21T22:01:38Z,celmis-qdrant,0.10,177.8,6928.38,2.57,0.06,0.04,71.3,0.0,25
2026-08-21T22:01:46Z,celmis-api,0.27,299.9,6928.38,4.33,9.1,10.1,0.05,999.0,18
2026-08-21T22:01:46Z,celmis-web,0.00,82.62,6928.38,1.19,0.5,0.77,10.5,0.0,12
2026-08-21T22:01:46Z,celmis-postgres,0.00,36.52,6928.38,0.53,30.7,24.0,43.3,60.2,11
2026-08-21T22:01:46Z,celmis-sandbox,0.03,60.88,3072.0,1.98,0.0,0.0,18.0,0.0,3
2026-08-21T22:01:46Z,celmis-qdrant,0.07,178.2,6928.38,2.57,0.06,0.04,71.3,0.0,25
2026-08-21T22:01:53Z,celmis-api,0.95,300.4,6928.38,4.34,9.14,10.2,0.05,999.0,17
2026-08-21T22:01:53Z,celmis-web,0.01,82.62,6928.38,1.19,0.5,0.77,10.5,0.0,12
2026-08-21T22:01:53Z,celmis-postgres,0.00,36.87,6928.38,0.53,30.7,24.0,43.3,60.2,11
2026-08-21T22:01:53Z,celmis-sandbox,0.02,60.88,3072.0,1.98,0.0,0.0,18.0,0.0,3
2026-08-21T22:01:53Z,celmis-qdrant,0.09,178.2,6928.38,2.57,0.06,0.04,71.3,0.0,25
2026-08-21T22:02:01Z,celmis-api,2.66,300.1,6928.38,4.33,9.22,10.3,0.05,999.0,18
2026-08-21T22:02:01Z,celmis-web,0.00,82.55,6928.38,1.19,0.5,0.77,10.5,0.0,12
2026-08-21T22:02:01Z,celmis-postgres,0.07,36.64,6928.38,0.53,30.8,24.1,43.3,60.3,11
2026-08-21T22:02:01Z,celmis-sandbox,14.10,60.75,3072.0,1.98,0.0,0.0,18.0,0.0,3
2026-08-21T22:02:01Z,celmis-qdrant,0.09,178.1,6928.38,2.57,0.06,0.04,71.3,0.0,25
2026-08-21T22:02:08Z,celmis-api,0.87,300.4,6928.38,4.34,9.27,10.3,0.05,999.0,17
2026-08-21T22:02:08Z,celmis-web,0.00,82.55,6928.38,1.19,0.5,0.77,10.5,0.0,12
2026-08-21T22:02:08Z,celmis-postgres,0.01,36.58,6928.38,0.53,30.8,24.1,43.3,60.3,11
2026-08-21T22:02:08Z,celmis-sandbox,0.02,60.74,3072.0,1.98,0.0,0.0,18.0,0.0,3
2026-08-21T22:02:08Z,celmis-qdrant,0.09,178.1,6928.38,2.57,0.06,0.04,71.3,0.0,25
2026-08-21T22:02:16Z,celmis-api,2.37,300.5,6928.38,4.34,9.33,10.4,0.05,999.0,18
2026-08-21T22:02:16Z,celmis-web,0.01,83.27,6928.38,1.20,0.5,0.77,10.5,0.0,12
2026-08-21T22:02:16Z,celmis-postgres,0.03,36.82,6928.38,0.53,30.8,24.1,43.3,60.3,11
2026-08-21T22:02:16Z,celmis-sandbox,0.02,60.74,3072.0,1.98,0.0,0.0,18.0,0.0,3
2026-08-21T22:02:16Z,celmis-qdrant,0.08,178.2,6928.38,2.57,0.06,0.04,71.3,0.0,25
2026-08-21T22:02:23Z,celmis-api,0.24,300.4,6928.38,4.34,9.36,10.4,0.05,999.0,17
2026-08-21T22:02:23Z,celmis-web,0.01,83.27,6928.38,1.20,0.5,0.77,10.5,0.0,12
2026-08-21T22:02:23Z,celmis-postgres,0.24,37.1,6928.38,0.54,30.8,24.2,43.3,60.3,11
2026-08-21T22:02:23Z,celmis-sandbox,0.03,60.74,3072.0,1.98,0.0,0.0,18.0,0.0,3
2026-08-21T22:02:23Z,celmis-qdrant,0.08,178.2,6928.38,2.57,0.06,0.04,71.3,0.0,25
2026-08-21T22:02:31Z,celmis-api,2.04,300.2,6928.38,4.33,9.44,10.5,0.05,999.0,13
2026-08-21T22:02:31Z,celmis-web,0.00,83.02,6928.38,1.20,0.5,0.77,10.5,0.0,12
2026-08-21T22:02:31Z,celmis-postgres,0.03,36.58,6928.38,0.53,30.8,24.2,43.3,60.6,11
2026-08-21T22:02:31Z,celmis-sandbox,0.08,60.74,3072.0,1.98,0.0,0.0,18.0,0.0,9
2026-08-21T22:02:31Z,celmis-qdrant,0.06,178.4,6928.38,2.57,0.06,0.04,71.3,0.0,25
2026-08-21T22:02:38Z,celmis-api,0.26,300.9,6928.38,4.34,9.57,10.7,0.05,999.0,18
2026-08-21T22:02:38Z,celmis-web,0.01,83.02,6928.38,1.20,0.5,0.77,10.5,0.0,12
2026-08-21T22:02:38Z,celmis-postgres,0.02,36.58,6928.38,0.53,30.8,24.3,43.3,60.6,11
2026-08-21T22:02:38Z,celmis-sandbox,0.02,60.92,3072.0,1.98,0.0,0.0,18.0,0.0,3
2026-08-21T22:02:38Z,celmis-qdrant,0.10,178.4,6928.38,2.57,0.06,0.04,71.3,0.0,25
2026-08-21T22:02:46Z,celmis-api,2.32,300.9,6928.38,4.34,9.63,10.7,0.05,999.0,18
2026-08-21T22:02:46Z,celmis-web,0.01,83.18,6928.38,1.20,0.5,0.77,10.5,0.0,12
2026-08-21T22:02:46Z,celmis-postgres,0.02,36.51,6928.38,0.53,30.9,24.3,43.3,60.6,11
2026-08-21T22:02:46Z,celmis-sandbox,0.03,60.92,3072.0,1.98,0.0,0.0,18.0,0.0,3
2026-08-21T22:02:46Z,celmis-qdrant,0.07,178.0,6928.38,2.57,0.06,0.04,71.3,0.0,25
2026-08-21T22:02:53Z,celmis-api,0.40,300.9,6928.38,4.34,9.67,10.8,0.05,999.0,18
2026-08-21T22:02:53Z,celmis-web,0.01,83.18,6928.38,1.20,0.5,0.77,10.5,0.0,12
2026-08-21T22:02:53Z,celmis-postgres,0.03,36.27,6928.38,0.52,30.9,24.4,43.3,60.6,11
2026-08-21T22:02:53Z,celmis-sandbox,0.03,60.92,3072.0,1.98,0.0,0.0,18.0,0.0,3
2026-08-21T22:02:53Z,celmis-qdrant,0.09,178.0,6928.38,2.57,0.06,0.04,71.3,0.0,25
2026-08-21T22:03:01Z,celmis-api,2.91,300.8,6928.38,4.34,9.73,10.8,0.05,999.0,18
2026-08-21T22:03:01Z,celmis-web,0.00,82.55,6928.38,1.19,0.5,0.77,10.5,0.0,12
2026-08-21T22:03:01Z,celmis-postgres,0.68,36.67,6928.38,0.53,30.9,24.4,43.3,60.6,11
2026-08-21T22:03:01Z,celmis-sandbox,0.03,60.92,3072.0,1.98,0.0,0.0,18.0,0.0,3
2026-08-21T22:03:01Z,celmis-qdrant,0.07,178.2,6928.38,2.57,0.06,0.04,71.3,0.0,25
2026-08-21T22:03:08Z,celmis-api,0.28,301.0,6928.38,4.34,9.76,10.9,0.05,999.0,18
2026-08-21T22:03:08Z,celmis-web,0.00,82.55,6928.38,1.19,0.5,0.77,10.5,0.0,12
2026-08-21T22:03:08Z,celmis-postgres,0.00,37.02,6928.38,0.53,30.9,24.5,43.3,60.6,11
2026-08-21T22:03:08Z,celmis-sandbox,0.03,60.84,3072.0,1.98,0.0,0.0,18.0,0.0,3
2026-08-21T22:03:08Z,celmis-qdrant,0.11,178.2,6928.38,2.57,0.06,0.04,71.3,0.0,25
2026-08-21T22:03:16Z,celmis-api,2.58,301.0,6928.38,4.34,9.86,11.0,0.05,999.0,18
2026-08-21T22:03:16Z,celmis-web,0.00,82.52,6928.38,1.19,0.5,0.77,10.5,0.0,12
2026-08-21T22:03:16Z,celmis-postgres,0.03,36.49,6928.38,0.53,30.9,24.5,43.3,60.7,11
2026-08-21T22:03:16Z,celmis-sandbox,0.03,60.84,3072.0,1.98,0.0,0.0,18.0,0.0,3
2026-08-21T22:03:16Z,celmis-qdrant,0.06,178.3,6928.38,2.57,0.06,0.04,71.3,0.0,25
2026-08-21T22:03:24Z,celmis-api,1.63,301.1,6928.38,4.35,9.92,11.0,0.05,999.0,18
2026-08-21T22:03:24Z,celmis-web,0.01,82.52,6928.38,1.19,0.5,0.77,10.5,0.0,12
2026-08-21T22:03:24Z,celmis-postgres,0.11,37.03,6928.38,0.53,30.9,24.5,43.3,60.7,11
2026-08-21T22:03:24Z,celmis-sandbox,0.03,60.84,3072.0,1.98,0.0,0.0,18.0,0.0,3
2026-08-21T22:03:24Z,celmis-qdrant,0.09,178.3,6928.38,2.57,0.06,0.04,71.3,0.0,25
2026-08-21T22:03:31Z,celmis-api,2.48,301.3,6928.38,4.35,10.0,11.1,0.05,999.0,15
2026-08-21T22:03:31Z,celmis-web,0.00,84.99,6928.38,1.23,0.58,0.86,10.5,0.0,12
2026-08-21T22:03:31Z,celmis-postgres,0.00,38.38,6928.38,0.55,30.9,24.6,43.3,60.7,12
2026-08-21T22:03:31Z,celmis-sandbox,0.03,60.84,3072.0,1.98,0.0,0.0,18.0,0.0,3
2026-08-21T22:03:31Z,celmis-qdrant,0.07,178.0,6928.38,2.57,0.06,0.04,71.3,0.0,25
2026-08-21T22:03:38Z,celmis-api,0.27,301.1,6928.38,4.35,10.1,11.2,0.05,999.0,13
2026-08-21T22:03:38Z,celmis-web,0.00,84.99,6928.38,1.23,0.58,0.86,10.5,0.0,12
2026-08-21T22:03:38Z,celmis-postgres,0.03,38.12,6928.38,0.55,30.9,24.7,43.3,60.7,12
2026-08-21T22:03:38Z,celmis-sandbox,0.02,61.01,3072.0,1.99,0.0,0.0,18.0,0.0,3
2026-08-21T22:03:38Z,celmis-qdrant,0.14,178.0,6928.38,2.57,0.06,0.04,71.3,0.0,25
2026-08-21T22:03:46Z,celmis-api,7.22,301.5,6928.38,4.35,10.2,11.3,0.05,999.0,16
2026-08-21T22:03:46Z,celmis-web,0.00,85.05,6928.38,1.23,0.58,0.86,10.5,0.0,12
2026-08-21T22:03:46Z,celmis-postgres,1.81,38.42,6928.38,0.55,31.0,24.7,43.3,60.8,12
2026-08-21T22:03:46Z,celmis-sandbox,0.02,61.01,3072.0,1.99,0.0,0.0,18.0,0.0,3
2026-08-21T22:03:46Z,celmis-qdrant,0.14,178.1,6928.38,2.57,0.06,0.04,71.3,0.0,25
2026-08-21T22:03:53Z,celmis-api,0.55,301.4,6928.38,4.35,10.2,11.4,0.05,999.0,17
2026-08-21T22:03:53Z,celmis-web,0.00,85.05,6928.38,1.23,0.58,0.86,10.5,0.0,12
2026-08-21T22:03:53Z,celmis-postgres,0.03,38.44,6928.38,0.55,31.0,24.8,43.3,60.8,12
2026-08-21T22:03:53Z,celmis-sandbox,0.03,61.01,3072.0,1.99,0.0,0.0,18.0,0.0,3
2026-08-21T22:03:53Z,celmis-qdrant,0.13,178.1,6928.38,2.57,0.06,0.04,71.3,0.0,25
2026-08-21T22:04:01Z,celmis-api,2.94,301.9,6928.38,4.36,10.3,11.5,0.05,999.0,16
2026-08-21T22:04:01Z,celmis-web,0.00,84.91,6928.38,1.23,0.58,0.86,10.5,0.0,12
2026-08-21T22:04:01Z,celmis-postgres,0.02,38.53,6928.38,0.56,31.0,24.8,43.3,60.8,12
2026-08-21T22:04:01Z,celmis-sandbox,0.02,61.01,3072.0,1.99,0.0,0.0,18.0,0.0,3
2026-08-21T22:04:01Z,celmis-qdrant,0.07,178.0,6928.38,2.57,0.06,0.04,71.3,0.0,25
2026-08-21T22:04:08Z,celmis-api,1.51,301.6,6928.38,4.35,10.4,11.6,0.05,999.0,17
2026-08-21T22:04:08Z,celmis-web,0.00,84.91,6928.38,1.23,0.58,0.86,10.5,0.0,12
2026-08-21T22:04:08Z,celmis-postgres,0.08,38.73,6928.38,0.56,31.0,24.8,43.3,60.8,12
2026-08-21T22:04:08Z,celmis-sandbox,0.04,60.68,3072.0,1.98,0.0,0.0,18.0,0.0,3
2026-08-21T22:04:08Z,celmis-qdrant,0.08,178.0,6928.38,2.57,0.06,0.04,71.3,0.0,25
2026-08-21T22:04:16Z,celmis-api,2.13,301.8,6928.38,4.36,10.4,11.6,0.05,999.0,16
2026-08-21T22:04:16Z,celmis-web,0.01,85.18,6928.38,1.23,0.58,0.86,10.5,0.0,12
2026-08-21T22:04:16Z,celmis-postgres,0.03,38.52,6928.38,0.56,31.0,24.9,43.3,60.8,12
2026-08-21T22:04:16Z,celmis-sandbox,0.02,60.68,3072.0,1.98,0.0,0.0,18.0,0.0,3
2026-08-21T22:04:16Z,celmis-qdrant,0.08,178.2,6928.38,2.57,0.06,0.04,71.3,0.0,25
2026-08-21T22:04:23Z,celmis-api,0.28,301.8,6928.38,4.36,10.5,11.7,0.05,999.0,17
2026-08-21T22:04:23Z,celmis-web,0.00,85.18,6928.38,1.23,0.58,0.86,10.5,0.0,12
2026-08-21T22:04:23Z,celmis-postgres,0.01,38.96,6928.38,0.56,31.0,24.9,43.3,60.8,12
2026-08-21T22:04:23Z,celmis-sandbox,0.03,60.68,3072.0,1.98,0.0,0.0,18.0,0.0,3
2026-08-21T22:04:23Z,celmis-qdrant,0.08,178.2,6928.38,2.57,0.06,0.04,71.3,0.0,25
2026-08-21T22:04:31Z,celmis-api,2.11,302.1,6928.38,4.36,10.6,11.8,0.05,0.0,17
2026-08-21T22:04:31Z,celmis-web,0.01,84.96,6928.38,1.23,0.58,0.86,10.5,0.0,12
2026-08-21T22:04:31Z,celmis-postgres,1.04,38.64,6928.38,0.56,31.1,25.0,43.3,60.9,12
2026-08-21T22:04:31Z,celmis-sandbox,0.03,60.68,3072.0,1.98,0.0,0.0,18.0,0.0,3
2026-08-21T22:04:31Z,celmis-qdrant,0.09,178.1,6928.38,2.57,0.06,0.04,71.3,0.0,25
2026-08-21T22:04:38Z,celmis-api,1.55,301.9,6928.38,4.36,10.7,11.9,0.05,0.0,17
2026-08-21T22:04:38Z,celmis-web,0.00,84.96,6928.38,1.23,0.58,0.86,10.5,0.0,12
2026-08-21T22:04:38Z,celmis-postgres,0.08,38.36,6928.38,0.55,31.1,25.0,43.3,60.9,12
2026-08-21T22:04:38Z,celmis-sandbox,0.02,60.86,3072.0,1.98,0.0,0.0,18.0,0.0,3
2026-08-21T22:04:38Z,celmis-qdrant,0.10,178.1,6928.38,2.57,0.06,0.04,71.3,0.0,25
2026-08-21T22:04:46Z,celmis-api,0.25,301.9,6928.38,4.36,10.7,11.9,0.05,0.0,17
2026-08-21T22:04:46Z,celmis-web,0.01,84.89,6928.38,1.23,0.58,0.86,10.5,0.0,12
2026-08-21T22:04:46Z,celmis-postgres,0.00,38.6,6928.38,0.56,31.1,25.1,43.3,60.9,12
2026-08-21T22:04:46Z,celmis-sandbox,0.04,60.86,3072.0,1.98,0.0,0.0,18.0,0.0,3
2026-08-21T22:04:46Z,celmis-qdrant,0.12,178.3,6928.38,2.57,0.06,0.04,71.3,0.0,25
2026-08-21T22:04:53Z,celmis-api,2.78,301.8,6928.38,4.36,10.8,12.0,0.05,0.0,18
2026-08-21T22:04:53Z,celmis-web,0.01,84.89,6928.38,1.23,0.58,0.86,10.5,0.0,12
2026-08-21T22:04:53Z,celmis-postgres,0.07,38.56,6928.38,0.56,31.1,25.1,43.3,60.9,12
2026-08-21T22:04:53Z,celmis-sandbox,0.02,60.86,3072.0,1.98,0.0,0.0,18.0,0.0,3
2026-08-21T22:04:53Z,celmis-qdrant,0.08,178.3,6928.38,2.57,0.06,0.04,71.3,0.0,25
2026-08-21T22:05:01Z,celmis-api,2.38,301.9,6928.38,4.36,10.8,12.0,0.05,0.0,17
2026-08-21T22:05:01Z,celmis-web,0.01,85.07,6928.38,1.23,0.58,0.86,10.5,0.0,12
2026-08-21T22:05:01Z,celmis-postgres,1.64,38.27,6928.38,0.55,31.1,25.1,43.3,60.9,12
2026-08-21T22:05:01Z,celmis-sandbox,0.02,60.86,3072.0,1.98,0.0,0.0,18.0,0.0,3
2026-08-21T22:05:01Z,celmis-qdrant,0.07,178.4,6928.38,2.57,0.06,0.04,71.3,0.0,25
2026-08-21T22:05:08Z,celmis-api,0.23,301.8,6928.38,4.36,10.9,12.1,0.05,0.0,18
2026-08-21T22:05:08Z,celmis-web,0.01,85.07,6928.38,1.23,0.58,0.86,10.5,0.0,12
2026-08-21T22:05:08Z,celmis-postgres,0.00,38.78,6928.38,0.56,31.1,25.2,43.3,60.9,12
2026-08-21T22:05:08Z,celmis-sandbox,0.02,60.78,3072.0,1.98,0.0,0.0,18.0,0.0,3
2026-08-21T22:05:08Z,celmis-qdrant,0.08,178.4,6928.38,2.57,0.06,0.04,71.3,0.0,25
2026-08-21T22:05:16Z,celmis-api,4.69,302.5,6928.38,4.37,11.1,12.3,0.05,0.0,18
2026-08-21T22:05:16Z,celmis-web,0.01,85.29,6928.38,1.23,0.58,0.86,10.5,0.0,12
2026-08-21T22:05:16Z,celmis-postgres,1.61,38.55,6928.38,0.56,31.1,25.3,43.3,60.9,12
2026-08-21T22:05:16Z,celmis-sandbox,0.02,60.78,3072.0,1.98,0.0,0.0,18.0,0.0,3
2026-08-21T22:05:16Z,celmis-qdrant,0.11,178.3,6928.38,2.57,0.06,0.04,71.3,0.0,25
2026-08-21T22:05:23Z,celmis-api,2.25,302.9,6928.38,4.37,11.1,12.5,0.05,0.0,17
2026-08-21T22:05:23Z,celmis-web,0.01,85.29,6928.38,1.23,0.58,0.86,10.5,0.0,12
2026-08-21T22:05:23Z,celmis-postgres,1.84,38.49,6928.38,0.56,31.1,25.3,43.3,61.0,12
2026-08-21T22:05:23Z,celmis-sandbox,0.03,60.78,3072.0,1.98,0.0,0.0,18.0,0.0,3
2026-08-21T22:05:23Z,celmis-qdrant,0.07,178.3,6928.38,2.57,0.06,0.04,71.3,0.0,25
2026-08-21T22:05:31Z,celmis-api,0.88,302.7,6928.38,4.37,11.2,12.5,0.05,0.0,18
2026-08-21T22:05:31Z,celmis-web,0.01,85.15,6928.38,1.23,0.58,0.86,10.5,0.0,12
2026-08-21T22:05:31Z,celmis-postgres,1.78,38.55,6928.38,0.56,31.2,25.3,43.3,61.0,12
2026-08-21T22:05:31Z,celmis-sandbox,0.01,60.78,3072.0,1.98,0.0,0.0,18.0,0.0,3
2026-08-21T22:05:31Z,celmis-qdrant,0.05,178.2,6928.38,2.57,0.06,0.04,71.3,0.0,25
2026-08-21T22:05:38Z,celmis-api,0.61,303.0,6928.38,4.37,11.2,12.6,0.05,0.0,17
2026-08-21T22:05:38Z,celmis-web,0.01,85.15,6928.38,1.23,0.58,0.86,10.5,0.0,12
2026-08-21T22:05:38Z,celmis-postgres,0.05,38.55,6928.38,0.56,31.2,25.4,43.3,61.0,12
2026-08-21T22:05:38Z,celmis-sandbox,0.03,60.95,3072.0,1.98,0.0,0.0,18.0,0.0,3
2026-08-21T22:05:38Z,celmis-qdrant,0.12,178.2,6928.38,2.57,0.06,0.04,71.3,0.0,25
2026-08-21T22:05:46Z,celmis-api,2.23,302.7,6928.38,4.37,11.3,12.6,0.05,0.0,17
2026-08-21T22:05:46Z,celmis-web,0.01,85.02,6928.38,1.23,0.58,0.86,10.5,0.0,12
2026-08-21T22:05:46Z,celmis-postgres,1.73,38.42,6928.38,0.55,31.2,25.4,43.3,61.0,12
2026-08-21T22:05:46Z,celmis-sandbox,0.02,60.95,3072.0,1.98,0.0,0.0,18.0,0.0,3
2026-08-21T22:05:46Z,celmis-qdrant,0.08,178.4,6928.38,2.57,0.06,0.04,71.3,0.0,25
2026-08-21T22:05:53Z,celmis-api,0.49,303.1,6928.38,4.37,11.3,12.7,0.05,0.0,17
2026-08-21T22:05:53Z,celmis-web,0.00,85.02,6928.38,1.23,0.58,0.86,10.5,0.0,12
2026-08-21T22:05:53Z,celmis-postgres,0.00,38.4,6928.38,0.55,31.2,25.5,43.3,61.0,12
2026-08-21T22:05:53Z,celmis-sandbox,0.03,60.95,3072.0,1.98,0.0,0.0,18.0,0.0,3
2026-08-21T22:05:53Z,celmis-qdrant,0.10,178.4,6928.38,2.57,0.06,0.04,71.3,0.0,25
2026-08-21T22:06:01Z,celmis-api,0.25,302.4,6928.38,4.36,11.4,12.7,0.05,0.0,12
2026-08-21T22:06:01Z,celmis-web,0.01,85.04,6928.38,1.23,0.58,0.86,10.5,0.0,12
2026-08-21T22:06:01Z,celmis-postgres,1.77,38.78,6928.38,0.56,31.2,25.5,43.3,61.0,12
2026-08-21T22:06:01Z,celmis-sandbox,0.02,60.95,3072.0,1.98,0.0,0.0,18.0,0.0,3
2026-08-21T22:06:01Z,celmis-qdrant,0.09,178.3,6928.38,2.57,0.06,0.04,71.3,0.0,25
2026-08-21T22:06:08Z,celmis-api,0.28,302.8,6928.38,4.37,11.5,12.8,0.05,0.0,12
2026-08-21T22:06:08Z,celmis-web,0.01,85.04,6928.38,1.23,0.58,0.86,10.5,0.0,12
2026-08-21T22:06:08Z,celmis-postgres,1.88,38.37,6928.38,0.55,31.2,25.6,43.3,61.0,12
2026-08-21T22:06:08Z,celmis-sandbox,0.03,61.12,3072.0,1.99,0.0,0.0,18.0,0.0,3
2026-08-21T22:06:08Z,celmis-qdrant,0.08,178.3,6928.38,2.57,0.06,0.04,71.3,0.0,25
2026-08-21T22:06:16Z,celmis-api,2.21,302.8,6928.38,4.37,11.5,12.8,0.05,0.0,12
2026-08-21T22:06:16Z,celmis-web,0.00,84.91,6928.38,1.23,0.58,0.86,10.5,0.0,12
2026-08-21T22:06:16Z,celmis-postgres,1.78,38.57,6928.38,0.56,31.2,25.6,43.3,61.0,12
2026-08-21T22:06:16Z,celmis-sandbox,0.02,61.12,3072.0,1.99,0.0,0.0,18.0,0.0,3
2026-08-21T22:06:16Z,celmis-qdrant,0.09,178.4,6928.38,2.58,0.06,0.04,71.3,0.0,25
2026-08-21T22:06:23Z,celmis-api,0.29,302.6,6928.38,4.37,11.5,12.9,0.05,0.0,12
2026-08-21T22:06:23Z,celmis-web,0.00,84.91,6928.38,1.23,0.58,0.86,10.5,0.0,12
2026-08-21T22:06:23Z,celmis-postgres,0.03,38.22,6928.38,0.55,31.2,25.6,43.3,61.0,12
2026-08-21T22:06:23Z,celmis-sandbox,0.03,61.12,3072.0,1.99,0.0,0.0,18.0,0.0,3
2026-08-21T22:06:23Z,celmis-qdrant,0.08,178.4,6928.38,2.58,0.06,0.04,71.3,0.0,25
2026-08-21T22:06:31Z,celmis-api,0.97,302.6,6928.38,4.37,11.6,12.9,0.05,1034.24,12
2026-08-21T22:06:31Z,celmis-web,0.00,85.04,6928.38,1.23,0.58,0.86,10.5,0.0,12
2026-08-21T22:06:31Z,celmis-postgres,0.01,38.39,6928.38,0.55,31.2,25.7,43.3,61.1,12
2026-08-21T22:06:31Z,celmis-sandbox,0.02,61.12,3072.0,1.99,0.0,0.0,18.0,0.0,3
2026-08-21T22:06:31Z,celmis-qdrant,0.06,178.3,6928.38,2.57,0.06,0.04,71.3,0.0,25
2026-08-21T22:06:38Z,celmis-api,48.59,302.4,6928.38,4.36,11.6,13.0,0.05,1064.96,12
2026-08-21T22:06:38Z,celmis-web,0.01,85.04,6928.38,1.23,0.58,0.86,10.5,0.0,12
2026-08-21T22:06:38Z,celmis-postgres,1.75,38.68,6928.38,0.56,31.2,25.7,43.3,61.1,12
2026-08-21T22:06:38Z,celmis-sandbox,0.02,61.05,3072.0,1.99,0.0,0.0,18.0,0.0,3
2026-08-21T22:06:38Z,celmis-qdrant,0.05,178.3,6928.38,2.57,0.06,0.04,71.3,0.0,25
2026-08-21T22:06:46Z,celmis-api,1.52,302.9,6928.38,4.37,11.7,13.1,0.05,1085.44,12
2026-08-21T22:06:46Z,celmis-web,0.00,85.23,6928.38,1.23,0.58,0.86,10.5,0.0,12
2026-08-21T22:06:46Z,celmis-postgres,1.88,38.16,6928.38,0.55,31.2,25.8,43.3,61.1,12
2026-08-21T22:06:46Z,celmis-sandbox,0.02,61.05,3072.0,1.99,0.0,0.0,18.0,0.0,3
2026-08-21T22:06:46Z,celmis-qdrant,0.08,178.5,6928.38,2.58,0.06,0.04,71.3,0.0,25
2026-08-21T22:06:53Z,celmis-api,0.63,303.1,6928.38,4.37,11.7,13.1,0.05,1116.16,13
2026-08-21T22:06:53Z,celmis-web,0.01,85.23,6928.38,1.23,0.58,0.86,10.5,0.0,12
2026-08-21T22:06:53Z,celmis-postgres,1.60,38.72,6928.38,0.56,31.3,25.8,43.3,61.1,12
2026-08-21T22:06:53Z,celmis-sandbox,0.02,61.05,3072.0,1.99,0.0,0.0,18.0,0.0,3
2026-08-21T22:06:53Z,celmis-qdrant,0.14,178.5,6928.38,2.58,0.06,0.04,71.3,0.0,25
2026-08-21T22:07:01Z,celmis-api,44.93,303.2,6928.38,4.38,11.8,13.2,0.05,1146.88,13
2026-08-21T22:07:01Z,celmis-web,0.00,84.85,6928.38,1.22,0.58,0.86,10.5,0.0,12
2026-08-21T22:07:01Z,celmis-postgres,0.02,38.61,6928.38,0.56,31.3,25.8,43.3,61.1,12
2026-08-21T22:07:01Z,celmis-sandbox,0.01,61.05,3072.0,1.99,0.0,0.0,18.0,0.0,3
2026-08-21T22:07:01Z,celmis-qdrant,0.03,178.1,6928.38,2.57,0.06,0.04,71.3,0.0,25
2026-08-21T22:07:08Z,celmis-api,1.46,303.6,6928.38,4.38,11.8,13.2,0.05,1157.12,13
2026-08-21T22:07:08Z,celmis-web,0.01,84.85,6928.38,1.22,0.58,0.86,10.5,0.0,12
2026-08-21T22:07:08Z,celmis-postgres,0.85,38.85,6928.38,0.56,31.3,25.9,43.3,61.1,12
2026-08-21T22:07:08Z,celmis-sandbox,0.03,61.46,3072.0,2.00,0.0,0.0,18.0,0.0,3
2026-08-21T22:07:08Z,celmis-qdrant,0.09,178.1,6928.38,2.57,0.06,0.04,71.3,0.0,25
2026-08-21T22:07:16Z,celmis-api,2.72,303.5,6928.38,4.38,11.9,13.3,0.05,1187.84,13
2026-08-21T22:07:16Z,celmis-web,0.00,84.95,6928.38,1.23,0.58,0.86,10.5,0.0,12
2026-08-21T22:07:16Z,celmis-postgres,0.00,38.55,6928.38,0.56,31.3,25.9,43.3,61.1,12
2026-08-21T22:07:16Z,celmis-sandbox,0.03,61.46,3072.0,2.00,0.0,0.0,18.0,0.0,3
2026-08-21T22:07:16Z,celmis-qdrant,0.11,178.1,6928.38,2.57,0.06,0.04,71.3,0.0,25
2026-08-21T22:07:24Z,celmis-api,12.43,304.1,6928.38,4.39,11.9,13.4,0.05,1218.56,13
2026-08-21T22:07:24Z,celmis-web,0.00,84.95,6928.38,1.23,0.58,0.86,10.5,0.0,12
2026-08-21T22:07:24Z,celmis-postgres,1.06,38.7,6928.38,0.56,31.3,26.0,43.3,61.1,12
2026-08-21T22:07:24Z,celmis-sandbox,0.02,61.46,3072.0,2.00,0.0,0.0,18.0,0.0,3
2026-08-21T22:07:24Z,celmis-qdrant,1.07,178.1,6928.38,2.57,0.06,0.04,71.3,0.0,26
2026-08-21T22:07:31Z,celmis-api,2.98,303.8,6928.38,4.39,12.0,13.4,0.05,1218.56,13
2026-08-21T22:07:31Z,celmis-web,0.00,84.66,6928.38,1.22,0.58,0.86,10.5,0.0,12
2026-08-21T22:07:31Z,celmis-postgres,0.28,38.52,6928.38,0.56,31.3,26.0,43.3,61.3,12
2026-08-21T22:07:31Z,celmis-sandbox,0.02,61.46,3072.0,2.00,0.0,0.0,18.0,0.0,3
2026-08-21T22:07:31Z,celmis-qdrant,0.11,178.2,6928.38,2.57,0.06,0.04,71.3,0.0,26
2026-08-21T22:07:38Z,celmis-api,3.41,304.5,6928.38,4.39,12.2,13.6,0.05,1218.56,18
2026-08-21T22:07:38Z,celmis-web,0.01,84.66,6928.38,1.22,0.58,0.86,10.5,0.0,12
2026-08-21T22:07:38Z,celmis-postgres,2.22,38.32,6928.38,0.55,31.4,26.1,43.3,61.4,12
2026-08-21T22:07:38Z,celmis-sandbox,0.02,61.13,3072.0,1.99,0.0,0.0,18.0,0.0,3
2026-08-21T22:07:38Z,celmis-qdrant,0.07,178.2,6928.38,2.57,0.06,0.04,71.3,0.0,25
2026-08-21T22:07:46Z,celmis-api,0.29,304.1,6928.38,4.39,12.2,13.7,0.05,1218.56,17
2026-08-21T22:07:46Z,celmis-web,0.01,84.99,6928.38,1.23,0.58,0.86,10.5,0.0,12
2026-08-21T22:07:46Z,celmis-postgres,0.00,38.7,6928.38,0.56,31.4,26.1,43.3,61.4,12
2026-08-21T22:07:46Z,celmis-sandbox,0.02,61.13,3072.0,1.99,0.0,0.0,18.0,0.0,3
2026-08-21T22:07:46Z,celmis-qdrant,0.08,178.1,6928.38,2.57,0.06,0.04,71.3,0.0,25
2026-08-21T22:07:53Z,celmis-api,0.31,304.2,6928.38,4.39,12.2,13.7,0.05,1218.56,17
2026-08-21T22:07:53Z,celmis-web,0.00,84.99,6928.38,1.23,0.58,0.86,10.5,0.0,12
2026-08-21T22:07:53Z,celmis-postgres,1.73,38.42,6928.38,0.55,31.4,26.2,43.3,61.4,12
2026-08-21T22:07:53Z,celmis-sandbox,0.03,61.13,3072.0,1.99,0.0,0.0,18.0,0.0,3
2026-08-21T22:07:53Z,celmis-qdrant,0.08,178.1,6928.38,2.57,0.06,0.04,71.3,0.0,25
2026-08-21T22:08:01Z,celmis-api,0.25,304.5,6928.38,4.39,12.3,13.8,0.05,1218.56,18
2026-08-21T22:08:01Z,celmis-web,0.00,84.85,6928.38,1.22,0.58,0.86,10.5,0.0,12
2026-08-21T22:08:01Z,celmis-postgres,0.00,38.62,6928.38,0.56,31.4,26.2,43.3,61.4,12
2026-08-21T22:08:01Z,celmis-sandbox,0.03,61.13,3072.0,1.99,0.0,0.0,18.0,0.0,3
2026-08-21T22:08:01Z,celmis-qdrant,0.06,178.3,6928.38,2.57,0.06,0.04,71.3,0.0,25
2026-08-21T22:08:08Z,celmis-api,2.95,304.4,6928.38,4.39,12.4,13.9,0.05,1218.56,18
2026-08-21T22:08:08Z,celmis-web,0.00,84.85,6928.38,1.22,0.58,0.86,10.5,0.0,12
2026-08-21T22:08:08Z,celmis-postgres,1.72,38.66,6928.38,0.56,31.4,26.3,43.3,61.4,12
2026-08-21T22:08:08Z,celmis-sandbox,0.01,60.8,3072.0,1.98,0.0,0.0,18.0,0.0,3
2026-08-21T22:08:08Z,celmis-qdrant,0.11,178.3,6928.38,2.57,0.06,0.04,71.3,0.0,25
2026-08-21T22:08:16Z,celmis-api,0.25,304.7,6928.38,4.40,12.4,13.9,0.05,1218.56,18
2026-08-21T22:08:16Z,celmis-web,0.01,85.07,6928.38,1.23,0.58,0.86,10.5,0.0,12
2026-08-21T22:08:16Z,celmis-postgres,0.03,38.81,6928.38,0.56,31.4,26.3,43.3,61.4,12
2026-08-21T22:08:16Z,celmis-sandbox,0.02,60.8,3072.0,1.98,0.0,0.0,18.0,0.0,3
2026-08-21T22:08:16Z,celmis-qdrant,0.10,178.2,6928.38,2.57,0.06,0.04,71.3,0.0,25
2026-08-21T22:08:23Z,celmis-api,0.28,304.6,6928.38,4.40,12.5,14.0,0.05,1218.56,18
2026-08-21T22:08:23Z,celmis-web,0.01,85.07,6928.38,1.23,0.58,0.86,10.5,0.0,12
2026-08-21T22:08:23Z,celmis-postgres,1.73,39.06,6928.38,0.56,31.4,26.4,43.3,61.4,12
2026-08-21T22:08:23Z,celmis-sandbox,0.02,60.8,3072.0,1.98,0.0,0.0,18.0,0.0,3
2026-08-21T22:08:23Z,celmis-qdrant,0.13,178.2,6928.38,2.57,0.06,0.04,71.3,0.0,25
2026-08-21T22:08:31Z,celmis-api,0.28,304.5,6928.38,4.39,12.5,14.1,0.05,1218.56,18
2026-08-21T22:08:31Z,celmis-web,0.00,84.88,6928.38,1.22,0.58,0.86,10.5,0.0,12
2026-08-21T22:08:31Z,celmis-postgres,0.03,38.36,6928.38,0.55,31.4,26.4,43.3,61.5,12
2026-08-21T22:08:31Z,celmis-sandbox,0.03,60.8,3072.0,1.98,0.0,0.0,18.0,0.0,3
2026-08-21T22:08:31Z,celmis-qdrant,0.07,178.3,6928.38,2.57,0.06,0.04,71.3,0.0,25
2026-08-21T22:08:38Z,celmis-api,0.27,304.8,6928.38,4.40,12.6,14.1,0.05,1218.56,18
2026-08-21T22:08:38Z,celmis-web,0.01,84.88,6928.38,1.22,0.58,0.86,10.5,0.0,12
2026-08-21T22:08:38Z,celmis-postgres,0.25,39.82,6928.38,0.57,31.4,26.4,43.3,61.5,13
2026-08-21T22:08:38Z,celmis-sandbox,0.03,60.96,3072.0,1.98,0.0,0.0,18.0,0.0,3
2026-08-21T22:08:38Z,celmis-qdrant,0.11,178.3,6928.38,2.57,0.06,0.04,71.3,0.0,25
2026-08-21T22:08:46Z,celmis-api,4.76,304.2,6928.38,4.39,12.7,14.2,0.05,1218.56,13
2026-08-21T22:08:46Z,celmis-web,0.01,85.1,6928.38,1.23,0.58,0.86,10.5,0.0,12
2026-08-21T22:08:46Z,celmis-postgres,0.00,38.81,6928.38,0.56,31.5,26.5,43.3,61.5,12
2026-08-21T22:08:46Z,celmis-sandbox,0.03,60.96,3072.0,1.98,0.0,0.0,18.0,0.0,3
2026-08-21T22:08:46Z,celmis-qdrant,0.08,178.5,6928.38,2.58,0.06,0.04,71.3,0.0,25
2026-08-21T22:08:53Z,celmis-api,2.88,304.6,6928.38,4.40,12.8,14.4,0.05,1218.56,17
2026-08-21T22:08:53Z,celmis-web,0.01,85.1,6928.38,1.23,0.58,0.86,10.5,0.0,12
2026-08-21T22:08:53Z,celmis-postgres,1.78,38.66,6928.38,0.56,31.5,26.5,43.3,61.5,12
2026-08-21T22:08:53Z,celmis-sandbox,0.03,60.96,3072.0,1.98,0.0,0.0,18.0,0.0,3
2026-08-21T22:08:53Z,celmis-qdrant,0.10,178.5,6928.38,2.58,0.06,0.04,71.3,0.0,25
2026-08-21T22:09:01Z,celmis-api,0.22,304.6,6928.38,4.40,12.8,14.4,0.05,1218.56,17
2026-08-21T22:09:01Z,celmis-web,0.00,84.88,6928.38,1.23,0.58,0.86,10.5,0.0,12
2026-08-21T22:09:01Z,celmis-postgres,0.03,38.81,6928.38,0.56,31.5,26.6,43.3,61.5,12
2026-08-21T22:09:01Z,celmis-sandbox,0.02,60.96,3072.0,1.98,0.0,0.0,18.0,0.0,3
2026-08-21T22:09:01Z,celmis-qdrant,0.07,178.4,6928.38,2.57,0.06,0.04,71.3,0.0,25
2026-08-21T22:09:08Z,celmis-api,2.66,304.8,6928.38,4.40,12.9,14.5,0.05,1218.56,17
2026-08-21T22:09:08Z,celmis-web,0.00,84.88,6928.38,1.23,0.58,0.86,10.5,0.0,12
2026-08-21T22:09:08Z,celmis-postgres,0.10,38.43,6928.38,0.55,31.5,26.6,43.3,61.6,12
2026-08-21T22:09:08Z,celmis-sandbox,0.03,61.13,3072.0,1.99,0.0,0.0,18.0,0.0,3
2026-08-21T22:09:08Z,celmis-qdrant,0.07,178.4,6928.38,2.57,0.06,0.04,71.3,0.0,25
2026-08-21T22:09:16Z,celmis-api,0.28,304.6,6928.38,4.40,12.9,14.5,0.05,1218.56,17
2026-08-21T22:09:16Z,celmis-web,0.01,84.91,6928.38,1.23,0.58,0.86,10.5,0.0,12
2026-08-21T22:09:16Z,celmis-postgres,0.04,38.44,6928.38,0.55,31.5,26.7,43.3,61.6,12
2026-08-21T22:09:16Z,celmis-sandbox,0.03,61.13,3072.0,1.99,0.0,0.0,18.0,0.0,3
2026-08-21T22:09:16Z,celmis-qdrant,0.08,178.3,6928.38,2.57,0.06,0.04,71.3,0.0,25
2026-08-21T22:09:23Z,celmis-api,0.29,304.8,6928.38,4.40,13.0,14.6,0.05,1218.56,17
2026-08-21T22:09:23Z,celmis-web,0.01,84.91,6928.38,1.23,0.58,0.86,10.5,0.0,12
2026-08-21T22:09:23Z,celmis-postgres,0.00,38.59,6928.38,0.56,31.5,26.7,43.3,61.6,12
2026-08-21T22:09:23Z,celmis-sandbox,0.03,61.13,3072.0,1.99,0.0,0.0,18.0,0.0,3
2026-08-21T22:09:23Z,celmis-qdrant,0.10,178.3,6928.38,2.57,0.06,0.04,71.3,0.0,25
2026-08-21T22:09:31Z,celmis-api,0.30,304.7,6928.38,4.40,13.0,14.6,0.05,1218.56,17
2026-08-21T22:09:31Z,celmis-web,0.01,84.92,6928.38,1.23,0.58,0.86,10.5,0.0,12
2026-08-21T22:09:31Z,celmis-postgres,0.02,38.49,6928.38,0.56,31.5,26.7,43.3,61.6,12
2026-08-21T22:09:31Z,celmis-sandbox,0.03,61.13,3072.0,1.99,0.0,0.0,18.0,0.0,3
2026-08-21T22:09:31Z,celmis-qdrant,0.07,178.2,6928.38,2.57,0.06,0.04,71.3,0.0,25
2026-08-21T22:09:38Z,celmis-api,1.50,304.7,6928.38,4.40,13.1,14.7,0.05,1218.56,17
2026-08-21T22:09:38Z,celmis-web,0.01,84.92,6928.38,1.23,0.58,0.86,10.5,0.0,12
2026-08-21T22:09:38Z,celmis-postgres,0.13,38.51,6928.38,0.56,31.5,26.8,43.3,61.6,12
2026-08-21T22:09:38Z,celmis-sandbox,0.07,61.3,3072.0,2.00,0.0,0.0,18.0,0.0,3
2026-08-21T22:09:38Z,celmis-qdrant,0.15,178.2,6928.38,2.57,0.06,0.04,71.3,0.0,25
2026-08-21T22:09:46Z,celmis-api,0.23,304.6,6928.38,4.40,13.2,14.8,0.05,1218.56,17
2026-08-21T22:09:46Z,celmis-web,0.01,85.06,6928.38,1.23,0.58,0.86,10.5,0.0,12
2026-08-21T22:09:46Z,celmis-postgres,0.03,38.38,6928.38,0.55,31.6,26.8,43.3,61.6,12
2026-08-21T22:09:46Z,celmis-sandbox,0.03,61.3,3072.0,2.00,0.0,0.0,18.0,0.0,3
2026-08-21T22:09:46Z,celmis-qdrant,0.09,178.4,6928.38,2.57,0.06,0.04,71.3,0.0,25
2026-08-21T22:09:53Z,celmis-api,0.46,304.4,6928.38,4.39,13.2,14.8,0.05,1218.56,13
2026-08-21T22:09:53Z,celmis-web,0.00,85.06,6928.38,1.23,0.58,0.86,10.5,0.0,12
2026-08-21T22:09:53Z,celmis-postgres,0.03,38.66,6928.38,0.56,31.6,26.8,43.3,61.6,12
2026-08-21T22:09:53Z,celmis-sandbox,0.03,61.3,3072.0,2.00,0.0,0.0,18.0,0.0,3
2026-08-21T22:09:53Z,celmis-qdrant,0.09,178.4,6928.38,2.57,0.06,0.04,71.3,0.0,25
2026-08-21T22:10:01Z,celmis-api,0.86,304.5,6928.38,4.40,13.3,14.9,0.05,1218.56,13
2026-08-21T22:10:01Z,celmis-web,0.01,84.86,6928.38,1.22,0.58,0.86,10.5,0.0,12
2026-08-21T22:10:01Z,celmis-postgres,0.01,38.56,6928.38,0.56,31.6,26.9,43.3,61.6,12
2026-08-21T22:10:01Z,celmis-sandbox,0.02,61.3,3072.0,2.00,0.0,0.0,18.0,0.0,3
2026-08-21T22:10:01Z,celmis-qdrant,0.07,178.3,6928.38,2.57,0.06,0.04,71.3,0.0,25
2026-08-21T22:10:08Z,celmis-api,0.21,304.9,6928.38,4.40,13.4,15.0,0.05,1218.56,18
2026-08-21T22:10:08Z,celmis-web,0.01,84.86,6928.38,1.22,0.58,0.86,10.5,0.0,12
2026-08-21T22:10:08Z,celmis-postgres,0.03,38.47,6928.38,0.56,31.6,27.0,43.3,61.7,12
2026-08-21T22:10:08Z,celmis-sandbox,0.02,61.23,3072.0,1.99,0.0,0.0,18.0,0.0,3
2026-08-21T22:10:08Z,celmis-qdrant,0.08,178.3,6928.38,2.57,0.06,0.04,71.3,0.0,25
2026-08-21T22:10:16Z,celmis-api,3.05,304.8,6928.38,4.40,13.4,15.0,0.05,1218.56,18
2026-08-21T22:10:16Z,celmis-web,0.01,85.23,6928.38,1.23,0.58,0.86,10.5,0.0,12
2026-08-21T22:10:16Z,celmis-postgres,0.11,38.49,6928.38,0.56,31.6,27.0,43.3,61.7,12
2026-08-21T22:10:16Z,celmis-sandbox,0.02,61.23,3072.0,1.99,0.0,0.0,18.0,0.0,3
2026-08-21T22:10:16Z,celmis-qdrant,0.09,178.2,6928.38,2.57,0.06,0.04,71.3,0.0,25
2026-08-21T22:10:23Z,celmis-api,0.30,304.7,6928.38,4.40,13.5,15.1,0.05,1218.56,18
2026-08-21T22:10:23Z,celmis-web,0.01,85.23,6928.38,1.23,0.58,0.86,10.5,0.0,12
2026-08-21T22:10:23Z,celmis-postgres,0.00,38.44,6928.38,0.55,31.6,27.0,43.3,61.7,12
2026-08-21T22:10:23Z,celmis-sandbox,0.02,61.23,3072.0,1.99,0.0,0.0,18.0,0.0,3
2026-08-21T22:10:23Z,celmis-qdrant,0.09,178.2,6928.38,2.57,0.06,0.04,71.3,0.0,25
2026-08-21T22:10:31Z,celmis-api,0.26,304.8,6928.38,4.40,13.6,15.2,0.05,1218.56,18
2026-08-21T22:10:31Z,celmis-web,0.01,85.19,6928.38,1.23,0.58,0.86,10.5,0.0,12
2026-08-21T22:10:31Z,celmis-postgres,0.08,38.64,6928.38,0.56,31.6,27.1,43.3,61.7,12
2026-08-21T22:10:31Z,celmis-sandbox,0.04,61.23,3072.0,1.99,0.0,0.0,18.0,0.0,3
2026-08-21T22:10:31Z,celmis-qdrant,0.08,178.1,6928.38,2.57,0.06,0.04,71.3,0.0,25
2026-08-21T22:10:38Z,celmis-api,0.24,304.6,6928.38,4.40,13.6,15.2,0.05,1218.56,18
2026-08-21T22:10:38Z,celmis-web,0.01,85.19,6928.38,1.23,0.58,0.86,10.5,0.0,12
2026-08-21T22:10:38Z,celmis-postgres,0.00,38.78,6928.38,0.56,31.6,27.1,43.3,61.7,12
2026-08-21T22:10:38Z,celmis-sandbox,0.03,61.09,3072.0,1.99,0.0,0.0,18.0,0.0,3
2026-08-21T22:10:38Z,celmis-qdrant,0.08,178.1,6928.38,2.57,0.06,0.04,71.3,0.0,25
2026-08-21T22:10:46Z,celmis-api,2.79,304.6,6928.38,4.40,13.7,15.3,0.05,1218.56,18
2026-08-21T22:10:46Z,celmis-web,0.01,84.75,6928.38,1.22,0.58,0.86,10.5,0.0,12
2026-08-21T22:10:46Z,celmis-postgres,0.03,38.68,6928.38,0.56,31.7,27.2,43.3,61.7,12
2026-08-21T22:10:46Z,celmis-sandbox,0.03,61.09,3072.0,1.99,0.0,0.0,18.0,0.0,3
2026-08-21T22:10:46Z,celmis-qdrant,0.08,178.2,6928.38,2.57,0.06,0.04,71.3,0.0,25
2026-08-21T22:10:53Z,celmis-api,0.45,305.0,6928.38,4.40,13.7,15.3,0.05,1218.56,18
2026-08-21T22:10:53Z,celmis-web,0.00,84.75,6928.38,1.22,0.58,0.86,10.5,0.0,12
2026-08-21T22:10:53Z,celmis-postgres,0.03,38.81,6928.38,0.56,31.7,27.2,43.3,61.8,12
2026-08-21T22:10:53Z,celmis-sandbox,0.03,61.09,3072.0,1.99,0.0,0.0,18.0,0.0,3
2026-08-21T22:10:53Z,celmis-qdrant,0.08,178.2,6928.38,2.57,0.06,0.04,71.3,0.0,25
2026-08-21T22:11:01Z,celmis-api,0.22,304.9,6928.38,4.40,13.8,15.4,0.05,1218.56,18
2026-08-21T22:11:01Z,celmis-web,0.01,84.77,6928.38,1.22,0.58,0.86,10.5,0.0,12
2026-08-21T22:11:01Z,celmis-postgres,0.00,38.71,6928.38,0.56,31.7,27.3,43.3,61.8,12
2026-08-21T22:11:01Z,celmis-sandbox,0.03,61.09,3072.0,1.99,0.0,0.0,18.0,0.0,3
2026-08-21T22:11:01Z,celmis-qdrant,0.06,178.2,6928.38,2.57,0.06,0.04,71.3,0.0,25
2026-08-21T22:11:08Z,celmis-api,0.26,304.7,6928.38,4.40,13.8,15.4,0.05,1218.56,18
2026-08-21T22:11:08Z,celmis-web,0.00,84.77,6928.38,1.22,0.58,0.86,10.5,0.0,12
2026-08-21T22:11:08Z,celmis-postgres,0.03,38.7,6928.38,0.56,31.7,27.3,43.3,61.8,12
2026-08-21T22:11:08Z,celmis-sandbox,0.03,61.02,3072.0,1.99,0.0,0.0,18.0,0.0,3
2026-08-21T22:11:08Z,celmis-qdrant,0.07,178.2,6928.38,2.57,0.06,0.04,71.3,0.0,25
2026-08-21T22:11:16Z,celmis-api,0.29,304.8,6928.38,4.40,13.9,15.5,0.05,1218.56,18
2026-08-21T22:11:16Z,celmis-web,0.01,85.13,6928.38,1.23,0.58,0.86,10.5,0.0,12
2026-08-21T22:11:16Z,celmis-postgres,0.00,39.05,6928.38,0.56,31.7,27.3,43.3,61.8,12
2026-08-21T22:11:16Z,celmis-sandbox,0.03,61.02,3072.0,1.99,0.0,0.0,18.0,0.0,3
2026-08-21T22:11:16Z,celmis-qdrant,0.06,178.1,6928.38,2.57,0.06,0.04,71.3,0.0,25
2026-08-21T22:11:23Z,celmis-api,0.27,304.4,6928.38,4.39,13.9,15.5,0.05,1218.56,13
2026-08-21T22:11:23Z,celmis-web,0.01,85.13,6928.38,1.23,0.58,0.86,10.5,0.0,12
2026-08-21T22:11:23Z,celmis-postgres,1.65,38.77,6928.38,0.56,31.7,27.4,43.3,61.8,12
2026-08-21T22:11:23Z,celmis-sandbox,0.03,61.02,3072.0,1.99,0.0,0.0,18.0,0.0,3
2026-08-21T22:11:23Z,celmis-qdrant,0.06,178.1,6928.38,2.57,0.06,0.04,71.3,0.0,25
2026-08-21T22:11:31Z,celmis-api,7.74,305.0,6928.38,4.40,14.0,15.7,0.05,1218.56,18
2026-08-21T22:11:31Z,celmis-web,0.01,85.34,6928.38,1.23,0.58,0.86,10.5,0.0,12
2026-08-21T22:11:31Z,celmis-postgres,3.01,38.47,6928.38,0.56,31.7,27.4,43.3,61.8,12
2026-08-21T22:11:31Z,celmis-sandbox,0.03,61.02,3072.0,1.99,0.0,0.0,18.0,0.0,3
2026-08-21T22:11:31Z,celmis-qdrant,0.19,178.5,6928.38,2.58,0.06,0.04,71.3,0.0,25
2026-08-21T22:11:38Z,celmis-api,0.22,304.7,6928.38,4.40,14.1,15.7,0.05,1218.56,18
2026-08-21T22:11:38Z,celmis-web,0.01,85.34,6928.38,1.23,0.58,0.86,10.5,0.0,12
2026-08-21T22:11:38Z,celmis-postgres,1.54,38.95,6928.38,0.56,31.7,27.5,43.3,61.8,12
2026-08-21T22:11:38Z,celmis-sandbox,0.02,61.44,3072.0,2.00,0.0,0.0,18.0,0.0,3
2026-08-21T22:11:38Z,celmis-qdrant,0.08,178.5,6928.38,2.58,0.06,0.04,71.3,0.0,25
2026-08-21T22:11:46Z,celmis-api,2.59,304.9,6928.38,4.40,14.2,15.8,0.05,1218.56,18
2026-08-21T22:11:46Z,celmis-web,0.00,85.05,6928.38,1.23,0.58,0.86,10.5,0.0,12
2026-08-21T22:11:46Z,celmis-postgres,0.02,38.43,6928.38,0.55,31.7,27.5,43.3,61.8,12
2026-08-21T22:11:46Z,celmis-sandbox,0.02,61.44,3072.0,2.00,0.0,0.0,18.0,0.0,3
2026-08-21T22:11:46Z,celmis-qdrant,0.12,178.1,6928.38,2.57,0.06,0.04,71.3,0.0,25
2026-08-21T22:11:53Z,celmis-api,1.16,305.0,6928.38,4.40,14.2,15.9,0.05,1218.56,18
2026-08-21T22:11:53Z,celmis-web,0.00,85.05,6928.38,1.23,0.58,0.86,10.5,0.0,12
2026-08-21T22:11:53Z,celmis-postgres,0.11,38.4,6928.38,0.55,31.8,27.6,43.3,61.9,12
2026-08-21T22:11:53Z,celmis-sandbox,0.01,61.44,3072.0,2.00,0.0,0.0,18.0,0.0,3
2026-08-21T22:11:53Z,celmis-qdrant,0.07,178.1,6928.38,2.57,0.06,0.04,71.3,0.0,25
2026-08-21T22:12:01Z,celmis-api,3.81,304.8,6928.38,4.40,14.3,15.9,0.05,1218.56,18
2026-08-21T22:12:01Z,celmis-web,0.01,84.84,6928.38,1.22,0.58,0.86,10.5,0.0,12
2026-08-21T22:12:01Z,celmis-postgres,1.49,38.43,6928.38,0.55,31.8,27.6,43.3,61.9,12
2026-08-21T22:12:01Z,celmis-sandbox,0.03,61.44,3072.0,2.00,0.0,0.0,18.0,0.0,3
2026-08-21T22:12:01Z,celmis-qdrant,0.07,178.3,6928.38,2.57,0.06,0.04,71.3,0.0,25
2026-08-21T22:12:08Z,celmis-api,0.25,305.0,6928.38,4.40,14.3,16.0,0.05,1218.56,18
2026-08-21T22:12:08Z,celmis-web,0.01,84.84,6928.38,1.22,0.58,0.86,10.5,0.0,12
2026-08-21T22:12:08Z,celmis-postgres,1.72,38.91,6928.38,0.56,31.8,27.6,43.3,61.9,12
2026-08-21T22:12:08Z,celmis-sandbox,0.02,61.36,3072.0,2.00,0.0,0.0,18.0,0.0,3
2026-08-21T22:12:08Z,celmis-qdrant,0.08,178.3,6928.38,2.57,0.06,0.04,71.3,0.0,25
2026-08-21T22:12:16Z,celmis-api,0.25,305.1,6928.38,4.40,14.3,16.0,0.05,1218.56,18
2026-08-21T22:12:16Z,celmis-web,0.00,85.06,6928.38,1.23,0.58,0.86,10.5,0.0,12
2026-08-21T22:12:16Z,celmis-postgres,1.61,38.71,6928.38,0.56,31.8,27.7,43.3,61.9,12
2026-08-21T22:12:16Z,celmis-sandbox,0.04,61.36,3072.0,2.00,0.0,0.0,18.0,0.0,3
2026-08-21T22:12:16Z,celmis-qdrant,0.09,178.4,6928.38,2.58,0.06,0.04,71.3,0.0,25
2026-08-21T22:12:23Z,celmis-api,0.25,305.0,6928.38,4.40,14.4,16.1,0.05,1218.56,18
2026-08-21T22:12:23Z,celmis-web,0.00,85.06,6928.38,1.23,0.58,0.86,10.5,0.0,12
2026-08-21T22:12:23Z,celmis-postgres,1.97,38.7,6928.38,0.56,31.8,27.7,43.3,61.9,12
2026-08-21T22:12:23Z,celmis-sandbox,0.04,61.36,3072.0,2.00,0.0,0.0,18.0,0.0,3
2026-08-21T22:12:23Z,celmis-qdrant,0.08,178.4,6928.38,2.58,0.06,0.04,71.3,0.0,25
2026-08-21T22:12:31Z,celmis-api,3.13,304.9,6928.38,4.40,14.5,16.2,0.05,1218.56,18
2026-08-21T22:12:31Z,celmis-web,0.00,84.93,6928.38,1.23,0.58,0.86,10.5,0.0,12
2026-08-21T22:12:31Z,celmis-postgres,1.77,38.55,6928.38,0.56,31.8,27.8,43.3,62.2,12
2026-08-21T22:12:31Z,celmis-sandbox,0.03,61.36,3072.0,2.00,0.0,0.0,18.0,0.0,3
2026-08-21T22:12:31Z,celmis-qdrant,0.07,178.1,6928.38,2.57,0.06,0.04,71.3,0.0,25
2026-08-21T22:12:38Z,celmis-api,0.25,304.7,6928.38,4.40,14.5,16.2,0.05,1218.56,18
2026-08-21T22:12:38Z,celmis-web,0.01,84.93,6928.38,1.23,0.58,0.86,10.5,0.0,12
2026-08-21T22:12:38Z,celmis-postgres,1.59,38.48,6928.38,0.56,31.8,27.8,43.3,62.2,12
2026-08-21T22:12:38Z,celmis-sandbox,0.03,61.28,3072.0,1.99,0.0,0.0,18.0,0.0,3
2026-08-21T22:12:38Z,celmis-qdrant,0.07,178.1,6928.38,2.57,0.06,0.04,71.3,0.0,25
2026-08-21T22:12:46Z,celmis-api,0.23,304.6,6928.38,4.40,14.5,16.3,0.05,1218.56,13
2026-08-21T22:12:46Z,celmis-web,0.01,85.17,6928.38,1.23,0.58,0.86,10.5,0.0,12
2026-08-21T22:12:46Z,celmis-postgres,5.05,38.86,6928.38,0.56,31.8,27.9,43.3,62.2,12
2026-08-21T22:12:46Z,celmis-sandbox,0.02,61.28,3072.0,1.99,0.0,0.0,18.0,0.0,3
2026-08-21T22:12:46Z,celmis-qdrant,0.08,178.2,6928.38,2.57,0.06,0.04,71.3,0.0,25
2026-08-21T22:12:53Z,celmis-api,0.89,304.9,6928.38,4.40,14.7,16.4,0.05,1218.56,18
2026-08-21T22:12:53Z,celmis-web,0.00,85.17,6928.38,1.23,0.58,0.86,10.5,0.0,12
2026-08-21T22:12:53Z,celmis-postgres,0.80,38.44,6928.38,0.55,31.9,27.9,43.3,62.2,12
2026-08-21T22:12:53Z,celmis-sandbox,0.03,61.28,3072.0,1.99,0.0,0.0,18.0,0.0,3
2026-08-21T22:12:53Z,celmis-qdrant,0.13,178.2,6928.38,2.57,0.06,0.04,71.3,0.0,25
2026-08-21T22:13:01Z,celmis-api,0.29,305.0,6928.38,4.40,14.7,16.5,0.05,1218.56,18
2026-08-21T22:13:01Z,celmis-web,0.01,84.7,6928.38,1.22,0.58,0.86,10.5,0.0,12
2026-08-21T22:13:01Z,celmis-postgres,0.02,38.66,6928.38,0.56,31.9,27.9,43.3,62.2,12
2026-08-21T22:13:01Z,celmis-sandbox,0.03,61.28,3072.0,1.99,0.0,0.0,18.0,0.0,3
2026-08-21T22:13:01Z,celmis-qdrant,0.09,178.1,6928.38,2.57,0.06,0.04,71.3,0.0,25
2026-08-21T22:13:08Z,celmis-api,0.30,305.1,6928.38,4.40,14.8,16.5,0.05,1218.56,18
2026-08-21T22:13:08Z,celmis-web,0.01,84.7,6928.38,1.22,0.58,0.86,10.5,0.0,12
2026-08-21T22:13:08Z,celmis-postgres,0.07,38.54,6928.38,0.56,31.9,28.0,43.3,62.3,12
2026-08-21T22:13:08Z,celmis-sandbox,0.03,61.25,3072.0,1.99,0.0,0.0,18.0,0.0,3
2026-08-21T22:13:08Z,celmis-qdrant,0.13,178.1,6928.38,2.57,0.06,0.04,71.3,0.0,25
2026-08-21T22:13:16Z,celmis-api,3.70,305.0,6928.38,4.40,14.9,16.6,0.05,1218.56,18
2026-08-21T22:13:16Z,celmis-web,0.01,84.84,6928.38,1.22,0.58,0.86,10.5,0.0,12
2026-08-21T22:13:16Z,celmis-postgres,0.03,38.63,6928.38,0.56,31.9,28.0,43.3,62.3,12
2026-08-21T22:13:16Z,celmis-sandbox,0.06,61.2,3072.0,1.99,0.0,0.0,18.0,0.0,3
2026-08-21T22:13:16Z,celmis-qdrant,0.14,178.3,6928.38,2.57,0.06,0.04,71.3,0.0,25
2026-08-21T22:13:24Z,celmis-api,0.29,304.9,6928.38,4.40,14.9,16.7,0.05,1218.56,13
2026-08-21T22:13:24Z,celmis-web,0.01,84.84,6928.38,1.22,0.58,0.86,10.5,0.0,12
2026-08-21T22:13:24Z,celmis-postgres,1.82,38.81,6928.38,0.56,31.9,28.1,43.3,62.3,12
2026-08-21T22:13:24Z,celmis-sandbox,0.03,61.2,3072.0,1.99,0.0,0.0,18.0,0.0,3
2026-08-21T22:13:24Z,celmis-qdrant,0.09,178.3,6928.38,2.57,0.06,0.04,71.3,0.0,25
2026-08-21T22:13:31Z,celmis-api,0.26,305.2,6928.38,4.41,15.0,16.8,0.05,1218.56,16
2026-08-21T22:13:31Z,celmis-web,0.01,84.52,6928.38,1.22,0.58,0.86,10.5,0.0,12
2026-08-21T22:13:31Z,celmis-postgres,0.07,38.65,6928.38,0.56,31.9,28.1,43.3,62.3,12
2026-08-21T22:13:31Z,celmis-sandbox,0.03,61.2,3072.0,1.99,0.0,0.0,18.0,0.0,3
2026-08-21T22:13:31Z,celmis-qdrant,0.11,178.4,6928.38,2.58,0.06,0.04,71.3,0.0,25
2026-08-21T22:13:38Z,celmis-api,0.27,305.2,6928.38,4.41,15.1,16.9,0.05,1218.56,17
2026-08-21T22:13:38Z,celmis-web,0.01,84.52,6928.38,1.22,0.58,0.86,10.5,0.0,12
2026-08-21T22:13:38Z,celmis-postgres,0.05,38.7,6928.38,0.56,31.9,28.2,43.3,62.4,12
2026-08-21T22:13:38Z,celmis-sandbox,0.03,61.38,3072.0,2.00,0.0,0.0,18.0,0.0,3
2026-08-21T22:13:38Z,celmis-qdrant,0.09,178.4,6928.38,2.58,0.06,0.04,71.3,0.0,25
2026-08-21T22:13:46Z,celmis-api,0.27,305.1,6928.38,4.40,15.1,16.9,0.05,1218.56,16
2026-08-21T22:13:46Z,celmis-web,0.01,84.57,6928.38,1.22,0.58,0.86,10.5,0.0,12
2026-08-21T22:13:46Z,celmis-postgres,0.18,38.93,6928.38,0.56,32.0,28.2,43.3,62.4,13
2026-08-21T22:13:46Z,celmis-sandbox,0.04,61.38,3072.0,2.00,0.0,0.0,18.0,0.0,3
2026-08-21T22:13:46Z,celmis-qdrant,0.09,178.3,6928.38,2.57,0.06,0.04,71.3,0.0,25
2026-08-21T22:13:54Z,celmis-api,2.96,305.2,6928.38,4.41,15.2,17.0,0.05,1218.56,16
2026-08-21T22:13:54Z,celmis-web,0.01,84.57,6928.38,1.22,0.58,0.86,10.5,0.0,12
2026-08-21T22:13:54Z,celmis-postgres,0.03,38.76,6928.38,0.56,32.0,28.3,43.3,62.4,12
2026-08-21T22:13:54Z,celmis-sandbox,0.02,61.38,3072.0,2.00,0.0,0.0,18.0,0.0,3
2026-08-21T22:13:54Z,celmis-qdrant,0.08,178.3,6928.38,2.57,0.06,0.04,71.3,0.0,25
2026-08-21T22:14:01Z,celmis-api,0.25,305.2,6928.38,4.41,15.3,17.1,0.05,1218.56,16
2026-08-21T22:14:01Z,celmis-web,0.01,84.84,6928.38,1.22,0.58,0.86,10.5,0.0,12
2026-08-21T22:14:01Z,celmis-postgres,0.00,38.82,6928.38,0.56,32.0,28.3,43.3,62.4,12
2026-08-21T22:14:01Z,celmis-sandbox,0.03,61.38,3072.0,2.00,0.0,0.0,18.0,0.0,3
2026-08-21T22:14:01Z,celmis-qdrant,0.07,178.4,6928.38,2.58,0.06,0.04,71.3,0.0,25
2026-08-21T22:14:08Z,celmis-api,0.32,305.3,6928.38,4.41,15.4,17.1,0.05,1239.04,13
2026-08-21T22:14:08Z,celmis-web,0.01,84.84,6928.38,1.22,0.58,0.86,10.5,0.0,12
2026-08-21T22:14:08Z,celmis-postgres,0.01,38.8,6928.38,0.56,32.0,28.4,43.3,62.4,12
2026-08-21T22:14:08Z,celmis-sandbox,0.02,61.56,3072.0,2.00,0.0,0.0,18.0,0.0,3
2026-08-21T22:14:08Z,celmis-qdrant,0.09,178.4,6928.38,2.58,0.06,0.04,71.3,0.0,25
2026-08-21T22:14:16Z,celmis-api,0.29,305.4,6928.38,4.41,15.4,17.2,0.05,1269.76,12
2026-08-21T22:14:16Z,celmis-web,0.00,84.58,6928.38,1.22,0.58,0.86,10.5,0.0,12
2026-08-21T22:14:16Z,celmis-postgres,0.04,38.64,6928.38,0.56,32.0,28.4,43.3,62.4,12
2026-08-21T22:14:16Z,celmis-sandbox,0.03,61.56,3072.0,2.00,0.0,0.0,18.0,0.0,3
2026-08-21T22:14:16Z,celmis-qdrant,0.07,178.1,6928.38,2.57,0.06,0.04,71.3,0.0,25
2026-08-21T22:14:23Z,celmis-api,0.40,305.5,6928.38,4.41,15.5,17.3,0.05,1290.24,13
2026-08-21T22:14:23Z,celmis-web,0.00,84.58,6928.38,1.22,0.58,0.86,10.5,0.0,12
2026-08-21T22:14:23Z,celmis-postgres,0.00,38.28,6928.38,0.55,32.0,28.4,43.3,62.4,12
2026-08-21T22:14:23Z,celmis-sandbox,0.03,61.56,3072.0,2.00,0.0,0.0,18.0,0.0,3
2026-08-21T22:14:23Z,celmis-qdrant,0.07,178.1,6928.38,2.57,0.06,0.04,71.3,0.0,25
2026-08-21T22:14:31Z,celmis-api,2.42,305.5,6928.38,4.41,15.5,17.3,0.05,1290.24,12
2026-08-21T22:14:31Z,celmis-web,0.01,84.78,6928.38,1.22,0.58,0.86,10.5,0.0,12
2026-08-21T22:14:31Z,celmis-postgres,0.14,38.68,6928.38,0.56,32.0,28.5,43.3,62.5,12
2026-08-21T22:14:31Z,celmis-sandbox,0.03,61.56,3072.0,2.00,0.0,0.0,18.0,0.0,3
2026-08-21T22:14:31Z,celmis-qdrant,0.06,178.0,6928.38,2.57,0.06,0.04,71.3,0.0,25
2026-08-21T22:14:38Z,celmis-api,2.33,305.5,6928.38,4.41,15.6,17.5,0.05,1290.24,18
2026-08-21T22:14:38Z,celmis-web,0.00,84.78,6928.38,1.22,0.58,0.86,10.5,0.0,12
2026-08-21T22:14:38Z,celmis-postgres,0.12,38.7,6928.38,0.56,32.0,28.5,43.3,62.5,12
2026-08-21T22:14:38Z,celmis-sandbox,0.03,61.48,3072.0,2.00,0.0,0.0,18.0,0.0,3
2026-08-21T22:14:38Z,celmis-qdrant,0.06,178.0,6928.38,2.57,0.06,0.04,71.3,0.0,25
2026-08-21T22:14:46Z,celmis-api,0.21,305.5,6928.38,4.41,15.7,17.5,0.05,1290.24,17
2026-08-21T22:14:46Z,celmis-web,0.01,84.68,6928.38,1.22,0.58,0.86,10.5,0.0,12
2026-08-21T22:14:46Z,celmis-postgres,0.00,38.53,6928.38,0.56,32.1,28.6,43.3,62.5,12
2026-08-21T22:14:46Z,celmis-sandbox,0.02,61.48,3072.0,2.00,0.0,0.0,18.0,0.0,3
2026-08-21T22:14:46Z,celmis-qdrant,0.09,178.1,6928.38,2.57,0.06,0.04,71.3,0.0,25
2026-08-21T22:14:54Z,celmis-api,0.50,305.5,6928.38,4.41,15.7,17.6,0.05,1290.24,18
2026-08-21T22:14:54Z,celmis-web,0.01,84.68,6928.38,1.22,0.58,0.86,10.5,0.0,12
2026-08-21T22:14:54Z,celmis-postgres,0.02,38.52,6928.38,0.56,32.1,28.6,43.3,62.5,12
2026-08-21T22:14:54Z,celmis-sandbox,0.02,61.48,3072.0,2.00,0.0,0.0,18.0,0.0,3
2026-08-21T22:14:54Z,celmis-qdrant,0.08,178.1,6928.38,2.57,0.06,0.04,71.3,0.0,25
2026-08-21T22:15:01Z,celmis-api,0.29,305.6,6928.38,4.41,15.8,17.7,0.05,1290.24,18
2026-08-21T22:15:01Z,celmis-web,0.00,84.66,6928.38,1.22,0.58,0.86,10.5,0.0,12
2026-08-21T22:15:01Z,celmis-postgres,0.00,38.51,6928.38,0.56,32.1,28.7,43.3,62.5,12
2026-08-21T22:15:01Z,celmis-sandbox,0.05,61.48,3072.0,2.00,0.0,0.0,18.0,0.0,3
2026-08-21T22:15:01Z,celmis-qdrant,0.10,178.5,6928.38,2.58,0.06,0.04,71.3,0.0,25
2026-08-21T22:15:08Z,celmis-api,2.25,305.4,6928.38,4.41,15.9,17.7,0.05,1290.24,18
2026-08-21T22:15:08Z,celmis-web,0.01,84.66,6928.38,1.22,0.58,0.86,10.5,0.0,12
2026-08-21T22:15:08Z,celmis-postgres,0.00,38.92,6928.38,0.56,32.1,28.7,43.3,62.5,12
2026-08-21T22:15:08Z,celmis-sandbox,0.03,61.34,3072.0,2.00,0.0,0.0,18.0,0.0,3
2026-08-21T22:15:08Z,celmis-qdrant,0.08,178.5,6928.38,2.58,0.06,0.04,71.3,0.0,25
2026-08-21T22:15:16Z,celmis-api,0.91,305.7,6928.38,4.41,15.9,17.8,0.05,1290.24,13
2026-08-21T22:15:16Z,celmis-web,0.00,84.72,6928.38,1.22,0.58,0.86,10.5,0.0,12
2026-08-21T22:15:16Z,celmis-postgres,0.02,38.44,6928.38,0.55,32.1,28.7,43.3,62.5,12
2026-08-21T22:15:16Z,celmis-sandbox,0.02,61.34,3072.0,2.00,0.0,0.0,18.0,0.0,3
2026-08-21T22:15:16Z,celmis-qdrant,0.07,178.6,6928.38,2.58,0.06,0.04,71.3,0.0,25
2026-08-21T22:15:24Z,celmis-api,0.50,305.7,6928.38,4.41,16.0,17.8,0.05,1310.72,13
2026-08-21T22:15:24Z,celmis-web,0.01,84.72,6928.38,1.22,0.58,0.86,10.5,0.0,12
2026-08-21T22:15:24Z,celmis-postgres,0.00,38.34,6928.38,0.55,32.1,28.8,43.3,62.5,12
2026-08-21T22:15:24Z,celmis-sandbox,0.12,61.34,3072.0,2.00,0.0,0.0,18.0,0.0,3
2026-08-21T22:15:24Z,celmis-qdrant,0.09,178.6,6928.38,2.58,0.06,0.04,71.3,0.0,25
2026-08-21T22:15:31Z,celmis-api,48.29,305.3,6928.38,4.41,16.0,17.9,0.05,1341.44,13
2026-08-21T22:15:31Z,celmis-web,0.00,85.0,6928.38,1.23,0.58,0.86,10.5,0.0,12
2026-08-21T22:15:31Z,celmis-postgres,0.00,38.73,6928.38,0.56,32.1,28.8,43.3,62.5,12
2026-08-21T22:15:31Z,celmis-sandbox,0.02,61.34,3072.0,2.00,0.0,0.0,18.0,0.0,3
2026-08-21T22:15:31Z,celmis-qdrant,0.04,178.3,6928.38,2.57,0.06,0.04,71.3,0.0,25
2026-08-21T22:15:38Z,celmis-api,0.34,305.9,6928.38,4.42,16.1,18.0,0.05,1351.68,13
2026-08-21T22:15:38Z,celmis-web,0.01,85.0,6928.38,1.23,0.58,0.86,10.5,0.0,12
2026-08-21T22:15:38Z,celmis-postgres,1.77,38.75,6928.38,0.56,32.1,28.9,43.3,62.6,12
2026-08-21T22:15:38Z,celmis-sandbox,0.04,61.27,3072.0,1.99,0.0,0.0,18.0,0.0,3
2026-08-21T22:15:38Z,celmis-qdrant,0.10,178.3,6928.38,2.57,0.06,0.04,71.3,0.0,25
2026-08-21T22:15:46Z,celmis-api,0.42,306.1,6928.38,4.42,16.1,18.0,0.05,1382.4,13
2026-08-21T22:15:46Z,celmis-web,0.01,84.64,6928.38,1.22,0.58,0.86,10.5,0.0,12
2026-08-21T22:15:46Z,celmis-postgres,0.01,38.7,6928.38,0.56,32.1,28.9,43.3,62.6,12
2026-08-21T22:15:46Z,celmis-sandbox,0.03,61.27,3072.0,1.99,0.0,0.0,18.0,0.0,3
2026-08-21T22:15:46Z,celmis-qdrant,0.08,177.9,6928.38,2.57,0.06,0.04,71.3,0.0,25
2026-08-21T22:15:54Z,celmis-api,0.72,306.3,6928.38,4.42,16.2,18.1,0.05,1413.12,13
2026-08-21T22:15:54Z,celmis-web,0.01,84.64,6928.38,1.22,0.58,0.86,10.5,0.0,12
2026-08-21T22:15:54Z,celmis-postgres,0.00,38.45,6928.38,0.55,32.1,29.0,43.3,62.6,12
2026-08-21T22:15:54Z,celmis-sandbox,0.03,61.27,3072.0,1.99,0.0,0.0,18.0,0.0,3
2026-08-21T22:15:54Z,celmis-qdrant,0.03,177.9,6928.38,2.57,0.06,0.04,71.3,0.0,25
2026-08-21T22:16:01Z,celmis-api,5.38,306.1,6928.38,4.42,16.3,18.1,0.05,1433.6,13
2026-08-21T22:16:01Z,celmis-web,0.01,84.78,6928.38,1.22,0.58,0.86,10.5,0.0,12
2026-08-21T22:16:01Z,celmis-postgres,4.90,38.67,6928.38,0.56,32.2,29.0,43.3,62.6,12
2026-08-21T22:16:01Z,celmis-sandbox,0.02,61.27,3072.0,1.99,0.0,0.0,18.0,0.0,3
2026-08-21T22:16:01Z,celmis-qdrant,0.06,178.3,6928.38,2.57,0.06,0.04,71.3,0.0,25
2026-08-21T22:16:08Z,celmis-api,6.25,306.4,6928.38,4.42,16.4,18.3,0.05,1433.6,17
2026-08-21T22:16:08Z,celmis-web,0.00,84.78,6928.38,1.22,0.58,0.86,10.5,0.0,12
2026-08-21T22:16:08Z,celmis-postgres,1.85,38.36,6928.38,0.55,32.2,29.1,43.3,62.6,12
2026-08-21T22:16:08Z,celmis-sandbox,0.02,61.44,3072.0,2.00,0.0,0.0,18.0,0.0,3
2026-08-21T22:16:08Z,celmis-qdrant,0.06,178.3,6928.38,2.57,0.06,0.04,71.3,0.0,25
2026-08-21T22:16:16Z,celmis-api,1.00,306.5,6928.38,4.42,16.4,18.3,0.05,1433.6,17
2026-08-21T22:16:16Z,celmis-web,0.00,84.97,6928.38,1.23,0.58,0.86,10.5,0.0,12
2026-08-21T22:16:16Z,celmis-postgres,0.08,38.42,6928.38,0.55,32.2,29.1,43.3,62.6,12
2026-08-21T22:16:16Z,celmis-sandbox,0.04,61.44,3072.0,2.00,0.0,0.0,18.0,0.0,3
2026-08-21T22:16:16Z,celmis-qdrant,0.17,178.2,6928.38,2.57,0.06,0.04,71.3,0.0,25
2026-08-21T22:16:24Z,celmis-api,4.09,306.6,6928.38,4.42,16.5,18.4,0.05,1433.6,17
2026-08-21T22:16:24Z,celmis-web,0.01,84.97,6928.38,1.23,0.58,0.86,10.5,0.0,12
2026-08-21T22:16:24Z,celmis-postgres,0.04,38.5,6928.38,0.56,32.2,29.2,43.3,62.6,12
2026-08-21T22:16:24Z,celmis-sandbox,0.02,61.44,3072.0,2.00,0.0,0.0,18.0,0.0,3
2026-08-21T22:16:24Z,celmis-qdrant,0.08,178.2,6928.38,2.57,0.06,0.04,71.3,0.0,25
2026-08-21T22:16:31Z,celmis-api,0.24,306.5,6928.38,4.42,16.5,18.5,0.05,1433.6,16
2026-08-21T22:16:31Z,celmis-web,0.00,85.12,6928.38,1.23,0.58,0.86,10.5,0.0,12
2026-08-21T22:16:31Z,celmis-postgres,1.53,38.43,6928.38,0.55,32.2,29.2,43.3,62.6,12
2026-08-21T22:16:31Z,celmis-sandbox,0.02,61.44,3072.0,2.00,0.0,0.0,18.0,0.0,3
2026-08-21T22:16:31Z,celmis-qdrant,0.06,178.1,6928.38,2.57,0.06,0.04,71.3,0.0,25
2026-08-21T22:16:38Z,celmis-api,0.33,306.4,6928.38,4.42,16.6,18.6,0.05,1464.32,12
2026-08-21T22:16:38Z,celmis-web,0.01,85.12,6928.38,1.23,0.58,0.86,10.5,0.0,12
2026-08-21T22:16:38Z,celmis-postgres,1.77,38.63,6928.38,0.56,32.2,29.3,43.3,62.7,12
2026-08-21T22:16:38Z,celmis-sandbox,0.02,61.36,3072.0,2.00,0.0,0.0,18.0,0.0,3
2026-08-21T22:16:38Z,celmis-qdrant,0.06,178.1,6928.38,2.57,0.06,0.04,71.3,0.0,25
2026-08-21T22:16:46Z,celmis-api,0.38,307.0,6928.38,4.43,16.7,18.6,0.05,1484.8,12
2026-08-21T22:16:46Z,celmis-web,0.01,84.6,6928.38,1.22,0.58,0.86,10.5,0.0,12
2026-08-21T22:16:46Z,celmis-postgres,1.68,38.64,6928.38,0.56,32.2,29.3,43.3,62.7,12
2026-08-21T22:16:46Z,celmis-sandbox,0.03,61.36,3072.0,2.00,0.0,0.0,18.0,0.0,3
2026-08-21T22:16:46Z,celmis-qdrant,0.05,178.3,6928.38,2.57,0.06,0.04,71.3,0.0,25
2026-08-21T22:16:54Z,celmis-api,42.76,448.9,6928.38,6.48,16.7,18.7,0.05,1505.28,29
2026-08-21T22:16:54Z,celmis-web,0.01,84.6,6928.38,1.22,0.58,0.86,10.5,0.0,12
2026-08-21T22:16:54Z,celmis-postgres,0.01,38.47,6928.38,0.56,32.3,29.3,43.3,62.7,12
2026-08-21T22:16:54Z,celmis-sandbox,0.03,61.36,3072.0,2.00,0.0,0.0,18.0,0.0,3
2026-08-21T22:16:54Z,celmis-qdrant,0.07,178.3,6928.38,2.57,0.06,0.04,71.3,0.0,25
2026-08-21T22:17:01Z,celmis-api,0.38,307.1,6928.38,4.43,16.8,18.7,0.05,1536.0,12
2026-08-21T22:17:01Z,celmis-web,0.00,84.66,6928.38,1.22,0.58,0.86,10.5,0.0,12
2026-08-21T22:17:01Z,celmis-postgres,1.37,38.53,6928.38,0.56,32.3,29.4,43.3,62.7,12
2026-08-21T22:17:01Z,celmis-sandbox,0.02,61.36,3072.0,2.00,0.0,0.0,18.0,0.0,3
2026-08-21T22:17:01Z,celmis-qdrant,0.08,178.1,6928.38,2.57,0.06,0.04,71.3,0.0,25
2026-08-21T22:17:08Z,celmis-api,0.33,307.2,6928.38,4.43,16.8,18.7,0.05,1546.24,12
2026-08-21T22:17:08Z,celmis-web,0.01,84.66,6928.38,1.22,0.58,0.86,10.5,0.0,12
2026-08-21T22:17:08Z,celmis-postgres,1.86,38.53,6928.38,0.56,32.3,29.4,43.3,62.7,12
2026-08-21T22:17:08Z,celmis-sandbox,0.03,61.79,3072.0,2.01,0.0,0.0,18.0,0.0,3
2026-08-21T22:17:08Z,celmis-qdrant,0.06,178.1,6928.38,2.57,0.06,0.04,71.3,0.0,25
2026-08-21T22:17:16Z,celmis-api,16.05,307.9,6928.38,4.44,16.9,18.8,0.05,1576.96,13
2026-08-21T22:17:16Z,celmis-web,0.00,84.61,6928.38,1.22,0.58,0.86,10.5,0.0,12
2026-08-21T22:17:16Z,celmis-postgres,1.56,38.52,6928.38,0.56,32.3,29.5,43.3,62.7,12
2026-08-21T22:17:16Z,celmis-sandbox,0.03,61.79,3072.0,2.01,0.0,0.0,18.0,0.0,3
2026-08-21T22:17:16Z,celmis-qdrant,0.09,178.2,6928.38,2.57,0.06,0.04,71.3,0.0,25
2026-08-21T22:17:24Z,celmis-api,46.80,308.0,6928.38,4.45,16.9,18.9,0.05,1607.68,12
2026-08-21T22:17:24Z,celmis-web,0.00,84.61,6928.38,1.22,0.58,0.86,10.5,0.0,12
2026-08-21T22:17:24Z,celmis-postgres,0.12,38.41,6928.38,0.55,32.3,29.5,43.3,62.7,12
2026-08-21T22:17:24Z,celmis-sandbox,0.01,61.79,3072.0,2.01,0.0,0.0,18.0,0.0,3
2026-08-21T22:17:24Z,celmis-qdrant,0.06,178.2,6928.38,2.57,0.06,0.04,71.3,0.0,25
2026-08-21T22:17:31Z,celmis-api,0.27,307.7,6928.38,4.44,17.0,18.9,0.05,1628.16,12
2026-08-21T22:17:31Z,celmis-web,0.01,84.92,6928.38,1.23,0.58,0.86,10.5,0.0,12
2026-08-21T22:17:31Z,celmis-postgres,1.68,38.49,6928.38,0.56,32.3,29.5,43.3,63.0,12
2026-08-21T22:17:31Z,celmis-sandbox,0.02,61.79,3072.0,2.01,0.0,0.0,18.0,0.0,3
2026-08-21T22:17:31Z,celmis-qdrant,0.08,178.4,6928.38,2.57,0.06,0.04,71.3,0.0,25
2026-08-21T22:17:38Z,celmis-api,1.58,308.1,6928.38,4.45,17.1,19.1,0.05,1628.16,16
2026-08-21T22:17:38Z,celmis-web,0.00,84.92,6928.38,1.23,0.58,0.86,10.5,0.0,12
2026-08-21T22:17:38Z,celmis-postgres,0.40,38.48,6928.38,0.56,32.3,29.6,43.3,63.0,12
2026-08-21T22:17:38Z,celmis-sandbox,0.03,61.46,3072.0,2.00,0.0,0.0,18.0,0.0,3
2026-08-21T22:17:38Z,celmis-qdrant,0.06,178.4,6928.38,2.57,0.06,0.04,71.3,0.0,25
2026-08-21T22:17:46Z,celmis-api,0.28,308.0,6928.38,4.45,17.1,19.2,0.05,1628.16,17
2026-08-21T22:17:46Z,celmis-web,0.01,85.05,6928.38,1.23,0.58,0.86,10.5,0.0,12
2026-08-21T22:17:46Z,celmis-postgres,1.82,38.76,6928.38,0.56,32.4,29.7,43.3,63.0,12
2026-08-21T22:17:46Z,celmis-sandbox,0.03,61.46,3072.0,2.00,0.0,0.0,18.0,0.0,3
2026-08-21T22:17:46Z,celmis-qdrant,0.16,178.3,6928.38,2.57,0.06,0.04,71.3,0.0,25
2026-08-21T22:17:54Z,celmis-api,4.67,308.1,6928.38,4.45,17.2,19.3,0.05,1628.16,17
2026-08-21T22:17:54Z,celmis-web,0.01,84.89,6928.38,1.23,0.58,0.86,10.5,0.0,12
2026-08-21T22:17:54Z,celmis-postgres,2.12,40.23,6928.38,0.58,32.4,29.7,43.3,63.1,13
2026-08-21T22:17:54Z,celmis-sandbox,0.03,61.46,3072.0,2.00,0.0,0.0,18.0,0.0,3
2026-08-21T22:17:54Z,celmis-qdrant,0.10,178.3,6928.38,2.57,0.06,0.04,71.3,0.0,25
2026-08-21T22:18:01Z,celmis-api,0.32,308.2,6928.38,4.45,17.3,19.3,0.05,1628.16,17
2026-08-21T22:18:01Z,celmis-web,0.01,84.66,6928.38,1.22,0.58,0.86,10.5,0.0,12
2026-08-21T22:18:01Z,celmis-postgres,1.83,40.08,6928.38,0.58,32.4,29.7,43.3,63.1,13
2026-08-21T22:18:01Z,celmis-sandbox,0.03,61.46,3072.0,2.00,0.0,0.0,18.0,0.0,3
2026-08-21T22:18:01Z,celmis-qdrant,0.08,178.2,6928.38,2.57,0.06,0.04,71.3,0.0,25
2026-08-21T22:18:08Z,celmis-api,0.27,308.0,6928.38,4.45,17.4,19.4,0.05,1628.16,15
2026-08-21T22:18:08Z,celmis-web,0.00,87.12,6928.38,1.26,0.66,0.94,10.5,0.0,12
2026-08-21T22:18:08Z,celmis-postgres,0.02,40.2,6928.38,0.58,32.4,29.8,43.3,63.1,13
2026-08-21T22:18:08Z,celmis-sandbox,0.02,61.38,3072.0,2.00,0.0,0.0,18.0,0.0,3
2026-08-21T22:18:08Z,celmis-qdrant,0.06,178.2,6928.38,2.57,0.06,0.04,71.3,0.0,25
2026-08-21T22:18:16Z,celmis-api,0.28,307.9,6928.38,4.44,17.4,19.5,0.05,1628.16,13
2026-08-21T22:18:16Z,celmis-web,0.01,87.17,6928.38,1.26,0.66,0.94,10.5,0.0,12
2026-08-21T22:18:16Z,celmis-postgres,2.16,39.97,6928.38,0.58,32.4,29.9,43.3,63.1,13
2026-08-21T22:18:16Z,celmis-sandbox,0.02,61.38,3072.0,2.00,0.0,0.0,18.0,0.0,3
2026-08-21T22:18:16Z,celmis-qdrant,0.14,178.1,6928.38,2.57,0.06,0.04,71.3,0.0,25
2026-08-21T22:18:24Z,celmis-api,0.26,308.2,6928.38,4.45,17.5,19.5,0.05,1628.16,13
2026-08-21T22:18:24Z,celmis-web,0.00,87.17,6928.38,1.26,0.66,0.94,10.5,0.0,12
2026-08-21T22:18:24Z,celmis-postgres,0.00,40.09,6928.38,0.58,32.4,29.9,43.3,63.2,13
2026-08-21T22:18:24Z,celmis-sandbox,0.03,61.38,3072.0,2.00,0.0,0.0,18.0,0.0,3
2026-08-21T22:18:24Z,celmis-qdrant,0.08,178.1,6928.38,2.57,0.06,0.04,71.3,0.0,25
2026-08-21T22:18:31Z,celmis-api,0.31,307.9,6928.38,4.44,17.5,19.6,0.05,1638.4,13
2026-08-21T22:18:31Z,celmis-web,0.01,87.06,6928.38,1.26,0.66,0.94,10.5,0.0,12
2026-08-21T22:18:31Z,celmis-postgres,0.00,39.98,6928.38,0.58,32.4,29.9,43.3,63.2,13
2026-08-21T22:18:31Z,celmis-sandbox,0.03,61.38,3072.0,2.00,0.0,0.0,18.0,0.0,3
2026-08-21T22:18:31Z,celmis-qdrant,0.05,178.5,6928.38,2.58,0.06,0.04,71.3,0.0,25
2026-08-21T22:18:38Z,celmis-api,47.09,308.6,6928.38,4.45,17.6,19.6,0.05,1669.12,13
2026-08-21T22:18:38Z,celmis-web,0.01,87.06,6928.38,1.26,0.66,0.94,10.5,0.0,12
2026-08-21T22:18:38Z,celmis-postgres,0.03,40.07,6928.38,0.58,32.4,30.0,43.3,63.2,13
2026-08-21T22:18:38Z,celmis-sandbox,0.03,61.55,3072.0,2.00,0.0,0.0,18.0,0.0,3
2026-08-21T22:18:38Z,celmis-qdrant,0.08,178.5,6928.38,2.58,0.06,0.04,71.3,0.0,25
