ts,container,cpu_pct,mem_used_mb,mem_limit_mb,mem_pct,net_in_mb,net_out_mb,block_in_mb,block_out_mb,pids
2026-08-21T17:11:47Z,celmis-web,0.00,73.23,6928.38,1.06,0.12,0.27,9.84,0.0,12
2026-08-21T17:11:47Z,celmis-api,44.18,323.0,6928.38,4.66,4.61,4.66,19.2,124.0,21
2026-08-21T17:11:47Z,celmis-postgres,0.02,35.82,6928.38,0.52,22.0,11.5,43.2,41.1,11
2026-08-21T17:11:47Z,celmis-sandbox,0.01,46.09,3072.0,1.50,0.0,0.0,15.7,0.0,3
2026-08-21T17:11:47Z,celmis-qdrant,0.10,178.4,6928.38,2.58,0.04,0.03,71.3,0.0,25
2026-08-21T17:11:54Z,celmis-web,0.01,73.23,6928.38,1.06,0.12,0.27,9.84,0.0,12
2026-08-21T17:11:54Z,celmis-api,0.54,567.2,6928.38,8.19,4.81,4.87,19.2,125.0,27
2026-08-21T17:11:54Z,celmis-postgres,0.09,41.29,6928.38,0.60,22.0,11.6,43.2,41.2,14
2026-08-21T17:11:54Z,celmis-sandbox,0.03,46.02,3072.0,1.50,0.0,0.0,15.7,0.0,3
2026-08-21T17:11:54Z,celmis-qdrant,1.35,178.3,6928.38,2.57,0.04,0.03,71.3,0.0,25
2026-08-21T17:12:02Z,celmis-web,0.01,73.58,6928.38,1.06,0.12,0.27,9.84,0.0,12
2026-08-21T17:12:02Z,celmis-api,0.47,567.2,6928.38,8.19,4.82,4.87,19.2,125.0,27
2026-08-21T17:12:02Z,celmis-postgres,0.12,41.25,6928.38,0.60,22.0,11.6,43.2,41.2,14
2026-08-21T17:12:02Z,celmis-sandbox,0.03,46.02,3072.0,1.50,0.0,0.0,15.7,0.0,3
2026-08-21T17:12:02Z,celmis-qdrant,0.07,178.2,6928.38,2.57,0.04,0.03,71.3,0.0,25
2026-08-21T17:12:09Z,celmis-web,0.01,73.58,6928.38,1.06,0.12,0.27,9.84,0.0,12
2026-08-21T17:12:09Z,celmis-api,0.60,567.4,6928.38,8.19,4.83,4.88,19.2,125.0,27
2026-08-21T17:12:09Z,celmis-postgres,0.01,41.33,6928.38,0.60,22.0,11.6,43.2,41.2,14
2026-08-21T17:12:09Z,celmis-sandbox,0.03,46.02,3072.0,1.50,0.0,0.0,15.7,0.0,3
2026-08-21T17:12:09Z,celmis-qdrant,0.07,178.2,6928.38,2.57,0.04,0.03,71.3,0.0,25
2026-08-21T17:12:17Z,celmis-web,0.01,73.31,6928.38,1.06,0.12,0.27,9.84,0.0,12
2026-08-21T17:12:17Z,celmis-api,0.55,567.3,6928.38,8.19,4.85,4.89,19.2,125.0,22
2026-08-21T17:12:17Z,celmis-postgres,0.02,41.38,6928.38,0.60,22.0,11.6,43.2,41.2,14
2026-08-21T17:12:17Z,celmis-sandbox,0.03,46.02,3072.0,1.50,0.0,0.0,15.7,0.0,3
2026-08-21T17:12:17Z,celmis-qdrant,0.10,178.4,6928.38,2.57,0.04,0.03,71.3,0.0,25
2026-08-21T17:12:24Z,celmis-web,0.01,73.31,6928.38,1.06,0.12,0.27,9.84,0.0,12
2026-08-21T17:12:24Z,celmis-api,54.44,349.7,6928.38,5.05,4.97,4.99,19.2,125.0,21
2026-08-21T17:12:24Z,celmis-postgres,0.35,36.15,6928.38,0.52,22.1,11.7,43.2,41.2,11
2026-08-21T17:12:24Z,celmis-sandbox,0.02,45.94,3072.0,1.50,0.0,0.0,15.7,0.0,3
2026-08-21T17:12:24Z,celmis-qdrant,0.56,178.3,6928.38,2.57,0.04,0.03,71.3,0.0,25
2026-08-21T17:12:31Z,celmis-web,0.01,73.02,6928.38,1.05,0.12,0.27,9.84,0.0,12
2026-08-21T17:12:31Z,celmis-api,0.22,566.4,6928.38,8.18,5.14,5.11,19.2,125.0,26
2026-08-21T17:12:31Z,celmis-postgres,0.10,39.64,6928.38,0.57,22.1,11.7,43.2,41.2,13
2026-08-21T17:12:31Z,celmis-sandbox,0.04,45.94,3072.0,1.50,0.0,0.0,15.7,0.0,3
2026-08-21T17:12:31Z,celmis-qdrant,0.08,178.3,6928.38,2.57,0.04,0.03,71.3,0.0,25
2026-08-21T17:12:39Z,celmis-web,0.01,73.02,6928.38,1.05,0.12,0.27,9.84,0.0,12
2026-08-21T17:12:39Z,celmis-api,0.28,566.6,6928.38,8.18,5.14,5.11,19.2,125.0,26
2026-08-21T17:12:39Z,celmis-postgres,1.83,40.01,6928.38,0.58,22.1,11.7,43.2,41.3,13
2026-08-21T17:12:39Z,celmis-sandbox,0.03,45.94,3072.0,1.50,0.0,0.0,15.7,0.0,3
2026-08-21T17:12:39Z,celmis-qdrant,1.34,178.3,6928.38,2.57,0.04,0.03,71.3,0.0,25
2026-08-21T17:12:47Z,celmis-web,0.00,73.64,6928.38,1.06,0.12,0.27,9.84,0.0,12
2026-08-21T17:12:47Z,celmis-api,0.27,569.1,6928.38,8.21,5.15,5.12,19.2,125.0,26
2026-08-21T17:12:47Z,celmis-postgres,0.02,39.61,6928.38,0.57,22.1,11.7,43.2,41.3,13
2026-08-21T17:12:47Z,celmis-sandbox,0.03,45.94,3072.0,1.50,0.0,0.0,15.7,0.0,3
2026-08-21T17:12:47Z,celmis-qdrant,0.09,178.2,6928.38,2.57,0.04,0.03,71.3,0.0,25
2026-08-21T17:12:54Z,celmis-web,0.01,73.64,6928.38,1.06,0.12,0.27,9.84,0.0,12
2026-08-21T17:12:54Z,celmis-api,0.73,569.4,6928.38,8.22,5.15,5.18,19.2,125.0,26
2026-08-21T17:12:54Z,celmis-postgres,0.17,39.43,6928.38,0.57,22.1,11.7,43.2,41.3,13
2026-08-21T17:12:54Z,celmis-sandbox,0.03,45.86,3072.0,1.49,0.0,0.0,15.7,0.0,3
2026-08-21T17:12:54Z,celmis-qdrant,1.19,178.4,6928.38,2.58,0.04,0.03,71.3,0.0,25
2026-08-21T17:13:02Z,celmis-web,0.00,73.57,6928.38,1.06,0.12,0.27,9.84,0.0,12
2026-08-21T17:13:02Z,celmis-api,2.96,569.9,6928.38,8.23,5.17,5.22,19.2,125.0,27
2026-08-21T17:13:02Z,celmis-postgres,0.59,40.88,6928.38,0.59,22.1,11.7,43.2,41.3,14
2026-08-21T17:13:02Z,celmis-sandbox,0.03,45.86,3072.0,1.49,0.0,0.0,15.7,0.0,3
2026-08-21T17:13:02Z,celmis-qdrant,0.10,178.3,6928.38,2.57,0.04,0.03,71.3,0.0,25
2026-08-21T17:13:09Z,celmis-web,0.01,73.57,6928.38,1.06,0.12,0.27,9.84,0.0,12
2026-08-21T17:13:09Z,celmis-api,0.26,570.1,6928.38,8.23,5.17,5.22,19.2,125.0,27
2026-08-21T17:13:09Z,celmis-postgres,2.17,41.72,6928.38,0.60,22.1,11.7,43.2,41.3,14
2026-08-21T17:13:09Z,celmis-sandbox,0.03,45.86,3072.0,1.49,0.0,0.0,15.7,0.0,3
2026-08-21T17:13:09Z,celmis-qdrant,1.07,178.3,6928.38,2.57,0.04,0.03,71.3,0.0,25
2026-08-21T17:13:17Z,celmis-web,0.01,73.45,6928.38,1.06,0.12,0.27,9.84,0.0,12
2026-08-21T17:13:17Z,celmis-api,0.52,570.1,6928.38,8.23,5.17,5.22,19.2,125.0,27
2026-08-21T17:13:17Z,celmis-postgres,0.00,41.2,6928.38,0.59,22.1,11.7,43.2,41.3,14
2026-08-21T17:13:17Z,celmis-sandbox,0.03,45.86,3072.0,1.49,0.0,0.0,15.7,0.0,3
2026-08-21T17:13:17Z,celmis-qdrant,0.07,178.2,6928.38,2.57,0.04,0.03,71.3,0.0,25
2026-08-21T17:13:24Z,celmis-web,0.01,73.45,6928.38,1.06,0.12,0.27,9.84,0.0,12
2026-08-21T17:13:24Z,celmis-api,0.52,569.8,6928.38,8.22,5.19,5.23,19.2,125.0,27
2026-08-21T17:13:24Z,celmis-postgres,0.11,41.13,6928.38,0.59,22.1,11.7,43.2,41.3,14
2026-08-21T17:13:24Z,celmis-sandbox,0.03,45.78,3072.0,1.49,0.0,0.0,15.7,0.0,3
2026-08-21T17:13:24Z,celmis-qdrant,1.31,178.6,6928.38,2.58,0.04,0.03,71.3,0.0,25
2026-08-21T17:13:32Z,celmis-web,0.00,73.66,6928.38,1.06,0.12,0.27,9.84,0.0,12
2026-08-21T17:13:32Z,celmis-api,0.55,569.8,6928.38,8.22,5.2,5.23,19.2,125.0,27
2026-08-21T17:13:32Z,celmis-postgres,0.09,40.92,6928.38,0.59,22.1,11.7,43.2,41.3,14
2026-08-21T17:13:32Z,celmis-sandbox,0.02,45.78,3072.0,1.49,0.0,0.0,15.7,0.0,3
2026-08-21T17:13:32Z,celmis-qdrant,0.08,178.4,6928.38,2.57,0.04,0.03,71.3,0.0,25
2026-08-21T17:13:39Z,celmis-web,0.01,73.66,6928.38,1.06,0.12,0.27,9.84,0.0,12
2026-08-21T17:13:39Z,celmis-api,0.86,569.9,6928.38,8.23,5.23,5.27,19.2,125.0,27
2026-08-21T17:13:39Z,celmis-postgres,1.80,41.59,6928.38,0.60,22.1,11.7,43.2,41.3,14
2026-08-21T17:13:39Z,celmis-sandbox,0.03,45.78,3072.0,1.49,0.0,0.0,15.7,0.0,3
2026-08-21T17:13:39Z,celmis-qdrant,1.46,178.4,6928.38,2.57,0.04,0.03,71.3,0.0,25
2026-08-21T17:13:47Z,celmis-web,0.01,73.27,6928.38,1.06,0.12,0.27,9.84,0.0,12
2026-08-21T17:13:47Z,celmis-api,2.12,569.9,6928.38,8.23,5.24,5.27,19.2,125.0,27
2026-08-21T17:13:47Z,celmis-postgres,0.13,41.4,6928.38,0.60,22.1,11.7,43.2,41.3,14
2026-08-21T17:13:47Z,celmis-sandbox,0.03,45.78,3072.0,1.49,0.0,0.0,15.7,0.0,3
2026-08-21T17:13:47Z,celmis-qdrant,0.09,178.3,6928.38,2.57,0.04,0.03,71.3,0.0,25
2026-08-21T17:13:54Z,celmis-web,0.01,73.27,6928.38,1.06,0.12,0.27,9.84,0.0,12
2026-08-21T17:13:54Z,celmis-api,0.48,569.8,6928.38,8.22,5.24,5.3,19.2,125.0,27
2026-08-21T17:13:54Z,celmis-postgres,1.70,41.34,6928.38,0.60,22.1,11.7,43.2,41.3,14
2026-08-21T17:13:54Z,celmis-sandbox,0.02,45.95,3072.0,1.50,0.0,0.0,15.7,0.0,3
2026-08-21T17:13:54Z,celmis-qdrant,0.08,178.3,6928.38,2.57,0.04,0.03,71.3,0.0,25
2026-08-21T17:14:02Z,celmis-web,0.01,73.43,6928.38,1.06,0.12,0.27,9.84,0.0,12
2026-08-21T17:14:02Z,celmis-api,0.22,569.7,6928.38,8.22,5.24,5.3,19.2,125.0,27
2026-08-21T17:14:02Z,celmis-postgres,0.10,41.41,6928.38,0.60,22.1,11.7,43.2,41.3,14
2026-08-21T17:14:02Z,celmis-sandbox,0.02,45.95,3072.0,1.50,0.0,0.0,15.7,0.0,3
2026-08-21T17:14:02Z,celmis-qdrant,0.07,178.0,6928.38,2.57,0.04,0.03,71.3,0.0,25
2026-08-21T17:14:09Z,celmis-web,0.01,73.43,6928.38,1.06,0.12,0.27,9.84,0.0,12
2026-08-21T17:14:09Z,celmis-api,0.48,570.2,6928.38,8.23,5.26,5.32,19.2,125.0,22
2026-08-21T17:14:09Z,celmis-postgres,1.56,40.98,6928.38,0.59,22.2,11.7,43.2,41.3,14
2026-08-21T17:14:09Z,celmis-sandbox,0.03,45.95,3072.0,1.50,0.0,0.0,15.7,0.0,3
2026-08-21T17:14:09Z,celmis-qdrant,1.21,177.9,6928.38,2.57,0.04,0.03,71.3,0.0,25
2026-08-21T17:14:17Z,celmis-web,0.01,73.48,6928.38,1.06,0.12,0.27,9.84,0.0,12
2026-08-21T17:14:17Z,celmis-api,0.52,570.1,6928.38,8.23,5.26,5.32,19.2,125.0,22
2026-08-21T17:14:17Z,celmis-postgres,0.08,41.3,6928.38,0.60,22.2,11.7,43.2,41.3,14
2026-08-21T17:14:17Z,celmis-sandbox,0.03,45.95,3072.0,1.50,0.0,0.0,15.7,0.0,3
2026-08-21T17:14:17Z,celmis-qdrant,0.07,177.9,6928.38,2.57,0.04,0.03,71.3,0.0,25
2026-08-21T17:14:24Z,celmis-web,0.02,73.48,6928.38,1.06,0.12,0.27,9.84,0.0,12
2026-08-21T17:14:24Z,celmis-api,0.61,570.1,6928.38,8.23,5.26,5.32,19.2,125.0,22
2026-08-21T17:14:24Z,celmis-postgres,2.30,41.61,6928.38,0.60,22.2,11.7,43.2,41.5,14
2026-08-21T17:14:24Z,celmis-sandbox,0.04,45.87,3072.0,1.49,0.0,0.0,15.7,0.0,3
2026-08-21T17:14:24Z,celmis-qdrant,0.15,177.9,6928.38,2.57,0.04,0.03,71.3,0.0,25
2026-08-21T17:14:32Z,celmis-web,0.01,73.67,6928.38,1.06,0.12,0.27,9.84,0.0,12
2026-08-21T17:14:32Z,celmis-api,0.27,577.0,6928.38,8.33,5.26,5.33,19.2,154.0,22
2026-08-21T17:14:32Z,celmis-postgres,0.13,41.03,6928.38,0.59,22.2,11.7,43.2,41.5,14
2026-08-21T17:14:32Z,celmis-sandbox,0.03,45.87,3072.0,1.49,0.0,0.0,15.7,0.0,3
2026-08-21T17:14:32Z,celmis-qdrant,0.08,178.0,6928.38,2.57,0.04,0.03,71.3,0.0,25
2026-08-21T17:14:39Z,celmis-web,0.00,73.67,6928.38,1.06,0.12,0.27,9.84,0.0,12
2026-08-21T17:14:39Z,celmis-api,47.60,577.4,6928.38,8.33,5.26,5.33,19.2,183.0,22
2026-08-21T17:14:39Z,celmis-postgres,0.72,41.53,6928.38,0.60,22.2,11.7,43.2,41.5,14
2026-08-21T17:14:39Z,celmis-sandbox,0.01,45.87,3072.0,1.49,0.0,0.0,15.7,0.0,3
2026-08-21T17:14:39Z,celmis-qdrant,0.08,178.0,6928.38,2.57,0.04,0.03,71.3,0.0,25
2026-08-21T17:14:47Z,celmis-web,0.01,73.33,6928.38,1.06,0.12,0.27,9.84,0.0,12
2026-08-21T17:14:47Z,celmis-api,0.85,577.9,6928.38,8.34,5.33,5.4,19.2,183.0,22
2026-08-21T17:14:47Z,celmis-postgres,0.02,41.16,6928.38,0.59,22.2,11.8,43.2,41.5,14
2026-08-21T17:14:47Z,celmis-sandbox,0.03,45.87,3072.0,1.49,0.0,0.0,15.7,0.0,3
2026-08-21T17:14:47Z,celmis-qdrant,0.11,178.4,6928.38,2.58,0.04,0.03,71.3,0.0,25
2026-08-21T17:14:54Z,celmis-web,0.00,73.33,6928.38,1.06,0.12,0.27,9.84,0.0,12
2026-08-21T17:14:54Z,celmis-api,20.26,395.4,6928.38,5.71,5.36,5.41,19.2,183.0,21
2026-08-21T17:14:54Z,celmis-postgres,2.49,36.36,6928.38,0.52,22.2,11.8,43.2,41.5,11
2026-08-21T17:14:54Z,celmis-sandbox,0.01,45.79,3072.0,1.49,0.0,0.0,15.7,0.0,3
2026-08-21T17:14:54Z,celmis-qdrant,0.08,178.4,6928.38,2.58,0.04,0.03,71.3,0.0,25
2026-08-21T17:15:02Z,celmis-web,0.01,73.32,6928.38,1.06,0.12,0.27,9.84,0.0,12
2026-08-21T17:15:02Z,celmis-api,0.64,566.1,6928.38,8.17,5.48,5.45,19.2,184.0,26
2026-08-21T17:15:02Z,celmis-postgres,0.17,39.63,6928.38,0.57,22.2,11.8,43.2,41.5,13
2026-08-21T17:15:02Z,celmis-sandbox,0.03,45.79,3072.0,1.49,0.0,0.0,15.7,0.0,3
2026-08-21T17:15:02Z,celmis-qdrant,0.10,178.3,6928.38,2.57,0.04,0.03,71.3,0.0,25
2026-08-21T17:15:09Z,celmis-web,0.01,73.32,6928.38,1.06,0.12,0.27,9.84,0.0,12
2026-08-21T17:15:09Z,celmis-api,0.23,566.5,6928.38,8.18,5.5,5.46,19.2,184.0,27
2026-08-21T17:15:09Z,celmis-postgres,1.70,41.43,6928.38,0.60,22.2,11.8,43.2,41.6,14
2026-08-21T17:15:09Z,celmis-sandbox,0.03,45.79,3072.0,1.49,0.0,0.0,15.7,0.0,3
2026-08-21T17:15:09Z,celmis-qdrant,0.04,178.3,6928.38,2.57,0.04,0.03,71.3,0.0,25
2026-08-21T17:15:17Z,celmis-web,0.01,73.51,6928.38,1.06,0.12,0.27,9.84,0.0,12
2026-08-21T17:15:17Z,celmis-api,0.25,566.5,6928.38,8.18,5.5,5.46,19.2,184.0,27
2026-08-21T17:15:17Z,celmis-postgres,0.09,41.42,6928.38,0.60,22.2,11.8,43.2,41.6,14
2026-08-21T17:15:17Z,celmis-sandbox,0.02,45.79,3072.0,1.49,0.0,0.0,15.7,0.0,3
2026-08-21T17:15:17Z,celmis-qdrant,0.08,178.2,6928.38,2.57,0.04,0.03,71.3,0.0,25
2026-08-21T17:15:24Z,celmis-web,0.00,73.51,6928.38,1.06,0.12,0.27,9.84,0.0,12
2026-08-21T17:15:24Z,celmis-api,0.51,566.7,6928.38,8.18,5.5,5.46,19.2,184.0,27
2026-08-21T17:15:24Z,celmis-postgres,1.74,41.52,6928.38,0.60,22.2,11.8,43.2,41.6,14
2026-08-21T17:15:24Z,celmis-sandbox,0.03,45.97,3072.0,1.50,0.0,0.0,15.7,0.0,3
2026-08-21T17:15:24Z,celmis-qdrant,0.06,178.2,6928.38,2.57,0.04,0.03,71.3,0.0,25
2026-08-21T17:15:32Z,celmis-web,0.00,73.19,6928.38,1.06,0.12,0.27,9.84,0.0,12
2026-08-21T17:15:32Z,celmis-api,0.21,566.7,6928.38,8.18,5.51,5.47,19.2,184.0,27
2026-08-21T17:15:32Z,celmis-postgres,0.04,41.25,6928.38,0.60,22.2,11.8,43.2,41.6,14
2026-08-21T17:15:32Z,celmis-sandbox,0.02,45.97,3072.0,1.50,0.0,0.0,15.7,0.0,3
2026-08-21T17:15:32Z,celmis-qdrant,0.06,177.9,6928.38,2.57,0.04,0.03,71.3,0.0,25
2026-08-21T17:15:38Z,celmis-web,0.01,73.19,6928.38,1.06,0.12,0.27,9.84,0.0,12
2026-08-21T17:15:38Z,celmis-api,0.24,566.7,6928.38,8.18,5.52,5.47,19.2,184.0,27
2026-08-21T17:15:38Z,celmis-postgres,0.00,41.68,6928.38,0.60,22.2,11.8,43.2,41.6,14
2026-08-21T17:15:38Z,celmis-sandbox,0.04,45.97,3072.0,1.50,0.0,0.0,15.7,0.0,3
2026-08-21T17:15:38Z,celmis-qdrant,0.07,177.9,6928.38,2.57,0.04,0.03,71.3,0.0,25
2026-08-21T17:15:46Z,celmis-web,0.00,73.21,6928.38,1.06,0.12,0.27,9.84,0.0,12
2026-08-21T17:15:46Z,celmis-api,0.28,566.7,6928.38,8.18,5.52,5.47,19.2,184.0,27
2026-08-21T17:15:46Z,celmis-postgres,1.79,41.42,6928.38,0.60,22.2,11.8,43.2,41.6,14
2026-08-21T17:15:46Z,celmis-sandbox,0.03,45.97,3072.0,1.50,0.0,0.0,15.7,0.0,3
2026-08-21T17:15:46Z,celmis-qdrant,0.09,178.0,6928.38,2.57,0.04,0.03,71.3,0.0,25
2026-08-21T17:15:53Z,celmis-web,0.00,73.21,6928.38,1.06,0.12,0.27,9.84,0.0,12
2026-08-21T17:15:53Z,celmis-api,3.07,566.7,6928.38,8.18,5.56,5.48,19.2,184.0,22
2026-08-21T17:15:53Z,celmis-postgres,0.14,40.98,6928.38,0.59,22.2,11.8,43.2,41.6,14
2026-08-21T17:15:53Z,celmis-sandbox,0.03,46.11,3072.0,1.50,0.0,0.0,15.7,0.0,3
2026-08-21T17:15:53Z,celmis-qdrant,0.09,178.0,6928.38,2.57,0.04,0.03,71.3,0.0,25
2026-08-21T17:16:01Z,celmis-web,0.00,73.39,6928.38,1.06,0.12,0.27,9.84,0.0,12
2026-08-21T17:16:01Z,celmis-api,53.77,574.1,6928.38,8.29,5.57,5.49,19.2,198.0,22
2026-08-21T17:16:01Z,celmis-postgres,0.11,41.21,6928.38,0.59,22.3,11.8,43.2,41.7,14
2026-08-21T17:16:01Z,celmis-sandbox,0.01,46.11,3072.0,1.50,0.0,0.0,15.7,0.0,3
2026-08-21T17:16:01Z,celmis-qdrant,0.09,177.9,6928.38,2.57,0.04,0.03,71.3,0.0,25
2026-08-21T17:16:08Z,celmis-web,0.01,73.39,6928.38,1.06,0.12,0.27,9.84,0.0,12
2026-08-21T17:16:08Z,celmis-api,0.32,574.0,6928.38,8.28,5.57,5.49,19.2,213.0,22
2026-08-21T17:16:08Z,celmis-postgres,0.71,41.37,6928.38,0.60,22.3,11.8,43.2,41.7,14
2026-08-21T17:16:08Z,celmis-sandbox,0.02,46.11,3072.0,1.50,0.0,0.0,15.7,0.0,3
2026-08-21T17:16:08Z,celmis-qdrant,0.08,177.9,6928.38,2.57,0.04,0.03,71.3,0.0,25
2026-08-21T17:16:16Z,celmis-web,0.01,73.63,6928.38,1.06,0.12,0.27,9.84,0.0,12
2026-08-21T17:16:16Z,celmis-api,49.66,552.2,6928.38,7.97,5.62,5.53,19.2,213.0,21
2026-08-21T17:16:16Z,celmis-postgres,0.38,35.87,6928.38,0.52,22.3,11.8,43.2,41.7,11
2026-08-21T17:16:16Z,celmis-sandbox,0.03,46.11,3072.0,1.50,0.0,0.0,15.7,0.0,3
2026-08-21T17:16:16Z,celmis-qdrant,0.07,178.1,6928.38,2.57,0.04,0.03,71.3,0.0,25
2026-08-21T17:16:23Z,celmis-web,0.01,73.63,6928.38,1.06,0.12,0.27,9.84,0.0,12
2026-08-21T17:16:23Z,celmis-api,0.28,566.3,6928.38,8.17,5.8,5.66,19.2,213.0,26
2026-08-21T17:16:23Z,celmis-postgres,0.00,39.75,6928.38,0.57,22.3,11.8,43.2,41.7,13
2026-08-21T17:16:23Z,celmis-sandbox,0.06,45.77,3072.0,1.49,0.0,0.0,15.7,0.0,3
2026-08-21T17:16:23Z,celmis-qdrant,0.15,178.1,6928.38,2.57,0.04,0.03,71.3,0.0,25
2026-08-21T17:16:31Z,celmis-web,0.01,73.43,6928.38,1.06,0.12,0.27,9.84,0.0,12
2026-08-21T17:16:31Z,celmis-api,0.22,566.2,6928.38,8.17,5.8,5.66,19.2,213.0,26
2026-08-21T17:16:31Z,celmis-postgres,0.00,39.9,6928.38,0.58,22.3,11.8,43.2,41.7,13
2026-08-21T17:16:31Z,celmis-sandbox,0.03,45.77,3072.0,1.49,0.0,0.0,15.7,0.0,3
2026-08-21T17:16:31Z,celmis-qdrant,0.05,178.0,6928.38,2.57,0.04,0.03,71.3,0.0,25
2026-08-21T17:16:38Z,celmis-web,0.00,73.43,6928.38,1.06,0.12,0.27,9.84,0.0,12
2026-08-21T17:16:38Z,celmis-api,0.26,569.4,6928.38,8.22,5.82,5.74,19.2,213.0,27
2026-08-21T17:16:38Z,celmis-postgres,0.90,41.32,6928.38,0.60,22.3,11.9,43.2,41.7,14
2026-08-21T17:16:38Z,celmis-sandbox,0.03,45.77,3072.0,1.49,0.0,0.0,15.7,0.0,3
2026-08-21T17:16:38Z,celmis-qdrant,0.11,178.0,6928.38,2.57,0.04,0.03,71.3,0.0,25
2026-08-21T17:16:46Z,celmis-web,0.01,73.5,6928.38,1.06,0.12,0.27,9.84,0.0,12
2026-08-21T17:16:46Z,celmis-api,0.24,569.4,6928.38,8.22,5.82,5.74,19.2,213.0,27
2026-08-21T17:16:46Z,celmis-postgres,1.72,41.41,6928.38,0.60,22.3,11.9,43.2,41.7,14
2026-08-21T17:16:46Z,celmis-sandbox,0.02,45.77,3072.0,1.49,0.0,0.0,15.7,0.0,3
2026-08-21T17:16:46Z,celmis-qdrant,0.09,178.4,6928.38,2.57,0.04,0.03,71.3,0.0,25
2026-08-21T17:16:53Z,celmis-web,0.00,73.5,6928.38,1.06,0.12,0.27,9.84,0.0,12
2026-08-21T17:16:53Z,celmis-api,0.51,569.9,6928.38,8.23,5.84,5.74,19.2,213.0,27
2026-08-21T17:16:53Z,celmis-postgres,0.00,41.15,6928.38,0.59,22.3,11.9,43.2,41.7,14
2026-08-21T17:16:53Z,celmis-sandbox,0.02,45.88,3072.0,1.49,0.0,0.0,15.7,0.0,3
2026-08-21T17:16:53Z,celmis-qdrant,0.10,178.4,6928.38,2.57,0.04,0.03,71.3,0.0,25
2026-08-21T17:17:01Z,celmis-web,0.01,73.82,6928.38,1.07,0.12,0.27,9.84,0.0,12
2026-08-21T17:17:01Z,celmis-api,0.24,569.8,6928.38,8.22,5.85,5.75,19.2,213.0,27
2026-08-21T17:17:01Z,celmis-postgres,0.02,41.69,6928.38,0.60,22.3,11.9,43.2,41.7,14
2026-08-21T17:17:01Z,celmis-sandbox,0.02,45.88,3072.0,1.49,0.0,0.0,15.7,0.0,3
2026-08-21T17:17:01Z,celmis-qdrant,0.07,178.3,6928.38,2.57,0.04,0.03,71.3,0.0,25
2026-08-21T17:17:08Z,celmis-web,0.01,73.82,6928.38,1.07,0.12,0.27,9.84,0.0,12
2026-08-21T17:17:08Z,celmis-api,2.15,569.5,6928.38,8.22,5.85,5.75,19.2,213.0,27
2026-08-21T17:17:08Z,celmis-postgres,0.12,41.38,6928.38,0.60,22.3,11.9,43.2,41.7,14
2026-08-21T17:17:08Z,celmis-sandbox,0.03,45.88,3072.0,1.49,0.0,0.0,15.7,0.0,3
2026-08-21T17:17:08Z,celmis-qdrant,0.07,178.3,6928.38,2.57,0.04,0.03,71.3,0.0,25
2026-08-21T17:17:16Z,celmis-web,0.01,73.51,6928.38,1.06,0.12,0.27,9.84,0.0,12
2026-08-21T17:17:16Z,celmis-api,0.26,569.5,6928.38,8.22,5.85,5.75,19.2,213.0,27
2026-08-21T17:17:16Z,celmis-postgres,0.00,41.23,6928.38,0.60,22.3,11.9,43.2,41.7,14
2026-08-21T17:17:16Z,celmis-sandbox,0.02,45.88,3072.0,1.49,0.0,0.0,15.7,0.0,3
2026-08-21T17:17:16Z,celmis-qdrant,0.07,178.2,6928.38,2.57,0.04,0.03,71.3,0.0,25
2026-08-21T17:17:24Z,celmis-web,0.01,73.51,6928.38,1.06,0.12,0.27,9.84,0.0,12
2026-08-21T17:17:24Z,celmis-api,0.30,569.8,6928.38,8.22,5.85,5.75,19.2,213.0,27
2026-08-21T17:17:24Z,celmis-postgres,0.00,40.95,6928.38,0.59,22.3,11.9,43.2,41.7,14
2026-08-21T17:17:24Z,celmis-sandbox,0.02,46.05,3072.0,1.50,0.0,0.0,15.7,0.0,3
2026-08-21T17:17:24Z,celmis-qdrant,0.12,178.2,6928.38,2.57,0.04,0.03,71.3,0.0,25
2026-08-21T17:17:31Z,celmis-web,0.01,73.55,6928.38,1.06,0.12,0.27,9.84,0.0,12
2026-08-21T17:17:31Z,celmis-api,0.26,569.9,6928.38,8.22,5.89,5.76,19.2,213.0,22
2026-08-21T17:17:31Z,celmis-postgres,1.67,41.32,6928.38,0.60,22.3,11.9,43.2,41.8,14
2026-08-21T17:17:31Z,celmis-sandbox,0.03,46.05,3072.0,1.50,0.0,0.0,15.7,0.0,3
2026-08-21T17:17:31Z,celmis-qdrant,0.07,178.1,6928.38,2.57,0.04,0.03,71.3,0.0,25
2026-08-21T17:17:38Z,celmis-web,0.01,73.55,6928.38,1.06,0.12,0.27,9.84,0.0,12
2026-08-21T17:17:38Z,celmis-api,41.24,615.4,6928.38,8.88,5.89,5.77,19.2,213.0,23
2026-08-21T17:17:38Z,celmis-postgres,0.10,41.5,6928.38,0.60,22.3,11.9,43.2,41.8,14
2026-08-21T17:17:38Z,celmis-sandbox,0.02,46.05,3072.0,1.50,0.0,0.0,15.7,0.0,3
2026-08-21T17:17:38Z,celmis-qdrant,0.07,178.1,6928.38,2.57,0.04,0.03,71.3,0.0,25
2026-08-21T17:17:46Z,celmis-web,0.01,73.31,6928.38,1.06,0.12,0.27,9.84,0.0,12
2026-08-21T17:17:46Z,celmis-api,0.25,814.2,6928.38,11.75,6.03,5.79,19.2,213.0,23
2026-08-21T17:17:46Z,celmis-postgres,0.00,44.94,6928.38,0.65,22.3,11.9,43.2,41.8,16
2026-08-21T17:17:46Z,celmis-sandbox,0.03,46.05,3072.0,1.50,0.0,0.0,15.7,0.0,3
2026-08-21T17:17:46Z,celmis-qdrant,0.12,178.0,6928.38,2.57,0.04,0.03,71.3,0.0,25
2026-08-21T17:17:54Z,celmis-web,0.01,73.31,6928.38,1.06,0.12,0.27,9.84,0.0,12
2026-08-21T17:17:54Z,celmis-api,0.47,814.4,6928.38,11.75,6.04,5.79,19.2,213.0,23
2026-08-21T17:17:54Z,celmis-postgres,0.02,44.96,6928.38,0.65,22.3,11.9,43.2,41.8,16
2026-08-21T17:17:54Z,celmis-sandbox,0.03,45.97,3072.0,1.50,0.0,0.0,15.7,0.0,3
2026-08-21T17:17:54Z,celmis-qdrant,0.14,178.0,6928.38,2.57,0.04,0.03,71.3,0.0,25
2026-08-21T17:18:01Z,celmis-web,0.01,73.02,6928.38,1.05,0.12,0.27,9.84,0.0,12
2026-08-21T17:18:01Z,celmis-api,0.37,821.5,6928.38,11.86,6.05,5.81,19.2,228.0,24
2026-08-21T17:18:01Z,celmis-postgres,1.03,46.44,6928.38,0.67,22.3,11.9,43.2,41.8,17
2026-08-21T17:18:01Z,celmis-sandbox,0.03,45.97,3072.0,1.50,0.0,0.0,15.7,0.0,3
2026-08-21T17:18:01Z,celmis-qdrant,0.13,177.9,6928.38,2.57,0.04,0.03,71.3,0.0,25
2026-08-21T17:18:08Z,celmis-web,0.01,73.02,6928.38,1.05,0.12,0.27,9.84,0.0,12
2026-08-21T17:18:08Z,celmis-api,0.33,821.7,6928.38,11.86,6.06,5.81,19.2,257.0,24
2026-08-21T17:18:08Z,celmis-postgres,0.49,46.82,6928.38,0.68,22.3,11.9,43.2,41.8,17
2026-08-21T17:18:08Z,celmis-sandbox,0.04,45.97,3072.0,1.50,0.0,0.0,15.7,0.0,3
2026-08-21T17:18:08Z,celmis-qdrant,0.14,177.9,6928.38,2.57,0.04,0.03,71.3,0.0,25
2026-08-21T17:18:16Z,celmis-web,0.00,73.44,6928.38,1.06,0.12,0.27,9.84,0.0,12
2026-08-21T17:18:16Z,celmis-api,9.21,622.3,6928.38,8.98,6.21,5.92,19.2,257.0,23
2026-08-21T17:18:16Z,celmis-postgres,2.18,44.91,6928.38,0.65,22.5,12.0,43.2,41.8,16
2026-08-21T17:18:16Z,celmis-sandbox,0.01,45.97,3072.0,1.50,0.0,0.0,15.7,0.0,3
2026-08-21T17:18:16Z,celmis-qdrant,0.08,178.1,6928.38,2.57,0.04,0.03,71.3,0.0,25
2026-08-21T17:18:24Z,celmis-web,0.01,73.44,6928.38,1.06,0.12,0.27,9.84,0.0,12
2026-08-21T17:18:24Z,celmis-api,0.26,811.3,6928.38,11.71,6.34,6.0,19.2,257.0,28
2026-08-21T17:18:24Z,celmis-postgres,0.00,45.16,6928.38,0.65,22.5,12.0,43.2,41.8,16
2026-08-21T17:18:24Z,celmis-sandbox,0.03,45.85,3072.0,1.49,0.0,0.0,15.7,0.0,3
2026-08-21T17:18:24Z,celmis-qdrant,0.15,178.1,6928.38,2.57,0.04,0.03,71.3,0.0,25
2026-08-21T17:18:31Z,celmis-web,0.01,73.32,6928.38,1.06,0.12,0.27,9.84,0.0,12
2026-08-21T17:18:31Z,celmis-api,0.25,566.4,6928.38,8.17,6.35,6.0,19.2,257.0,26
2026-08-21T17:18:31Z,celmis-postgres,1.89,39.4,6928.38,0.57,22.5,12.0,43.2,41.8,13
2026-08-21T17:18:31Z,celmis-sandbox,0.02,45.85,3072.0,1.49,0.0,0.0,15.7,0.0,3
2026-08-21T17:18:31Z,celmis-qdrant,0.06,178.2,6928.38,2.57,0.04,0.03,71.3,0.0,25
2026-08-21T17:18:38Z,celmis-web,0.01,73.32,6928.38,1.06,0.12,0.27,9.84,0.0,12
2026-08-21T17:18:38Z,celmis-api,0.23,566.4,6928.38,8.18,6.35,6.0,19.2,257.0,26
2026-08-21T17:18:38Z,celmis-postgres,0.04,39.39,6928.38,0.57,22.5,12.0,43.2,41.8,13
2026-08-21T17:18:38Z,celmis-sandbox,0.03,45.85,3072.0,1.49,0.0,0.0,15.7,0.0,3
2026-08-21T17:18:38Z,celmis-qdrant,0.10,178.2,6928.38,2.57,0.04,0.03,71.3,0.0,25
2026-08-21T17:18:46Z,celmis-web,0.01,73.64,6928.38,1.06,0.12,0.27,9.84,0.0,12
2026-08-21T17:18:46Z,celmis-api,4.60,566.9,6928.38,8.18,6.37,6.03,19.2,257.0,27
2026-08-21T17:18:46Z,celmis-postgres,2.34,40.88,6928.38,0.59,22.5,12.0,43.2,41.9,14
2026-08-21T17:18:46Z,celmis-sandbox,0.02,45.85,3072.0,1.49,0.0,0.0,15.7,0.0,3
2026-08-21T17:18:46Z,celmis-qdrant,0.09,178.1,6928.38,2.57,0.04,0.03,71.3,0.0,25
2026-08-21T17:18:54Z,celmis-web,0.01,73.64,6928.38,1.06,0.12,0.27,9.84,0.0,12
2026-08-21T17:18:54Z,celmis-api,0.53,811.4,6928.38,11.71,6.54,6.05,19.2,257.0,28
2026-08-21T17:18:54Z,celmis-postgres,0.03,45.09,6928.38,0.65,22.5,12.0,43.2,41.9,16
2026-08-21T17:18:54Z,celmis-sandbox,0.04,46.28,3072.0,1.51,0.0,0.0,15.7,0.0,3
2026-08-21T17:18:54Z,celmis-qdrant,0.19,178.1,6928.38,2.57,0.04,0.03,71.3,0.0,25
2026-08-21T17:19:01Z,celmis-web,0.01,73.56,6928.38,1.06,0.12,0.27,9.84,0.0,12
2026-08-21T17:19:01Z,celmis-api,0.21,811.4,6928.38,11.71,6.57,6.06,19.2,257.0,28
2026-08-21T17:19:01Z,celmis-postgres,1.83,45.1,6928.38,0.65,22.5,12.0,43.2,41.9,16
2026-08-21T17:19:01Z,celmis-sandbox,0.04,46.28,3072.0,1.51,0.0,0.0,15.7,0.0,3
2026-08-21T17:19:01Z,celmis-qdrant,0.07,178.4,6928.38,2.57,0.04,0.03,71.3,0.0,25
2026-08-21T17:19:08Z,celmis-web,0.01,73.56,6928.38,1.06,0.12,0.27,9.84,0.0,12
2026-08-21T17:19:08Z,celmis-api,0.29,811.7,6928.38,11.71,6.59,6.08,19.2,257.0,24
2026-08-21T17:19:08Z,celmis-postgres,0.70,46.72,6928.38,0.67,22.5,12.0,43.2,41.9,17
2026-08-21T17:19:08Z,celmis-sandbox,0.03,46.28,3072.0,1.51,0.0,0.0,15.7,0.0,3
2026-08-21T17:19:08Z,celmis-qdrant,0.11,178.4,6928.38,2.57,0.04,0.03,71.3,0.0,25
2026-08-21T17:19:16Z,celmis-web,0.01,73.98,6928.38,1.07,0.12,0.27,9.84,0.0,12
2026-08-21T17:19:16Z,celmis-api,0.27,811.7,6928.38,11.71,6.59,6.08,19.2,257.0,24
2026-08-21T17:19:16Z,celmis-postgres,1.89,46.63,6928.38,0.67,22.5,12.0,43.2,41.9,17
2026-08-21T17:19:16Z,celmis-sandbox,0.03,46.28,3072.0,1.51,0.0,0.0,15.7,0.0,3
2026-08-21T17:19:16Z,celmis-qdrant,0.15,178.3,6928.38,2.57,0.04,0.03,71.3,0.0,25
2026-08-21T17:19:24Z,celmis-web,0.01,73.88,6928.38,1.07,0.12,0.27,9.84,0.0,12
2026-08-21T17:19:24Z,celmis-api,0.27,811.9,6928.38,11.72,6.59,6.08,19.2,257.0,24
2026-08-21T17:19:24Z,celmis-postgres,0.47,46.84,6928.38,0.68,22.5,12.0,43.2,42.1,17
2026-08-21T17:19:24Z,celmis-sandbox,0.03,46.2,3072.0,1.50,0.0,0.0,15.7,0.0,3
2026-08-21T17:19:24Z,celmis-qdrant,0.17,178.3,6928.38,2.57,0.04,0.03,71.3,0.0,25
2026-08-21T17:19:31Z,celmis-web,0.00,73.66,6928.38,1.06,0.12,0.27,9.84,0.0,12
2026-08-21T17:19:31Z,celmis-api,7.53,812.3,6928.38,11.72,6.62,6.11,19.2,257.0,24
2026-08-21T17:19:31Z,celmis-postgres,4.10,48.16,6928.38,0.70,22.5,12.1,43.2,42.2,18
2026-08-21T17:19:31Z,celmis-sandbox,0.03,46.2,3072.0,1.50,0.0,0.0,15.7,0.0,3
2026-08-21T17:19:31Z,celmis-qdrant,0.12,178.4,6928.38,2.58,0.04,0.03,71.3,0.0,25
2026-08-21T17:19:38Z,celmis-web,0.00,73.66,6928.38,1.06,0.12,0.27,9.84,0.0,12
2026-08-21T17:19:38Z,celmis-api,77.96,694.3,6928.38,10.02,6.8,6.15,19.2,257.0,28
2026-08-21T17:19:38Z,celmis-postgres,0.01,45.04,6928.38,0.65,22.5,12.1,43.2,42.2,16
2026-08-21T17:19:38Z,celmis-sandbox,0.01,46.2,3072.0,1.50,0.0,0.0,15.7,0.0,3
2026-08-21T17:19:38Z,celmis-qdrant,0.03,178.4,6928.38,2.58,0.04,0.03,71.3,0.0,25
2026-08-21T17:19:46Z,celmis-web,0.00,73.4,6928.38,1.06,0.12,0.27,9.84,0.0,12
2026-08-21T17:19:46Z,celmis-api,0.38,811.4,6928.38,11.71,6.83,6.23,19.2,257.0,28
2026-08-21T17:19:46Z,celmis-postgres,1.57,44.98,6928.38,0.65,22.6,12.1,43.2,42.2,16
2026-08-21T17:19:46Z,celmis-sandbox,0.04,46.2,3072.0,1.50,0.0,0.0,15.7,0.0,3
2026-08-21T17:19:46Z,celmis-qdrant,0.16,178.3,6928.38,2.57,0.04,0.03,71.3,0.0,25
2026-08-21T17:19:54Z,celmis-web,0.01,73.22,6928.38,1.06,0.12,0.27,9.84,0.0,12
2026-08-21T17:19:54Z,celmis-api,0.46,811.5,6928.38,11.71,6.84,6.24,19.2,257.0,28
2026-08-21T17:19:54Z,celmis-postgres,0.04,44.59,6928.38,0.64,22.6,12.1,43.2,42.2,16
2026-08-21T17:19:54Z,celmis-sandbox,0.04,46.12,3072.0,1.50,0.0,0.0,15.7,0.0,3
2026-08-21T17:19:54Z,celmis-qdrant,0.11,178.3,6928.38,2.57,0.04,0.03,71.3,0.0,25
2026-08-21T17:20:01Z,celmis-web,0.01,73.52,6928.38,1.06,0.12,0.27,9.84,0.0,12
2026-08-21T17:20:01Z,celmis-api,0.29,814.2,6928.38,11.75,6.84,6.27,19.2,257.0,28
2026-08-21T17:20:01Z,celmis-postgres,0.00,44.82,6928.38,0.65,22.6,12.1,43.2,42.2,16
2026-08-21T17:20:01Z,celmis-sandbox,0.03,46.12,3072.0,1.50,0.0,0.0,15.7,0.0,3
2026-08-21T17:20:01Z,celmis-qdrant,0.09,178.0,6928.38,2.57,0.04,0.03,71.3,0.0,25
2026-08-21T17:20:08Z,celmis-web,0.01,73.52,6928.38,1.06,0.12,0.27,9.84,0.0,12
2026-08-21T17:20:08Z,celmis-api,0.29,814.6,6928.38,11.76,6.86,6.28,19.2,258.0,28
2026-08-21T17:20:08Z,celmis-postgres,0.93,44.94,6928.38,0.65,22.6,12.1,43.2,42.2,16
2026-08-21T17:20:08Z,celmis-sandbox,0.03,46.12,3072.0,1.50,0.0,0.0,15.7,0.0,3
2026-08-21T17:20:08Z,celmis-qdrant,0.09,178.0,6928.38,2.57,0.04,0.03,71.3,0.0,25
2026-08-21T17:20:16Z,celmis-web,0.01,73.51,6928.38,1.06,0.12,0.27,9.84,0.0,12
2026-08-21T17:20:16Z,celmis-api,0.31,814.6,6928.38,11.76,6.86,6.28,19.2,258.0,28
2026-08-21T17:20:16Z,celmis-postgres,0.03,44.88,6928.38,0.65,22.6,12.1,43.2,42.2,16
2026-08-21T17:20:16Z,celmis-sandbox,0.03,46.12,3072.0,1.50,0.0,0.0,15.7,0.0,3
2026-08-21T17:20:16Z,celmis-qdrant,0.11,178.1,6928.38,2.57,0.04,0.03,71.3,0.0,25
2026-08-21T17:20:24Z,celmis-web,0.01,73.5,6928.38,1.06,0.12,0.27,9.84,0.0,12
2026-08-21T17:20:24Z,celmis-api,1.03,815.0,6928.38,11.76,6.9,6.31,19.2,258.0,29
2026-08-21T17:20:24Z,celmis-postgres,0.06,46.61,6928.38,0.67,22.6,12.1,43.2,42.2,17
2026-08-21T17:20:24Z,celmis-sandbox,0.03,46.28,3072.0,1.51,0.0,0.0,15.7,0.0,3
2026-08-21T17:20:24Z,celmis-qdrant,0.15,178.1,6928.38,2.57,0.04,0.03,71.3,0.0,25
2026-08-21T17:20:31Z,celmis-web,0.01,73.51,6928.38,1.06,0.12,0.27,9.84,0.0,12
2026-08-21T17:20:31Z,celmis-api,0.25,814.9,6928.38,11.76,6.92,6.32,19.2,258.0,29
2026-08-21T17:20:31Z,celmis-postgres,0.19,46.74,6928.38,0.67,22.6,12.1,43.2,42.3,17
2026-08-21T17:20:31Z,celmis-sandbox,0.02,46.28,3072.0,1.51,0.0,0.0,15.7,0.0,3
2026-08-21T17:20:31Z,celmis-qdrant,0.13,178.0,6928.38,2.57,0.04,0.03,71.3,0.0,25
2026-08-21T17:20:38Z,celmis-web,0.01,73.51,6928.38,1.06,0.12,0.27,9.84,0.0,12
2026-08-21T17:20:38Z,celmis-api,2.57,815.2,6928.38,11.77,6.94,6.32,19.2,258.0,29
2026-08-21T17:20:38Z,celmis-postgres,0.03,46.93,6928.38,0.68,22.6,12.1,43.2,42.3,17
2026-08-21T17:20:38Z,celmis-sandbox,0.03,46.28,3072.0,1.51,0.0,0.0,15.7,0.0,3
2026-08-21T17:20:38Z,celmis-qdrant,0.12,178.0,6928.38,2.57,0.04,0.03,71.3,0.0,25
2026-08-21T17:20:46Z,celmis-web,0.01,73.66,6928.38,1.06,0.12,0.27,9.84,0.0,12
2026-08-21T17:20:46Z,celmis-api,0.28,815.3,6928.38,11.77,6.95,6.33,19.2,258.0,29
2026-08-21T17:20:46Z,celmis-postgres,0.00,46.92,6928.38,0.68,22.6,12.1,43.2,42.3,17
2026-08-21T17:20:46Z,celmis-sandbox,0.04,46.28,3072.0,1.51,0.0,0.0,15.7,0.0,3
2026-08-21T17:20:46Z,celmis-qdrant,0.19,177.9,6928.38,2.57,0.04,0.03,71.3,0.0,25
2026-08-21T17:20:54Z,celmis-web,0.01,73.61,6928.38,1.06,0.12,0.27,9.84,0.0,12
2026-08-21T17:20:54Z,celmis-api,1.98,815.1,6928.38,11.76,6.95,6.34,19.2,258.0,29
2026-08-21T17:20:54Z,celmis-postgres,0.03,46.75,6928.38,0.67,22.6,12.1,43.2,42.3,17
2026-08-21T17:20:54Z,celmis-sandbox,0.05,46.45,3072.0,1.51,0.0,0.0,15.7,0.0,3
2026-08-21T17:20:54Z,celmis-qdrant,0.15,177.9,6928.38,2.57,0.04,0.03,71.3,0.0,25
2026-08-21T17:21:01Z,celmis-web,0.01,73.42,6928.38,1.06,0.12,0.27,9.84,0.0,12
2026-08-21T17:21:01Z,celmis-api,0.25,815.6,6928.38,11.77,7.01,6.35,19.2,258.0,24
2026-08-21T17:21:01Z,celmis-postgres,0.03,46.86,6928.38,0.68,22.6,12.1,43.2,42.3,17
2026-08-21T17:21:01Z,celmis-sandbox,0.03,46.45,3072.0,1.51,0.0,0.0,15.7,0.0,3
2026-08-21T17:21:01Z,celmis-qdrant,0.10,178.1,6928.38,2.57,0.04,0.03,71.3,0.0,25
2026-08-21T17:21:08Z,celmis-web,0.00,73.42,6928.38,1.06,0.12,0.27,9.84,0.0,12
2026-08-21T17:21:08Z,celmis-api,46.25,864.9,6928.38,12.48,7.02,6.36,19.2,258.0,25
2026-08-21T17:21:08Z,celmis-postgres,1.36,46.79,6928.38,0.68,22.6,12.1,43.2,42.3,17
2026-08-21T17:21:08Z,celmis-sandbox,0.03,46.45,3072.0,1.51,0.0,0.0,15.7,0.0,3
2026-08-21T17:21:08Z,celmis-qdrant,0.09,178.1,6928.38,2.57,0.04,0.03,71.3,0.0,25
2026-08-21T17:21:16Z,celmis-web,0.01,73.69,6928.38,1.06,0.12,0.27,9.84,0.0,12
2026-08-21T17:21:16Z,celmis-api,0.30,1063.94,6928.38,15.35,7.16,6.39,19.2,258.0,25
2026-08-21T17:21:16Z,celmis-postgres,0.04,50.26,6928.38,0.73,22.6,12.1,43.2,42.3,19
2026-08-21T17:21:16Z,celmis-sandbox,0.03,46.45,3072.0,1.51,0.0,0.0,15.7,0.0,3
2026-08-21T17:21:16Z,celmis-qdrant,0.12,178.0,6928.38,2.57,0.04,0.03,71.3,0.0,25
2026-08-21T17:21:24Z,celmis-web,0.01,73.48,6928.38,1.06,0.12,0.27,9.84,0.0,12
2026-08-21T17:21:24Z,celmis-api,3.54,1072.13,6928.38,15.48,7.17,6.4,25.2,258.0,25
2026-08-21T17:21:24Z,celmis-postgres,0.00,50.26,6928.38,0.73,22.6,12.1,43.2,42.3,19
2026-08-21T17:21:24Z,celmis-sandbox,0.04,48.61,3072.0,1.58,0.0,0.0,18.0,0.0,3
2026-08-21T17:21:24Z,celmis-qdrant,0.14,178.0,6928.38,2.57,0.04,0.03,71.3,0.0,25
2026-08-21T17:21:31Z,celmis-web,0.00,73.54,6928.38,1.06,0.12,0.27,9.84,0.0,12
2026-08-21T17:21:31Z,celmis-api,0.72,1073.15,6928.38,15.48,7.21,6.43,25.2,258.0,25
2026-08-21T17:21:31Z,celmis-postgres,0.07,50.64,6928.38,0.73,22.6,12.2,43.2,42.3,19
2026-08-21T17:21:31Z,celmis-sandbox,0.03,48.4,3072.0,1.58,0.0,0.0,18.0,0.0,3
2026-08-21T17:21:31Z,celmis-qdrant,0.17,178.1,6928.38,2.57,0.04,0.03,71.3,0.0,25
2026-08-21T17:21:38Z,celmis-web,0.01,73.51,6928.38,1.06,0.12,0.27,9.84,0.0,12
2026-08-21T17:21:38Z,celmis-api,0.26,1069.06,6928.38,15.42,7.38,6.54,25.2,258.0,29
2026-08-21T17:21:38Z,celmis-postgres,0.03,48.75,6928.38,0.70,22.6,12.2,43.2,42.3,18
2026-08-21T17:21:38Z,celmis-sandbox,0.03,48.4,3072.0,1.58,0.0,0.0,18.0,0.0,3
2026-08-21T17:21:38Z,celmis-qdrant,0.10,178.1,6928.38,2.57,0.04,0.03,71.3,0.0,25
2026-08-21T17:21:46Z,celmis-web,0.00,73.81,6928.38,1.07,0.12,0.27,9.84,0.0,12
2026-08-21T17:21:46Z,celmis-api,2.96,1069.06,6928.38,15.43,7.39,6.57,25.2,258.0,30
2026-08-21T17:21:46Z,celmis-postgres,0.67,50.73,6928.38,0.73,22.6,12.2,43.2,42.4,19
2026-08-21T17:21:46Z,celmis-sandbox,0.04,48.4,3072.0,1.58,0.0,0.0,18.0,0.0,3
2026-08-21T17:21:46Z,celmis-qdrant,0.13,178.0,6928.38,2.57,0.04,0.03,71.3,0.0,25
2026-08-21T17:21:54Z,celmis-web,0.01,73.54,6928.38,1.06,0.12,0.27,9.84,0.0,12
2026-08-21T17:21:54Z,celmis-api,2.59,1069.06,6928.38,15.44,7.39,6.57,25.2,258.0,30
2026-08-21T17:21:54Z,celmis-postgres,0.02,50.81,6928.38,0.73,22.6,12.2,43.2,42.4,19
2026-08-21T17:21:54Z,celmis-sandbox,4.41,48.56,3072.0,1.58,0.0,0.0,18.0,0.0,3
2026-08-21T17:21:54Z,celmis-qdrant,0.07,178.0,6928.38,2.57,0.04,0.03,71.3,0.0,25
2026-08-21T17:22:01Z,celmis-web,0.00,74.34,6928.38,1.07,0.12,0.27,9.84,0.0,12
2026-08-21T17:22:01Z,celmis-api,0.30,1069.06,6928.38,15.43,7.41,6.58,25.2,258.0,30
2026-08-21T17:22:01Z,celmis-postgres,0.03,50.28,6928.38,0.73,22.6,12.2,43.2,42.4,19
2026-08-21T17:22:01Z,celmis-sandbox,0.03,48.56,3072.0,1.58,0.0,0.0,18.0,0.0,3
2026-08-21T17:22:01Z,celmis-qdrant,0.08,177.7,6928.38,2.56,0.04,0.03,71.3,0.0,25
2026-08-21T17:22:08Z,celmis-web,0.01,73.69,6928.38,1.06,0.12,0.27,9.84,0.0,12
2026-08-21T17:22:08Z,celmis-api,2.51,1069.06,6928.38,15.44,7.48,6.6,25.2,258.0,25
2026-08-21T17:22:08Z,celmis-postgres,0.76,50.48,6928.38,0.73,22.7,12.2,43.2,42.4,19
2026-08-21T17:22:08Z,celmis-sandbox,0.03,48.56,3072.0,1.58,0.0,0.0,18.0,0.0,3
2026-08-21T17:22:08Z,celmis-qdrant,0.07,177.7,6928.38,2.56,0.04,0.03,71.3,0.0,25
2026-08-21T17:22:16Z,celmis-web,0.01,73.88,6928.38,1.07,0.12,0.27,9.84,0.0,12
2026-08-21T17:22:16Z,celmis-api,6.63,1072.13,6928.38,15.48,7.57,6.65,25.2,258.0,26
2026-08-21T17:22:16Z,celmis-postgres,1.44,52.32,6928.38,0.76,22.7,12.2,43.2,42.4,20
2026-08-21T17:22:16Z,celmis-sandbox,0.02,48.56,3072.0,1.58,0.0,0.0,18.0,0.0,3
2026-08-21T17:22:16Z,celmis-qdrant,0.05,178.1,6928.38,2.57,0.04,0.03,71.3,0.0,25
2026-08-21T17:22:23Z,celmis-web,0.00,73.88,6928.38,1.07,0.12,0.27,9.84,0.0,12
2026-08-21T17:22:23Z,celmis-api,1.53,1069.06,6928.38,15.43,7.72,6.7,25.2,258.0,30
2026-08-21T17:22:23Z,celmis-postgres,0.00,50.45,6928.38,0.73,22.7,12.2,43.2,42.4,19
2026-08-21T17:22:23Z,celmis-sandbox,12.07,48.69,3072.0,1.59,0.0,0.0,18.0,0.0,3
2026-08-21T17:22:23Z,celmis-qdrant,0.16,178.1,6928.38,2.57,0.04,0.03,71.3,0.0,25
2026-08-21T17:22:31Z,celmis-web,0.08,74.89,6928.38,1.08,0.12,0.27,9.84,0.0,12
2026-08-21T17:22:31Z,celmis-api,0.32,1069.06,6928.38,15.43,7.72,6.71,25.2,258.0,30
2026-08-21T17:22:31Z,celmis-postgres,0.00,50.49,6928.38,0.73,22.7,12.2,43.2,42.4,19
2026-08-21T17:22:31Z,celmis-sandbox,0.03,48.69,3072.0,1.59,0.0,0.0,18.0,0.0,3
2026-08-21T17:22:31Z,celmis-qdrant,0.15,178.2,6928.38,2.57,0.04,0.03,71.3,0.0,25
2026-08-21T17:22:38Z,celmis-web,0.01,74.69,6928.38,1.08,0.12,0.27,9.84,0.0,12
2026-08-21T17:22:38Z,celmis-api,2.69,1070.08,6928.38,15.44,7.73,6.72,25.2,258.0,31
2026-08-21T17:22:38Z,celmis-postgres,0.03,52.23,6928.38,0.75,22.7,12.3,43.2,42.5,20
2026-08-21T17:22:38Z,celmis-sandbox,0.03,48.69,3072.0,1.59,0.0,0.0,18.0,0.0,3
2026-08-21T17:22:38Z,celmis-qdrant,0.08,178.2,6928.38,2.57,0.04,0.03,71.3,0.0,25
2026-08-21T17:22:46Z,celmis-web,0.02,74.5,6928.38,1.08,0.12,0.27,9.84,0.0,12
2026-08-21T17:22:46Z,celmis-api,2.80,1072.13,6928.38,15.47,7.76,6.73,25.2,258.0,31
2026-08-21T17:22:46Z,celmis-postgres,0.05,52.22,6928.38,0.75,22.7,12.3,43.2,42.5,20
2026-08-21T17:22:46Z,celmis-sandbox,0.03,48.69,3072.0,1.59,0.0,0.0,18.0,0.0,3
2026-08-21T17:22:46Z,celmis-qdrant,0.07,178.6,6928.38,2.58,0.04,0.03,71.3,0.0,25
2026-08-21T17:22:53Z,celmis-web,0.00,74.5,6928.38,1.08,0.12,0.27,9.84,0.0,12
2026-08-21T17:22:53Z,celmis-api,1.67,825.0,6928.38,11.91,7.78,6.75,25.2,258.0,29
2026-08-21T17:22:53Z,celmis-postgres,1.24,46.7,6928.38,0.67,22.7,12.3,43.2,42.5,17
2026-08-21T17:22:53Z,celmis-sandbox,12.37,48.87,3072.0,1.59,0.0,0.0,18.0,0.0,3
2026-08-21T17:22:53Z,celmis-qdrant,0.06,178.6,6928.38,2.58,0.04,0.03,71.3,0.0,25
2026-08-21T17:23:01Z,celmis-web,0.01,74.8,6928.38,1.08,0.12,0.27,9.84,0.0,12
2026-08-21T17:23:01Z,celmis-api,0.25,824.8,6928.38,11.90,7.79,6.76,25.2,258.0,29
2026-08-21T17:23:01Z,celmis-postgres,0.04,46.9,6928.38,0.68,22.7,12.3,43.2,42.5,17
2026-08-21T17:23:01Z,celmis-sandbox,0.03,48.87,3072.0,1.59,0.0,0.0,18.0,0.0,3
2026-08-21T17:23:01Z,celmis-qdrant,0.07,178.3,6928.38,2.57,0.04,0.03,71.3,0.0,25
2026-08-21T17:23:08Z,celmis-web,0.01,74.72,6928.38,1.08,0.12,0.27,9.84,0.0,12
2026-08-21T17:23:08Z,celmis-api,2.13,824.9,6928.38,11.91,7.8,6.76,25.2,258.0,29
2026-08-21T17:23:08Z,celmis-postgres,2.48,46.79,6928.38,0.68,22.7,12.3,43.2,42.5,17
2026-08-21T17:23:08Z,celmis-sandbox,0.02,48.87,3072.0,1.59,0.0,0.0,18.0,0.0,3
2026-08-21T17:23:08Z,celmis-qdrant,0.07,178.3,6928.38,2.57,0.04,0.03,71.3,0.0,25
2026-08-21T17:23:16Z,celmis-web,0.03,74.52,6928.38,1.08,0.12,0.27,9.84,0.0,12
2026-08-21T17:23:16Z,celmis-api,2.13,824.8,6928.38,11.90,7.81,6.77,25.2,258.0,29
2026-08-21T17:23:16Z,celmis-postgres,0.02,46.72,6928.38,0.67,22.7,12.3,43.2,42.5,17
2026-08-21T17:23:16Z,celmis-sandbox,0.02,48.87,3072.0,1.59,0.0,0.0,18.0,0.0,3
2026-08-21T17:23:16Z,celmis-qdrant,0.13,178.2,6928.38,2.57,0.04,0.03,71.3,0.0,25
2026-08-21T17:23:23Z,celmis-web,0.01,74.46,6928.38,1.07,0.12,0.27,9.84,0.0,12
2026-08-21T17:23:23Z,celmis-api,1.23,824.8,6928.38,11.90,7.81,6.78,25.2,259.0,29
2026-08-21T17:23:23Z,celmis-postgres,0.92,46.97,6928.38,0.68,22.7,12.3,43.2,42.5,17
2026-08-21T17:23:23Z,celmis-sandbox,14.08,48.63,3072.0,1.58,0.0,0.0,18.0,0.0,3
2026-08-21T17:23:23Z,celmis-qdrant,0.04,178.2,6928.38,2.57,0.04,0.03,71.3,0.0,25
2026-08-21T17:23:31Z,celmis-web,0.01,74.77,6928.38,1.08,0.12,0.27,9.84,0.0,12
2026-08-21T17:23:31Z,celmis-api,0.28,824.7,6928.38,11.90,7.81,6.78,25.2,259.0,29
2026-08-21T17:23:31Z,celmis-postgres,0.03,47.04,6928.38,0.68,22.7,12.3,43.2,42.6,17
2026-08-21T17:23:31Z,celmis-sandbox,0.01,48.53,3072.0,1.58,0.0,0.0,18.0,0.0,3
2026-08-21T17:23:31Z,celmis-qdrant,0.06,178.3,6928.38,2.57,0.04,0.03,71.3,0.0,25
2026-08-21T17:23:38Z,celmis-web,0.01,74.72,6928.38,1.08,0.12,0.27,9.84,0.0,12
2026-08-21T17:23:38Z,celmis-api,2.62,825.1,6928.38,11.91,7.82,6.79,25.2,259.0,29
2026-08-21T17:23:38Z,celmis-postgres,1.77,47.03,6928.38,0.68,22.7,12.3,43.2,42.6,17
2026-08-21T17:23:38Z,celmis-sandbox,0.03,48.53,3072.0,1.58,0.0,0.0,18.0,0.0,3
2026-08-21T17:23:38Z,celmis-qdrant,0.09,178.3,6928.38,2.57,0.04,0.03,71.3,0.0,25
2026-08-21T17:23:46Z,celmis-web,0.01,74.47,6928.38,1.07,0.12,0.27,9.84,0.0,12
2026-08-21T17:23:46Z,celmis-api,0.26,824.7,6928.38,11.90,7.86,6.8,25.2,259.0,24
2026-08-21T17:23:46Z,celmis-postgres,0.03,47.02,6928.38,0.68,22.7,12.3,43.2,42.6,17
2026-08-21T17:23:46Z,celmis-sandbox,0.03,48.53,3072.0,1.58,0.0,0.0,18.0,0.0,3
2026-08-21T17:23:46Z,celmis-qdrant,0.09,178.0,6928.38,2.57,0.04,0.03,71.3,0.0,25
2026-08-21T17:23:53Z,celmis-web,0.01,74.47,6928.38,1.07,0.12,0.27,9.84,0.0,12
2026-08-21T17:23:53Z,celmis-api,1.81,824.9,6928.38,11.91,7.86,6.81,25.2,259.0,24
2026-08-21T17:23:53Z,celmis-postgres,0.81,46.9,6928.38,0.68,22.7,12.3,43.2,42.7,17
2026-08-21T17:23:53Z,celmis-sandbox,14.42,48.7,3072.0,1.59,0.0,0.0,18.0,0.0,3
2026-08-21T17:23:53Z,celmis-qdrant,0.09,178.0,6928.38,2.57,0.04,0.03,71.3,0.0,25
2026-08-21T17:24:01Z,celmis-web,0.00,74.46,6928.38,1.07,0.12,0.27,9.84,0.0,12
2026-08-21T17:24:01Z,celmis-api,47.15,674.3,6928.38,9.73,7.99,6.85,25.2,259.0,23
2026-08-21T17:24:01Z,celmis-postgres,0.07,41.39,6928.38,0.60,22.8,12.3,43.2,42.7,14
2026-08-21T17:24:01Z,celmis-sandbox,0.02,48.7,3072.0,1.59,0.0,0.0,18.0,0.0,3
2026-08-21T17:24:01Z,celmis-qdrant,0.05,178.4,6928.38,2.57,0.04,0.03,71.3,0.0,25
2026-08-21T17:24:08Z,celmis-web,0.02,74.46,6928.38,1.07,0.12,0.27,9.84,0.0,12
2026-08-21T17:24:08Z,celmis-api,4.37,824.5,6928.38,11.90,8.11,7.03,25.2,259.0,28
2026-08-21T17:24:08Z,celmis-postgres,2.39,44.98,6928.38,0.65,22.8,12.3,43.2,42.7,16
2026-08-21T17:24:08Z,celmis-sandbox,0.03,48.7,3072.0,1.59,0.0,0.0,18.0,0.0,3
2026-08-21T17:24:08Z,celmis-qdrant,0.14,178.4,6928.38,2.57,0.04,0.03,71.3,0.0,25
2026-08-21T17:24:16Z,celmis-web,0.80,74.66,6928.38,1.08,0.12,0.27,9.84,0.0,12
2026-08-21T17:24:16Z,celmis-api,0.30,824.5,6928.38,11.90,8.12,7.03,25.2,259.0,28
2026-08-21T17:24:16Z,celmis-postgres,0.00,44.92,6928.38,0.65,22.8,12.3,43.2,42.7,16
2026-08-21T17:24:16Z,celmis-sandbox,0.03,48.7,3072.0,1.59,0.0,0.0,18.0,0.0,3
2026-08-21T17:24:16Z,celmis-qdrant,0.09,178.0,6928.38,2.57,0.04,0.03,71.3,0.0,25
2026-08-21T17:24:24Z,celmis-web,0.01,74.62,6928.38,1.08,0.12,0.27,9.84,0.0,12
2026-08-21T17:24:24Z,celmis-api,2.50,824.4,6928.38,11.90,8.12,7.04,25.2,259.0,28
2026-08-21T17:24:24Z,celmis-postgres,0.97,45.1,6928.38,0.65,22.8,12.3,43.2,42.7,16
2026-08-21T17:24:24Z,celmis-sandbox,12.00,48.63,3072.0,1.58,0.0,0.0,18.0,0.0,3
2026-08-21T17:24:24Z,celmis-qdrant,0.07,178.0,6928.38,2.57,0.04,0.03,71.3,0.0,25
2026-08-21T17:24:31Z,celmis-web,0.01,74.62,6928.38,1.08,0.12,0.27,9.84,0.0,12
2026-08-21T17:24:31Z,celmis-api,0.35,825.4,6928.38,11.91,8.13,7.09,25.2,259.0,29
2026-08-21T17:24:31Z,celmis-postgres,0.10,46.9,6928.38,0.68,22.8,12.3,43.2,43.0,17
2026-08-21T17:24:31Z,celmis-sandbox,0.03,48.62,3072.0,1.58,0.0,0.0,18.0,0.0,3
2026-08-21T17:24:31Z,celmis-qdrant,0.09,178.2,6928.38,2.57,0.04,0.03,71.3,0.0,25
2026-08-21T17:24:38Z,celmis-web,0.01,74.44,6928.38,1.07,0.12,0.27,9.84,0.0,12
2026-08-21T17:24:38Z,celmis-api,0.44,825.4,6928.38,11.91,8.17,7.1,25.2,259.0,29
2026-08-21T17:24:38Z,celmis-postgres,1.57,46.95,6928.38,0.68,22.8,12.3,43.2,43.0,17
2026-08-21T17:24:38Z,celmis-sandbox,0.03,48.62,3072.0,1.58,0.0,0.0,18.0,0.0,3
2026-08-21T17:24:38Z,celmis-qdrant,0.07,178.2,6928.38,2.57,0.04,0.03,71.3,0.0,25
2026-08-21T17:24:46Z,celmis-web,0.01,74.94,6928.38,1.08,0.12,0.27,9.84,0.0,12
2026-08-21T17:24:46Z,celmis-api,0.28,825.3,6928.38,11.91,8.19,7.11,25.2,259.0,24
2026-08-21T17:24:46Z,celmis-postgres,0.01,46.92,6928.38,0.68,22.8,12.3,43.2,43.0,17
2026-08-21T17:24:46Z,celmis-sandbox,0.03,48.62,3072.0,1.58,0.0,0.0,18.0,0.0,3
2026-08-21T17:24:46Z,celmis-qdrant,0.08,178.1,6928.38,2.57,0.04,0.03,71.3,0.0,25
2026-08-21T17:24:54Z,celmis-web,0.01,74.89,6928.38,1.08,0.12,0.27,9.84,0.0,12
2026-08-21T17:24:54Z,celmis-api,8.74,889.2,6928.38,12.83,8.19,7.11,25.2,274.0,37
2026-08-21T17:24:54Z,celmis-postgres,0.06,47.0,6928.38,0.68,22.8,12.3,43.2,43.0,17
2026-08-21T17:24:54Z,celmis-sandbox,12.17,48.55,3072.0,1.58,0.0,0.0,18.0,0.0,3
2026-08-21T17:24:54Z,celmis-qdrant,0.08,178.1,6928.38,2.57,0.04,0.03,71.3,0.0,25
2026-08-21T17:25:01Z,celmis-web,0.01,74.66,6928.38,1.08,0.12,0.27,9.84,0.0,12
2026-08-21T17:25:01Z,celmis-api,0.32,832.8,6928.38,12.02,8.23,7.13,25.2,303.0,24
2026-08-21T17:25:01Z,celmis-postgres,0.12,46.89,6928.38,0.68,22.8,12.3,43.2,43.1,17
2026-08-21T17:25:01Z,celmis-sandbox,0.02,48.55,3072.0,1.58,0.0,0.0,18.0,0.0,3
2026-08-21T17:25:01Z,celmis-qdrant,0.08,178.3,6928.38,2.57,0.04,0.03,71.3,0.0,25
2026-08-21T17:25:08Z,celmis-web,0.00,74.6,6928.38,1.08,0.12,0.27,9.84,0.0,12
2026-08-21T17:25:08Z,celmis-api,1.52,833.3,6928.38,12.03,8.23,7.13,25.2,332.0,24
2026-08-21T17:25:08Z,celmis-postgres,2.48,47.19,6928.38,0.68,22.8,12.3,43.2,43.1,17
2026-08-21T17:25:08Z,celmis-sandbox,0.02,48.55,3072.0,1.58,0.0,0.0,18.0,0.0,3
2026-08-21T17:25:08Z,celmis-qdrant,0.10,178.3,6928.38,2.57,0.04,0.03,71.3,0.0,25
2026-08-21T17:25:16Z,celmis-web,0.00,74.46,6928.38,1.07,0.12,0.27,9.84,0.0,12
2026-08-21T17:25:16Z,celmis-api,0.24,833.7,6928.38,12.03,8.23,7.13,25.2,346.0,24
2026-08-21T17:25:16Z,celmis-postgres,0.02,46.86,6928.38,0.68,22.8,12.3,43.2,43.1,17
2026-08-21T17:25:16Z,celmis-sandbox,0.03,48.55,3072.0,1.58,0.0,0.0,18.0,0.0,3
2026-08-21T17:25:16Z,celmis-qdrant,0.10,178.2,6928.38,2.57,0.04,0.03,71.3,0.0,25
2026-08-21T17:25:23Z,celmis-web,0.00,74.41,6928.38,1.07,0.12,0.27,9.84,0.0,12
2026-08-21T17:25:23Z,celmis-api,49.18,833.9,6928.38,12.04,8.23,7.13,25.2,376.0,24
2026-08-21T17:25:23Z,celmis-postgres,0.20,46.89,6928.38,0.68,22.8,12.3,43.2,43.1,17
2026-08-21T17:25:23Z,celmis-sandbox,8.14,58.0,3072.0,1.89,0.0,0.0,18.0,0.0,4
2026-08-21T17:25:23Z,celmis-qdrant,0.04,178.2,6928.38,2.57,0.04,0.03,71.3,0.0,25
2026-08-21T17:25:31Z,celmis-web,0.00,74.18,6928.38,1.07,0.12,0.27,9.84,0.0,12
2026-08-21T17:25:31Z,celmis-api,0.30,834.3,6928.38,12.04,8.25,7.15,25.2,390.0,24
2026-08-21T17:25:31Z,celmis-postgres,0.05,46.78,6928.38,0.68,22.8,12.3,43.2,43.1,17
2026-08-21T17:25:31Z,celmis-sandbox,0.04,48.48,3072.0,1.58,0.0,0.0,18.0,0.0,3
2026-08-21T17:25:31Z,celmis-qdrant,0.07,178.1,6928.38,2.57,0.04,0.03,71.3,0.0,25
2026-08-21T17:25:38Z,celmis-web,0.01,74.18,6928.38,1.07,0.12,0.27,9.84,0.0,12
2026-08-21T17:25:38Z,celmis-api,2.20,834.9,6928.38,12.05,8.25,7.15,25.2,419.0,24
2026-08-21T17:25:38Z,celmis-postgres,0.03,46.78,6928.38,0.68,22.8,12.3,43.2,43.1,17
2026-08-21T17:25:38Z,celmis-sandbox,0.03,48.48,3072.0,1.58,0.0,0.0,18.0,0.0,3
2026-08-21T17:25:38Z,celmis-qdrant,0.07,178.1,6928.38,2.57,0.04,0.03,71.3,0.0,25
2026-08-21T17:25:46Z,celmis-web,0.01,74.23,6928.38,1.07,0.12,0.27,9.84,0.0,12
2026-08-21T17:25:46Z,celmis-api,48.35,835.5,6928.38,12.06,8.25,7.15,25.2,448.0,24
2026-08-21T17:25:46Z,celmis-postgres,0.00,47.11,6928.38,0.68,22.8,12.3,43.2,43.1,17
2026-08-21T17:25:46Z,celmis-sandbox,0.03,48.48,3072.0,1.58,0.0,0.0,18.0,0.0,3
2026-08-21T17:25:46Z,celmis-qdrant,0.14,178.4,6928.38,2.57,0.04,0.03,71.3,0.0,25
2026-08-21T17:25:54Z,celmis-web,0.00,74.23,6928.38,1.07,0.12,0.27,9.84,0.0,12
2026-08-21T17:25:54Z,celmis-api,103.63,836.1,6928.38,12.07,8.34,7.21,25.2,448.0,22
2026-08-21T17:25:54Z,celmis-postgres,1.12,36.18,6928.38,0.52,22.9,12.4,43.2,43.1,11
2026-08-21T17:25:54Z,celmis-sandbox,0.02,48.48,3072.0,1.58,0.0,0.0,18.0,0.0,3
2026-08-21T17:25:54Z,celmis-qdrant,0.05,178.4,6928.38,2.57,0.04,0.03,71.3,0.0,25
2026-08-21T17:26:01Z,celmis-web,5.52,74.6,6928.38,1.08,0.12,0.27,9.84,0.0,12
2026-08-21T17:26:01Z,celmis-api,0.31,572.9,6928.38,8.27,8.51,7.34,25.2,449.0,26
2026-08-21T17:26:01Z,celmis-postgres,0.00,39.85,6928.38,0.58,22.9,12.4,43.2,43.1,13
2026-08-21T17:26:01Z,celmis-sandbox,0.09,48.64,3072.0,1.58,0.0,0.0,18.0,0.0,3
2026-08-21T17:26:01Z,celmis-qdrant,0.10,178.0,6928.38,2.57,0.04,0.03,71.3,0.0,25
2026-08-21T17:26:08Z,celmis-web,0.00,74.43,6928.38,1.07,0.12,0.27,9.84,0.0,12
2026-08-21T17:26:08Z,celmis-api,2.10,572.8,6928.38,8.27,8.51,7.35,25.2,449.0,26
2026-08-21T17:26:08Z,celmis-postgres,0.75,39.77,6928.38,0.57,22.9,12.4,43.2,43.1,13
2026-08-21T17:26:08Z,celmis-sandbox,0.03,48.64,3072.0,1.58,0.0,0.0,18.0,0.0,3
2026-08-21T17:26:08Z,celmis-qdrant,0.09,178.0,6928.38,2.57,0.04,0.03,71.3,0.0,25
2026-08-21T17:26:16Z,celmis-web,0.00,74.55,6928.38,1.08,0.12,0.27,9.84,0.0,12
2026-08-21T17:26:16Z,celmis-api,0.28,572.8,6928.38,8.27,8.51,7.35,25.2,449.0,26
2026-08-21T17:26:16Z,celmis-postgres,0.00,39.68,6928.38,0.57,22.9,12.4,43.2,43.1,13
2026-08-21T17:26:16Z,celmis-sandbox,0.02,48.64,3072.0,1.58,0.0,0.0,18.0,0.0,3
2026-08-21T17:26:16Z,celmis-qdrant,0.10,178.2,6928.38,2.57,0.04,0.03,71.3,0.0,25
2026-08-21T17:26:24Z,celmis-web,0.00,74.44,6928.38,1.07,0.12,0.27,9.84,0.0,12
2026-08-21T17:26:24Z,celmis-api,3.41,574.9,6928.38,8.30,8.55,7.39,25.2,449.0,27
2026-08-21T17:26:24Z,celmis-postgres,0.24,41.41,6928.38,0.60,22.9,12.4,43.2,43.2,14
2026-08-21T17:26:24Z,celmis-sandbox,0.02,48.64,3072.0,1.58,0.0,0.0,18.0,0.0,3
2026-08-21T17:26:24Z,celmis-qdrant,0.11,178.2,6928.38,2.57,0.04,0.03,71.3,0.0,25
2026-08-21T17:26:31Z,celmis-web,0.01,74.48,6928.38,1.08,0.12,0.27,9.84,0.0,12
2026-08-21T17:26:31Z,celmis-api,0.25,574.3,6928.38,8.29,8.57,7.43,25.2,449.0,27
2026-08-21T17:26:31Z,celmis-postgres,1.23,41.23,6928.38,0.60,22.9,12.4,43.2,43.2,14
2026-08-21T17:26:31Z,celmis-sandbox,0.02,48.57,3072.0,1.58,0.0,0.0,18.0,0.0,3
2026-08-21T17:26:31Z,celmis-qdrant,0.08,178.3,6928.38,2.57,0.04,0.03,71.3,0.0,25
2026-08-21T17:26:38Z,celmis-web,0.01,74.48,6928.38,1.08,0.12,0.27,9.84,0.0,12
2026-08-21T17:26:38Z,celmis-api,2.06,574.3,6928.38,8.29,8.59,7.44,25.2,449.0,27
2026-08-21T17:26:38Z,celmis-postgres,0.09,41.52,6928.38,0.60,22.9,12.4,43.2,43.2,14
2026-08-21T17:26:38Z,celmis-sandbox,0.03,48.57,3072.0,1.58,0.0,0.0,18.0,0.0,3
2026-08-21T17:26:38Z,celmis-qdrant,0.08,178.3,6928.38,2.57,0.04,0.03,71.3,0.0,25
2026-08-21T17:26:46Z,celmis-web,0.00,74.54,6928.38,1.08,0.12,0.27,9.84,0.0,12
2026-08-21T17:26:46Z,celmis-api,0.29,574.3,6928.38,8.29,8.59,7.44,25.2,449.0,27
2026-08-21T17:26:46Z,celmis-postgres,0.05,41.44,6928.38,0.60,22.9,12.4,43.2,43.2,14
2026-08-21T17:26:46Z,celmis-sandbox,0.03,48.57,3072.0,1.58,0.0,0.0,18.0,0.0,3
2026-08-21T17:26:46Z,celmis-qdrant,0.09,178.0,6928.38,2.57,0.04,0.03,71.3,0.0,25
2026-08-21T17:26:53Z,celmis-web,0.00,74.48,6928.38,1.07,0.12,0.27,9.84,0.0,12
2026-08-21T17:26:53Z,celmis-api,0.96,574.2,6928.38,8.29,8.59,7.44,25.2,449.0,27
2026-08-21T17:26:53Z,celmis-postgres,0.16,41.71,6928.38,0.60,22.9,12.4,43.2,43.2,14
2026-08-21T17:26:53Z,celmis-sandbox,0.03,48.57,3072.0,1.58,0.0,0.0,18.0,0.0,3
2026-08-21T17:26:53Z,celmis-qdrant,0.13,178.0,6928.38,2.57,0.04,0.03,71.3,0.0,25
2026-08-21T17:27:01Z,celmis-web,2.61,74.54,6928.38,1.08,0.12,0.27,9.84,0.0,12
2026-08-21T17:27:01Z,celmis-api,0.21,574.1,6928.38,8.29,8.61,7.46,25.2,449.0,22
2026-08-21T17:27:01Z,celmis-postgres,1.87,41.37,6928.38,0.60,22.9,12.4,43.2,43.2,14
2026-08-21T17:27:01Z,celmis-sandbox,0.03,48.74,3072.0,1.59,0.0,0.0,18.0,0.0,3
2026-08-21T17:27:01Z,celmis-qdrant,0.09,177.9,6928.38,2.57,0.04,0.03,71.3,0.0,25
2026-08-21T17:27:08Z,celmis-web,0.01,74.54,6928.38,1.08,0.12,0.27,9.84,0.0,12
2026-08-21T17:27:08Z,celmis-api,2.45,574.0,6928.38,8.28,8.61,7.46,25.2,449.0,22
2026-08-21T17:27:08Z,celmis-postgres,0.91,41.78,6928.38,0.60,22.9,12.4,43.2,43.2,15
2026-08-21T17:27:08Z,celmis-sandbox,0.03,48.74,3072.0,1.59,0.0,0.0,18.0,0.0,3
2026-08-21T17:27:08Z,celmis-qdrant,0.19,177.9,6928.38,2.57,0.04,0.03,71.3,0.0,25
2026-08-21T17:27:16Z,celmis-web,3.47,74.89,6928.38,1.08,0.12,0.27,9.84,0.0,12
2026-08-21T17:27:16Z,celmis-api,0.24,574.0,6928.38,8.28,8.61,7.46,25.2,449.0,22
2026-08-21T17:27:16Z,celmis-postgres,0.00,41.46,6928.38,0.60,22.9,12.4,43.2,43.2,14
2026-08-21T17:27:16Z,celmis-sandbox,0.03,48.74,3072.0,1.59,0.0,0.0,18.0,0.0,3
2026-08-21T17:27:16Z,celmis-qdrant,0.07,178.0,6928.38,2.57,0.04,0.03,71.3,0.0,25
2026-08-21T17:27:24Z,celmis-web,0.01,74.45,6928.38,1.07,0.12,0.27,9.84,0.0,12
2026-08-21T17:27:24Z,celmis-api,1.83,574.1,6928.38,8.29,8.65,7.49,25.2,449.0,22
2026-08-21T17:27:24Z,celmis-postgres,0.10,41.45,6928.38,0.60,22.9,12.5,43.2,43.2,14
2026-08-21T17:27:24Z,celmis-sandbox,0.04,48.74,3072.0,1.59,0.0,0.0,18.0,0.0,3
2026-08-21T17:27:24Z,celmis-qdrant,0.08,178.0,6928.38,2.57,0.04,0.03,71.3,0.0,25
2026-08-21T17:27:31Z,celmis-web,0.08,74.7,6928.38,1.08,0.12,0.27,9.84,0.0,12
2026-08-21T17:27:31Z,celmis-api,0.22,321.8,6928.38,4.64,8.66,7.49,25.2,449.0,20
2026-08-21T17:27:31Z,celmis-postgres,0.03,36.13,6928.38,0.52,22.9,12.5,43.2,43.2,11
2026-08-21T17:27:31Z,celmis-sandbox,0.03,48.66,3072.0,1.58,0.0,0.0,18.0,0.0,3
2026-08-21T17:27:31Z,celmis-qdrant,0.07,178.2,6928.38,2.57,0.04,0.03,71.3,0.0,25
2026-08-21T17:27:38Z,celmis-web,0.01,74.7,6928.38,1.08,0.12,0.27,9.84,0.0,12
2026-08-21T17:27:38Z,celmis-api,0.28,321.8,6928.38,4.64,8.66,7.49,25.2,449.0,20
2026-08-21T17:27:38Z,celmis-postgres,0.01,36.12,6928.38,0.52,22.9,12.5,43.2,43.2,11
2026-08-21T17:27:38Z,celmis-sandbox,0.03,48.66,3072.0,1.58,0.0,0.0,18.0,0.0,3
2026-08-21T17:27:38Z,celmis-qdrant,0.10,178.2,6928.38,2.57,0.04,0.03,71.3,0.0,25
2026-08-21T17:27:46Z,celmis-web,0.02,74.51,6928.38,1.08,0.12,0.27,9.84,0.0,12
2026-08-21T17:27:46Z,celmis-api,0.23,321.8,6928.38,4.64,8.66,7.5,25.2,449.0,20
2026-08-21T17:27:46Z,celmis-postgres,0.02,36.07,6928.38,0.52,22.9,12.5,43.2,43.2,11
2026-08-21T17:27:46Z,celmis-sandbox,0.03,48.66,3072.0,1.58,0.0,0.0,18.0,0.0,3
2026-08-21T17:27:46Z,celmis-qdrant,0.07,178.3,6928.38,2.57,0.04,0.03,71.3,0.0,25
2026-08-21T17:27:54Z,celmis-web,0.00,74.42,6928.38,1.07,0.12,0.27,9.84,0.0,12
2026-08-21T17:27:54Z,celmis-api,0.81,321.8,6928.38,4.64,8.67,7.5,25.2,449.0,20
2026-08-21T17:27:54Z,celmis-postgres,0.13,36.14,6928.38,0.52,22.9,12.5,43.2,43.2,11
2026-08-21T17:27:54Z,celmis-sandbox,0.03,48.66,3072.0,1.58,0.0,0.0,18.0,0.0,3
2026-08-21T17:27:54Z,celmis-qdrant,0.08,178.3,6928.38,2.57,0.04,0.03,71.3,0.0,25
2026-08-21T17:28:01Z,celmis-web,0.03,74.46,6928.38,1.07,0.12,0.27,9.84,0.0,12
2026-08-21T17:28:01Z,celmis-api,0.55,321.7,6928.38,4.64,8.67,7.5,25.2,449.0,20
2026-08-21T17:28:01Z,celmis-postgres,1.82,36.08,6928.38,0.52,22.9,12.5,43.2,43.3,11
2026-08-21T17:28:01Z,celmis-sandbox,0.02,48.59,3072.0,1.58,0.0,0.0,18.0,0.0,3
2026-08-21T17:28:01Z,celmis-qdrant,0.09,178.2,6928.38,2.57,0.04,0.03,71.3,0.0,25
2026-08-21T17:28:08Z,celmis-web,0.01,74.46,6928.38,1.07,0.12,0.27,9.84,0.0,12
2026-08-21T17:28:08Z,celmis-api,0.53,321.7,6928.38,4.64,8.67,7.5,25.2,449.0,20
2026-08-21T17:28:08Z,celmis-postgres,0.03,36.14,6928.38,0.52,22.9,12.5,43.2,43.3,11
2026-08-21T17:28:08Z,celmis-sandbox,0.03,48.59,3072.0,1.58,0.0,0.0,18.0,0.0,3
2026-08-21T17:28:08Z,celmis-qdrant,0.08,178.2,6928.38,2.57,0.04,0.03,71.3,0.0,25
2026-08-21T17:28:16Z,celmis-web,0.02,74.45,6928.38,1.07,0.12,0.27,9.84,0.0,12
2026-08-21T17:28:16Z,celmis-api,0.39,321.9,6928.38,4.65,8.67,7.51,25.2,449.0,20
2026-08-21T17:28:16Z,celmis-postgres,0.00,36.16,6928.38,0.52,23.0,12.5,43.2,43.3,11
2026-08-21T17:28:16Z,celmis-sandbox,0.02,48.59,3072.0,1.58,0.0,0.0,18.0,0.0,3
2026-08-21T17:28:16Z,celmis-qdrant,0.09,178.1,6928.38,2.57,0.04,0.03,71.3,0.0,25
2026-08-21T17:28:24Z,celmis-web,0.01,74.41,6928.38,1.07,0.12,0.27,9.84,0.0,12
2026-08-21T17:28:24Z,celmis-api,0.52,321.9,6928.38,4.65,8.67,7.51,25.2,449.0,20
2026-08-21T17:28:24Z,celmis-postgres,0.09,35.91,6928.38,0.52,23.0,12.5,43.2,43.3,11
2026-08-21T17:28:24Z,celmis-sandbox,0.03,48.59,3072.0,1.58,0.0,0.0,18.0,0.0,3
2026-08-21T17:28:24Z,celmis-qdrant,0.08,178.1,6928.38,2.57,0.04,0.03,71.3,0.0,25
2026-08-21T17:28:31Z,celmis-web,1.65,74.25,6928.38,1.07,0.12,0.27,9.84,0.0,12
2026-08-21T17:28:31Z,celmis-api,0.52,321.9,6928.38,4.65,8.68,7.51,25.2,449.0,20
2026-08-21T17:28:31Z,celmis-postgres,0.00,35.96,6928.38,0.52,23.0,12.5,43.2,43.3,11
2026-08-21T17:28:31Z,celmis-sandbox,0.02,48.72,3072.0,1.59,0.0,0.0,18.0,0.0,3
2026-08-21T17:28:31Z,celmis-qdrant,0.08,178.3,6928.38,2.57,0.04,0.03,71.3,0.0,25
2026-08-21T17:28:38Z,celmis-web,0.01,74.25,6928.38,1.07,0.12,0.27,9.84,0.0,12
2026-08-21T17:28:38Z,celmis-api,0.24,321.9,6928.38,4.65,8.68,7.51,25.2,449.0,20
2026-08-21T17:28:38Z,celmis-postgres,0.03,36.06,6928.38,0.52,23.0,12.5,43.2,43.3,11
2026-08-21T17:28:38Z,celmis-sandbox,0.02,48.72,3072.0,1.59,0.0,0.0,18.0,0.0,3
2026-08-21T17:28:38Z,celmis-qdrant,0.07,178.3,6928.38,2.57,0.04,0.03,71.3,0.0,25
2026-08-21T17:28:46Z,celmis-web,0.02,74.68,6928.38,1.08,0.12,0.27,9.84,0.0,12
2026-08-21T17:28:46Z,celmis-api,0.58,321.8,6928.38,4.64,8.68,7.51,25.2,449.0,20
2026-08-21T17:28:46Z,celmis-postgres,0.00,35.7,6928.38,0.52,23.0,12.5,43.2,43.3,11
2026-08-21T17:28:46Z,celmis-sandbox,0.03,48.72,3072.0,1.59,0.0,0.0,18.0,0.0,3
2026-08-21T17:28:46Z,celmis-qdrant,0.10,178.2,6928.38,2.57,0.04,0.03,71.3,0.0,25
2026-08-21T17:28:54Z,celmis-web,0.01,74.65,6928.38,1.08,0.12,0.27,9.84,0.0,12
2026-08-21T17:28:54Z,celmis-api,0.80,321.8,6928.38,4.64,8.68,7.52,25.2,449.0,20
2026-08-21T17:28:54Z,celmis-postgres,0.09,36.25,6928.38,0.52,23.0,12.5,43.2,43.3,11
2026-08-21T17:28:54Z,celmis-sandbox,0.04,48.72,3072.0,1.59,0.0,0.0,18.0,0.0,3
2026-08-21T17:28:54Z,celmis-qdrant,0.10,178.2,6928.38,2.57,0.04,0.03,71.3,0.0,25
2026-08-21T17:29:01Z,celmis-web,0.01,74.65,6928.38,1.08,0.12,0.27,9.84,0.0,12
2026-08-21T17:29:01Z,celmis-api,0.23,321.5,6928.38,4.64,8.68,7.52,25.2,449.0,20
2026-08-21T17:29:01Z,celmis-postgres,0.95,36.38,6928.38,0.52,23.0,12.5,43.2,43.3,11
2026-08-21T17:29:01Z,celmis-sandbox,0.02,48.9,3072.0,1.59,0.0,0.0,18.0,0.0,3
2026-08-21T17:29:01Z,celmis-qdrant,0.15,178.1,6928.38,2.57,0.04,0.03,71.3,0.0,25
2026-08-21T17:29:09Z,celmis-web,0.01,74.11,6928.38,1.07,0.12,0.27,9.84,0.0,12
2026-08-21T17:29:09Z,celmis-api,0.49,321.5,6928.38,4.64,8.69,7.52,25.2,449.0,20
2026-08-21T17:29:09Z,celmis-postgres,0.91,36.17,6928.38,0.52,23.0,12.5,43.2,43.3,11
2026-08-21T17:29:09Z,celmis-sandbox,0.03,48.9,3072.0,1.59,0.0,0.0,18.0,0.0,3
2026-08-21T17:29:09Z,celmis-qdrant,0.09,178.1,6928.38,2.57,0.04,0.03,71.3,0.0,25
2026-08-21T17:29:16Z,celmis-web,0.08,74.55,6928.38,1.08,0.12,0.27,9.84,0.0,12
2026-08-21T17:29:16Z,celmis-api,0.25,321.7,6928.38,4.64,8.69,7.52,25.2,449.0,20
2026-08-21T17:29:16Z,celmis-postgres,0.02,35.9,6928.38,0.52,23.0,12.5,43.2,43.3,11
2026-08-21T17:29:16Z,celmis-sandbox,0.03,48.9,3072.0,1.59,0.0,0.0,18.0,0.0,3
2026-08-21T17:29:16Z,celmis-qdrant,0.06,178.3,6928.38,2.57,0.04,0.03,71.3,0.0,25
2026-08-21T17:29:24Z,celmis-web,0.00,74.55,6928.38,1.08,0.12,0.27,9.84,0.0,12
2026-08-21T17:29:24Z,celmis-api,0.54,321.7,6928.38,4.64,8.69,7.53,25.2,449.0,20
2026-08-21T17:29:24Z,celmis-postgres,0.28,36.16,6928.38,0.52,23.0,12.5,43.2,43.4,11
2026-08-21T17:29:24Z,celmis-sandbox,0.03,48.9,3072.0,1.59,0.0,0.0,18.0,0.0,3
2026-08-21T17:29:24Z,celmis-qdrant,0.08,178.3,6928.38,2.57,0.04,0.03,71.3,0.0,25
2026-08-21T17:29:31Z,celmis-web,0.00,74.55,6928.38,1.08,0.12,0.27,9.84,0.0,12
2026-08-21T17:29:31Z,celmis-api,0.19,321.9,6928.38,4.65,8.69,7.53,25.2,449.0,20
2026-08-21T17:29:31Z,celmis-postgres,0.86,35.91,6928.38,0.52,23.0,12.5,43.2,43.5,11
2026-08-21T17:29:31Z,celmis-sandbox,0.02,49.07,3072.0,1.60,0.0,0.0,18.0,0.0,3
2026-08-21T17:29:31Z,celmis-qdrant,0.08,178.4,6928.38,2.58,0.04,0.03,71.3,0.0,25
2026-08-21T17:29:38Z,celmis-web,0.00,74.69,6928.38,1.08,0.12,0.27,9.84,0.0,12
2026-08-21T17:29:38Z,celmis-api,0.27,321.9,6928.38,4.65,8.69,7.53,25.2,449.0,20
2026-08-21T17:29:38Z,celmis-postgres,0.08,36.39,6928.38,0.53,23.0,12.5,43.2,43.5,11
2026-08-21T17:29:38Z,celmis-sandbox,0.02,49.07,3072.0,1.60,0.0,0.0,18.0,0.0,3
2026-08-21T17:29:38Z,celmis-qdrant,0.10,178.4,6928.38,2.58,0.04,0.03,71.3,0.0,25
2026-08-21T17:29:46Z,celmis-web,2.19,74.44,6928.38,1.07,0.12,0.27,9.84,0.0,12
2026-08-21T17:29:46Z,celmis-api,0.21,321.8,6928.38,4.64,8.7,7.53,25.2,449.0,20
2026-08-21T17:29:46Z,celmis-postgres,1.68,36.17,6928.38,0.52,23.0,12.5,43.2,43.5,11
2026-08-21T17:29:46Z,celmis-sandbox,0.02,49.07,3072.0,1.60,0.0,0.0,18.0,0.0,3
2026-08-21T17:29:46Z,celmis-qdrant,0.07,178.5,6928.38,2.58,0.04,0.03,71.3,0.0,25
2026-08-21T17:29:54Z,celmis-web,0.01,74.44,6928.38,1.07,0.12,0.27,9.84,0.0,12
2026-08-21T17:29:54Z,celmis-api,0.87,321.8,6928.38,4.64,8.7,7.53,25.2,449.0,20
2026-08-21T17:29:54Z,celmis-postgres,0.09,36.25,6928.38,0.52,23.0,12.5,43.2,43.5,11
2026-08-21T17:29:54Z,celmis-sandbox,0.03,49.07,3072.0,1.60,0.0,0.0,18.0,0.0,3
2026-08-21T17:29:54Z,celmis-qdrant,0.08,178.5,6928.38,2.58,0.04,0.03,71.3,0.0,25
2026-08-21T17:30:01Z,celmis-web,2.24,74.61,6928.38,1.08,0.12,0.27,9.84,0.0,12
2026-08-21T17:30:01Z,celmis-api,0.23,321.5,6928.38,4.64,8.7,7.54,25.2,449.0,20
2026-08-21T17:30:01Z,celmis-postgres,0.11,36.13,6928.38,0.52,23.0,12.5,43.2,43.5,11
2026-08-21T17:30:01Z,celmis-sandbox,0.02,48.99,3072.0,1.59,0.0,0.0,18.0,0.0,3
2026-08-21T17:30:01Z,celmis-qdrant,0.09,178.2,6928.38,2.57,0.04,0.03,71.3,0.0,25
2026-08-21T17:30:08Z,celmis-web,0.01,74.61,6928.38,1.08,0.12,0.27,9.84,0.0,12
2026-08-21T17:30:08Z,celmis-api,0.54,321.5,6928.38,4.64,8.7,7.54,25.2,449.0,20
2026-08-21T17:30:08Z,celmis-postgres,0.02,36.01,6928.38,0.52,23.0,12.5,43.2,43.5,11
2026-08-21T17:30:08Z,celmis-sandbox,0.02,48.99,3072.0,1.59,0.0,0.0,18.0,0.0,3
2026-08-21T17:30:08Z,celmis-qdrant,0.09,178.2,6928.38,2.57,0.04,0.03,71.3,0.0,25
2026-08-21T17:30:16Z,celmis-web,2.35,74.36,6928.38,1.07,0.12,0.27,9.84,0.0,12
2026-08-21T17:30:16Z,celmis-api,0.25,321.4,6928.38,4.64,8.7,7.54,25.2,449.0,20
2026-08-21T17:30:16Z,celmis-postgres,0.08,35.95,6928.38,0.52,23.0,12.5,43.2,43.5,11
2026-08-21T17:30:16Z,celmis-sandbox,0.03,48.99,3072.0,1.59,0.0,0.0,18.0,0.0,3
2026-08-21T17:30:16Z,celmis-qdrant,0.07,178.1,6928.38,2.57,0.04,0.03,71.3,0.0,25
2026-08-21T17:30:24Z,celmis-web,0.01,74.36,6928.38,1.07,0.12,0.27,9.84,0.0,12
2026-08-21T17:30:24Z,celmis-api,0.50,321.4,6928.38,4.64,8.71,7.54,25.2,449.0,20
2026-08-21T17:30:24Z,celmis-postgres,0.07,35.97,6928.38,0.52,23.0,12.5,43.2,43.5,11
2026-08-21T17:30:24Z,celmis-sandbox,0.03,48.99,3072.0,1.59,0.0,0.0,18.0,0.0,3
2026-08-21T17:30:24Z,celmis-qdrant,0.10,178.1,6928.38,2.57,0.04,0.03,71.3,0.0,25
2026-08-21T17:30:31Z,celmis-web,1.61,74.4,6928.38,1.07,0.12,0.27,9.84,0.0,12
2026-08-21T17:30:31Z,celmis-api,0.25,321.4,6928.38,4.64,8.71,7.55,25.2,449.0,20
2026-08-21T17:30:31Z,celmis-postgres,0.11,35.74,6928.38,0.52,23.0,12.5,43.2,43.5,11
2026-08-21T17:30:31Z,celmis-sandbox,0.03,49.15,3072.0,1.60,0.0,0.0,18.0,0.0,3
2026-08-21T17:30:31Z,celmis-qdrant,0.09,178.0,6928.38,2.57,0.04,0.03,71.3,0.0,25
2026-08-21T17:30:38Z,celmis-web,0.01,74.4,6928.38,1.07,0.12,0.27,9.84,0.0,12
2026-08-21T17:30:38Z,celmis-api,0.49,321.4,6928.38,4.64,8.71,7.55,25.2,449.0,20
2026-08-21T17:30:38Z,celmis-postgres,0.03,36.0,6928.38,0.52,23.0,12.5,43.2,43.5,11
2026-08-21T17:30:38Z,celmis-sandbox,0.03,49.15,3072.0,1.60,0.0,0.0,18.0,0.0,3
2026-08-21T17:30:38Z,celmis-qdrant,0.08,177.9,6928.38,2.57,0.04,0.03,71.3,0.0,25
2026-08-21T17:30:46Z,celmis-web,2.47,74.64,6928.38,1.08,0.12,0.27,9.84,0.0,12
2026-08-21T17:30:46Z,celmis-api,0.23,321.6,6928.38,4.64,8.71,7.55,25.2,449.0,20
2026-08-21T17:30:46Z,celmis-postgres,0.09,36.2,6928.38,0.52,23.0,12.5,43.2,43.5,11
2026-08-21T17:30:46Z,celmis-sandbox,0.02,49.15,3072.0,1.60,0.0,0.0,18.0,0.0,3
2026-08-21T17:30:46Z,celmis-qdrant,0.07,178.1,6928.38,2.57,0.04,0.03,71.3,0.0,25
2026-08-21T17:30:54Z,celmis-web,0.01,74.64,6928.38,1.08,0.12,0.27,9.84,0.0,12
2026-08-21T17:30:54Z,celmis-api,0.79,321.5,6928.38,4.64,8.71,7.55,25.2,449.0,20
2026-08-21T17:30:54Z,celmis-postgres,0.10,36.02,6928.38,0.52,23.0,12.5,43.2,43.5,11
2026-08-21T17:30:54Z,celmis-sandbox,0.04,49.15,3072.0,1.60,0.0,0.0,18.0,0.0,3
2026-08-21T17:30:54Z,celmis-qdrant,0.11,178.1,6928.38,2.57,0.04,0.03,71.3,0.0,25
2026-08-21T17:31:01Z,celmis-web,2.41,74.52,6928.38,1.08,0.12,0.27,9.84,0.0,12
2026-08-21T17:31:01Z,celmis-api,0.44,321.5,6928.38,4.64,8.72,7.56,25.2,449.0,20
2026-08-21T17:31:01Z,celmis-postgres,0.02,35.97,6928.38,0.52,23.0,12.5,43.2,43.5,11
2026-08-21T17:31:01Z,celmis-sandbox,0.03,49.04,3072.0,1.60,0.0,0.0,18.0,0.0,3
2026-08-21T17:31:01Z,celmis-qdrant,0.06,178.3,6928.38,2.57,0.04,0.03,71.3,0.0,25
2026-08-21T17:31:09Z,celmis-web,0.01,74.41,6928.38,1.07,0.12,0.27,9.84,0.0,12
2026-08-21T17:31:09Z,celmis-api,0.54,321.5,6928.38,4.64,8.72,7.56,25.2,449.0,20
2026-08-21T17:31:09Z,celmis-postgres,0.75,36.19,6928.38,0.52,23.0,12.5,43.2,43.5,11
2026-08-21T17:31:09Z,celmis-sandbox,0.03,49.04,3072.0,1.60,0.0,0.0,18.0,0.0,3
2026-08-21T17:31:09Z,celmis-qdrant,0.10,178.3,6928.38,2.57,0.04,0.03,71.3,0.0,25
2026-08-21T17:31:16Z,celmis-web,2.22,74.67,6928.38,1.08,0.12,0.27,9.84,0.0,12
2026-08-21T17:31:16Z,celmis-api,0.55,321.4,6928.38,4.64,8.72,7.56,25.2,449.0,20
2026-08-21T17:31:16Z,celmis-postgres,1.54,35.97,6928.38,0.52,23.0,12.5,43.2,43.5,11
2026-08-21T17:31:16Z,celmis-sandbox,0.02,49.04,3072.0,1.60,0.0,0.0,18.0,0.0,3
2026-08-21T17:31:16Z,celmis-qdrant,0.09,178.4,6928.38,2.57,0.04,0.03,71.3,0.0,25
2026-08-21T17:31:24Z,celmis-web,0.01,74.67,6928.38,1.08,0.12,0.27,9.84,0.0,12
2026-08-21T17:31:24Z,celmis-api,0.56,321.4,6928.38,4.64,8.72,7.56,25.2,449.0,20
2026-08-21T17:31:24Z,celmis-postgres,0.15,35.84,6928.38,0.52,23.0,12.5,43.2,43.5,11
2026-08-21T17:31:24Z,celmis-sandbox,0.04,49.04,3072.0,1.60,0.0,0.0,18.0,0.0,3
2026-08-21T17:31:24Z,celmis-qdrant,0.10,178.4,6928.38,2.57,0.04,0.03,71.3,0.0,25
2026-08-21T17:31:31Z,celmis-web,2.03,74.84,6928.38,1.08,0.12,0.27,9.84,0.0,12
2026-08-21T17:31:31Z,celmis-api,0.26,321.6,6928.38,4.64,8.72,7.56,25.2,449.0,20
2026-08-21T17:31:31Z,celmis-postgres,0.13,36.21,6928.38,0.52,23.0,12.5,43.2,43.5,11
2026-08-21T17:31:31Z,celmis-sandbox,0.02,48.94,3072.0,1.59,0.0,0.0,18.0,0.0,3
2026-08-21T17:31:31Z,celmis-qdrant,0.08,178.3,6928.38,2.57,0.04,0.03,71.3,0.0,25
2026-08-21T17:31:38Z,celmis-web,0.01,74.5,6928.38,1.08,0.12,0.27,9.84,0.0,12
2026-08-21T17:31:38Z,celmis-api,0.50,321.6,6928.38,4.64,8.73,7.57,25.2,449.0,20
2026-08-21T17:31:38Z,celmis-postgres,0.10,35.85,6928.38,0.52,23.0,12.5,43.2,43.5,11
2026-08-21T17:31:38Z,celmis-sandbox,0.02,48.94,3072.0,1.59,0.0,0.0,18.0,0.0,3
2026-08-21T17:31:38Z,celmis-qdrant,0.08,178.3,6928.38,2.57,0.04,0.03,71.3,0.0,25
2026-08-21T17:31:46Z,celmis-web,2.14,74.86,6928.38,1.08,0.12,0.27,9.84,0.0,12
2026-08-21T17:31:46Z,celmis-api,0.23,321.6,6928.38,4.64,8.73,7.57,25.2,449.0,20
2026-08-21T17:31:46Z,celmis-postgres,0.09,36.08,6928.38,0.52,23.0,12.5,43.2,43.5,11
2026-08-21T17:31:46Z,celmis-sandbox,0.03,48.94,3072.0,1.59,0.0,0.0,18.0,0.0,3
2026-08-21T17:31:46Z,celmis-qdrant,0.08,178.2,6928.38,2.57,0.04,0.03,71.3,0.0,25
2026-08-21T17:31:54Z,celmis-web,0.01,74.77,6928.38,1.08,0.12,0.27,9.84,0.0,12
2026-08-21T17:31:54Z,celmis-api,0.78,321.6,6928.38,4.64,8.73,7.57,25.2,449.0,20
2026-08-21T17:31:54Z,celmis-postgres,0.11,36.2,6928.38,0.52,23.0,12.5,43.2,43.5,11
2026-08-21T17:31:54Z,celmis-sandbox,0.03,48.94,3072.0,1.59,0.0,0.0,18.0,0.0,3
2026-08-21T17:31:54Z,celmis-qdrant,0.12,178.2,6928.38,2.57,0.04,0.03,71.3,0.0,25
2026-08-21T17:32:01Z,celmis-web,0.01,74.77,6928.38,1.08,0.12,0.27,9.84,0.0,12
2026-08-21T17:32:01Z,celmis-api,0.24,321.8,6928.38,4.64,8.73,7.57,25.2,449.0,20
2026-08-21T17:32:01Z,celmis-postgres,0.15,36.15,6928.38,0.52,23.0,12.5,43.2,43.6,11
2026-08-21T17:32:01Z,celmis-sandbox,0.03,49.12,3072.0,1.60,0.0,0.0,18.0,0.0,3
2026-08-21T17:32:01Z,celmis-qdrant,0.07,178.4,6928.38,2.57,0.04,0.03,71.3,0.0,25
2026-08-21T17:32:08Z,celmis-web,0.01,74.56,6928.38,1.08,0.12,0.27,9.84,0.0,12
2026-08-21T17:32:08Z,celmis-api,0.52,321.8,6928.38,4.64,8.73,7.58,25.2,449.0,20
2026-08-21T17:32:08Z,celmis-postgres,0.03,36.29,6928.38,0.52,23.0,12.5,43.2,43.6,11
2026-08-21T17:32:08Z,celmis-sandbox,0.03,49.12,3072.0,1.60,0.0,0.0,18.0,0.0,3
2026-08-21T17:32:08Z,celmis-qdrant,0.08,178.4,6928.38,2.57,0.04,0.03,71.3,0.0,25
2026-08-21T17:32:16Z,celmis-web,2.03,74.33,6928.38,1.07,0.12,0.27,9.84,0.0,12
2026-08-21T17:32:16Z,celmis-api,0.21,321.7,6928.38,4.64,8.74,7.58,25.2,449.0,20
2026-08-21T17:32:16Z,celmis-postgres,0.10,36.25,6928.38,0.52,23.0,12.5,43.2,43.6,11
2026-08-21T17:32:16Z,celmis-sandbox,0.04,49.12,3072.0,1.60,0.0,0.0,18.0,0.0,3
2026-08-21T17:32:16Z,celmis-qdrant,0.08,178.6,6928.38,2.58,0.04,0.03,71.3,0.0,25
2026-08-21T17:32:24Z,celmis-web,0.00,74.27,6928.38,1.07,0.12,0.27,9.84,0.0,12
2026-08-21T17:32:24Z,celmis-api,0.50,321.7,6928.38,4.64,8.74,7.58,25.2,449.0,20
2026-08-21T17:32:24Z,celmis-postgres,0.07,36.27,6928.38,0.52,23.0,12.5,43.2,43.6,11
2026-08-21T17:32:24Z,celmis-sandbox,0.03,49.12,3072.0,1.60,0.0,0.0,18.0,0.0,3
2026-08-21T17:32:24Z,celmis-qdrant,0.09,178.5,6928.38,2.58,0.04,0.03,71.3,0.0,25
2026-08-21T17:32:31Z,celmis-web,2.10,74.36,6928.38,1.07,0.12,0.27,9.84,0.0,12
2026-08-21T17:32:31Z,celmis-api,0.22,321.6,6928.38,4.64,8.74,7.58,25.2,449.0,20
2026-08-21T17:32:31Z,celmis-postgres,0.10,36.1,6928.38,0.52,23.0,12.5,43.2,43.6,11
2026-08-21T17:32:31Z,celmis-sandbox,0.03,49.03,3072.0,1.60,0.0,0.0,18.0,0.0,3
2026-08-21T17:32:31Z,celmis-qdrant,0.06,177.9,6928.38,2.57,0.04,0.03,71.3,0.0,25
2026-08-21T17:32:38Z,celmis-web,0.00,74.32,6928.38,1.07,0.12,0.27,9.84,0.0,12
2026-08-21T17:32:38Z,celmis-api,0.24,321.6,6928.38,4.64,8.74,7.58,25.2,449.0,20
2026-08-21T17:32:38Z,celmis-postgres,0.11,36.04,6928.38,0.52,23.0,12.5,43.2,43.6,11
2026-08-21T17:32:38Z,celmis-sandbox,0.03,49.03,3072.0,1.60,0.0,0.0,18.0,0.0,3
2026-08-21T17:32:38Z,celmis-qdrant,0.09,177.9,6928.38,2.57,0.04,0.03,71.3,0.0,25
2026-08-21T17:32:46Z,celmis-web,2.61,74.96,6928.38,1.08,0.12,0.27,9.84,0.0,12
2026-08-21T17:32:46Z,celmis-api,0.56,321.5,6928.38,4.64,8.74,7.59,25.2,449.0,20
2026-08-21T17:32:46Z,celmis-postgres,0.00,36.28,6928.38,0.52,23.0,12.5,43.2,43.6,11
2026-08-21T17:32:46Z,celmis-sandbox,0.02,49.03,3072.0,1.60,0.0,0.0,18.0,0.0,3
2026-08-21T17:32:46Z,celmis-qdrant,0.08,178.1,6928.38,2.57,0.04,0.03,71.3,0.0,25
2026-08-21T17:32:54Z,celmis-web,0.01,74.71,6928.38,1.08,0.12,0.27,9.84,0.0,12
2026-08-21T17:32:54Z,celmis-api,0.73,321.5,6928.38,4.64,8.75,7.59,25.2,449.0,20
2026-08-21T17:32:54Z,celmis-postgres,0.11,36.13,6928.38,0.52,23.0,12.5,43.2,43.6,11
2026-08-21T17:32:54Z,celmis-sandbox,0.02,49.03,3072.0,1.60,0.0,0.0,18.0,0.0,3
2026-08-21T17:32:54Z,celmis-qdrant,0.08,178.1,6928.38,2.57,0.04,0.03,71.3,0.0,25
2026-08-21T17:33:01Z,celmis-web,2.02,74.75,6928.38,1.08,0.12,0.27,9.84,0.0,12
2026-08-21T17:33:01Z,celmis-api,0.25,321.7,6928.38,4.64,8.75,7.59,25.2,449.0,20
2026-08-21T17:33:01Z,celmis-postgres,0.07,36.09,6928.38,0.52,23.0,12.5,43.2,43.6,11
2026-08-21T17:33:01Z,celmis-sandbox,0.02,48.96,3072.0,1.59,0.0,0.0,18.0,0.0,3
2026-08-21T17:33:01Z,celmis-qdrant,0.07,178.0,6928.38,2.57,0.04,0.03,71.3,0.0,25
2026-08-21T17:33:08Z,celmis-web,0.01,74.7,6928.38,1.08,0.12,0.27,9.84,0.0,12
2026-08-21T17:33:08Z,celmis-api,0.26,321.7,6928.38,4.64,8.75,7.59,25.2,449.0,20
2026-08-21T17:33:08Z,celmis-postgres,1.77,36.15,6928.38,0.52,23.0,12.5,43.2,43.6,11
2026-08-21T17:33:08Z,celmis-sandbox,0.03,48.96,3072.0,1.59,0.0,0.0,18.0,0.0,3
2026-08-21T17:33:08Z,celmis-qdrant,0.09,178.0,6928.38,2.57,0.04,0.03,71.3,0.0,25
2026-08-21T17:33:16Z,celmis-web,2.22,74.66,6928.38,1.08,0.12,0.27,9.84,0.0,12
2026-08-21T17:33:16Z,celmis-api,0.24,321.4,6928.38,4.64,8.75,7.59,25.2,449.0,20
2026-08-21T17:33:16Z,celmis-postgres,0.01,36.18,6928.38,0.52,23.0,12.6,43.2,43.6,11
2026-08-21T17:33:16Z,celmis-sandbox,0.02,48.96,3072.0,1.59,0.0,0.0,18.0,0.0,3
2026-08-21T17:33:16Z,celmis-qdrant,0.09,177.9,6928.38,2.57,0.04,0.03,71.3,0.0,25
2026-08-21T17:33:24Z,celmis-web,0.00,74.63,6928.38,1.08,0.12,0.27,9.84,0.0,12
2026-08-21T17:33:24Z,celmis-api,0.58,321.4,6928.38,4.64,8.75,7.6,25.2,449.0,20
2026-08-21T17:33:24Z,celmis-postgres,0.10,35.96,6928.38,0.52,23.0,12.6,43.2,43.6,11
2026-08-21T17:33:24Z,celmis-sandbox,0.03,48.96,3072.0,1.59,0.0,0.0,18.0,0.0,3
2026-08-21T17:33:24Z,celmis-qdrant,0.09,177.9,6928.38,2.57,0.04,0.03,71.3,0.0,25
2026-08-21T17:33:31Z,celmis-web,2.49,74.43,6928.38,1.07,0.12,0.27,9.84,0.0,12
2026-08-21T17:33:31Z,celmis-api,0.25,321.6,6928.38,4.64,8.76,7.6,25.2,449.0,20
2026-08-21T17:33:31Z,celmis-postgres,0.01,36.25,6928.38,0.52,23.0,12.6,43.2,43.6,11
2026-08-21T17:33:31Z,celmis-sandbox,0.03,49.12,3072.0,1.60,0.0,0.0,18.0,0.0,3
2026-08-21T17:33:31Z,celmis-qdrant,0.13,178.0,6928.38,2.57,0.04,0.03,71.3,0.0,25
2026-08-21T17:33:39Z,celmis-web,0.03,74.41,6928.38,1.07,0.12,0.27,9.84,0.0,12
2026-08-21T17:33:39Z,celmis-api,0.22,321.6,6928.38,4.64,8.76,7.6,25.2,449.0,20
2026-08-21T17:33:39Z,celmis-postgres,0.13,36.28,6928.38,0.52,23.0,12.6,43.2,43.6,11
2026-08-21T17:33:39Z,celmis-sandbox,0.03,49.12,3072.0,1.60,0.0,0.0,18.0,0.0,3
2026-08-21T17:33:39Z,celmis-qdrant,0.06,178.0,6928.38,2.57,0.04,0.03,71.3,0.0,25
2026-08-21T17:33:46Z,celmis-web,2.17,74.49,6928.38,1.08,0.12,0.27,9.84,0.0,12
2026-08-21T17:33:46Z,celmis-api,0.23,321.5,6928.38,4.64,8.76,7.6,25.2,449.0,20
2026-08-21T17:33:46Z,celmis-postgres,0.01,35.98,6928.38,0.52,23.1,12.6,43.2,43.6,11
2026-08-21T17:33:46Z,celmis-sandbox,0.02,49.12,3072.0,1.60,0.0,0.0,18.0,0.0,3
2026-08-21T17:33:46Z,celmis-qdrant,0.09,177.9,6928.38,2.57,0.04,0.03,71.3,0.0,25
2026-08-21T17:33:54Z,celmis-web,0.01,74.42,6928.38,1.07,0.12,0.27,9.84,0.0,12
2026-08-21T17:33:54Z,celmis-api,0.86,321.5,6928.38,4.64,8.76,7.61,25.2,449.0,20
2026-08-21T17:33:54Z,celmis-postgres,0.11,36.02,6928.38,0.52,23.1,12.6,43.2,43.6,11
2026-08-21T17:33:54Z,celmis-sandbox,0.05,49.12,3072.0,1.60,0.0,0.0,18.0,0.0,3
2026-08-21T17:33:54Z,celmis-qdrant,0.15,177.9,6928.38,2.57,0.04,0.03,71.3,0.0,25
2026-08-21T17:34:01Z,celmis-web,0.01,74.42,6928.38,1.07,0.12,0.27,9.84,0.0,12
2026-08-21T17:34:01Z,celmis-api,0.24,321.7,6928.38,4.64,8.76,7.61,25.2,449.0,20
2026-08-21T17:34:01Z,celmis-postgres,0.00,36.21,6928.38,0.52,23.1,12.6,43.2,43.6,11
2026-08-21T17:34:01Z,celmis-sandbox,0.03,49.3,3072.0,1.60,0.0,0.0,18.0,0.0,3
2026-08-21T17:34:01Z,celmis-qdrant,0.10,178.3,6928.38,2.57,0.04,0.03,71.3,0.0,25
2026-08-21T17:34:09Z,celmis-web,0.01,74.65,6928.38,1.08,0.12,0.27,9.84,0.0,12
2026-08-21T17:34:09Z,celmis-api,0.55,321.7,6928.38,4.64,8.77,7.61,25.2,449.0,20
2026-08-21T17:34:09Z,celmis-postgres,1.68,36.37,6928.38,0.52,23.1,12.6,43.2,43.6,11
2026-08-21T17:34:09Z,celmis-sandbox,0.03,49.3,3072.0,1.60,0.0,0.0,18.0,0.0,3
2026-08-21T17:34:09Z,celmis-qdrant,0.12,178.3,6928.38,2.57,0.04,0.03,71.3,0.0,25
2026-08-21T17:34:16Z,celmis-web,0.00,74.65,6928.38,1.08,0.12,0.27,9.84,0.0,12
2026-08-21T17:34:16Z,celmis-api,0.22,321.4,6928.38,4.64,8.77,7.61,25.2,449.0,20
2026-08-21T17:34:16Z,celmis-postgres,0.00,36.3,6928.38,0.52,23.1,12.6,43.2,43.6,11
2026-08-21T17:34:16Z,celmis-sandbox,0.02,49.3,3072.0,1.60,0.0,0.0,18.0,0.0,3
2026-08-21T17:34:16Z,celmis-qdrant,0.07,178.5,6928.38,2.58,0.04,0.03,71.3,0.0,25
2026-08-21T17:34:24Z,celmis-web,0.00,74.43,6928.38,1.07,0.12,0.27,9.84,0.0,12
2026-08-21T17:34:24Z,celmis-api,0.44,321.4,6928.38,4.64,8.77,7.61,25.2,449.0,20
2026-08-21T17:34:24Z,celmis-postgres,1.75,36.07,6928.38,0.52,23.1,12.6,43.2,43.7,11
2026-08-21T17:34:24Z,celmis-sandbox,0.02,49.3,3072.0,1.60,0.0,0.0,18.0,0.0,3
2026-08-21T17:34:24Z,celmis-qdrant,0.09,178.5,6928.38,2.58,0.04,0.03,71.3,0.0,25
2026-08-21T17:34:31Z,celmis-web,0.01,74.43,6928.38,1.07,0.12,0.27,9.84,0.0,12
2026-08-21T17:34:31Z,celmis-api,0.25,321.8,6928.38,4.64,8.77,7.62,25.2,449.0,20
2026-08-21T17:34:31Z,celmis-postgres,0.03,36.36,6928.38,0.52,23.1,12.6,43.2,43.7,11
2026-08-21T17:34:31Z,celmis-sandbox,0.02,49.23,3072.0,1.60,0.0,0.0,18.0,0.0,3
2026-08-21T17:34:31Z,celmis-qdrant,0.07,178.4,6928.38,2.57,0.04,0.03,71.3,0.0,25
2026-08-21T17:34:39Z,celmis-web,0.01,74.64,6928.38,1.08,0.12,0.27,9.84,0.0,12
2026-08-21T17:34:39Z,celmis-api,0.47,321.8,6928.38,4.64,8.77,7.62,25.2,449.0,20
2026-08-21T17:34:39Z,celmis-postgres,0.07,36.3,6928.38,0.52,23.1,12.6,43.2,43.7,11
2026-08-21T17:34:39Z,celmis-sandbox,0.03,49.23,3072.0,1.60,0.0,0.0,18.0,0.0,3
2026-08-21T17:34:39Z,celmis-qdrant,0.06,178.4,6928.38,2.57,0.04,0.03,71.3,0.0,25
2026-08-21T17:34:46Z,celmis-web,2.38,74.79,6928.38,1.08,0.12,0.27,9.84,0.0,12
2026-08-21T17:34:46Z,celmis-api,0.52,321.8,6928.38,4.64,8.78,7.62,25.2,449.0,20
2026-08-21T17:34:46Z,celmis-postgres,0.03,36.11,6928.38,0.52,23.1,12.6,43.2,43.7,11
2026-08-21T17:34:46Z,celmis-sandbox,0.02,49.23,3072.0,1.60,0.0,0.0,18.0,0.0,3
2026-08-21T17:34:46Z,celmis-qdrant,0.07,178.3,6928.38,2.57,0.04,0.03,71.3,0.0,25
2026-08-21T17:34:54Z,celmis-web,0.01,74.59,6928.38,1.08,0.12,0.27,9.84,0.0,12
2026-08-21T17:34:54Z,celmis-api,0.88,321.7,6928.38,4.64,8.78,7.62,25.2,449.0,20
2026-08-21T17:34:54Z,celmis-postgres,1.81,35.96,6928.38,0.52,23.1,12.6,43.2,43.7,11
2026-08-21T17:34:54Z,celmis-sandbox,0.03,49.23,3072.0,1.60,0.0,0.0,18.0,0.0,3
2026-08-21T17:34:54Z,celmis-qdrant,0.08,178.3,6928.38,2.57,0.04,0.03,71.3,0.0,25
2026-08-21T17:35:01Z,celmis-web,0.01,74.59,6928.38,1.08,0.12,0.27,9.84,0.0,12
2026-08-21T17:35:01Z,celmis-api,0.26,321.7,6928.38,4.64,8.78,7.63,25.2,449.0,20
2026-08-21T17:35:01Z,celmis-postgres,0.00,36.43,6928.38,0.53,23.1,12.6,43.2,43.7,11
2026-08-21T17:35:01Z,celmis-sandbox,0.03,48.89,3072.0,1.59,0.0,0.0,18.0,0.0,3
2026-08-21T17:35:01Z,celmis-qdrant,0.06,178.2,6928.38,2.57,0.04,0.03,71.3,0.0,25
2026-08-21T17:35:09Z,celmis-web,0.01,74.32,6928.38,1.07,0.12,0.27,9.84,0.0,12
2026-08-21T17:35:09Z,celmis-api,0.53,321.7,6928.38,4.64,8.78,7.63,25.2,449.0,20
2026-08-21T17:35:09Z,celmis-postgres,2.54,36.41,6928.38,0.53,23.1,12.6,43.2,43.7,11
2026-08-21T17:35:09Z,celmis-sandbox,0.03,48.89,3072.0,1.59,0.0,0.0,18.0,0.0,3
2026-08-21T17:35:09Z,celmis-qdrant,0.07,178.2,6928.38,2.57,0.04,0.03,71.3,0.0,25
2026-08-21T17:35:16Z,celmis-web,0.01,74.32,6928.38,1.07,0.12,0.27,9.84,0.0,18
2026-08-21T17:35:16Z,celmis-api,0.28,321.6,6928.38,4.64,8.78,7.63,25.2,449.0,20
2026-08-21T17:35:16Z,celmis-postgres,0.08,36.39,6928.38,0.53,23.1,12.6,43.2,43.7,11
2026-08-21T17:35:16Z,celmis-sandbox,0.03,48.89,3072.0,1.59,0.0,0.0,18.0,0.0,3
2026-08-21T17:35:16Z,celmis-qdrant,0.07,178.4,6928.38,2.57,0.04,0.03,71.3,0.0,25
2026-08-21T17:35:24Z,celmis-web,0.00,74.62,6928.38,1.08,0.12,0.27,9.84,0.0,12
2026-08-21T17:35:24Z,celmis-api,0.52,321.6,6928.38,4.64,8.79,7.63,25.2,449.0,20
2026-08-21T17:35:24Z,celmis-postgres,1.73,36.04,6928.38,0.52,23.1,12.6,43.2,43.7,11
2026-08-21T17:35:24Z,celmis-sandbox,0.03,48.89,3072.0,1.59,0.0,0.0,18.0,0.0,3
2026-08-21T17:35:24Z,celmis-qdrant,0.07,178.4,6928.38,2.57,0.04,0.03,71.3,0.0,25
2026-08-21T17:35:31Z,celmis-web,0.01,74.62,6928.38,1.08,0.12,0.27,9.84,0.0,12
2026-08-21T17:35:31Z,celmis-api,0.26,321.8,6928.38,4.64,8.79,7.64,25.2,449.0,20
2026-08-21T17:35:31Z,celmis-postgres,0.09,36.25,6928.38,0.52,23.1,12.6,43.2,43.7,11
2026-08-21T17:35:31Z,celmis-sandbox,0.03,48.8,3072.0,1.59,0.0,0.0,18.0,0.0,3
2026-08-21T17:35:31Z,celmis-qdrant,0.08,178.5,6928.38,2.58,0.04,0.03,71.3,0.0,25
2026-08-21T17:35:38Z,celmis-web,0.01,74.82,6928.38,1.08,0.12,0.27,9.84,0.0,12
2026-08-21T17:35:38Z,celmis-api,0.27,321.8,6928.38,4.64,8.79,7.64,25.2,449.0,20
2026-08-21T17:35:38Z,celmis-postgres,1.87,36.29,6928.38,0.52,23.1,12.6,43.2,43.8,11
2026-08-21T17:35:38Z,celmis-sandbox,0.03,48.8,3072.0,1.59,0.0,0.0,18.0,0.0,3
2026-08-21T17:35:38Z,celmis-qdrant,0.08,178.5,6928.38,2.58,0.04,0.03,71.3,0.0,25
2026-08-21T17:35:46Z,celmis-web,0.01,74.82,6928.38,1.08,0.12,0.27,9.84,0.0,12
2026-08-21T17:35:46Z,celmis-api,0.27,321.5,6928.38,4.64,8.79,7.64,25.2,449.0,20
2026-08-21T17:35:46Z,celmis-postgres,0.00,36.19,6928.38,0.52,23.1,12.6,43.2,43.8,11
2026-08-21T17:35:46Z,celmis-sandbox,0.02,48.8,3072.0,1.59,0.0,0.0,18.0,0.0,3
2026-08-21T17:35:46Z,celmis-qdrant,0.10,178.4,6928.38,2.58,0.04,0.03,71.3,0.0,25
2026-08-21T17:35:54Z,celmis-web,0.00,74.53,6928.38,1.08,0.12,0.27,9.84,0.0,12
2026-08-21T17:35:54Z,celmis-api,0.51,321.4,6928.38,4.64,8.79,7.64,25.2,449.0,20
2026-08-21T17:35:54Z,celmis-postgres,1.32,36.02,6928.38,0.52,23.1,12.6,43.2,43.8,11
2026-08-21T17:35:54Z,celmis-sandbox,0.03,48.8,3072.0,1.59,0.0,0.0,18.0,0.0,3
2026-08-21T17:35:54Z,celmis-qdrant,0.06,178.4,6928.38,2.58,0.04,0.03,71.3,0.0,25
2026-08-21T17:36:01Z,celmis-web,0.01,74.53,6928.38,1.08,0.12,0.27,9.84,0.0,12
2026-08-21T17:36:01Z,celmis-api,0.55,321.4,6928.38,4.64,8.8,7.64,25.2,449.0,20
2026-08-21T17:36:01Z,celmis-postgres,0.00,36.0,6928.38,0.52,23.1,12.6,43.2,43.8,11
2026-08-21T17:36:01Z,celmis-sandbox,0.02,49.23,3072.0,1.60,0.0,0.0,18.0,0.0,3
2026-08-21T17:36:01Z,celmis-qdrant,0.07,178.3,6928.38,2.57,0.04,0.03,71.3,0.0,25
2026-08-21T17:36:09Z,celmis-web,0.01,74.4,6928.38,1.07,0.12,0.27,9.84,0.0,12
2026-08-21T17:36:09Z,celmis-api,0.55,321.4,6928.38,4.64,8.8,7.65,25.2,449.0,20
2026-08-21T17:36:09Z,celmis-postgres,0.04,36.0,6928.38,0.52,23.1,12.6,43.2,43.8,11
2026-08-21T17:36:09Z,celmis-sandbox,0.02,49.23,3072.0,1.60,0.0,0.0,18.0,0.0,3
2026-08-21T17:36:09Z,celmis-qdrant,0.07,178.3,6928.38,2.57,0.04,0.03,71.3,0.0,25
2026-08-21T17:36:16Z,celmis-web,0.01,74.4,6928.38,1.07,0.12,0.27,9.84,0.0,12
2026-08-21T17:36:16Z,celmis-api,0.28,321.8,6928.38,4.64,8.8,7.65,25.2,449.0,20
2026-08-21T17:36:16Z,celmis-postgres,0.00,36.06,6928.38,0.52,23.1,12.6,43.2,43.8,11
2026-08-21T17:36:16Z,celmis-sandbox,0.03,49.23,3072.0,1.60,0.0,0.0,18.0,0.0,3
2026-08-21T17:36:16Z,celmis-qdrant,0.07,178.3,6928.38,2.57,0.04,0.03,71.3,0.0,25
2026-08-21T17:36:24Z,celmis-web,0.02,74.79,6928.38,1.08,0.12,0.27,9.84,0.0,12
2026-08-21T17:36:24Z,celmis-api,0.54,321.8,6928.38,4.64,8.8,7.65,25.2,449.0,20
2026-08-21T17:36:24Z,celmis-postgres,1.83,36.21,6928.38,0.52,23.1,12.6,43.2,43.8,11
2026-08-21T17:36:24Z,celmis-sandbox,0.03,49.23,3072.0,1.60,0.0,0.0,18.0,0.0,3
2026-08-21T17:36:24Z,celmis-qdrant,0.09,178.3,6928.38,2.57,0.04,0.03,71.3,0.0,25
2026-08-21T17:36:31Z,celmis-web,0.01,74.79,6928.38,1.08,0.12,0.27,9.84,0.0,12
2026-08-21T17:36:31Z,celmis-api,0.53,321.2,6928.38,4.64,8.8,7.65,25.2,449.0,20
2026-08-21T17:36:31Z,celmis-postgres,0.00,36.47,6928.38,0.53,23.1,12.6,43.2,43.8,11
2026-08-21T17:36:31Z,celmis-sandbox,0.03,49.09,3072.0,1.60,0.0,0.0,18.0,0.0,3
2026-08-21T17:36:31Z,celmis-qdrant,0.10,177.9,6928.38,2.57,0.04,0.03,71.3,0.0,25
2026-08-21T17:36:39Z,celmis-web,0.02,74.58,6928.38,1.08,0.12,0.27,9.84,0.0,12
2026-08-21T17:36:39Z,celmis-api,0.27,321.2,6928.38,4.64,8.81,7.66,25.2,449.0,20
2026-08-21T17:36:39Z,celmis-postgres,1.42,36.44,6928.38,0.53,23.1,12.6,43.2,43.8,11
2026-08-21T17:36:39Z,celmis-sandbox,0.03,49.09,3072.0,1.60,0.0,0.0,18.0,0.0,3
2026-08-21T17:36:39Z,celmis-qdrant,0.07,177.9,6928.38,2.57,0.04,0.03,71.3,0.0,25
2026-08-21T17:36:46Z,celmis-web,0.01,74.58,6928.38,1.08,0.12,0.27,9.84,0.0,12
2026-08-21T17:36:46Z,celmis-api,0.27,321.1,6928.38,4.63,8.81,7.66,25.2,449.0,20
2026-08-21T17:36:46Z,celmis-postgres,0.01,36.13,6928.38,0.52,23.1,12.6,43.2,43.8,11
2026-08-21T17:36:46Z,celmis-sandbox,0.03,49.09,3072.0,1.60,0.0,0.0,18.0,0.0,3
2026-08-21T17:36:46Z,celmis-qdrant,0.07,178.1,6928.38,2.57,0.04,0.03,71.3,0.0,25
2026-08-21T17:36:54Z,celmis-web,0.02,74.56,6928.38,1.08,0.12,0.27,9.84,0.0,12
2026-08-21T17:36:54Z,celmis-api,0.65,321.3,6928.38,4.64,8.81,7.66,25.2,449.0,20
2026-08-21T17:36:54Z,celmis-postgres,0.09,35.9,6928.38,0.52,23.1,12.6,43.2,43.8,11
2026-08-21T17:36:54Z,celmis-sandbox,0.03,49.09,3072.0,1.60,0.0,0.0,18.0,0.0,3
2026-08-21T17:36:54Z,celmis-qdrant,0.07,178.1,6928.38,2.57,0.04,0.03,71.3,0.0,25
2026-08-21T17:37:01Z,celmis-web,0.00,74.56,6928.38,1.08,0.12,0.27,9.84,0.0,12
2026-08-21T17:37:01Z,celmis-api,0.27,321.2,6928.38,4.64,8.81,7.66,25.2,449.0,20
2026-08-21T17:37:01Z,celmis-postgres,0.03,36.08,6928.38,0.52,23.1,12.6,43.2,43.8,11
2026-08-21T17:37:01Z,celmis-sandbox,0.03,48.95,3072.0,1.59,0.0,0.0,18.0,0.0,3
2026-08-21T17:37:01Z,celmis-qdrant,0.08,178.2,6928.38,2.57,0.04,0.03,71.3,0.0,25
2026-08-21T17:37:09Z,celmis-web,0.03,74.68,6928.38,1.08,0.12,0.27,9.84,0.0,12
2026-08-21T17:37:09Z,celmis-api,0.54,321.2,6928.38,4.64,8.81,7.66,25.2,449.0,20
2026-08-21T17:37:09Z,celmis-postgres,0.82,36.0,6928.38,0.52,23.1,12.6,43.2,43.8,11
2026-08-21T17:37:09Z,celmis-sandbox,0.03,48.95,3072.0,1.59,0.0,0.0,18.0,0.0,3
2026-08-21T17:37:09Z,celmis-qdrant,0.09,178.2,6928.38,2.57,0.04,0.03,71.3,0.0,25
2026-08-21T17:37:16Z,celmis-web,0.01,74.68,6928.38,1.08,0.12,0.27,9.84,0.0,12
2026-08-21T17:37:16Z,celmis-api,0.29,321.2,6928.38,4.64,8.82,7.67,25.2,449.0,20
2026-08-21T17:37:16Z,celmis-postgres,0.02,36.43,6928.38,0.53,23.1,12.6,43.2,43.8,11
2026-08-21T17:37:16Z,celmis-sandbox,0.03,48.95,3072.0,1.59,0.0,0.0,18.0,0.0,3
2026-08-21T17:37:16Z,celmis-qdrant,0.07,178.1,6928.38,2.57,0.04,0.03,71.3,0.0,25
2026-08-21T17:37:24Z,celmis-web,0.02,74.38,6928.38,1.07,0.12,0.27,9.84,0.0,12
2026-08-21T17:37:24Z,celmis-api,0.56,321.2,6928.38,4.64,8.82,7.67,25.2,449.0,20
2026-08-21T17:37:24Z,celmis-postgres,0.13,35.93,6928.38,0.52,23.1,12.6,43.2,43.8,11
2026-08-21T17:37:24Z,celmis-sandbox,0.03,48.95,3072.0,1.59,0.0,0.0,18.0,0.0,3
2026-08-21T17:37:24Z,celmis-qdrant,0.08,178.1,6928.38,2.57,0.04,0.03,71.3,0.0,25
2026-08-21T17:37:31Z,celmis-web,0.01,74.38,6928.38,1.07,0.12,0.27,9.84,0.0,12
2026-08-21T17:37:31Z,celmis-api,0.25,321.6,6928.38,4.64,8.82,7.67,25.2,449.0,20
2026-08-21T17:37:31Z,celmis-postgres,0.10,36.12,6928.38,0.52,23.1,12.6,43.2,43.8,11
2026-08-21T17:37:31Z,celmis-sandbox,0.02,49.38,3072.0,1.61,0.0,0.0,18.0,0.0,3
2026-08-21T17:37:31Z,celmis-qdrant,0.06,178.3,6928.38,2.57,0.04,0.03,71.3,0.0,25
2026-08-21T17:37:39Z,celmis-web,0.02,74.43,6928.38,1.07,0.12,0.27,9.84,0.0,12
2026-08-21T17:37:39Z,celmis-api,0.26,321.6,6928.38,4.64,8.82,7.67,25.2,449.0,20
2026-08-21T17:37:39Z,celmis-postgres,0.00,36.0,6928.38,0.52,23.1,12.6,43.2,43.8,11
2026-08-21T17:37:39Z,celmis-sandbox,0.02,49.38,3072.0,1.61,0.0,0.0,18.0,0.0,3
2026-08-21T17:37:39Z,celmis-qdrant,0.07,178.3,6928.38,2.57,0.04,0.03,71.3,0.0,25
2026-08-21T17:37:46Z,celmis-web,0.01,74.43,6928.38,1.07,0.12,0.27,9.84,0.0,12
2026-08-21T17:37:46Z,celmis-api,0.52,321.8,6928.38,4.64,8.82,7.68,25.2,449.0,20
2026-08-21T17:37:46Z,celmis-postgres,0.09,35.98,6928.38,0.52,23.1,12.6,43.2,43.8,11
2026-08-21T17:37:46Z,celmis-sandbox,0.02,49.38,3072.0,1.61,0.0,0.0,18.0,0.0,3
2026-08-21T17:37:46Z,celmis-qdrant,0.07,178.2,6928.38,2.57,0.04,0.03,71.3,0.0,25
2026-08-21T17:37:54Z,celmis-web,0.03,74.62,6928.38,1.08,0.12,0.27,9.84,0.0,12
2026-08-21T17:37:54Z,celmis-api,0.68,321.8,6928.38,4.64,8.83,7.68,25.2,449.0,20
2026-08-21T17:37:54Z,celmis-postgres,0.08,36.25,6928.38,0.52,23.1,12.6,43.2,43.8,11
2026-08-21T17:37:54Z,celmis-sandbox,0.03,49.38,3072.0,1.61,0.0,0.0,18.0,0.0,3
2026-08-21T17:37:54Z,celmis-qdrant,0.09,178.2,6928.38,2.57,0.04,0.03,71.3,0.0,25
2026-08-21T17:38:01Z,celmis-web,0.01,74.62,6928.38,1.08,0.12,0.27,9.84,0.0,12
2026-08-21T17:38:01Z,celmis-api,0.26,321.7,6928.38,4.64,8.83,7.68,25.2,449.0,20
2026-08-21T17:38:01Z,celmis-postgres,0.02,36.32,6928.38,0.52,23.1,12.6,43.2,43.8,11
2026-08-21T17:38:01Z,celmis-sandbox,0.03,49.55,3072.0,1.61,0.0,0.0,18.0,0.0,3
2026-08-21T17:38:01Z,celmis-qdrant,0.07,178.6,6928.38,2.58,0.04,0.03,71.3,0.0,25
2026-08-21T17:38:09Z,celmis-web,0.00,74.38,6928.38,1.07,0.12,0.27,9.84,0.0,12
2026-08-21T17:38:09Z,celmis-api,0.57,321.7,6928.38,4.64,8.83,7.68,25.2,449.0,20
2026-08-21T17:38:09Z,celmis-postgres,0.74,36.12,6928.38,0.52,23.1,12.6,43.2,43.8,11
2026-08-21T17:38:09Z,celmis-sandbox,0.03,49.55,3072.0,1.61,0.0,0.0,18.0,0.0,3
2026-08-21T17:38:09Z,celmis-qdrant,0.07,178.6,6928.38,2.58,0.04,0.03,71.3,0.0,25
2026-08-21T17:38:16Z,celmis-web,0.01,74.38,6928.38,1.07,0.12,0.27,9.84,0.0,12
2026-08-21T17:38:16Z,celmis-api,0.29,321.7,6928.38,4.64,8.83,7.68,25.2,449.0,20
2026-08-21T17:38:16Z,celmis-postgres,0.08,35.95,6928.38,0.52,23.1,12.6,43.2,43.8,11
2026-08-21T17:38:16Z,celmis-sandbox,0.03,49.55,3072.0,1.61,0.0,0.0,18.0,0.0,3
2026-08-21T17:38:16Z,celmis-qdrant,0.07,178.2,6928.38,2.57,0.04,0.03,71.3,0.0,25
2026-08-21T17:38:24Z,celmis-web,0.02,74.57,6928.38,1.08,0.12,0.27,9.84,0.0,12
2026-08-21T17:38:24Z,celmis-api,0.41,321.7,6928.38,4.64,8.83,7.69,25.2,449.0,20
2026-08-21T17:38:24Z,celmis-postgres,0.06,36.0,6928.38,0.52,23.1,12.6,43.2,43.8,11
2026-08-21T17:38:24Z,celmis-sandbox,0.02,49.55,3072.0,1.61,0.0,0.0,18.0,0.0,3
2026-08-21T17:38:24Z,celmis-qdrant,0.08,178.2,6928.38,2.57,0.04,0.03,71.3,0.0,25
2026-08-21T17:38:31Z,celmis-web,0.00,74.57,6928.38,1.08,0.12,0.27,9.84,0.0,12
2026-08-21T17:38:31Z,celmis-api,0.25,321.8,6928.38,4.65,8.84,7.69,25.2,449.0,20
2026-08-21T17:38:31Z,celmis-postgres,1.75,36.12,6928.38,0.52,23.1,12.6,43.2,43.9,11
2026-08-21T17:38:31Z,celmis-sandbox,0.03,49.46,3072.0,1.61,0.0,0.0,18.0,0.0,3
2026-08-21T17:38:31Z,celmis-qdrant,0.07,178.1,6928.38,2.57,0.04,0.03,71.3,0.0,25
2026-08-21T17:38:39Z,celmis-web,0.01,74.34,6928.38,1.07,0.12,0.27,9.84,0.0,12
2026-08-21T17:38:39Z,celmis-api,0.51,321.8,6928.38,4.65,8.84,7.69,25.2,449.0,20
2026-08-21T17:38:39Z,celmis-postgres,0.11,36.07,6928.38,0.52,23.1,12.6,43.2,43.9,11
2026-08-21T17:38:39Z,celmis-sandbox,0.03,49.46,3072.0,1.61,0.0,0.0,18.0,0.0,3
2026-08-21T17:38:39Z,celmis-qdrant,0.09,178.1,6928.38,2.57,0.04,0.03,71.3,0.0,25
2026-08-21T17:38:46Z,celmis-web,0.00,74.34,6928.38,1.07,0.12,0.27,9.84,0.0,12
2026-08-21T17:38:46Z,celmis-api,0.24,321.8,6928.38,4.64,8.84,7.69,25.2,449.0,20
2026-08-21T17:38:46Z,celmis-postgres,0.00,36.32,6928.38,0.52,23.1,12.6,43.2,43.9,11
2026-08-21T17:38:46Z,celmis-sandbox,0.03,49.46,3072.0,1.61,0.0,0.0,18.0,0.0,3
2026-08-21T17:38:46Z,celmis-qdrant,0.07,178.0,6928.38,2.57,0.04,0.03,71.3,0.0,25
2026-08-21T17:38:54Z,celmis-web,0.02,74.53,6928.38,1.08,0.12,0.27,9.84,0.0,12
2026-08-21T17:38:54Z,celmis-api,0.67,321.8,6928.38,4.64,8.84,7.7,25.2,449.0,20
2026-08-21T17:38:54Z,celmis-postgres,0.09,36.12,6928.38,0.52,23.1,12.6,43.2,43.9,11
2026-08-21T17:38:54Z,celmis-sandbox,0.04,49.46,3072.0,1.61,0.0,0.0,18.0,0.0,3
2026-08-21T17:38:54Z,celmis-qdrant,0.08,178.0,6928.38,2.57,0.04,0.03,71.3,0.0,25
2026-08-21T17:39:01Z,celmis-web,0.01,74.53,6928.38,1.08,0.12,0.27,9.84,0.0,12
2026-08-21T17:39:01Z,celmis-api,0.23,321.5,6928.38,4.64,8.84,7.7,25.2,449.0,20
2026-08-21T17:39:01Z,celmis-postgres,1.37,36.47,6928.38,0.53,23.1,12.6,43.2,43.9,11
2026-08-21T17:39:01Z,celmis-sandbox,0.03,49.38,3072.0,1.61,0.0,0.0,18.0,0.0,3
2026-08-21T17:39:01Z,celmis-qdrant,0.07,178.1,6928.38,2.57,0.04,0.03,71.3,0.0,25
2026-08-21T17:39:09Z,celmis-web,0.02,74.84,6928.38,1.08,0.12,0.27,9.84,0.0,12
2026-08-21T17:39:09Z,celmis-api,0.25,321.5,6928.38,4.64,8.85,7.7,25.2,449.0,20
2026-08-21T17:39:09Z,celmis-postgres,0.76,36.23,6928.38,0.52,23.1,12.6,43.2,43.9,11
2026-08-21T17:39:09Z,celmis-sandbox,0.03,49.38,3072.0,1.61,0.0,0.0,18.0,0.0,3
2026-08-21T17:39:09Z,celmis-qdrant,0.07,178.1,6928.38,2.57,0.04,0.03,71.3,0.0,25
2026-08-21T17:39:16Z,celmis-web,0.01,74.84,6928.38,1.08,0.12,0.27,9.84,0.0,12
2026-08-21T17:39:16Z,celmis-api,0.28,321.7,6928.38,4.64,8.85,7.7,25.2,449.0,20
2026-08-21T17:39:16Z,celmis-postgres,0.00,35.98,6928.38,0.52,23.1,12.6,43.2,43.9,11
2026-08-21T17:39:16Z,celmis-sandbox,0.03,49.38,3072.0,1.61,0.0,0.0,18.0,0.0,3
2026-08-21T17:39:16Z,celmis-qdrant,0.06,178.3,6928.38,2.57,0.04,0.03,71.3,0.0,25
2026-08-21T17:39:24Z,celmis-web,0.02,74.89,6928.38,1.08,0.12,0.27,9.84,0.0,12
2026-08-21T17:39:24Z,celmis-api,0.54,321.7,6928.38,4.64,8.85,7.7,25.2,449.0,20
2026-08-21T17:39:24Z,celmis-postgres,0.15,36.14,6928.38,0.52,23.2,12.6,43.2,43.9,11
2026-08-21T17:39:24Z,celmis-sandbox,0.02,49.38,3072.0,1.61,0.0,0.0,18.0,0.0,3
2026-08-21T17:39:24Z,celmis-qdrant,0.09,178.3,6928.38,2.57,0.04,0.03,71.3,0.0,25
2026-08-21T17:39:31Z,celmis-web,0.01,74.89,6928.38,1.08,0.12,0.27,9.84,0.0,12
2026-08-21T17:39:31Z,celmis-api,0.26,321.6,6928.38,4.64,8.85,7.71,25.2,449.0,20
2026-08-21T17:39:31Z,celmis-postgres,0.02,35.94,6928.38,0.52,23.2,12.7,43.2,44.0,11
2026-08-21T17:39:31Z,celmis-sandbox,0.02,49.3,3072.0,1.60,0.0,0.0,18.0,0.0,3
2026-08-21T17:39:31Z,celmis-qdrant,0.07,178.2,6928.38,2.57,0.04,0.03,71.3,0.0,25
2026-08-21T17:39:39Z,celmis-web,0.02,74.57,6928.38,1.08,0.12,0.27,9.84,0.0,12
2026-08-21T17:39:39Z,celmis-api,0.22,321.6,6928.38,4.64,8.85,7.71,25.2,449.0,20
2026-08-21T17:39:39Z,celmis-postgres,0.10,36.43,6928.38,0.53,23.2,12.7,43.2,44.0,11
2026-08-21T17:39:39Z,celmis-sandbox,0.03,49.3,3072.0,1.60,0.0,0.0,18.0,0.0,3
2026-08-21T17:39:39Z,celmis-qdrant,0.06,178.2,6928.38,2.57,0.04,0.03,71.3,0.0,25
2026-08-21T17:39:46Z,celmis-web,0.01,74.57,6928.38,1.08,0.12,0.27,9.84,0.0,12
2026-08-21T17:39:46Z,celmis-api,0.48,321.8,6928.38,4.64,8.86,7.71,25.2,449.0,20
2026-08-21T17:39:46Z,celmis-postgres,0.00,36.03,6928.38,0.52,23.2,12.7,43.2,44.0,11
2026-08-21T17:39:46Z,celmis-sandbox,0.03,49.3,3072.0,1.60,0.0,0.0,18.0,0.0,3
2026-08-21T17:39:46Z,celmis-qdrant,0.07,178.1,6928.38,2.57,0.04,0.03,71.3,0.0,25
2026-08-21T17:39:54Z,celmis-web,0.16,74.78,6928.38,1.08,0.12,0.27,9.84,0.0,12
2026-08-21T17:39:54Z,celmis-api,0.52,321.8,6928.38,4.64,8.86,7.71,25.2,449.0,20
2026-08-21T17:39:54Z,celmis-postgres,0.10,35.96,6928.38,0.52,23.2,12.7,43.2,44.0,11
2026-08-21T17:39:54Z,celmis-sandbox,0.10,49.3,3072.0,1.60,0.0,0.0,18.0,0.0,3
2026-08-21T17:39:54Z,celmis-qdrant,0.12,178.1,6928.38,2.57,0.04,0.03,71.3,0.0,25
2026-08-21T17:40:01Z,celmis-web,0.01,74.78,6928.38,1.08,0.12,0.27,9.84,0.0,12
2026-08-21T17:40:01Z,celmis-api,0.21,322.0,6928.38,4.65,8.86,7.72,25.2,449.0,20
2026-08-21T17:40:01Z,celmis-postgres,0.03,36.26,6928.38,0.52,23.2,12.7,43.2,44.0,11
2026-08-21T17:40:01Z,celmis-sandbox,0.03,49.48,3072.0,1.61,0.0,0.0,18.0,0.0,3
2026-08-21T17:40:01Z,celmis-qdrant,0.07,178.0,6928.38,2.57,0.04,0.03,71.3,0.0,25
2026-08-21T17:40:09Z,celmis-web,0.02,74.68,6928.38,1.08,0.12,0.27,9.84,0.0,12
2026-08-21T17:40:09Z,celmis-api,0.24,322.0,6928.38,4.65,8.86,7.72,25.2,449.0,20
2026-08-21T17:40:09Z,celmis-postgres,0.76,36.4,6928.38,0.53,23.2,12.7,43.2,44.0,11
2026-08-21T17:40:09Z,celmis-sandbox,0.03,49.48,3072.0,1.61,0.0,0.0,18.0,0.0,3
2026-08-21T17:40:09Z,celmis-qdrant,0.06,178.0,6928.38,2.57,0.04,0.03,71.3,0.0,25
2026-08-21T17:40:16Z,celmis-web,0.01,74.68,6928.38,1.08,0.12,0.27,9.84,0.0,12
2026-08-21T17:40:16Z,celmis-api,0.50,321.7,6928.38,4.64,8.86,7.72,25.2,449.0,20
2026-08-21T17:40:16Z,celmis-postgres,0.00,36.31,6928.38,0.52,23.2,12.7,43.2,44.0,11
2026-08-21T17:40:16Z,celmis-sandbox,0.03,49.48,3072.0,1.61,0.0,0.0,18.0,0.0,3
2026-08-21T17:40:16Z,celmis-qdrant,0.09,178.2,6928.38,2.57,0.04,0.03,71.3,0.0,25
2026-08-21T17:40:24Z,celmis-web,0.02,74.68,6928.38,1.08,0.12,0.27,9.84,0.0,12
2026-08-21T17:40:24Z,celmis-api,0.24,321.7,6928.38,4.64,8.86,7.72,25.2,449.0,20
2026-08-21T17:40:24Z,celmis-postgres,0.00,36.48,6928.38,0.53,23.2,12.7,43.2,44.0,11
2026-08-21T17:40:24Z,celmis-sandbox,0.03,49.48,3072.0,1.61,0.0,0.0,18.0,0.0,3
2026-08-21T17:40:24Z,celmis-qdrant,0.08,178.2,6928.38,2.57,0.04,0.03,71.3,0.0,25
2026-08-21T17:40:31Z,celmis-web,0.01,74.68,6928.38,1.08,0.12,0.27,9.84,0.0,12
2026-08-21T17:40:31Z,celmis-api,0.53,321.9,6928.38,4.65,8.87,7.73,25.2,449.0,20
2026-08-21T17:40:31Z,celmis-postgres,1.72,36.45,6928.38,0.53,23.2,12.7,43.2,44.0,11
2026-08-21T17:40:31Z,celmis-sandbox,0.03,49.41,3072.0,1.61,0.0,0.0,18.0,0.0,3
2026-08-21T17:40:31Z,celmis-qdrant,0.08,178.1,6928.38,2.57,0.04,0.03,71.3,0.0,25
2026-08-21T17:40:39Z,celmis-web,0.02,74.59,6928.38,1.08,0.12,0.27,9.84,0.0,12
2026-08-21T17:40:39Z,celmis-api,0.59,321.9,6928.38,4.65,8.87,7.73,25.2,449.0,20
2026-08-21T17:40:39Z,celmis-postgres,0.00,36.05,6928.38,0.52,23.2,12.7,43.2,44.0,11
2026-08-21T17:40:39Z,celmis-sandbox,0.02,49.41,3072.0,1.61,0.0,0.0,18.0,0.0,3
2026-08-21T17:40:39Z,celmis-qdrant,0.07,178.1,6928.38,2.57,0.04,0.03,71.3,0.0,25
2026-08-21T17:40:46Z,celmis-web,0.00,74.59,6928.38,1.08,0.12,0.27,9.84,0.0,12
2026-08-21T17:40:46Z,celmis-api,0.57,321.8,6928.38,4.64,8.87,7.73,25.2,449.0,20
2026-08-21T17:40:46Z,celmis-postgres,1.70,36.12,6928.38,0.52,23.2,12.7,43.2,44.0,11
2026-08-21T17:40:46Z,celmis-sandbox,0.01,49.41,3072.0,1.61,0.0,0.0,18.0,0.0,3
2026-08-21T17:40:46Z,celmis-qdrant,0.08,178.5,6928.38,2.58,0.04,0.03,71.3,0.0,25
2026-08-21T17:40:54Z,celmis-web,0.02,74.34,6928.38,1.07,0.12,0.27,9.84,0.0,12
2026-08-21T17:40:54Z,celmis-api,0.45,321.8,6928.38,4.64,8.87,7.73,25.2,449.0,20
2026-08-21T17:40:54Z,celmis-postgres,0.00,36.4,6928.38,0.53,23.2,12.7,43.2,44.0,11
2026-08-21T17:40:54Z,celmis-sandbox,0.03,49.41,3072.0,1.61,0.0,0.0,18.0,0.0,3
2026-08-21T17:40:54Z,celmis-qdrant,0.08,178.5,6928.38,2.58,0.04,0.03,71.3,0.0,25
2026-08-21T17:41:01Z,celmis-web,0.01,74.34,6928.38,1.07,0.12,0.27,9.84,0.0,12
2026-08-21T17:41:01Z,celmis-api,0.47,321.7,6928.38,4.64,8.88,7.73,25.2,449.0,20
2026-08-21T17:41:01Z,celmis-postgres,0.87,36.4,6928.38,0.53,23.2,12.7,43.2,44.0,11
2026-08-21T17:41:01Z,celmis-sandbox,0.03,49.58,3072.0,1.61,0.0,0.0,18.0,0.0,3
2026-08-21T17:41:01Z,celmis-qdrant,0.07,178.1,6928.38,2.57,0.04,0.03,71.3,0.0,25
2026-08-21T17:41:09Z,celmis-web,0.01,74.34,6928.38,1.07,0.12,0.27,9.84,0.0,12
2026-08-21T17:41:09Z,celmis-api,0.41,321.7,6928.38,4.64,8.88,7.74,25.2,449.0,20
2026-08-21T17:41:09Z,celmis-postgres,0.57,36.23,6928.38,0.52,23.2,12.7,43.2,44.0,11
2026-08-21T17:41:09Z,celmis-sandbox,0.02,49.58,3072.0,1.61,0.0,0.0,18.0,0.0,3
2026-08-21T17:41:09Z,celmis-qdrant,0.06,178.1,6928.38,2.57,0.04,0.03,71.3,0.0,25
2026-08-21T17:41:16Z,celmis-web,0.01,74.34,6928.38,1.07,0.12,0.27,9.84,0.0,12
2026-08-21T17:41:16Z,celmis-api,0.23,321.7,6928.38,4.64,8.88,7.74,25.2,449.0,20
2026-08-21T17:41:16Z,celmis-postgres,1.95,36.15,6928.38,0.52,23.2,12.7,43.2,44.0,11
2026-08-21T17:41:16Z,celmis-sandbox,0.03,49.58,3072.0,1.61,0.0,0.0,18.0,0.0,3
2026-08-21T17:41:16Z,celmis-qdrant,0.06,178.2,6928.38,2.57,0.04,0.03,71.3,0.0,25
2026-08-21T17:41:24Z,celmis-web,0.02,74.64,6928.38,1.08,0.12,0.27,9.84,0.0,12
2026-08-21T17:41:24Z,celmis-api,0.27,321.7,6928.38,4.64,8.88,7.74,25.2,449.0,20
2026-08-21T17:41:24Z,celmis-postgres,0.00,36.12,6928.38,0.52,23.2,12.7,43.2,44.0,11
2026-08-21T17:41:24Z,celmis-sandbox,0.02,49.58,3072.0,1.61,0.0,0.0,18.0,0.0,3
2026-08-21T17:41:24Z,celmis-qdrant,0.08,178.2,6928.38,2.57,0.04,0.03,71.3,0.0,25
2026-08-21T17:41:31Z,celmis-web,0.00,74.64,6928.38,1.08,0.12,0.27,9.84,0.0,12
2026-08-21T17:41:31Z,celmis-api,0.52,321.9,6928.38,4.65,8.88,7.74,25.2,449.0,20
2026-08-21T17:41:31Z,celmis-postgres,0.03,35.93,6928.38,0.52,23.2,12.7,43.2,44.0,11
2026-08-21T17:41:31Z,celmis-sandbox,0.02,49.75,3072.0,1.62,0.0,0.0,18.0,0.0,3
2026-08-21T17:41:31Z,celmis-qdrant,0.08,177.9,6928.38,2.57,0.04,0.03,71.3,0.0,25
2026-08-21T17:41:39Z,celmis-web,0.03,74.76,6928.38,1.08,0.12,0.27,9.84,0.0,12
2026-08-21T17:41:39Z,celmis-api,0.55,321.9,6928.38,4.65,8.89,7.75,25.2,449.0,20
2026-08-21T17:41:39Z,celmis-postgres,0.07,36.17,6928.38,0.52,23.2,12.7,43.2,44.0,11
2026-08-21T17:41:39Z,celmis-sandbox,0.04,49.75,3072.0,1.62,0.0,0.0,18.0,0.0,3
2026-08-21T17:41:39Z,celmis-qdrant,0.08,177.9,6928.38,2.57,0.04,0.03,71.3,0.0,25
2026-08-21T17:41:46Z,celmis-web,0.01,74.76,6928.38,1.08,0.12,0.27,9.84,0.0,12
2026-08-21T17:41:46Z,celmis-api,0.28,321.8,6928.38,4.64,8.89,7.75,25.2,449.0,20
2026-08-21T17:41:46Z,celmis-postgres,1.60,36.21,6928.38,0.52,23.2,12.7,43.2,44.0,11
2026-08-21T17:41:46Z,celmis-sandbox,0.03,49.75,3072.0,1.62,0.0,0.0,18.0,0.0,3
2026-08-21T17:41:46Z,celmis-qdrant,0.07,178.0,6928.38,2.57,0.04,0.03,71.3,0.0,25
2026-08-21T17:41:54Z,celmis-web,0.02,74.52,6928.38,1.08,0.12,0.27,9.84,0.0,12
2026-08-21T17:41:54Z,celmis-api,0.56,321.8,6928.38,4.64,8.89,7.75,25.2,449.0,20
2026-08-21T17:41:54Z,celmis-postgres,0.00,36.22,6928.38,0.52,23.2,12.7,43.2,44.0,11
2026-08-21T17:41:54Z,celmis-sandbox,0.03,49.75,3072.0,1.62,0.0,0.0,18.0,0.0,3
2026-08-21T17:41:54Z,celmis-qdrant,0.08,178.0,6928.38,2.57,0.04,0.03,71.3,0.0,25
2026-08-21T17:42:01Z,celmis-web,0.00,74.52,6928.38,1.08,0.12,0.27,9.84,0.0,12
2026-08-21T17:42:01Z,celmis-api,0.28,321.7,6928.38,4.64,8.89,7.75,25.2,449.0,20
2026-08-21T17:42:01Z,celmis-postgres,1.84,36.07,6928.38,0.52,23.2,12.7,43.2,44.1,11
2026-08-21T17:42:01Z,celmis-sandbox,0.03,49.71,3072.0,1.62,0.0,0.0,18.0,0.0,3
2026-08-21T17:42:01Z,celmis-qdrant,0.07,178.2,6928.38,2.57,0.04,0.03,71.3,0.0,25
2026-08-21T17:42:09Z,celmis-web,0.02,74.43,6928.38,1.07,0.12,0.27,9.84,0.0,12
2026-08-21T17:42:09Z,celmis-api,0.27,321.7,6928.38,4.64,8.89,7.75,25.2,449.0,20
2026-08-21T17:42:09Z,celmis-postgres,0.81,36.04,6928.38,0.52,23.2,12.7,43.2,44.1,11
2026-08-21T17:42:09Z,celmis-sandbox,0.03,49.68,3072.0,1.62,0.0,0.0,18.0,0.0,3
2026-08-21T17:42:09Z,celmis-qdrant,0.06,178.2,6928.38,2.57,0.04,0.03,71.3,0.0,25
2026-08-21T17:42:16Z,celmis-web,0.01,74.43,6928.38,1.07,0.12,0.27,9.84,0.0,12
2026-08-21T17:42:16Z,celmis-api,0.26,321.9,6928.38,4.65,8.9,7.76,25.2,449.0,20
2026-08-21T17:42:16Z,celmis-postgres,1.80,36.03,6928.38,0.52,23.2,12.7,43.2,44.1,11
2026-08-21T17:42:16Z,celmis-sandbox,0.03,49.68,3072.0,1.62,0.0,0.0,18.0,0.0,3
2026-08-21T17:42:16Z,celmis-qdrant,0.08,178.3,6928.38,2.57,0.04,0.03,71.3,0.0,25
2026-08-21T17:42:24Z,celmis-web,0.02,74.65,6928.38,1.08,0.12,0.27,9.84,0.0,12
2026-08-21T17:42:24Z,celmis-api,0.24,321.9,6928.38,4.65,8.9,7.76,25.2,449.0,20
2026-08-21T17:42:24Z,celmis-postgres,0.01,35.92,6928.38,0.52,23.2,12.7,43.2,44.1,11
2026-08-21T17:42:24Z,celmis-sandbox,0.03,49.68,3072.0,1.62,0.0,0.0,18.0,0.0,3
2026-08-21T17:42:24Z,celmis-qdrant,0.09,178.3,6928.38,2.57,0.04,0.03,71.3,0.0,25
2026-08-21T17:42:31Z,celmis-web,0.01,74.65,6928.38,1.08,0.12,0.27,9.84,0.0,12
2026-08-21T17:42:31Z,celmis-api,0.24,321.9,6928.38,4.65,8.9,7.76,25.2,449.0,20
2026-08-21T17:42:31Z,celmis-postgres,0.11,35.98,6928.38,0.52,23.2,12.7,43.2,44.1,11
2026-08-21T17:42:31Z,celmis-sandbox,0.04,49.6,3072.0,1.61,0.0,0.0,18.0,0.0,3
2026-08-21T17:42:31Z,celmis-qdrant,0.09,178.2,6928.38,2.57,0.04,0.03,71.3,0.0,25
2026-08-21T17:42:39Z,celmis-web,0.01,74.62,6928.38,1.08,0.12,0.27,9.84,0.0,12
2026-08-21T17:42:39Z,celmis-api,0.48,321.9,6928.38,4.65,8.9,7.76,25.2,449.0,20
2026-08-21T17:42:39Z,celmis-postgres,0.12,35.98,6928.38,0.52,23.2,12.7,43.2,44.1,11
2026-08-21T17:42:39Z,celmis-sandbox,0.02,49.6,3072.0,1.61,0.0,0.0,18.0,0.0,3
2026-08-21T17:42:39Z,celmis-qdrant,0.06,178.2,6928.38,2.57,0.04,0.03,71.3,0.0,25
2026-08-21T17:42:46Z,celmis-web,0.00,74.62,6928.38,1.08,0.12,0.27,9.84,0.0,12
2026-08-21T17:42:46Z,celmis-api,0.41,321.6,6928.38,4.64,8.9,7.76,25.2,449.0,20
2026-08-21T17:42:46Z,celmis-postgres,1.68,36.09,6928.38,0.52,23.2,12.7,43.2,44.1,11
2026-08-21T17:42:46Z,celmis-sandbox,0.02,49.6,3072.0,1.61,0.0,0.0,18.0,0.0,3
2026-08-21T17:42:46Z,celmis-qdrant,0.06,178.4,6928.38,2.57,0.04,0.03,71.3,0.0,25
2026-08-21T17:42:54Z,celmis-web,0.03,74.64,6928.38,1.08,0.12,0.27,9.84,0.0,12
2026-08-21T17:42:54Z,celmis-api,0.63,321.6,6928.38,4.64,8.9,7.77,25.2,449.0,20
2026-08-21T17:42:54Z,celmis-postgres,0.00,36.3,6928.38,0.52,23.2,12.7,43.2,44.1,11
2026-08-21T17:42:54Z,celmis-sandbox,0.04,49.6,3072.0,1.61,0.0,0.0,18.0,0.0,3
2026-08-21T17:42:54Z,celmis-qdrant,0.11,178.4,6928.38,2.57,0.04,0.03,71.3,0.0,25
2026-08-21T17:43:01Z,celmis-web,0.00,74.64,6928.38,1.08,0.12,0.27,9.84,0.0,12
2026-08-21T17:43:01Z,celmis-api,0.55,321.7,6928.38,4.64,8.91,7.77,25.2,449.0,20
2026-08-21T17:43:01Z,celmis-postgres,0.12,36.02,6928.38,0.52,23.2,12.7,43.2,44.1,11
2026-08-21T17:43:01Z,celmis-sandbox,0.03,49.75,3072.0,1.62,0.0,0.0,18.0,0.0,3
2026-08-21T17:43:01Z,celmis-qdrant,0.08,178.3,6928.38,2.57,0.04,0.03,71.3,0.0,25
2026-08-21T17:43:09Z,celmis-web,0.01,74.71,6928.38,1.08,0.12,0.27,9.84,0.0,12
2026-08-21T17:43:09Z,celmis-api,0.28,321.7,6928.38,4.64,8.91,7.77,25.2,449.0,20
2026-08-21T17:43:09Z,celmis-postgres,0.03,36.05,6928.38,0.52,23.2,12.7,43.2,44.1,11
2026-08-21T17:43:09Z,celmis-sandbox,0.03,49.74,3072.0,1.62,0.0,0.0,18.0,0.0,3
2026-08-21T17:43:09Z,celmis-qdrant,0.09,178.3,6928.38,2.57,0.04,0.03,71.3,0.0,25
2026-08-21T17:43:16Z,celmis-web,0.01,74.71,6928.38,1.08,0.12,0.27,9.84,0.0,12
2026-08-21T17:43:16Z,celmis-api,0.56,321.7,6928.38,4.64,8.91,7.77,25.2,449.0,20
2026-08-21T17:43:16Z,celmis-postgres,0.00,36.09,6928.38,0.52,23.2,12.7,43.2,44.1,11
2026-08-21T17:43:16Z,celmis-sandbox,0.03,49.74,3072.0,1.62,0.0,0.0,18.0,0.0,3
2026-08-21T17:43:16Z,celmis-qdrant,0.07,178.2,6928.38,2.57,0.04,0.03,71.3,0.0,25
2026-08-21T17:43:24Z,celmis-web,0.01,74.55,6928.38,1.08,0.12,0.27,9.84,0.0,12
2026-08-21T17:43:24Z,celmis-api,0.29,321.7,6928.38,4.64,8.91,7.78,25.2,449.0,20
2026-08-21T17:43:24Z,celmis-postgres,0.00,36.33,6928.38,0.52,23.2,12.7,43.2,44.1,11
2026-08-21T17:43:24Z,celmis-sandbox,0.04,49.74,3072.0,1.62,0.0,0.0,18.0,0.0,3
2026-08-21T17:43:24Z,celmis-qdrant,0.11,178.2,6928.38,2.57,0.04,0.03,71.3,0.0,25
2026-08-21T17:43:31Z,celmis-web,0.01,74.55,6928.38,1.08,0.12,0.27,9.84,0.0,12
2026-08-21T17:43:31Z,celmis-api,0.53,321.6,6928.38,4.64,8.92,7.78,25.2,449.0,20
2026-08-21T17:43:31Z,celmis-postgres,0.13,36.14,6928.38,0.52,23.2,12.7,43.2,44.1,11
2026-08-21T17:43:31Z,celmis-sandbox,0.03,49.47,3072.0,1.61,0.0,0.0,18.0,0.0,3
2026-08-21T17:43:31Z,celmis-qdrant,0.10,178.1,6928.38,2.57,0.04,0.03,71.3,0.0,25
2026-08-21T17:43:39Z,celmis-web,0.01,74.48,6928.38,1.07,0.12,0.27,9.84,0.0,12
2026-08-21T17:43:39Z,celmis-api,0.20,321.6,6928.38,4.64,8.92,7.78,25.2,449.0,20
2026-08-21T17:43:39Z,celmis-postgres,0.02,36.52,6928.38,0.53,23.2,12.7,43.2,44.1,11
2026-08-21T17:43:39Z,celmis-sandbox,0.03,49.42,3072.0,1.61,0.0,0.0,18.0,0.0,3
2026-08-21T17:43:39Z,celmis-qdrant,0.06,178.1,6928.38,2.57,0.04,0.03,71.3,0.0,25
2026-08-21T17:43:46Z,celmis-web,0.01,74.48,6928.38,1.07,0.12,0.27,9.84,0.0,12
2026-08-21T17:43:46Z,celmis-api,0.53,321.6,6928.38,4.64,8.92,7.78,25.2,449.0,20
2026-08-21T17:43:46Z,celmis-postgres,0.09,35.88,6928.38,0.52,23.2,12.7,43.2,44.1,11
2026-08-21T17:43:46Z,celmis-sandbox,0.03,49.42,3072.0,1.61,0.0,0.0,18.0,0.0,3
2026-08-21T17:43:46Z,celmis-qdrant,0.13,178.2,6928.38,2.57,0.04,0.03,71.3,0.0,25
2026-08-21T17:43:54Z,celmis-web,0.00,74.6,6928.38,1.08,0.12,0.27,9.84,0.0,12
2026-08-21T17:43:54Z,celmis-api,0.46,321.6,6928.38,4.64,8.92,7.78,25.2,449.0,20
2026-08-21T17:43:54Z,celmis-postgres,0.00,35.97,6928.38,0.52,23.2,12.7,43.2,44.1,11
2026-08-21T17:43:54Z,celmis-sandbox,0.03,49.42,3072.0,1.61,0.0,0.0,18.0,0.0,3
2026-08-21T17:43:54Z,celmis-qdrant,0.07,178.2,6928.38,2.57,0.04,0.03,71.3,0.0,25
2026-08-21T17:44:01Z,celmis-web,0.01,74.6,6928.38,1.08,0.12,0.27,9.84,0.0,12
2026-08-21T17:44:01Z,celmis-api,0.22,321.7,6928.38,4.64,8.92,7.79,25.2,449.0,20
2026-08-21T17:44:01Z,celmis-postgres,0.15,35.92,6928.38,0.52,23.2,12.7,43.2,44.1,11
2026-08-21T17:44:01Z,celmis-sandbox,0.03,49.55,3072.0,1.61,0.0,0.0,18.0,0.0,3
2026-08-21T17:44:01Z,celmis-qdrant,0.10,178.1,6928.38,2.57,0.04,0.03,71.3,0.0,25
2026-08-21T17:44:09Z,celmis-web,0.03,74.5,6928.38,1.08,0.12,0.27,9.84,0.0,12
2026-08-21T17:44:09Z,celmis-api,0.25,321.7,6928.38,4.64,8.93,7.79,25.2,449.0,20
2026-08-21T17:44:09Z,celmis-postgres,0.68,36.07,6928.38,0.52,23.2,12.7,43.2,44.1,11
2026-08-21T17:44:09Z,celmis-sandbox,0.03,49.55,3072.0,1.61,0.0,0.0,18.0,0.0,3
2026-08-21T17:44:09Z,celmis-qdrant,0.12,178.1,6928.38,2.57,0.04,0.03,71.3,0.0,25
2026-08-21T17:44:16Z,celmis-web,0.01,74.5,6928.38,1.08,0.12,0.27,9.84,0.0,12
2026-08-21T17:44:16Z,celmis-api,0.30,321.6,6928.38,4.64,8.93,7.79,25.2,449.0,20
2026-08-21T17:44:16Z,celmis-postgres,0.03,35.95,6928.38,0.52,23.2,12.7,43.2,44.1,11
2026-08-21T17:44:16Z,celmis-sandbox,0.03,49.55,3072.0,1.61,0.0,0.0,18.0,0.0,3
2026-08-21T17:44:16Z,celmis-qdrant,0.12,178.3,6928.38,2.57,0.04,0.03,71.3,0.0,25
2026-08-21T17:44:24Z,celmis-web,0.01,74.55,6928.38,1.08,0.12,0.27,9.84,0.0,12
2026-08-21T17:44:24Z,celmis-api,0.22,321.6,6928.38,4.64,8.93,7.79,25.2,449.0,20
2026-08-21T17:44:24Z,celmis-postgres,0.03,36.27,6928.38,0.52,23.2,12.7,43.2,44.3,11
2026-08-21T17:44:24Z,celmis-sandbox,0.02,49.55,3072.0,1.61,0.0,0.0,18.0,0.0,3
2026-08-21T17:44:24Z,celmis-qdrant,0.11,178.3,6928.38,2.57,0.04,0.03,71.3,0.0,25
2026-08-21T17:44:31Z,celmis-web,0.01,74.55,6928.38,1.08,0.12,0.27,9.84,0.0,12
2026-08-21T17:44:31Z,celmis-api,0.39,321.8,6928.38,4.64,8.93,7.8,25.2,449.0,20
2026-08-21T17:44:31Z,celmis-postgres,0.02,35.96,6928.38,0.52,23.2,12.7,43.2,44.3,11
2026-08-21T17:44:31Z,celmis-sandbox,0.03,49.79,3072.0,1.62,0.0,0.0,18.0,0.0,3
2026-08-21T17:44:31Z,celmis-qdrant,0.08,178.5,6928.38,2.58,0.04,0.03,71.3,0.0,25
2026-08-21T17:44:39Z,celmis-web,0.03,74.57,6928.38,1.08,0.12,0.27,9.84,0.0,12
2026-08-21T17:44:39Z,celmis-api,0.34,321.8,6928.38,4.64,8.93,7.8,25.2,449.0,20
2026-08-21T17:44:39Z,celmis-postgres,1.13,36.24,6928.38,0.52,23.2,12.7,43.2,44.3,11
2026-08-21T17:44:39Z,celmis-sandbox,0.08,49.73,3072.0,1.62,0.0,0.0,18.0,0.0,3
2026-08-21T17:44:39Z,celmis-qdrant,0.13,178.5,6928.38,2.58,0.04,0.03,71.3,0.0,25
2026-08-21T17:44:46Z,celmis-web,0.01,74.57,6928.38,1.08,0.12,0.27,9.84,0.0,12
2026-08-21T17:44:46Z,celmis-api,0.26,321.5,6928.38,4.64,8.94,7.8,25.2,449.0,20
2026-08-21T17:44:46Z,celmis-postgres,0.03,36.09,6928.38,0.52,23.2,12.7,43.2,44.3,11
2026-08-21T17:44:46Z,celmis-sandbox,0.03,49.73,3072.0,1.62,0.0,0.0,18.0,0.0,3
2026-08-21T17:44:46Z,celmis-qdrant,0.10,178.4,6928.38,2.57,0.04,0.03,71.3,0.0,25
2026-08-21T17:44:54Z,celmis-web,0.01,74.35,6928.38,1.07,0.12,0.27,9.84,0.0,12
2026-08-21T17:44:54Z,celmis-api,0.75,321.4,6928.38,4.64,8.94,7.8,25.2,449.0,20
2026-08-21T17:44:54Z,celmis-postgres,0.00,36.2,6928.38,0.52,23.2,12.7,43.2,44.3,11
2026-08-21T17:44:54Z,celmis-sandbox,0.02,49.73,3072.0,1.62,0.0,0.0,18.0,0.0,3
2026-08-21T17:44:54Z,celmis-qdrant,0.08,178.4,6928.38,2.57,0.04,0.03,71.3,0.0,25
2026-08-21T17:45:01Z,celmis-web,0.01,74.35,6928.38,1.07,0.12,0.27,9.84,0.0,12
2026-08-21T17:45:01Z,celmis-api,0.63,321.6,6928.38,4.64,8.94,7.81,25.2,449.0,20
2026-08-21T17:45:01Z,celmis-postgres,0.00,35.9,6928.38,0.52,23.3,12.7,43.2,44.3,11
2026-08-21T17:45:01Z,celmis-sandbox,0.02,49.68,3072.0,1.62,0.0,0.0,18.0,0.0,3
2026-08-21T17:45:01Z,celmis-qdrant,0.14,178.0,6928.38,2.57,0.04,0.03,71.3,0.0,25
2026-08-21T17:45:09Z,celmis-web,0.00,74.61,6928.38,1.08,0.12,0.27,9.84,0.0,12
2026-08-21T17:45:09Z,celmis-api,0.13,321.6,6928.38,4.64,8.94,7.81,25.2,449.0,20
2026-08-21T17:45:09Z,celmis-postgres,0.58,36.07,6928.38,0.52,23.3,12.7,43.2,44.3,11
2026-08-21T17:45:09Z,celmis-sandbox,0.02,49.65,3072.0,1.62,0.0,0.0,18.0,0.0,3
2026-08-21T17:45:09Z,celmis-qdrant,0.05,178.0,6928.38,2.57,0.04,0.03,71.3,0.0,25
2026-08-21T17:45:17Z,celmis-web,0.00,74.61,6928.38,1.08,0.12,0.27,9.84,0.0,12
2026-08-21T17:45:17Z,celmis-api,0.18,321.5,6928.38,4.64,8.94,7.81,25.2,449.0,20
2026-08-21T17:45:17Z,celmis-postgres,0.14,35.97,6928.38,0.52,23.3,12.7,43.2,44.3,11
2026-08-21T17:45:17Z,celmis-sandbox,0.02,49.65,3072.0,1.62,0.0,0.0,18.0,0.0,3
2026-08-21T17:45:17Z,celmis-qdrant,0.12,178.3,6928.38,2.57,0.04,0.03,71.3,0.0,25
2026-08-21T17:45:25Z,celmis-web,0.01,74.66,6928.38,1.08,0.12,0.27,9.84,0.0,12
2026-08-21T17:45:25Z,celmis-api,0.28,321.5,6928.38,4.64,8.94,7.81,25.2,449.0,20
2026-08-21T17:45:25Z,celmis-postgres,0.05,36.25,6928.38,0.52,23.3,12.7,43.2,44.3,11
2026-08-21T17:45:25Z,celmis-sandbox,0.02,49.65,3072.0,1.62,0.0,0.0,18.0,0.0,3
2026-08-21T17:45:25Z,celmis-qdrant,0.10,178.2,6928.38,2.57,0.04,0.03,71.3,0.0,25
2026-08-21T17:45:32Z,celmis-web,0.00,74.66,6928.38,1.08,0.12,0.27,9.84,0.0,12
2026-08-21T17:45:32Z,celmis-api,0.15,321.7,6928.38,4.64,8.95,7.81,25.2,449.0,20
2026-08-21T17:45:32Z,celmis-postgres,0.00,35.75,6928.38,0.52,23.3,12.7,43.2,44.3,11
2026-08-21T17:45:32Z,celmis-sandbox,0.02,49.84,3072.0,1.62,0.0,0.0,18.0,0.0,3
2026-08-21T17:45:32Z,celmis-qdrant,0.09,178.0,6928.38,2.57,0.04,0.03,71.3,0.0,25
2026-08-21T17:45:40Z,celmis-web,0.01,74.51,6928.38,1.08,0.12,0.27,9.84,0.0,12
2026-08-21T17:45:40Z,celmis-api,0.34,321.7,6928.38,4.64,8.95,7.82,25.2,449.0,20
2026-08-21T17:45:40Z,celmis-postgres,0.08,35.8,6928.38,0.52,23.3,12.7,43.2,44.3,11
2026-08-21T17:45:40Z,celmis-sandbox,0.02,49.83,3072.0,1.62,0.0,0.0,18.0,0.0,3
2026-08-21T17:45:40Z,celmis-qdrant,0.12,178.0,6928.38,2.57,0.04,0.03,71.3,0.0,25
2026-08-21T17:45:48Z,celmis-web,0.01,74.51,6928.38,1.08,0.12,0.27,9.84,0.0,12
2026-08-21T17:45:48Z,celmis-api,0.24,321.4,6928.38,4.64,8.95,7.82,25.2,449.0,20
2026-08-21T17:45:48Z,celmis-postgres,1.39,36.1,6928.38,0.52,23.3,12.7,43.2,44.3,11
2026-08-21T17:45:48Z,celmis-sandbox,0.03,49.83,3072.0,1.62,0.0,0.0,18.0,0.0,3
2026-08-21T17:45:48Z,celmis-qdrant,0.08,178.3,6928.38,2.57,0.04,0.03,71.3,0.0,25
2026-08-21T17:45:55Z,celmis-web,0.02,74.81,6928.38,1.08,0.12,0.27,9.84,0.0,12
2026-08-21T17:45:55Z,celmis-api,0.38,321.4,6928.38,4.64,8.95,7.82,25.2,449.0,20
2026-08-21T17:45:55Z,celmis-postgres,0.06,36.11,6928.38,0.52,23.3,12.8,43.2,44.3,11
2026-08-21T17:45:55Z,celmis-sandbox,0.03,49.83,3072.0,1.62,0.0,0.0,18.0,0.0,3
2026-08-21T17:45:55Z,celmis-qdrant,0.13,178.2,6928.38,2.57,0.04,0.03,71.3,0.0,25
2026-08-21T17:46:02Z,celmis-web,0.01,74.81,6928.38,1.08,0.12,0.27,9.84,0.0,12
2026-08-21T17:46:02Z,celmis-api,0.15,321.3,6928.38,4.64,8.96,7.82,25.2,449.0,20
2026-08-21T17:46:02Z,celmis-postgres,0.00,36.05,6928.38,0.52,23.3,12.8,43.2,44.3,11
2026-08-21T17:46:02Z,celmis-sandbox,0.02,50.04,3072.0,1.63,0.0,0.0,18.0,0.0,3
2026-08-21T17:46:02Z,celmis-qdrant,0.06,178.1,6928.38,2.57,0.04,0.03,71.3,0.0,25
2026-08-21T17:46:10Z,celmis-web,0.01,74.93,6928.38,1.08,0.12,0.27,9.84,0.0,12
2026-08-21T17:46:10Z,celmis-api,0.39,321.3,6928.38,4.64,8.96,7.83,25.2,449.0,20
2026-08-21T17:46:10Z,celmis-postgres,0.59,36.28,6928.38,0.52,23.3,12.8,43.2,44.3,11
2026-08-21T17:46:10Z,celmis-sandbox,0.02,49.99,3072.0,1.63,0.0,0.0,18.0,0.0,3
2026-08-21T17:46:10Z,celmis-qdrant,0.07,178.1,6928.38,2.57,0.04,0.03,71.3,0.0,25
2026-08-21T17:46:17Z,celmis-web,0.00,74.93,6928.38,1.08,0.12,0.27,9.84,0.0,12
2026-08-21T17:46:17Z,celmis-api,0.33,321.5,6928.38,4.64,8.96,7.83,25.2,449.0,20
2026-08-21T17:46:17Z,celmis-postgres,0.00,36.41,6928.38,0.53,23.3,12.8,43.2,44.3,11
2026-08-21T17:46:17Z,celmis-sandbox,0.02,49.99,3072.0,1.63,0.0,0.0,18.0,0.0,3
2026-08-21T17:46:17Z,celmis-qdrant,0.16,178.2,6928.38,2.57,0.04,0.03,71.3,0.0,25
2026-08-21T17:46:25Z,celmis-web,0.01,74.89,6928.38,1.08,0.12,0.27,9.84,0.0,12
2026-08-21T17:46:25Z,celmis-api,0.50,321.5,6928.38,4.64,8.96,7.83,25.2,449.0,20
2026-08-21T17:46:25Z,celmis-postgres,0.09,36.32,6928.38,0.52,23.3,12.8,43.2,44.3,11
2026-08-21T17:46:25Z,celmis-sandbox,0.03,49.99,3072.0,1.63,0.0,0.0,18.0,0.0,3
2026-08-21T17:46:25Z,celmis-qdrant,0.09,178.2,6928.38,2.57,0.04,0.03,71.3,0.0,25
2026-08-21T17:46:32Z,celmis-web,0.01,74.89,6928.38,1.08,0.12,0.27,9.84,0.0,12
2026-08-21T17:46:32Z,celmis-api,0.27,321.5,6928.38,4.64,8.96,7.83,25.2,449.0,20
2026-08-21T17:46:32Z,celmis-postgres,0.00,36.17,6928.38,0.52,23.3,12.8,43.2,44.3,11
2026-08-21T17:46:32Z,celmis-sandbox,0.03,49.92,3072.0,1.63,0.0,0.0,18.0,0.0,3
2026-08-21T17:46:32Z,celmis-qdrant,0.07,178.2,6928.38,2.57,0.04,0.03,71.3,0.0,25
2026-08-21T17:46:40Z,celmis-web,0.03,74.99,6928.38,1.08,0.12,0.27,9.84,0.0,12
2026-08-21T17:46:40Z,celmis-api,0.23,321.5,6928.38,4.64,8.97,7.83,25.2,449.0,20
2026-08-21T17:46:40Z,celmis-postgres,0.13,35.87,6928.38,0.52,23.3,12.8,43.2,44.3,11
2026-08-21T17:46:40Z,celmis-sandbox,0.03,49.91,3072.0,1.62,0.0,0.0,18.0,0.0,3
2026-08-21T17:46:40Z,celmis-qdrant,0.12,178.1,6928.38,2.57,0.04,0.03,71.3,0.0,25
2026-08-21T17:46:47Z,celmis-web,0.00,74.99,6928.38,1.08,0.12,0.27,9.84,0.0,12
2026-08-21T17:46:47Z,celmis-api,0.16,321.4,6928.38,4.64,8.97,7.84,25.2,449.0,20
2026-08-21T17:46:47Z,celmis-postgres,0.00,35.86,6928.38,0.52,23.3,12.8,43.2,44.3,11
2026-08-21T17:46:47Z,celmis-sandbox,0.02,49.91,3072.0,1.62,0.0,0.0,18.0,0.0,3
2026-08-21T17:46:47Z,celmis-qdrant,0.11,178.4,6928.38,2.58,0.04,0.03,71.3,0.0,25
2026-08-21T17:46:55Z,celmis-web,0.02,74.46,6928.38,1.07,0.12,0.27,9.84,0.0,12
2026-08-21T17:46:55Z,celmis-api,0.48,321.4,6928.38,4.64,8.97,7.84,25.2,449.0,20
2026-08-21T17:46:55Z,celmis-postgres,0.11,36.29,6928.38,0.52,23.3,12.8,43.2,44.3,11
2026-08-21T17:46:55Z,celmis-sandbox,0.04,49.91,3072.0,1.62,0.0,0.0,18.0,0.0,3
2026-08-21T17:46:55Z,celmis-qdrant,0.10,178.3,6928.38,2.57,0.04,0.03,71.3,0.0,25
2026-08-21T17:47:02Z,celmis-web,0.01,74.46,6928.38,1.07,0.12,0.27,9.84,0.0,12
2026-08-21T17:47:02Z,celmis-api,0.30,321.6,6928.38,4.64,8.97,7.84,25.2,449.0,20
2026-08-21T17:47:02Z,celmis-postgres,0.00,36.18,6928.38,0.52,23.3,12.8,43.2,44.4,11
2026-08-21T17:47:02Z,celmis-sandbox,0.03,49.9,3072.0,1.62,0.0,0.0,18.0,0.0,3
2026-08-21T17:47:02Z,celmis-qdrant,0.08,178.4,6928.38,2.58,0.04,0.03,71.3,0.0,25
2026-08-21T17:47:10Z,celmis-web,0.02,74.56,6928.38,1.08,0.12,0.27,9.84,0.0,12
2026-08-21T17:47:10Z,celmis-api,0.48,321.6,6928.38,4.64,8.97,7.84,25.2,449.0,20
2026-08-21T17:47:10Z,celmis-postgres,2.53,36.07,6928.38,0.52,23.3,12.8,43.2,44.4,11
2026-08-21T17:47:10Z,celmis-sandbox,0.03,49.83,3072.0,1.62,0.0,0.0,18.0,0.0,3
2026-08-21T17:47:10Z,celmis-qdrant,0.12,178.4,6928.38,2.58,0.04,0.03,71.3,0.0,25
2026-08-21T17:47:17Z,celmis-web,0.01,74.56,6928.38,1.08,0.12,0.27,9.84,0.0,12
2026-08-21T17:47:17Z,celmis-api,0.26,321.6,6928.38,4.64,8.98,7.85,25.2,449.0,20
2026-08-21T17:47:17Z,celmis-postgres,0.03,36.2,6928.38,0.52,23.3,12.8,43.2,44.4,11
2026-08-21T17:47:17Z,celmis-sandbox,0.03,49.83,3072.0,1.62,0.0,0.0,18.0,0.0,3
2026-08-21T17:47:17Z,celmis-qdrant,0.10,178.4,6928.38,2.57,0.04,0.03,71.3,0.0,25
2026-08-21T17:47:25Z,celmis-web,0.02,74.49,6928.38,1.08,0.12,0.27,9.84,0.0,12
2026-08-21T17:47:25Z,celmis-api,0.55,321.8,6928.38,4.64,8.98,7.85,25.2,449.0,20
2026-08-21T17:47:25Z,celmis-postgres,0.09,36.47,6928.38,0.53,23.3,12.8,43.2,44.4,11
2026-08-21T17:47:25Z,celmis-sandbox,0.03,49.83,3072.0,1.62,0.0,0.0,18.0,0.0,3
2026-08-21T17:47:25Z,celmis-qdrant,0.08,178.4,6928.38,2.57,0.04,0.03,71.3,0.0,25
2026-08-21T17:47:32Z,celmis-web,0.01,74.49,6928.38,1.08,0.12,0.27,9.84,0.0,12
2026-08-21T17:47:32Z,celmis-api,0.26,321.7,6928.38,4.64,8.98,7.85,25.2,449.0,20
2026-08-21T17:47:32Z,celmis-postgres,0.03,35.95,6928.38,0.52,23.3,12.8,43.2,44.4,11
2026-08-21T17:47:32Z,celmis-sandbox,0.03,49.75,3072.0,1.62,0.0,0.0,18.0,0.0,3
2026-08-21T17:47:32Z,celmis-qdrant,0.13,178.3,6928.38,2.57,0.04,0.03,71.3,0.0,25
2026-08-21T17:47:40Z,celmis-web,0.01,74.75,6928.38,1.08,0.12,0.27,9.84,0.0,12
2026-08-21T17:47:40Z,celmis-api,0.60,321.7,6928.38,4.64,8.98,7.85,25.2,449.0,20
2026-08-21T17:47:40Z,celmis-postgres,0.14,36.2,6928.38,0.52,23.3,12.8,43.2,44.4,11
2026-08-21T17:47:40Z,celmis-sandbox,0.03,49.75,3072.0,1.62,0.0,0.0,18.0,0.0,3
2026-08-21T17:47:40Z,celmis-qdrant,0.12,178.3,6928.38,2.57,0.04,0.03,71.3,0.0,25
2026-08-21T17:47:47Z,celmis-web,0.00,74.75,6928.38,1.08,0.12,0.27,9.84,0.0,12
2026-08-21T17:47:47Z,celmis-api,0.62,321.9,6928.38,4.65,8.98,7.85,25.2,449.0,20
2026-08-21T17:47:47Z,celmis-postgres,0.00,36.18,6928.38,0.52,23.3,12.8,43.2,44.4,11
2026-08-21T17:47:47Z,celmis-sandbox,0.03,49.75,3072.0,1.62,0.0,0.0,18.0,0.0,3
2026-08-21T17:47:47Z,celmis-qdrant,0.13,178.2,6928.38,2.57,0.04,0.03,71.3,0.0,25
2026-08-21T17:47:55Z,celmis-web,0.01,74.93,6928.38,1.08,0.12,0.27,9.84,0.0,12
2026-08-21T17:47:55Z,celmis-api,0.43,321.6,6928.38,4.64,8.99,7.86,25.2,449.0,20
2026-08-21T17:47:55Z,celmis-postgres,0.08,36.26,6928.38,0.52,23.3,12.8,43.2,44.4,11
2026-08-21T17:47:55Z,celmis-sandbox,0.03,49.75,3072.0,1.62,0.0,0.0,18.0,0.0,3
2026-08-21T17:47:55Z,celmis-qdrant,0.06,178.2,6928.38,2.57,0.04,0.03,71.3,0.0,25
2026-08-21T17:48:02Z,celmis-web,0.01,74.93,6928.38,1.08,0.12,0.27,9.84,0.0,12
2026-08-21T17:48:02Z,celmis-api,0.30,321.5,6928.38,4.64,8.99,7.86,25.2,449.0,20
2026-08-21T17:48:02Z,celmis-postgres,0.00,35.98,6928.38,0.52,23.3,12.8,43.2,44.4,11
2026-08-21T17:48:02Z,celmis-sandbox,0.05,49.93,3072.0,1.63,0.0,0.0,18.0,0.0,3
2026-08-21T17:48:02Z,celmis-qdrant,0.11,178.3,6928.38,2.57,0.04,0.03,71.3,0.0,25
2026-08-21T17:48:10Z,celmis-web,0.01,74.82,6928.38,1.08,0.12,0.27,9.84,0.0,12
2026-08-21T17:48:10Z,celmis-api,0.46,321.5,6928.38,4.64,8.99,7.86,25.2,449.0,20
2026-08-21T17:48:10Z,celmis-postgres,0.10,36.18,6928.38,0.52,23.3,12.8,43.2,44.4,11
2026-08-21T17:48:10Z,celmis-sandbox,0.03,49.91,3072.0,1.62,0.0,0.0,18.0,0.0,3
2026-08-21T17:48:10Z,celmis-qdrant,0.09,178.3,6928.38,2.57,0.04,0.03,71.3,0.0,25
2026-08-21T17:48:17Z,celmis-web,0.01,74.82,6928.38,1.08,0.12,0.27,9.84,0.0,12
2026-08-21T17:48:17Z,celmis-api,0.31,321.8,6928.38,4.64,8.99,7.86,25.2,449.0,20
2026-08-21T17:48:17Z,celmis-postgres,0.00,36.29,6928.38,0.52,23.3,12.8,43.2,44.4,11
2026-08-21T17:48:17Z,celmis-sandbox,0.04,49.91,3072.0,1.62,0.0,0.0,18.0,0.0,3
2026-08-21T17:48:17Z,celmis-qdrant,0.15,178.3,6928.38,2.57,0.04,0.03,71.3,0.0,25
2026-08-21T17:48:25Z,celmis-web,0.02,74.59,6928.38,1.08,0.12,0.27,9.84,0.0,12
2026-08-21T17:48:25Z,celmis-api,0.59,321.8,6928.38,4.64,8.99,7.87,25.2,449.0,20
2026-08-21T17:48:25Z,celmis-postgres,1.90,36.14,6928.38,0.52,23.3,12.8,43.2,44.4,11
2026-08-21T17:48:25Z,celmis-sandbox,0.02,49.91,3072.0,1.62,0.0,0.0,18.0,0.0,3
2026-08-21T17:48:25Z,celmis-qdrant,0.11,178.2,6928.38,2.57,0.04,0.03,71.3,0.0,25
2026-08-21T17:48:32Z,celmis-web,0.01,74.59,6928.38,1.08,0.12,0.27,9.84,0.0,12
2026-08-21T17:48:32Z,celmis-api,0.29,321.7,6928.38,4.64,9.0,7.87,25.2,449.0,20
2026-08-21T17:48:32Z,celmis-postgres,0.03,36.23,6928.38,0.52,23.3,12.8,43.2,44.4,11
2026-08-21T17:48:32Z,celmis-sandbox,0.03,50.1,3072.0,1.63,0.0,0.0,18.0,0.0,3
2026-08-21T17:48:32Z,celmis-qdrant,0.12,178.3,6928.38,2.57,0.04,0.03,71.3,0.0,25
2026-08-21T17:48:40Z,celmis-web,0.16,74.84,6928.38,1.08,0.12,0.27,9.84,0.0,12
2026-08-21T17:48:40Z,celmis-api,0.55,321.7,6928.38,4.64,9.0,7.87,25.2,449.0,20
2026-08-21T17:48:40Z,celmis-postgres,0.08,36.28,6928.38,0.52,23.3,12.8,43.2,44.4,11
2026-08-21T17:48:40Z,celmis-sandbox,0.04,50.1,3072.0,1.63,0.0,0.0,18.0,0.0,3
2026-08-21T17:48:40Z,celmis-qdrant,0.10,178.3,6928.38,2.57,0.04,0.03,71.3,0.0,25
2026-08-21T17:48:47Z,celmis-web,0.00,74.84,6928.38,1.08,0.12,0.27,9.84,0.0,12
2026-08-21T17:48:47Z,celmis-api,0.47,321.7,6928.38,4.64,9.0,7.87,25.2,449.0,20
2026-08-21T17:48:47Z,celmis-postgres,0.01,36.21,6928.38,0.52,23.3,12.8,43.2,44.4,11
2026-08-21T17:48:47Z,celmis-sandbox,0.03,50.1,3072.0,1.63,0.0,0.0,18.0,0.0,3
2026-08-21T17:48:47Z,celmis-qdrant,0.15,178.1,6928.38,2.57,0.04,0.03,71.3,0.0,25
2026-08-21T17:48:55Z,celmis-web,0.11,74.94,6928.38,1.08,0.12,0.27,9.84,0.0,12
2026-08-21T17:48:55Z,celmis-api,0.44,321.6,6928.38,4.64,9.0,7.87,25.2,449.0,20
2026-08-21T17:48:55Z,celmis-postgres,1.91,36.05,6928.38,0.52,23.3,12.8,43.2,44.4,11
2026-08-21T17:48:55Z,celmis-sandbox,0.01,50.1,3072.0,1.63,0.0,0.0,18.0,0.0,3
2026-08-21T17:48:55Z,celmis-qdrant,0.07,178.0,6928.38,2.57,0.04,0.03,71.3,0.0,25
2026-08-21T17:49:02Z,celmis-web,0.00,74.94,6928.38,1.08,0.12,0.27,9.84,0.0,12
2026-08-21T17:49:02Z,celmis-api,0.29,321.6,6928.38,4.64,9.0,7.88,25.2,449.0,20
2026-08-21T17:49:02Z,celmis-postgres,0.09,35.89,6928.38,0.52,23.3,12.8,43.2,44.4,11
2026-08-21T17:49:02Z,celmis-sandbox,0.03,50.03,3072.0,1.63,0.0,0.0,18.0,0.0,3
2026-08-21T17:49:02Z,celmis-qdrant,0.12,178.2,6928.38,2.57,0.04,0.03,71.3,0.0,25
2026-08-21T17:49:10Z,celmis-web,0.01,74.74,6928.38,1.08,0.12,0.27,9.84,0.0,12
2026-08-21T17:49:10Z,celmis-api,0.57,321.6,6928.38,4.64,9.01,7.88,25.2,449.0,20
2026-08-21T17:49:10Z,celmis-postgres,0.11,36.37,6928.38,0.52,23.3,12.8,43.2,44.4,11
2026-08-21T17:49:10Z,celmis-sandbox,0.02,50.03,3072.0,1.63,0.0,0.0,18.0,0.0,3
2026-08-21T17:49:10Z,celmis-qdrant,0.26,178.2,6928.38,2.57,0.04,0.03,71.3,0.0,25
2026-08-21T17:49:18Z,celmis-web,0.01,74.74,6928.38,1.08,0.12,0.27,9.84,0.0,12
2026-08-21T17:49:18Z,celmis-api,0.27,321.5,6928.38,4.64,9.01,7.88,25.2,449.0,20
2026-08-21T17:49:18Z,celmis-postgres,0.02,36.24,6928.38,0.52,23.3,12.8,43.2,44.4,11
2026-08-21T17:49:18Z,celmis-sandbox,0.03,50.03,3072.0,1.63,0.0,0.0,18.0,0.0,3
2026-08-21T17:49:18Z,celmis-qdrant,0.18,178.3,6928.38,2.57,0.04,0.03,71.3,0.0,25
2026-08-21T17:49:25Z,celmis-web,0.00,74.52,6928.38,1.08,0.12,0.27,9.84,0.0,12
2026-08-21T17:49:25Z,celmis-api,0.36,321.5,6928.38,4.64,9.01,7.88,25.2,449.0,20
2026-08-21T17:49:25Z,celmis-postgres,1.32,36.11,6928.38,0.52,23.3,12.8,43.2,44.5,11
2026-08-21T17:49:25Z,celmis-sandbox,0.04,50.03,3072.0,1.63,0.0,0.0,18.0,0.0,3
2026-08-21T17:49:25Z,celmis-qdrant,0.09,178.3,6928.38,2.57,0.04,0.03,71.3,0.0,25
2026-08-21T17:49:32Z,celmis-web,0.01,74.52,6928.38,1.08,0.12,0.27,9.84,0.0,12
2026-08-21T17:49:32Z,celmis-api,0.27,322.0,6928.38,4.65,9.01,7.89,25.2,449.0,20
2026-08-21T17:49:32Z,celmis-postgres,0.04,36.04,6928.38,0.52,23.3,12.8,43.2,44.5,11
2026-08-21T17:49:32Z,celmis-sandbox,0.04,49.72,3072.0,1.62,0.0,0.0,18.0,0.0,3
2026-08-21T17:49:32Z,celmis-qdrant,0.10,178.5,6928.38,2.58,0.04,0.03,71.3,0.0,25
2026-08-21T17:49:40Z,celmis-web,0.03,74.86,6928.38,1.08,0.12,0.27,9.84,0.0,12
2026-08-21T17:49:40Z,celmis-api,0.27,322.0,6928.38,4.65,9.01,7.89,25.2,449.0,20
2026-08-21T17:49:40Z,celmis-postgres,1.56,36.5,6928.38,0.53,23.3,12.8,43.2,44.5,11
2026-08-21T17:49:40Z,celmis-sandbox,0.03,49.7,3072.0,1.62,0.0,0.0,18.0,0.0,3
2026-08-21T17:49:40Z,celmis-qdrant,0.10,178.5,6928.38,2.58,0.04,0.03,71.3,0.0,25
2026-08-21T17:49:48Z,celmis-web,0.00,74.86,6928.38,1.08,0.12,0.27,9.84,0.0,12
2026-08-21T17:49:48Z,celmis-api,0.31,321.7,6928.38,4.64,9.02,7.89,25.2,449.0,20
2026-08-21T17:49:48Z,celmis-postgres,0.03,36.06,6928.38,0.52,23.3,12.8,43.2,44.5,11
2026-08-21T17:49:48Z,celmis-sandbox,0.02,49.7,3072.0,1.62,0.0,0.0,18.0,0.0,3
2026-08-21T17:49:48Z,celmis-qdrant,0.13,178.7,6928.38,2.58,0.04,0.03,71.3,0.0,25
2026-08-21T17:49:55Z,celmis-web,0.01,74.91,6928.38,1.08,0.12,0.27,9.84,0.0,12
2026-08-21T17:49:55Z,celmis-api,0.53,321.9,6928.38,4.65,9.02,7.89,25.2,449.0,20
2026-08-21T17:49:55Z,celmis-postgres,1.66,36.24,6928.38,0.52,23.3,12.8,43.2,44.5,11
2026-08-21T17:49:55Z,celmis-sandbox,0.03,49.7,3072.0,1.62,0.0,0.0,18.0,0.0,3
2026-08-21T17:49:55Z,celmis-qdrant,0.12,178.6,6928.38,2.58,0.04,0.03,71.3,0.0,25
2026-08-21T17:50:02Z,celmis-web,0.00,74.91,6928.38,1.08,0.12,0.27,9.84,0.0,12
2026-08-21T17:50:02Z,celmis-api,0.14,321.8,6928.38,4.64,9.02,7.9,25.2,449.0,20
2026-08-21T17:50:02Z,celmis-postgres,0.01,36.12,6928.38,0.52,23.3,12.8,43.2,44.5,11
2026-08-21T17:50:02Z,celmis-sandbox,7.43,58.35,3072.0,1.90,0.0,0.0,18.0,0.0,4
2026-08-21T17:50:02Z,celmis-qdrant,0.09,178.3,6928.38,2.57,0.04,0.03,71.3,0.0,25
2026-08-21T17:50:10Z,celmis-web,0.02,74.82,6928.38,1.08,0.12,0.27,9.84,0.0,12
2026-08-21T17:50:10Z,celmis-api,0.25,321.8,6928.38,4.64,9.02,7.9,25.2,449.0,20
2026-08-21T17:50:10Z,celmis-postgres,1.84,36.26,6928.38,0.52,23.3,12.8,43.2,44.5,11
2026-08-21T17:50:10Z,celmis-sandbox,0.04,49.87,3072.0,1.62,0.0,0.0,18.0,0.0,3
2026-08-21T17:50:10Z,celmis-qdrant,0.15,178.3,6928.38,2.57,0.04,0.03,71.3,0.0,25
2026-08-21T17:50:18Z,celmis-web,0.01,74.82,6928.38,1.08,0.12,0.27,9.84,0.0,12
2026-08-21T17:50:18Z,celmis-api,0.47,321.8,6928.38,4.64,9.02,7.9,25.2,449.0,20
2026-08-21T17:50:18Z,celmis-postgres,0.07,35.98,6928.38,0.52,23.3,12.8,43.2,44.5,11
2026-08-21T17:50:18Z,celmis-sandbox,0.03,49.87,3072.0,1.62,0.0,0.0,18.0,0.0,3
2026-08-21T17:50:18Z,celmis-qdrant,0.12,178.2,6928.38,2.57,0.04,0.03,71.3,0.0,25
2026-08-21T17:50:25Z,celmis-web,0.01,74.68,6928.38,1.08,0.12,0.27,9.84,0.0,12
2026-08-21T17:50:25Z,celmis-api,0.65,321.8,6928.38,4.64,9.02,7.9,25.2,449.0,20
2026-08-21T17:50:25Z,celmis-postgres,0.11,36.18,6928.38,0.52,23.3,12.8,43.2,44.5,11
2026-08-21T17:50:25Z,celmis-sandbox,0.03,49.87,3072.0,1.62,0.0,0.0,18.0,0.0,3
2026-08-21T17:50:25Z,celmis-qdrant,0.14,178.2,6928.38,2.57,0.04,0.03,71.3,0.0,25
2026-08-21T17:50:32Z,celmis-web,0.01,74.68,6928.38,1.08,0.12,0.27,9.84,0.0,12
2026-08-21T17:50:32Z,celmis-api,0.30,321.5,6928.38,4.64,9.03,7.9,25.2,449.0,20
2026-08-21T17:50:32Z,celmis-postgres,0.22,35.79,6928.38,0.52,23.4,12.8,43.2,44.5,11
2026-08-21T17:50:32Z,celmis-sandbox,0.08,49.87,3072.0,1.62,0.0,0.0,18.0,0.0,3
2026-08-21T17:50:32Z,celmis-qdrant,0.10,178.1,6928.38,2.57,0.04,0.03,71.3,0.0,25
2026-08-21T17:50:40Z,celmis-web,0.00,74.42,6928.38,1.07,0.12,0.27,9.84,0.0,12
2026-08-21T17:50:40Z,celmis-api,0.64,321.5,6928.38,4.64,9.03,7.91,25.2,449.0,20
2026-08-21T17:50:40Z,celmis-postgres,2.48,36.1,6928.38,0.52,23.4,12.8,43.2,44.5,11
2026-08-21T17:50:40Z,celmis-sandbox,0.02,49.93,3072.0,1.63,0.0,0.0,18.0,0.0,3
2026-08-21T17:50:40Z,celmis-qdrant,0.09,178.1,6928.38,2.57,0.04,0.03,71.3,0.0,25
2026-08-21T17:50:47Z,celmis-web,0.01,74.42,6928.38,1.07,0.12,0.27,9.84,0.0,12
2026-08-21T17:50:47Z,celmis-api,0.59,321.7,6928.38,4.64,9.03,7.91,25.2,449.0,20
2026-08-21T17:50:47Z,celmis-postgres,0.00,36.35,6928.38,0.52,23.4,12.8,43.2,44.5,11
2026-08-21T17:50:47Z,celmis-sandbox,0.05,49.93,3072.0,1.63,0.0,0.0,18.0,0.0,3
2026-08-21T17:50:47Z,celmis-qdrant,0.14,178.1,6928.38,2.57,0.04,0.03,71.3,0.0,25
2026-08-21T17:50:55Z,celmis-web,0.01,74.55,6928.38,1.08,0.12,0.27,9.84,0.0,12
2026-08-21T17:50:55Z,celmis-api,0.52,321.6,6928.38,4.64,9.03,7.91,25.2,449.0,20
2026-08-21T17:50:55Z,celmis-postgres,0.09,36.06,6928.38,0.52,23.4,12.8,43.2,44.5,11
2026-08-21T17:50:55Z,celmis-sandbox,0.03,49.93,3072.0,1.63,0.0,0.0,18.0,0.0,3
2026-08-21T17:50:55Z,celmis-qdrant,0.09,178.1,6928.38,2.57,0.04,0.03,71.3,0.0,25
2026-08-21T17:51:02Z,celmis-web,0.00,74.55,6928.38,1.08,0.12,0.27,9.84,0.0,12
2026-08-21T17:51:02Z,celmis-api,0.12,321.8,6928.38,4.64,9.04,7.91,25.2,449.0,20
2026-08-21T17:51:02Z,celmis-postgres,0.02,36.05,6928.38,0.52,23.4,12.8,43.2,44.6,11
2026-08-21T17:51:02Z,celmis-sandbox,0.02,49.93,3072.0,1.63,0.0,0.0,18.0,0.0,3
2026-08-21T17:51:02Z,celmis-qdrant,0.09,178.0,6928.38,2.57,0.04,0.03,71.3,0.0,25
2026-08-21T17:51:10Z,celmis-web,0.00,74.62,6928.38,1.08,0.12,0.27,9.84,0.0,12
2026-08-21T17:51:10Z,celmis-api,0.23,321.8,6928.38,4.64,9.04,7.91,25.2,449.0,20
2026-08-21T17:51:10Z,celmis-postgres,0.30,35.98,6928.38,0.52,23.4,12.8,43.2,44.6,11
2026-08-21T17:51:10Z,celmis-sandbox,0.03,50.11,3072.0,1.63,0.0,0.0,18.0,0.0,3
2026-08-21T17:51:10Z,celmis-qdrant,0.15,178.0,6928.38,2.57,0.04,0.03,71.3,0.0,25
2026-08-21T17:51:17Z,celmis-web,0.01,74.62,6928.38,1.08,0.12,0.27,9.84,0.0,12
2026-08-21T17:51:17Z,celmis-api,0.29,321.8,6928.38,4.64,9.04,7.92,25.2,449.0,20
2026-08-21T17:51:17Z,celmis-postgres,0.00,36.04,6928.38,0.52,23.4,12.8,43.2,44.6,11
2026-08-21T17:51:17Z,celmis-sandbox,0.03,50.11,3072.0,1.63,0.0,0.0,18.0,0.0,3
2026-08-21T17:51:17Z,celmis-qdrant,0.09,178.5,6928.38,2.58,0.04,0.03,71.3,0.0,25
2026-08-21T17:51:25Z,celmis-web,0.01,74.72,6928.38,1.08,0.12,0.27,9.84,0.0,12
2026-08-21T17:51:25Z,celmis-api,0.65,321.8,6928.38,4.64,9.04,7.92,25.2,449.0,20
2026-08-21T17:51:25Z,celmis-postgres,0.25,36.22,6928.38,0.52,23.4,12.8,43.2,44.6,11
2026-08-21T17:51:25Z,celmis-sandbox,0.03,50.11,3072.0,1.63,0.0,0.0,18.0,0.0,3
2026-08-21T17:51:25Z,celmis-qdrant,0.12,178.5,6928.38,2.58,0.04,0.03,71.3,0.0,25
2026-08-21T17:51:32Z,celmis-web,0.00,74.72,6928.38,1.08,0.12,0.27,9.84,0.0,12
2026-08-21T17:51:32Z,celmis-api,0.22,321.7,6928.38,4.64,9.04,7.92,25.2,449.0,20
2026-08-21T17:51:32Z,celmis-postgres,0.13,36.04,6928.38,0.52,23.4,12.8,43.2,44.6,11
2026-08-21T17:51:32Z,celmis-sandbox,15.02,50.31,3072.0,1.64,0.0,0.0,18.0,0.0,3
2026-08-21T17:51:32Z,celmis-qdrant,0.06,178.4,6928.38,2.57,0.04,0.03,71.3,0.0,25
2026-08-21T17:51:40Z,celmis-web,0.01,74.64,6928.38,1.08,0.12,0.27,9.84,0.0,12
2026-08-21T17:51:40Z,celmis-api,0.54,321.7,6928.38,4.64,9.05,7.92,25.2,449.0,20
2026-08-21T17:51:40Z,celmis-postgres,0.11,36.29,6928.38,0.52,23.4,12.8,43.2,44.6,11
2026-08-21T17:51:40Z,celmis-sandbox,0.02,50.28,3072.0,1.64,0.0,0.0,18.0,0.0,3
2026-08-21T17:51:40Z,celmis-qdrant,0.11,178.4,6928.38,2.57,0.04,0.03,71.3,0.0,25
2026-08-21T17:51:47Z,celmis-web,0.00,74.64,6928.38,1.08,0.12,0.27,9.84,0.0,12
2026-08-21T17:51:47Z,celmis-api,0.30,321.7,6928.38,4.64,9.05,7.93,25.2,449.0,20
2026-08-21T17:51:47Z,celmis-postgres,0.00,36.27,6928.38,0.52,23.4,12.8,43.2,44.6,11
2026-08-21T17:51:47Z,celmis-sandbox,0.03,50.28,3072.0,1.64,0.0,0.0,18.0,0.0,3
2026-08-21T17:51:47Z,celmis-qdrant,0.11,178.3,6928.38,2.57,0.04,0.03,71.3,0.0,25
2026-08-21T17:51:55Z,celmis-web,0.00,74.66,6928.38,1.08,0.12,0.27,9.84,0.0,12
2026-08-21T17:51:55Z,celmis-api,0.70,321.6,6928.38,4.64,9.05,7.93,25.2,449.0,20
2026-08-21T17:51:55Z,celmis-postgres,0.08,36.3,6928.38,0.52,23.4,12.8,43.2,44.6,11
2026-08-21T17:51:55Z,celmis-sandbox,0.03,50.28,3072.0,1.64,0.0,0.0,18.0,0.0,3
2026-08-21T17:51:55Z,celmis-qdrant,0.12,178.3,6928.38,2.57,0.04,0.03,71.3,0.0,25
2026-08-21T17:52:02Z,celmis-web,0.00,74.66,6928.38,1.08,0.12,0.27,9.84,0.0,12
2026-08-21T17:52:02Z,celmis-api,0.18,321.6,6928.38,4.64,9.05,7.93,25.2,449.0,20
2026-08-21T17:52:02Z,celmis-postgres,0.01,36.31,6928.38,0.52,23.4,12.9,43.2,44.6,11
2026-08-21T17:52:02Z,celmis-sandbox,13.97,50.2,3072.0,1.63,0.0,0.0,18.0,0.0,3
2026-08-21T17:52:02Z,celmis-qdrant,0.09,178.2,6928.38,2.57,0.04,0.03,71.3,0.0,25
2026-08-21T17:52:10Z,celmis-web,0.00,74.72,6928.38,1.08,0.12,0.27,9.84,0.0,12
2026-08-21T17:52:10Z,celmis-api,0.16,321.6,6928.38,4.64,9.05,7.93,25.2,449.0,20
2026-08-21T17:52:10Z,celmis-postgres,0.09,36.21,6928.38,0.52,23.4,12.9,43.2,44.6,11
2026-08-21T17:52:10Z,celmis-sandbox,0.02,50.14,3072.0,1.63,0.0,0.0,18.0,0.0,3
2026-08-21T17:52:10Z,celmis-qdrant,0.07,178.2,6928.38,2.57,0.04,0.03,71.3,0.0,25
2026-08-21T17:52:17Z,celmis-web,0.01,74.72,6928.38,1.08,0.12,0.27,9.84,0.0,12
2026-08-21T17:52:17Z,celmis-api,0.49,321.5,6928.38,4.64,9.06,7.93,25.2,449.0,20
2026-08-21T17:52:17Z,celmis-postgres,0.00,35.91,6928.38,0.52,23.4,12.9,43.2,44.6,11
2026-08-21T17:52:17Z,celmis-sandbox,0.04,50.14,3072.0,1.63,0.0,0.0,18.0,0.0,3
2026-08-21T17:52:17Z,celmis-qdrant,0.20,178.4,6928.38,2.57,0.04,0.03,71.3,0.0,25
2026-08-21T17:52:25Z,celmis-web,0.00,74.78,6928.38,1.08,0.12,0.27,9.84,0.0,12
2026-08-21T17:52:25Z,celmis-api,0.32,321.5,6928.38,4.64,9.06,7.94,25.2,449.0,20
2026-08-21T17:52:25Z,celmis-postgres,0.08,36.2,6928.38,0.52,23.4,12.9,43.2,44.6,11
2026-08-21T17:52:25Z,celmis-sandbox,0.02,50.14,3072.0,1.63,0.0,0.0,18.0,0.0,3
2026-08-21T17:52:25Z,celmis-qdrant,0.09,178.4,6928.38,2.57,0.04,0.03,71.3,0.0,25
2026-08-21T17:52:32Z,celmis-web,0.01,74.78,6928.38,1.08,0.12,0.27,9.84,0.0,12
2026-08-21T17:52:32Z,celmis-api,0.52,321.7,6928.38,4.64,9.06,7.94,25.2,449.0,20
2026-08-21T17:52:32Z,celmis-postgres,1.34,36.44,6928.38,0.53,23.4,12.9,43.2,44.6,11
2026-08-21T17:52:32Z,celmis-sandbox,13.16,50.07,3072.0,1.63,0.0,0.0,18.0,0.0,3
2026-08-21T17:52:32Z,celmis-qdrant,0.12,178.0,6928.38,2.57,0.04,0.03,71.3,0.0,25
2026-08-21T17:52:40Z,celmis-web,0.00,75.02,6928.38,1.08,0.12,0.27,9.84,0.0,12
2026-08-21T17:52:40Z,celmis-api,0.40,321.7,6928.38,4.64,9.06,7.94,25.2,449.0,20
2026-08-21T17:52:40Z,celmis-postgres,0.09,36.2,6928.38,0.52,23.4,12.9,43.2,44.6,11
2026-08-21T17:52:40Z,celmis-sandbox,0.02,50.06,3072.0,1.63,0.0,0.0,18.0,0.0,3
2026-08-21T17:52:40Z,celmis-qdrant,0.07,178.0,6928.38,2.57,0.04,0.03,71.3,0.0,25
2026-08-21T17:52:47Z,celmis-web,0.01,75.02,6928.38,1.08,0.12,0.27,9.84,0.0,12
2026-08-21T17:52:47Z,celmis-api,0.29,321.4,6928.38,4.64,9.06,7.94,25.2,449.0,20
2026-08-21T17:52:47Z,celmis-postgres,0.00,36.18,6928.38,0.52,23.4,12.9,43.2,44.6,11
2026-08-21T17:52:47Z,celmis-sandbox,0.02,50.06,3072.0,1.63,0.0,0.0,18.0,0.0,3
2026-08-21T17:52:47Z,celmis-qdrant,0.12,178.2,6928.38,2.57,0.04,0.03,71.3,0.0,25
2026-08-21T17:52:55Z,celmis-web,0.04,74.95,6928.38,1.08,0.12,0.27,9.84,0.0,12
2026-08-21T17:52:55Z,celmis-api,0.65,321.4,6928.38,4.64,9.06,7.95,25.2,449.0,20
2026-08-21T17:52:55Z,celmis-postgres,0.31,36.02,6928.38,0.52,23.4,12.9,43.2,44.6,11
2026-08-21T17:52:55Z,celmis-sandbox,0.02,50.06,3072.0,1.63,0.0,0.0,18.0,0.0,3
2026-08-21T17:52:55Z,celmis-qdrant,0.12,178.2,6928.38,2.57,0.04,0.03,71.3,0.0,25
2026-08-21T17:53:02Z,celmis-web,0.01,74.95,6928.38,1.08,0.12,0.27,9.84,0.0,12
2026-08-21T17:53:02Z,celmis-api,0.26,321.3,6928.38,4.64,9.07,7.95,25.2,449.0,20
2026-08-21T17:53:02Z,celmis-postgres,0.15,36.01,6928.38,0.52,23.4,12.9,43.2,44.6,11
2026-08-21T17:53:02Z,celmis-sandbox,9.70,59.7,3072.0,1.94,0.0,0.0,18.0,0.0,4
2026-08-21T17:53:02Z,celmis-qdrant,0.07,178.3,6928.38,2.57,0.04,0.03,71.3,0.0,25
2026-08-21T17:53:10Z,celmis-web,0.00,74.79,6928.38,1.08,0.12,0.27,9.84,0.0,12
2026-08-21T17:53:10Z,celmis-api,0.39,321.3,6928.38,4.64,9.07,7.95,25.2,449.0,20
2026-08-21T17:53:10Z,celmis-postgres,0.66,36.1,6928.38,0.52,23.4,12.9,43.2,44.6,11
2026-08-21T17:53:10Z,celmis-sandbox,0.02,50.23,3072.0,1.64,0.0,0.0,18.0,0.0,3
2026-08-21T17:53:10Z,celmis-qdrant,0.07,178.3,6928.38,2.57,0.04,0.03,71.3,0.0,25
2026-08-21T17:53:18Z,celmis-web,0.01,74.79,6928.38,1.08,0.12,0.27,9.84,0.0,12
2026-08-21T17:53:18Z,celmis-api,0.53,321.8,6928.38,4.64,9.07,7.95,25.2,449.0,20
2026-08-21T17:53:18Z,celmis-postgres,0.01,36.04,6928.38,0.52,23.4,12.9,43.2,44.6,11
2026-08-21T17:53:18Z,celmis-sandbox,0.03,50.23,3072.0,1.64,0.0,0.0,18.0,0.0,3
2026-08-21T17:53:18Z,celmis-qdrant,0.11,178.2,6928.38,2.57,0.04,0.03,71.3,0.0,25
2026-08-21T17:53:25Z,celmis-web,0.01,74.72,6928.38,1.08,0.12,0.27,9.84,0.0,12
2026-08-21T17:53:25Z,celmis-api,0.48,321.8,6928.38,4.64,9.07,7.95,25.2,449.0,20
2026-08-21T17:53:25Z,celmis-postgres,0.07,36.02,6928.38,0.52,23.4,12.9,43.2,44.6,11
2026-08-21T17:53:25Z,celmis-sandbox,0.03,50.23,3072.0,1.64,0.0,0.0,18.0,0.0,3
2026-08-21T17:53:25Z,celmis-qdrant,0.10,178.2,6928.38,2.57,0.04,0.03,71.3,0.0,25
2026-08-21T17:53:32Z,celmis-web,0.00,74.72,6928.38,1.08,0.12,0.27,9.84,0.0,12
2026-08-21T17:53:32Z,celmis-api,0.25,322.0,6928.38,4.65,9.08,7.96,25.2,449.0,20
2026-08-21T17:53:32Z,celmis-postgres,0.00,36.43,6928.38,0.53,23.4,12.9,43.2,44.6,11
2026-08-21T17:53:32Z,celmis-sandbox,0.02,50.23,3072.0,1.64,0.0,0.0,18.0,0.0,3
2026-08-21T17:53:32Z,celmis-qdrant,0.10,177.9,6928.38,2.57,0.04,0.03,71.3,0.0,25
2026-08-21T17:53:40Z,celmis-web,0.01,74.61,6928.38,1.08,0.12,0.27,9.84,0.0,12
2026-08-21T17:53:40Z,celmis-api,0.56,322.0,6928.38,4.65,9.08,7.96,25.2,449.0,20
2026-08-21T17:53:40Z,celmis-postgres,0.14,36.07,6928.38,0.52,23.4,12.9,43.2,44.7,11
2026-08-21T17:53:40Z,celmis-sandbox,0.02,50.15,3072.0,1.63,0.0,0.0,18.0,0.0,3
2026-08-21T17:53:40Z,celmis-qdrant,0.23,177.9,6928.38,2.57,0.04,0.03,71.3,0.0,25
2026-08-21T17:53:48Z,celmis-web,0.00,74.61,6928.38,1.08,0.12,0.27,9.84,0.0,12
2026-08-21T17:53:48Z,celmis-api,0.25,321.7,6928.38,4.64,9.08,7.96,25.2,449.0,20
2026-08-21T17:53:48Z,celmis-postgres,0.00,35.87,6928.38,0.52,23.4,12.9,43.2,44.7,11
2026-08-21T17:53:48Z,celmis-sandbox,0.03,50.15,3072.0,1.63,0.0,0.0,18.0,0.0,3
2026-08-21T17:53:48Z,celmis-qdrant,0.12,178.0,6928.38,2.57,0.04,0.03,71.3,0.0,25
2026-08-21T17:53:56Z,celmis-web,0.01,74.71,6928.38,1.08,0.12,0.27,9.84,0.0,12
2026-08-21T17:53:56Z,celmis-api,0.49,321.6,6928.38,4.64,9.08,7.96,25.2,449.0,20
2026-08-21T17:53:56Z,celmis-postgres,0.00,36.18,6928.38,0.52,23.4,12.9,43.2,44.7,11
2026-08-21T17:53:56Z,celmis-sandbox,0.03,50.15,3072.0,1.63,0.0,0.0,18.0,0.0,3
2026-08-21T17:53:56Z,celmis-qdrant,0.09,178.0,6928.38,2.57,0.04,0.03,71.3,0.0,25
2026-08-21T17:54:03Z,celmis-web,0.01,74.71,6928.38,1.08,0.12,0.27,9.84,0.0,12
2026-08-21T17:54:03Z,celmis-api,0.28,321.5,6928.38,4.64,9.08,7.97,25.2,449.0,20
2026-08-21T17:54:03Z,celmis-postgres,0.00,36.14,6928.38,0.52,23.4,12.9,43.2,44.7,11
2026-08-21T17:54:03Z,celmis-sandbox,1.52,52.9,3072.0,1.72,0.0,0.0,18.0,0.0,4
2026-08-21T17:54:03Z,celmis-qdrant,0.11,178.2,6928.38,2.57,0.04,0.03,71.3,0.0,25
2026-08-21T17:54:10Z,celmis-web,0.01,74.59,6928.38,1.08,0.12,0.27,9.84,0.0,12
2026-08-21T17:54:10Z,celmis-api,0.25,321.5,6928.38,4.64,9.08,7.97,25.2,449.0,20
2026-08-21T17:54:10Z,celmis-postgres,0.13,36.23,6928.38,0.52,23.4,12.9,43.2,44.7,11
2026-08-21T17:54:10Z,celmis-sandbox,0.03,50.02,3072.0,1.63,0.0,0.0,18.0,0.0,3
2026-08-21T17:54:10Z,celmis-qdrant,0.08,178.2,6928.38,2.57,0.04,0.03,71.3,0.0,25
2026-08-21T17:54:18Z,celmis-web,0.00,74.59,6928.38,1.08,0.12,0.27,9.84,0.0,12
2026-08-21T17:54:18Z,celmis-api,0.34,321.7,6928.38,4.64,9.09,7.97,25.2,449.0,20
2026-08-21T17:54:18Z,celmis-postgres,0.00,35.89,6928.38,0.52,23.4,12.9,43.2,44.7,11
2026-08-21T17:54:18Z,celmis-sandbox,0.03,50.02,3072.0,1.63,0.0,0.0,18.0,0.0,3
2026-08-21T17:54:18Z,celmis-qdrant,0.12,178.1,6928.38,2.57,0.04,0.03,71.3,0.0,25
2026-08-21T17:54:26Z,celmis-web,0.00,74.56,6928.38,1.08,0.12,0.27,9.84,0.0,12
2026-08-21T17:54:26Z,celmis-api,1.34,321.7,6928.38,4.64,9.09,7.97,25.2,449.0,20
2026-08-21T17:54:26Z,celmis-postgres,0.29,36.05,6928.38,0.52,23.4,12.9,43.2,44.7,11
2026-08-21T17:54:26Z,celmis-sandbox,0.02,50.02,3072.0,1.63,0.0,0.0,18.0,0.0,3
2026-08-21T17:54:26Z,celmis-qdrant,0.17,178.1,6928.38,2.57,0.04,0.03,71.3,0.0,25
2026-08-21T17:54:33Z,celmis-web,0.01,74.56,6928.38,1.08,0.12,0.27,9.84,0.0,12
2026-08-21T17:54:33Z,celmis-api,0.33,321.7,6928.38,4.64,9.09,7.98,25.2,449.0,20
2026-08-21T17:54:33Z,celmis-postgres,1.95,36.29,6928.38,0.52,23.4,12.9,43.2,44.8,11
2026-08-21T17:54:33Z,celmis-sandbox,0.04,50.02,3072.0,1.63,0.0,0.0,18.0,0.0,3
2026-08-21T17:54:33Z,celmis-qdrant,0.19,178.2,6928.38,2.57,0.04,0.03,71.3,0.0,25
2026-08-21T17:54:40Z,celmis-web,0.01,74.91,6928.38,1.08,0.12,0.27,9.84,0.0,12
2026-08-21T17:54:40Z,celmis-api,0.55,321.7,6928.38,4.64,9.09,7.98,25.2,449.0,20
2026-08-21T17:54:40Z,celmis-postgres,0.08,36.09,6928.38,0.52,23.4,12.9,43.2,44.8,11
2026-08-21T17:54:40Z,celmis-sandbox,0.03,50.45,3072.0,1.64,0.0,0.0,18.0,0.0,3
2026-08-21T17:54:40Z,celmis-qdrant,0.10,178.2,6928.38,2.57,0.04,0.03,71.3,0.0,25
2026-08-21T17:54:48Z,celmis-web,0.01,74.91,6928.38,1.08,0.12,0.27,9.84,0.0,12
2026-08-21T17:54:48Z,celmis-api,0.28,321.6,6928.38,4.64,9.1,7.98,25.2,449.0,20
2026-08-21T17:54:48Z,celmis-postgres,0.03,36.1,6928.38,0.52,23.4,12.9,43.2,44.8,11
2026-08-21T17:54:48Z,celmis-sandbox,0.03,50.45,3072.0,1.64,0.0,0.0,18.0,0.0,3
2026-08-21T17:54:48Z,celmis-qdrant,0.10,178.1,6928.38,2.57,0.04,0.03,71.3,0.0,25
2026-08-21T17:54:56Z,celmis-web,0.01,75.05,6928.38,1.08,0.12,0.27,9.84,0.0,12
2026-08-21T17:54:56Z,celmis-api,0.55,321.9,6928.38,4.65,9.1,7.98,25.2,449.0,20
2026-08-21T17:54:56Z,celmis-postgres,0.00,36.38,6928.38,0.53,23.4,12.9,43.2,44.8,11
2026-08-21T17:54:56Z,celmis-sandbox,0.03,50.45,3072.0,1.64,0.0,0.0,18.0,0.0,3
2026-08-21T17:54:56Z,celmis-qdrant,0.12,178.1,6928.38,2.57,0.04,0.03,71.3,0.0,25
2026-08-21T17:55:03Z,celmis-web,0.01,75.05,6928.38,1.08,0.12,0.27,9.84,0.0,12
2026-08-21T17:55:03Z,celmis-api,0.19,321.5,6928.38,4.64,9.1,7.98,25.2,449.0,20
2026-08-21T17:55:03Z,celmis-postgres,1.99,36.28,6928.38,0.52,23.4,12.9,43.2,44.8,11
2026-08-21T17:55:03Z,celmis-sandbox,0.02,50.45,3072.0,1.64,0.0,0.0,18.0,0.0,3
2026-08-21T17:55:03Z,celmis-qdrant,0.09,178.0,6928.38,2.57,0.04,0.03,71.3,0.0,25
2026-08-21T17:55:10Z,celmis-web,0.01,74.86,6928.38,1.08,0.12,0.27,9.84,0.0,12
2026-08-21T17:55:10Z,celmis-api,0.71,321.5,6928.38,4.64,9.1,7.99,25.2,449.0,20
2026-08-21T17:55:10Z,celmis-postgres,0.15,36.09,6928.38,0.52,23.4,12.9,43.2,44.8,11
2026-08-21T17:55:10Z,celmis-sandbox,0.04,50.63,3072.0,1.65,0.0,0.0,18.0,0.0,3
2026-08-21T17:55:10Z,celmis-qdrant,0.16,178.0,6928.38,2.57,0.04,0.03,71.3,0.0,25
2026-08-21T17:55:18Z,celmis-web,0.01,74.86,6928.38,1.08,0.12,0.27,9.84,0.0,12
2026-08-21T17:55:18Z,celmis-api,0.27,321.4,6928.38,4.64,9.1,7.99,25.2,449.0,20
2026-08-21T17:55:18Z,celmis-postgres,0.00,36.36,6928.38,0.52,23.4,12.9,43.2,44.8,11
2026-08-21T17:55:18Z,celmis-sandbox,0.02,50.63,3072.0,1.65,0.0,0.0,18.0,0.0,3
2026-08-21T17:55:18Z,celmis-qdrant,0.13,177.9,6928.38,2.57,0.04,0.03,71.3,0.0,25
2026-08-21T17:55:26Z,celmis-web,0.01,74.93,6928.38,1.08,0.12,0.27,9.84,0.0,12
2026-08-21T17:55:26Z,celmis-api,0.30,321.4,6928.38,4.64,9.1,7.99,25.2,449.0,20
2026-08-21T17:55:26Z,celmis-postgres,0.01,36.01,6928.38,0.52,23.4,12.9,43.2,44.8,11
2026-08-21T17:55:26Z,celmis-sandbox,0.03,50.63,3072.0,1.65,0.0,0.0,18.0,0.0,3
2026-08-21T17:55:26Z,celmis-qdrant,0.08,177.9,6928.38,2.57,0.04,0.03,71.3,0.0,25
2026-08-21T17:55:33Z,celmis-web,0.01,74.93,6928.38,1.08,0.12,0.27,9.84,0.0,12
2026-08-21T17:55:33Z,celmis-api,0.26,321.4,6928.38,4.64,9.11,7.99,25.2,449.0,20
2026-08-21T17:55:33Z,celmis-postgres,1.71,35.92,6928.38,0.52,23.4,12.9,43.2,44.8,11
2026-08-21T17:55:33Z,celmis-sandbox,0.03,50.63,3072.0,1.65,0.0,0.0,18.0,0.0,3
2026-08-21T17:55:33Z,celmis-qdrant,0.07,178.1,6928.38,2.57,0.04,0.03,71.3,0.0,25
2026-08-21T17:55:40Z,celmis-web,0.01,74.84,6928.38,1.08,0.12,0.27,9.84,0.0,12
2026-08-21T17:55:40Z,celmis-api,0.55,321.4,6928.38,4.64,9.11,8.0,25.2,449.0,20
2026-08-21T17:55:40Z,celmis-postgres,0.11,36.11,6928.38,0.52,23.4,12.9,43.2,44.8,11
2026-08-21T17:55:40Z,celmis-sandbox,0.02,50.3,3072.0,1.64,0.0,0.0,18.0,0.0,3
2026-08-21T17:55:40Z,celmis-qdrant,0.07,178.1,6928.38,2.57,0.04,0.03,71.3,0.0,25
2026-08-21T17:55:48Z,celmis-web,0.01,74.84,6928.38,1.08,0.12,0.27,9.84,0.0,12
2026-08-21T17:55:48Z,celmis-api,0.32,321.6,6928.38,4.64,9.11,8.0,25.2,449.0,20
2026-08-21T17:55:48Z,celmis-postgres,1.69,36.26,6928.38,0.52,23.4,12.9,43.2,44.8,11
2026-08-21T17:55:48Z,celmis-sandbox,0.04,50.3,3072.0,1.64,0.0,0.0,18.0,0.0,3
2026-08-21T17:55:48Z,celmis-qdrant,0.07,178.0,6928.38,2.57,0.04,0.03,71.3,0.0,25
2026-08-21T17:55:55Z,celmis-web,0.01,74.84,6928.38,1.08,0.12,0.27,9.84,0.0,12
2026-08-21T17:55:55Z,celmis-api,0.30,321.8,6928.38,4.64,9.11,8.0,25.2,449.0,20
2026-08-21T17:55:55Z,celmis-postgres,0.00,36.2,6928.38,0.52,23.4,12.9,43.2,44.8,11
2026-08-21T17:55:55Z,celmis-sandbox,0.03,50.3,3072.0,1.64,0.0,0.0,18.0,0.0,3
2026-08-21T17:55:55Z,celmis-qdrant,0.10,178.0,6928.38,2.57,0.04,0.03,71.3,0.0,25
2026-08-21T17:56:02Z,celmis-web,0.01,74.84,6928.38,1.08,0.12,0.27,9.84,0.0,12
2026-08-21T17:56:02Z,celmis-api,0.30,321.5,6928.38,4.64,9.12,8.0,25.2,449.0,20
2026-08-21T17:56:02Z,celmis-postgres,0.00,36.14,6928.38,0.52,23.5,12.9,43.2,44.8,11
2026-08-21T17:56:02Z,celmis-sandbox,0.03,50.3,3072.0,1.64,0.0,0.0,18.0,0.0,3
2026-08-21T17:56:02Z,celmis-qdrant,0.07,178.4,6928.38,2.57,0.04,0.03,71.3,0.0,25
2026-08-21T17:56:10Z,celmis-web,0.00,74.63,6928.38,1.08,0.12,0.27,9.84,0.0,12
2026-08-21T17:56:10Z,celmis-api,0.25,321.5,6928.38,4.64,9.12,8.0,25.2,449.0,20
2026-08-21T17:56:10Z,celmis-postgres,0.82,36.28,6928.38,0.52,23.5,12.9,43.2,44.8,11
2026-08-21T17:56:10Z,celmis-sandbox,0.04,50.22,3072.0,1.63,0.0,0.0,18.0,0.0,3
2026-08-21T17:56:10Z,celmis-qdrant,0.08,178.4,6928.38,2.57,0.04,0.03,71.3,0.0,25
2026-08-21T17:56:17Z,celmis-web,0.01,74.63,6928.38,1.08,0.12,0.27,9.84,0.0,12
2026-08-21T17:56:17Z,celmis-api,0.29,321.7,6928.38,4.64,9.12,8.01,25.2,449.0,20
2026-08-21T17:56:17Z,celmis-postgres,1.80,35.97,6928.38,0.52,23.5,12.9,43.2,44.8,11
2026-08-21T17:56:17Z,celmis-sandbox,0.03,50.22,3072.0,1.63,0.0,0.0,18.0,0.0,3
2026-08-21T17:56:17Z,celmis-qdrant,0.07,178.3,6928.38,2.57,0.04,0.03,71.3,0.0,25
2026-08-21T17:56:25Z,celmis-web,0.01,74.99,6928.38,1.08,0.12,0.27,9.84,0.0,12
2026-08-21T17:56:25Z,celmis-api,0.27,321.7,6928.38,4.64,9.12,8.01,25.2,449.0,20
2026-08-21T17:56:25Z,celmis-postgres,0.00,36.16,6928.38,0.52,23.5,12.9,43.2,44.8,11
2026-08-21T17:56:25Z,celmis-sandbox,0.03,50.22,3072.0,1.63,0.0,0.0,18.0,0.0,3
2026-08-21T17:56:25Z,celmis-qdrant,0.08,178.3,6928.38,2.57,0.04,0.03,71.3,0.0,25
2026-08-21T17:56:32Z,celmis-web,0.01,74.99,6928.38,1.08,0.12,0.27,9.84,0.0,12
2026-08-21T17:56:32Z,celmis-api,0.32,321.6,6928.38,4.64,9.12,8.01,25.2,449.0,20
2026-08-21T17:56:32Z,celmis-postgres,0.03,35.96,6928.38,0.52,23.5,12.9,43.2,44.8,11
2026-08-21T17:56:32Z,celmis-sandbox,0.02,50.22,3072.0,1.63,0.0,0.0,18.0,0.0,3
2026-08-21T17:56:32Z,celmis-qdrant,0.08,178.4,6928.38,2.58,0.04,0.03,71.3,0.0,25
2026-08-21T17:56:40Z,celmis-web,0.01,75.18,6928.38,1.08,0.12,0.27,9.84,0.0,12
2026-08-21T17:56:40Z,celmis-api,0.50,321.6,6928.38,4.64,9.13,8.01,25.2,449.0,20
2026-08-21T17:56:40Z,celmis-postgres,0.09,35.99,6928.38,0.52,23.5,12.9,43.2,44.8,11
2026-08-21T17:56:40Z,celmis-sandbox,0.02,50.64,3072.0,1.65,0.0,0.0,18.0,0.0,3
2026-08-21T17:56:40Z,celmis-qdrant,0.07,178.4,6928.38,2.58,0.04,0.03,71.3,0.0,25
2026-08-21T17:56:47Z,celmis-web,0.01,75.18,6928.38,1.08,0.12,0.27,9.84,0.0,12
2026-08-21T17:56:47Z,celmis-api,0.28,321.6,6928.38,4.64,9.13,8.02,25.2,449.0,20
2026-08-21T17:56:47Z,celmis-postgres,0.01,36.2,6928.38,0.52,23.5,12.9,43.2,44.8,11
2026-08-21T17:56:47Z,celmis-sandbox,0.03,50.64,3072.0,1.65,0.0,0.0,18.0,0.0,3
2026-08-21T17:56:47Z,celmis-qdrant,0.10,178.1,6928.38,2.57,0.04,0.03,71.3,0.0,25
2026-08-21T17:56:55Z,celmis-web,0.01,74.86,6928.38,1.08,0.12,0.27,9.84,0.0,12
2026-08-21T17:56:55Z,celmis-api,0.29,321.6,6928.38,4.64,9.13,8.02,25.2,449.0,20
2026-08-21T17:56:55Z,celmis-postgres,0.00,36.27,6928.38,0.52,23.5,12.9,43.2,44.8,11
2026-08-21T17:56:55Z,celmis-sandbox,0.02,50.64,3072.0,1.65,0.0,0.0,18.0,0.0,3
2026-08-21T17:56:55Z,celmis-qdrant,0.07,178.1,6928.38,2.57,0.04,0.03,71.3,0.0,25
2026-08-21T17:57:02Z,celmis-web,0.01,74.86,6928.38,1.08,0.12,0.27,9.84,0.0,12
2026-08-21T17:57:02Z,celmis-api,0.53,321.7,6928.38,4.64,9.13,8.02,25.2,449.0,20
2026-08-21T17:57:02Z,celmis-postgres,0.03,35.97,6928.38,0.52,23.5,12.9,43.2,44.8,11
2026-08-21T17:57:02Z,celmis-sandbox,0.02,50.64,3072.0,1.65,0.0,0.0,18.0,0.0,3
2026-08-21T17:57:02Z,celmis-qdrant,1.21,178.2,6928.38,2.57,0.04,0.03,71.3,0.0,25
2026-08-21T17:57:10Z,celmis-web,0.01,75.14,6928.38,1.08,0.12,0.27,9.84,0.0,12
2026-08-21T17:57:10Z,celmis-api,0.51,321.7,6928.38,4.64,9.13,8.02,25.2,449.0,20
2026-08-21T17:57:10Z,celmis-postgres,0.79,36.5,6928.38,0.53,23.5,12.9,43.2,44.8,11
2026-08-21T17:57:10Z,celmis-sandbox,0.02,50.57,3072.0,1.65,0.0,0.0,18.0,0.0,3
2026-08-21T17:57:10Z,celmis-qdrant,0.10,178.2,6928.38,2.57,0.04,0.03,71.3,0.0,25
2026-08-21T17:57:17Z,celmis-web,0.01,75.14,6928.38,1.08,0.12,0.27,9.84,0.0,12
2026-08-21T17:57:17Z,celmis-api,0.28,321.5,6928.38,4.64,9.14,8.02,25.2,449.0,20
2026-08-21T17:57:17Z,celmis-postgres,0.07,36.3,6928.38,0.52,23.5,12.9,43.2,44.8,11
2026-08-21T17:57:17Z,celmis-sandbox,0.03,50.57,3072.0,1.65,0.0,0.0,18.0,0.0,3
2026-08-21T17:57:17Z,celmis-qdrant,0.08,178.4,6928.38,2.57,0.04,0.03,71.3,0.0,25
2026-08-21T17:57:25Z,celmis-web,0.01,75.17,6928.38,1.08,0.12,0.27,9.84,0.0,12
2026-08-21T17:57:25Z,celmis-api,0.30,321.5,6928.38,4.64,9.14,8.03,25.2,449.0,20
2026-08-21T17:57:25Z,celmis-postgres,0.00,36.05,6928.38,0.52,23.5,12.9,43.2,44.8,11
2026-08-21T17:57:25Z,celmis-sandbox,0.03,50.57,3072.0,1.65,0.0,0.0,18.0,0.0,3
2026-08-21T17:57:25Z,celmis-qdrant,0.08,178.3,6928.38,2.57,0.04,0.03,71.3,0.0,25
2026-08-21T17:57:32Z,celmis-web,0.01,75.17,6928.38,1.08,0.12,0.27,9.84,0.0,12
2026-08-21T17:57:32Z,celmis-api,0.29,321.6,6928.38,4.64,9.14,8.03,25.2,449.0,20
2026-08-21T17:57:32Z,celmis-postgres,0.10,36.12,6928.38,0.52,23.5,12.9,43.2,44.9,11
2026-08-21T17:57:32Z,celmis-sandbox,0.03,50.57,3072.0,1.65,0.0,0.0,18.0,0.0,3
2026-08-21T17:57:32Z,celmis-qdrant,0.08,178.3,6928.38,2.57,0.04,0.03,71.3,0.0,25
2026-08-21T17:57:40Z,celmis-web,0.01,74.88,6928.38,1.08,0.12,0.27,9.84,0.0,12
2026-08-21T17:57:40Z,celmis-api,0.55,321.6,6928.38,4.64,9.14,8.03,25.2,449.0,20
2026-08-21T17:57:40Z,celmis-postgres,1.73,36.26,6928.38,0.52,23.5,12.9,43.2,44.9,11
2026-08-21T17:57:40Z,celmis-sandbox,0.03,50.49,3072.0,1.64,0.0,0.0,18.0,0.0,3
2026-08-21T17:57:40Z,celmis-qdrant,0.08,178.2,6928.38,2.57,0.04,0.03,71.3,0.0,25
2026-08-21T17:57:47Z,celmis-web,0.01,74.88,6928.38,1.08,0.12,0.27,9.84,0.0,12
2026-08-21T17:57:47Z,celmis-api,0.25,321.6,6928.38,4.64,9.14,8.03,25.2,449.0,20
2026-08-21T17:57:47Z,celmis-postgres,0.01,36.32,6928.38,0.52,23.5,12.9,43.2,44.9,11
2026-08-21T17:57:47Z,celmis-sandbox,0.03,50.49,3072.0,1.64,0.0,0.0,18.0,0.0,3
2026-08-21T17:57:47Z,celmis-qdrant,0.07,178.4,6928.38,2.57,0.04,0.03,71.3,0.0,25
2026-08-21T17:57:55Z,celmis-web,0.01,74.9,6928.38,1.08,0.12,0.27,9.84,0.0,12
2026-08-21T17:57:55Z,celmis-api,0.32,321.6,6928.38,4.64,9.14,8.03,25.2,449.0,20
2026-08-21T17:57:55Z,celmis-postgres,0.00,35.88,6928.38,0.52,23.5,12.9,43.2,44.9,11
2026-08-21T17:57:55Z,celmis-sandbox,0.03,50.49,3072.0,1.64,0.0,0.0,18.0,0.0,3
2026-08-21T17:57:55Z,celmis-qdrant,0.10,178.4,6928.38,2.57,0.04,0.03,71.3,0.0,25
2026-08-21T17:58:02Z,celmis-web,0.01,74.9,6928.38,1.08,0.12,0.27,9.84,0.0,12
2026-08-21T17:58:02Z,celmis-api,0.29,321.8,6928.38,4.64,9.15,8.04,25.2,449.0,20
2026-08-21T17:58:02Z,celmis-postgres,0.03,36.34,6928.38,0.52,23.5,12.9,43.2,44.9,11
2026-08-21T17:58:02Z,celmis-sandbox,0.02,50.49,3072.0,1.64,0.0,0.0,18.0,0.0,3
2026-08-21T17:58:02Z,celmis-qdrant,0.70,178.3,6928.38,2.57,0.04,0.03,71.3,0.0,25
2026-08-21T17:58:10Z,celmis-web,0.01,74.79,6928.38,1.08,0.12,0.27,9.84,0.0,12
2026-08-21T17:58:10Z,celmis-api,0.24,321.8,6928.38,4.64,9.15,8.04,25.2,449.0,20
2026-08-21T17:58:10Z,celmis-postgres,0.90,36.23,6928.38,0.52,23.5,13.0,43.2,44.9,11
2026-08-21T17:58:10Z,celmis-sandbox,0.03,50.66,3072.0,1.65,0.0,0.0,18.0,0.0,3
2026-08-21T17:58:10Z,celmis-qdrant,0.07,178.3,6928.38,2.57,0.04,0.03,71.3,0.0,25
2026-08-21T17:58:17Z,celmis-web,0.00,74.79,6928.38,1.08,0.12,0.27,9.84,0.0,12
2026-08-21T17:58:17Z,celmis-api,0.50,321.4,6928.38,4.64,9.15,8.04,25.2,449.0,20
2026-08-21T17:58:17Z,celmis-postgres,0.00,36.16,6928.38,0.52,23.5,13.0,43.2,44.9,11
2026-08-21T17:58:17Z,celmis-sandbox,0.03,50.66,3072.0,1.65,0.0,0.0,18.0,0.0,3
2026-08-21T17:58:17Z,celmis-qdrant,0.11,178.2,6928.38,2.57,0.04,0.03,71.3,0.0,25
2026-08-21T17:58:25Z,celmis-web,0.01,75.05,6928.38,1.08,0.12,0.27,9.84,0.0,12
2026-08-21T17:58:25Z,celmis-api,0.26,321.4,6928.38,4.64,9.15,8.04,25.2,449.0,20
2026-08-21T17:58:25Z,celmis-postgres,0.00,36.27,6928.38,0.52,23.5,13.0,43.2,44.9,11
2026-08-21T17:58:25Z,celmis-sandbox,0.02,50.66,3072.0,1.65,0.0,0.0,18.0,0.0,3
2026-08-21T17:58:25Z,celmis-qdrant,0.07,178.2,6928.38,2.57,0.04,0.03,71.3,0.0,25
2026-08-21T17:58:32Z,celmis-web,0.01,75.05,6928.38,1.08,0.12,0.27,9.84,0.0,12
2026-08-21T17:58:32Z,celmis-api,0.32,321.3,6928.38,4.64,9.16,8.05,25.2,449.0,20
2026-08-21T17:58:32Z,celmis-postgres,0.03,35.96,6928.38,0.52,23.5,13.0,43.2,44.9,11
2026-08-21T17:58:32Z,celmis-sandbox,0.05,50.66,3072.0,1.65,0.0,0.0,18.0,0.0,3
2026-08-21T17:58:32Z,celmis-qdrant,0.91,178.2,6928.38,2.57,0.04,0.03,71.3,0.0,25
2026-08-21T17:58:40Z,celmis-web,0.01,74.82,6928.38,1.08,0.12,0.27,9.84,0.0,12
2026-08-21T17:58:40Z,celmis-api,0.55,321.3,6928.38,4.64,9.16,8.05,25.2,449.0,20
2026-08-21T17:58:40Z,celmis-postgres,0.08,36.22,6928.38,0.52,23.5,13.0,43.2,44.9,11
2026-08-21T17:58:40Z,celmis-sandbox,0.02,50.58,3072.0,1.65,0.0,0.0,18.0,0.0,3
2026-08-21T17:58:40Z,celmis-qdrant,0.07,178.1,6928.38,2.57,0.04,0.03,71.3,0.0,25
2026-08-21T17:58:47Z,celmis-web,0.01,74.82,6928.38,1.08,0.12,0.27,9.84,0.0,12
2026-08-21T17:58:47Z,celmis-api,0.51,321.5,6928.38,4.64,9.16,8.05,25.2,449.0,20
2026-08-21T17:58:47Z,celmis-postgres,0.08,35.95,6928.38,0.52,23.5,13.0,43.2,44.9,11
2026-08-21T17:58:47Z,celmis-sandbox,0.03,50.58,3072.0,1.65,0.0,0.0,18.0,0.0,3
2026-08-21T17:58:47Z,celmis-qdrant,0.09,178.0,6928.38,2.57,0.04,0.03,71.3,0.0,25
2026-08-21T17:58:55Z,celmis-web,0.00,75.0,6928.38,1.08,0.12,0.27,9.84,0.0,12
2026-08-21T17:58:55Z,celmis-api,0.25,321.7,6928.38,4.64,9.16,8.05,25.2,449.0,20
2026-08-21T17:58:55Z,celmis-postgres,0.00,36.31,6928.38,0.52,23.5,13.0,43.2,44.9,11
2026-08-21T17:58:55Z,celmis-sandbox,0.03,50.58,3072.0,1.65,0.0,0.0,18.0,0.0,3
2026-08-21T17:58:55Z,celmis-qdrant,0.08,177.9,6928.38,2.57,0.04,0.03,71.3,0.0,25
2026-08-21T17:59:02Z,celmis-web,0.04,74.85,6928.38,1.08,0.14,0.29,9.84,0.0,12
2026-08-21T17:59:02Z,celmis-api,0.55,321.4,6928.38,4.64,9.16,8.06,25.2,449.0,20
2026-08-21T17:59:02Z,celmis-postgres,0.16,35.96,6928.38,0.52,23.5,13.0,43.2,44.9,11
2026-08-21T17:59:02Z,celmis-sandbox,0.03,50.58,3072.0,1.65,0.0,0.0,18.0,0.0,3
2026-08-21T17:59:02Z,celmis-qdrant,0.11,178.1,6928.38,2.57,0.04,0.03,71.3,0.0,25
2026-08-21T17:59:10Z,celmis-web,18.47,75.93,6928.38,1.10,0.22,0.37,9.87,0.0,12
2026-08-21T17:59:10Z,celmis-api,2.96,321.7,6928.38,4.64,9.17,8.08,25.2,449.0,15
2026-08-21T17:59:10Z,celmis-postgres,1.59,35.97,6928.38,0.52,23.5,13.0,43.2,44.9,11
2026-08-21T17:59:10Z,celmis-sandbox,0.03,50.75,3072.0,1.65,0.0,0.0,18.0,0.0,3
2026-08-21T17:59:10Z,celmis-qdrant,0.07,178.1,6928.38,2.57,0.04,0.03,71.3,0.0,25
2026-08-21T17:59:17Z,celmis-web,0.01,75.66,6928.38,1.09,0.22,0.37,9.87,0.0,12
2026-08-21T17:59:17Z,celmis-api,0.27,321.6,6928.38,4.64,9.17,8.08,25.2,449.0,15
2026-08-21T17:59:17Z,celmis-postgres,0.00,36.2,6928.38,0.52,23.5,13.0,43.2,44.9,11
2026-08-21T17:59:17Z,celmis-sandbox,0.04,50.75,3072.0,1.65,0.0,0.0,18.0,0.0,3
2026-08-21T17:59:17Z,celmis-qdrant,1.21,178.2,6928.38,2.57,0.04,0.03,71.3,0.0,25
2026-08-21T17:59:25Z,celmis-web,0.00,76.75,6928.38,1.11,0.23,0.38,9.9,0.0,12
2026-08-21T17:59:25Z,celmis-api,0.20,321.7,6928.38,4.64,9.18,8.09,25.2,449.0,15
2026-08-21T17:59:25Z,celmis-postgres,1.75,35.98,6928.38,0.52,23.5,13.0,43.2,45.0,11
2026-08-21T17:59:25Z,celmis-sandbox,0.03,50.75,3072.0,1.65,0.0,0.0,18.0,0.0,3
2026-08-21T17:59:25Z,celmis-qdrant,0.05,178.2,6928.38,2.57,0.04,0.03,71.3,0.0,25
2026-08-21T17:59:32Z,celmis-web,0.00,76.61,6928.38,1.11,0.24,0.39,9.9,0.0,12
2026-08-21T17:59:32Z,celmis-api,0.47,322.1,6928.38,4.65,9.21,8.21,25.2,449.0,20
2026-08-21T17:59:32Z,celmis-postgres,0.08,36.38,6928.38,0.53,23.5,13.0,43.2,45.0,11
2026-08-21T17:59:32Z,celmis-sandbox,0.02,50.75,3072.0,1.65,0.0,0.0,18.0,0.0,3
2026-08-21T17:59:32Z,celmis-qdrant,0.77,178.5,6928.38,2.58,0.04,0.03,71.3,0.0,25
2026-08-21T17:59:40Z,celmis-web,0.02,77.14,6928.38,1.11,0.25,0.41,9.93,0.0,12
2026-08-21T17:59:40Z,celmis-api,0.15,322.2,6928.38,4.65,9.23,8.24,25.2,449.0,16
2026-08-21T17:59:40Z,celmis-postgres,0.08,36.97,6928.38,0.53,23.6,13.0,43.2,45.0,11
2026-08-21T17:59:40Z,celmis-sandbox,0.02,50.89,3072.0,1.66,0.0,0.0,18.0,0.0,3
2026-08-21T17:59:40Z,celmis-qdrant,0.06,178.4,6928.38,2.57,0.04,0.03,71.3,0.0,25
2026-08-21T17:59:48Z,celmis-web,0.00,77.14,6928.38,1.11,0.25,0.41,9.93,0.0,12
2026-08-21T17:59:48Z,celmis-api,0.27,322.1,6928.38,4.65,9.24,8.24,25.2,449.0,16
2026-08-21T17:59:48Z,celmis-postgres,0.00,36.58,6928.38,0.53,23.6,13.0,43.2,45.0,11
2026-08-21T17:59:48Z,celmis-sandbox,0.01,50.89,3072.0,1.66,0.0,0.0,18.0,0.0,3
2026-08-21T17:59:48Z,celmis-qdrant,0.70,178.1,6928.38,2.57,0.04,0.03,71.3,0.0,25
2026-08-21T17:59:55Z,celmis-web,0.01,76.93,6928.38,1.11,0.26,0.48,10.1,0.0,12
2026-08-21T17:59:55Z,celmis-api,0.29,322.1,6928.38,4.65,9.24,8.24,25.2,449.0,16
2026-08-21T17:59:55Z,celmis-postgres,1.81,36.65,6928.38,0.53,23.6,13.0,43.2,45.0,11
2026-08-21T17:59:55Z,celmis-sandbox,0.03,50.89,3072.0,1.66,0.0,0.0,18.0,0.0,3
2026-08-21T17:59:55Z,celmis-qdrant,0.10,178.0,6928.38,2.57,0.04,0.03,71.3,0.0,25
2026-08-21T18:00:02Z,celmis-web,0.01,77.38,6928.38,1.12,0.26,0.53,10.3,0.0,12
2026-08-21T18:00:02Z,celmis-api,0.50,322.0,6928.38,4.65,9.24,8.24,25.2,449.0,16
2026-08-21T18:00:02Z,celmis-postgres,0.12,36.83,6928.38,0.53,23.6,13.0,43.2,45.0,11
2026-08-21T18:00:02Z,celmis-sandbox,0.02,50.89,3072.0,1.66,0.0,0.0,18.0,0.0,3
2026-08-21T18:00:02Z,celmis-qdrant,0.10,178.3,6928.38,2.57,0.04,0.03,71.3,0.0,25
2026-08-21T18:00:10Z,celmis-web,0.01,77.14,6928.38,1.11,0.26,0.53,10.3,0.0,12
2026-08-21T18:00:10Z,celmis-api,0.31,322.0,6928.38,4.65,9.24,8.25,25.2,449.0,16
2026-08-21T18:00:10Z,celmis-postgres,0.00,36.81,6928.38,0.53,23.6,13.0,43.2,45.0,11
2026-08-21T18:00:10Z,celmis-sandbox,0.02,50.81,3072.0,1.65,0.0,0.0,18.0,0.0,3
2026-08-21T18:00:10Z,celmis-qdrant,0.11,178.2,6928.38,2.57,0.04,0.03,71.3,0.0,25
2026-08-21T18:00:17Z,celmis-web,0.01,77.17,6928.38,1.11,0.27,0.54,10.3,0.0,12
2026-08-21T18:00:17Z,celmis-api,0.30,322.5,6928.38,4.65,9.27,8.27,25.2,449.0,18
2026-08-21T18:00:17Z,celmis-postgres,0.01,40.11,6928.38,0.58,23.6,13.0,43.2,45.0,13
2026-08-21T18:00:17Z,celmis-sandbox,0.02,50.81,3072.0,1.65,0.0,0.0,18.0,0.0,3
2026-08-21T18:00:17Z,celmis-qdrant,0.14,178.1,6928.38,2.57,0.04,0.03,71.3,0.0,25
2026-08-21T18:00:25Z,celmis-web,0.01,77.23,6928.38,1.11,0.27,0.54,10.3,0.0,12
2026-08-21T18:00:25Z,celmis-api,0.25,322.5,6928.38,4.65,9.27,8.27,25.2,449.0,18
2026-08-21T18:00:25Z,celmis-postgres,1.65,40.14,6928.38,0.58,23.6,13.0,43.2,45.0,13
2026-08-21T18:00:25Z,celmis-sandbox,0.03,50.81,3072.0,1.65,0.0,0.0,18.0,0.0,3
2026-08-21T18:00:25Z,celmis-qdrant,0.10,178.1,6928.38,2.57,0.04,0.03,71.3,0.0,25
2026-08-21T18:00:32Z,celmis-web,0.01,77.23,6928.38,1.11,0.27,0.54,10.3,0.0,12
2026-08-21T18:00:32Z,celmis-api,0.39,322.4,6928.38,4.65,9.28,8.28,25.2,449.0,18
2026-08-21T18:00:32Z,celmis-postgres,0.16,40.13,6928.38,0.58,23.6,13.0,43.2,45.0,13
2026-08-21T18:00:32Z,celmis-sandbox,0.03,50.81,3072.0,1.65,0.0,0.0,18.0,0.0,3
2026-08-21T18:00:32Z,celmis-qdrant,0.11,178.0,6928.38,2.57,0.04,0.03,71.3,0.0,25
2026-08-21T18:00:40Z,celmis-web,0.01,77.02,6928.38,1.11,0.27,0.54,10.3,0.0,12
2026-08-21T18:00:40Z,celmis-api,0.27,322.4,6928.38,4.65,9.28,8.28,25.2,449.0,18
2026-08-21T18:00:40Z,celmis-postgres,1.06,40.46,6928.38,0.58,23.6,13.0,43.2,45.0,13
2026-08-21T18:00:40Z,celmis-sandbox,0.02,50.68,3072.0,1.65,0.0,0.0,18.0,0.0,3
2026-08-21T18:00:40Z,celmis-qdrant,0.08,178.0,6928.38,2.57,0.04,0.03,71.3,0.0,25
2026-08-21T18:00:47Z,celmis-web,0.01,76.96,6928.38,1.11,0.27,0.54,10.3,0.0,12
2026-08-21T18:00:47Z,celmis-api,0.25,322.3,6928.38,4.65,9.28,8.28,25.2,449.0,18
2026-08-21T18:00:47Z,celmis-postgres,0.02,40.37,6928.38,0.58,23.6,13.0,43.2,45.0,13
2026-08-21T18:00:47Z,celmis-sandbox,0.02,50.68,3072.0,1.65,0.0,0.0,18.0,0.0,3
2026-08-21T18:00:47Z,celmis-qdrant,0.09,178.4,6928.38,2.57,0.04,0.03,71.3,0.0,25
2026-08-21T18:00:55Z,celmis-web,0.01,77.22,6928.38,1.11,0.27,0.54,10.3,0.0,12
2026-08-21T18:00:55Z,celmis-api,0.25,322.6,6928.38,4.66,9.28,8.28,25.2,449.0,18
2026-08-21T18:00:55Z,celmis-postgres,1.70,40.63,6928.38,0.59,23.6,13.0,43.2,45.0,13
2026-08-21T18:00:55Z,celmis-sandbox,0.03,50.68,3072.0,1.65,0.0,0.0,18.0,0.0,3
2026-08-21T18:00:55Z,celmis-qdrant,0.09,178.4,6928.38,2.57,0.04,0.03,71.3,0.0,25
2026-08-21T18:01:02Z,celmis-web,0.01,77.22,6928.38,1.11,0.27,0.54,10.3,0.0,12
2026-08-21T18:01:02Z,celmis-api,0.53,322.5,6928.38,4.65,9.29,8.29,25.2,449.0,18
2026-08-21T18:01:02Z,celmis-postgres,0.12,40.41,6928.38,0.58,23.6,13.0,43.2,45.1,13
2026-08-21T18:01:02Z,celmis-sandbox,0.01,50.68,3072.0,1.65,0.0,0.0,18.0,0.0,3
2026-08-21T18:01:02Z,celmis-qdrant,0.10,178.0,6928.38,2.57,0.04,0.03,71.3,0.0,25
2026-08-21T18:01:10Z,celmis-web,0.01,77.16,6928.38,1.11,0.27,0.54,10.3,0.0,12
2026-08-21T18:01:10Z,celmis-api,0.27,322.5,6928.38,4.65,9.29,8.29,25.2,449.0,18
2026-08-21T18:01:10Z,celmis-postgres,2.26,40.46,6928.38,0.58,23.6,13.0,43.2,45.1,13
2026-08-21T18:01:10Z,celmis-sandbox,0.02,50.61,3072.0,1.65,0.0,0.0,18.0,0.0,3
2026-08-21T18:01:10Z,celmis-qdrant,0.10,178.0,6928.38,2.57,0.04,0.03,71.3,0.0,25
2026-08-21T18:01:17Z,celmis-web,0.01,77.16,6928.38,1.11,0.27,0.54,10.3,0.0,12
2026-08-21T18:01:17Z,celmis-api,0.27,322.5,6928.38,4.65,9.29,8.29,25.2,449.0,18
2026-08-21T18:01:17Z,celmis-postgres,0.08,40.47,6928.38,0.58,23.6,13.1,43.2,45.1,13
2026-08-21T18:01:17Z,celmis-sandbox,0.03,50.61,3072.0,1.65,0.0,0.0,18.0,0.0,3
2026-08-21T18:01:17Z,celmis-qdrant,0.11,178.4,6928.38,2.57,0.04,0.03,71.3,0.0,25
2026-08-21T18:01:25Z,celmis-web,0.01,77.29,6928.38,1.12,0.27,0.54,10.3,0.0,12
2026-08-21T18:01:25Z,celmis-api,0.30,322.5,6928.38,4.65,9.29,8.29,25.2,449.0,18
2026-08-21T18:01:25Z,celmis-postgres,0.00,40.2,6928.38,0.58,23.6,13.1,43.2,45.1,13
2026-08-21T18:01:25Z,celmis-sandbox,0.03,50.61,3072.0,1.65,0.0,0.0,18.0,0.0,3
2026-08-21T18:01:25Z,celmis-qdrant,0.09,178.4,6928.38,2.57,0.04,0.03,71.3,0.0,25
2026-08-21T18:01:32Z,celmis-web,0.00,77.29,6928.38,1.12,0.27,0.54,10.3,0.0,12
2026-08-21T18:01:32Z,celmis-api,0.53,322.4,6928.38,4.65,9.29,8.3,25.2,449.0,18
2026-08-21T18:01:32Z,celmis-postgres,0.12,40.53,6928.38,0.58,23.6,13.1,43.2,45.1,13
2026-08-21T18:01:32Z,celmis-sandbox,0.02,50.61,3072.0,1.65,0.0,0.0,18.0,0.0,3
2026-08-21T18:01:32Z,celmis-qdrant,0.10,178.4,6928.38,2.57,0.04,0.03,71.3,0.0,25
2026-08-21T18:01:40Z,celmis-web,0.00,77.29,6928.38,1.12,0.27,0.54,10.3,0.0,12
2026-08-21T18:01:40Z,celmis-api,0.28,322.4,6928.38,4.65,9.3,8.3,25.2,449.0,18
2026-08-21T18:01:40Z,celmis-postgres,1.68,40.43,6928.38,0.58,23.6,13.1,43.2,45.1,13
2026-08-21T18:01:40Z,celmis-sandbox,0.02,50.72,3072.0,1.65,0.0,0.0,18.0,0.0,3
2026-08-21T18:01:40Z,celmis-qdrant,0.12,178.3,6928.38,2.57,0.04,0.03,71.3,0.0,25
2026-08-21T18:01:47Z,celmis-web,0.00,77.29,6928.38,1.12,0.27,0.54,10.3,0.0,12
2026-08-21T18:01:47Z,celmis-api,0.54,322.3,6928.38,4.65,9.3,8.3,25.2,449.0,18
2026-08-21T18:01:47Z,celmis-postgres,0.00,40.5,6928.38,0.58,23.6,13.1,43.2,45.1,13
2026-08-21T18:01:47Z,celmis-sandbox,0.03,50.72,3072.0,1.65,0.0,0.0,18.0,0.0,3
2026-08-21T18:01:47Z,celmis-qdrant,0.14,178.2,6928.38,2.57,0.04,0.03,71.3,0.0,25
2026-08-21T18:01:55Z,celmis-web,0.01,76.79,6928.38,1.11,0.27,0.54,10.3,0.0,12
2026-08-21T18:01:55Z,celmis-api,0.28,322.3,6928.38,4.65,9.3,8.3,25.2,449.0,18
2026-08-21T18:01:55Z,celmis-postgres,0.00,40.56,6928.38,0.59,23.6,13.1,43.2,45.1,13
2026-08-21T18:01:55Z,celmis-sandbox,0.02,50.72,3072.0,1.65,0.0,0.0,18.0,0.0,3
2026-08-21T18:01:55Z,celmis-qdrant,0.09,178.2,6928.38,2.57,0.04,0.03,71.3,0.0,25
2026-08-21T18:02:02Z,celmis-web,0.01,76.78,6928.38,1.11,0.27,0.54,10.3,0.0,12
2026-08-21T18:02:02Z,celmis-api,0.28,322.8,6928.38,4.66,9.3,8.31,25.2,449.0,18
2026-08-21T18:02:02Z,celmis-postgres,0.12,40.8,6928.38,0.59,23.6,13.1,43.2,45.1,13
2026-08-21T18:02:02Z,celmis-sandbox,0.03,50.72,3072.0,1.65,0.0,0.0,18.0,0.0,3
2026-08-21T18:02:02Z,celmis-qdrant,1.43,178.2,6928.38,2.57,0.04,0.03,71.3,0.0,25
2026-08-21T18:02:10Z,celmis-web,0.00,77.23,6928.38,1.11,0.27,0.54,10.3,0.0,12
2026-08-21T18:02:10Z,celmis-api,0.24,322.8,6928.38,4.66,9.3,8.31,25.2,449.0,18
2026-08-21T18:02:10Z,celmis-postgres,0.79,40.37,6928.38,0.58,23.6,13.1,43.2,45.1,13
2026-08-21T18:02:10Z,celmis-sandbox,0.03,50.9,3072.0,1.66,0.0,0.0,18.0,0.0,3
2026-08-21T18:02:10Z,celmis-qdrant,0.08,178.1,6928.38,2.57,0.04,0.03,71.3,0.0,25
2026-08-21T18:02:17Z,celmis-web,0.00,77.12,6928.38,1.11,0.27,0.54,10.3,0.0,12
2026-08-21T18:02:17Z,celmis-api,0.24,322.5,6928.38,4.65,9.31,8.31,25.2,449.0,18
2026-08-21T18:02:17Z,celmis-postgres,0.08,40.38,6928.38,0.58,23.6,13.1,43.2,45.1,13
2026-08-21T18:02:17Z,celmis-sandbox,0.02,50.9,3072.0,1.66,0.0,0.0,18.0,0.0,3
2026-08-21T18:02:17Z,celmis-qdrant,1.24,178.3,6928.38,2.57,0.04,0.03,71.3,0.0,25
2026-08-21T18:02:25Z,celmis-web,0.01,77.01,6928.38,1.11,0.27,0.54,10.3,0.0,12
2026-08-21T18:02:25Z,celmis-api,0.25,322.5,6928.38,4.65,9.31,8.31,25.2,449.0,18
2026-08-21T18:02:25Z,celmis-postgres,0.01,40.62,6928.38,0.59,23.6,13.1,43.2,45.1,13
2026-08-21T18:02:25Z,celmis-sandbox,0.03,50.9,3072.0,1.66,0.0,0.0,18.0,0.0,3
2026-08-21T18:02:25Z,celmis-qdrant,0.08,178.3,6928.38,2.57,0.04,0.03,71.3,0.0,25
2026-08-21T18:02:32Z,celmis-web,0.01,77.01,6928.38,1.11,0.27,0.54,10.3,0.0,12
2026-08-21T18:02:32Z,celmis-api,0.52,322.3,6928.38,4.65,9.31,8.32,25.2,449.0,18
2026-08-21T18:02:32Z,celmis-postgres,0.12,40.46,6928.38,0.58,23.6,13.1,43.2,45.1,13
2026-08-21T18:02:32Z,celmis-sandbox,0.03,50.9,3072.0,1.66,0.0,0.0,18.0,0.0,3
2026-08-21T18:02:32Z,celmis-qdrant,0.06,178.3,6928.38,2.57,0.04,0.03,71.3,0.0,25
2026-08-21T18:02:40Z,celmis-web,0.01,77.0,6928.38,1.11,0.27,0.54,10.3,0.0,12
2026-08-21T18:02:40Z,celmis-api,0.30,322.3,6928.38,4.65,9.31,8.32,25.2,449.0,18
2026-08-21T18:02:40Z,celmis-postgres,0.03,40.44,6928.38,0.58,23.6,13.1,43.2,45.1,13
2026-08-21T18:02:40Z,celmis-sandbox,0.03,50.83,3072.0,1.65,0.0,0.0,18.0,0.0,3
2026-08-21T18:02:40Z,celmis-qdrant,0.09,178.2,6928.38,2.57,0.04,0.03,71.3,0.0,25
2026-08-21T18:02:47Z,celmis-web,0.01,76.9,6928.38,1.11,0.27,0.54,10.3,0.0,12
2026-08-21T18:02:47Z,celmis-api,0.30,322.6,6928.38,4.66,9.31,8.32,25.2,449.0,18
2026-08-21T18:02:47Z,celmis-postgres,0.00,40.19,6928.38,0.58,23.6,13.1,43.2,45.1,13
2026-08-21T18:02:47Z,celmis-sandbox,0.03,50.83,3072.0,1.65,0.0,0.0,18.0,0.0,3
2026-08-21T18:02:47Z,celmis-qdrant,1.18,178.2,6928.38,2.57,0.04,0.03,71.3,0.0,25
2026-08-21T18:02:55Z,celmis-web,0.01,77.14,6928.38,1.11,0.27,0.54,10.3,0.0,12
2026-08-21T18:02:55Z,celmis-api,0.29,322.5,6928.38,4.65,9.32,8.32,25.2,449.0,18
2026-08-21T18:02:55Z,celmis-postgres,0.00,40.24,6928.38,0.58,23.6,13.1,43.2,45.1,13
2026-08-21T18:02:55Z,celmis-sandbox,0.03,50.83,3072.0,1.65,0.0,0.0,18.0,0.0,3
2026-08-21T18:02:55Z,celmis-qdrant,0.09,178.1,6928.38,2.57,0.04,0.03,71.3,0.0,25
2026-08-21T18:03:02Z,celmis-web,0.01,77.12,6928.38,1.11,0.27,0.54,10.3,0.0,12
2026-08-21T18:03:02Z,celmis-api,0.24,322.2,6928.38,4.65,9.32,8.33,25.2,449.0,18
2026-08-21T18:03:02Z,celmis-postgres,0.10,40.48,6928.38,0.58,23.6,13.1,43.2,45.1,13
2026-08-21T18:03:02Z,celmis-sandbox,0.03,50.83,3072.0,1.65,0.0,0.0,18.0,0.0,3
2026-08-21T18:03:02Z,celmis-qdrant,1.22,178.0,6928.38,2.57,0.04,0.03,71.3,0.0,25
2026-08-21T18:03:10Z,celmis-web,0.01,77.07,6928.38,1.11,0.27,0.54,10.3,0.0,12
2026-08-21T18:03:10Z,celmis-api,0.27,322.2,6928.38,4.65,9.32,8.33,25.2,449.0,18
2026-08-21T18:03:10Z,celmis-postgres,0.67,40.34,6928.38,0.58,23.6,13.1,43.2,45.1,13
2026-08-21T18:03:10Z,celmis-sandbox,0.03,51.01,3072.0,1.66,0.0,0.0,18.0,0.0,3
2026-08-21T18:03:10Z,celmis-qdrant,0.11,178.0,6928.38,2.57,0.04,0.03,71.3,0.0,25
2026-08-21T18:03:18Z,celmis-web,0.01,77.07,6928.38,1.11,0.27,0.54,10.3,0.0,12
2026-08-21T18:03:18Z,celmis-api,0.55,322.4,6928.38,4.65,9.32,8.33,25.2,449.0,18
2026-08-21T18:03:18Z,celmis-postgres,0.00,40.3,6928.38,0.58,23.6,13.1,43.2,45.1,13
2026-08-21T18:03:18Z,celmis-sandbox,0.03,51.01,3072.0,1.66,0.0,0.0,18.0,0.0,3
2026-08-21T18:03:18Z,celmis-qdrant,0.10,178.4,6928.38,2.57,0.04,0.03,71.3,0.0,25
2026-08-21T18:03:25Z,celmis-web,0.01,77.21,6928.38,1.11,0.27,0.54,10.3,0.0,12
2026-08-21T18:03:25Z,celmis-api,0.25,322.4,6928.38,4.65,9.32,8.33,25.2,449.0,18
2026-08-21T18:03:25Z,celmis-postgres,0.00,40.54,6928.38,0.59,23.6,13.1,43.2,45.1,13
2026-08-21T18:03:25Z,celmis-sandbox,0.03,51.01,3072.0,1.66,0.0,0.0,18.0,0.0,3
2026-08-21T18:03:25Z,celmis-qdrant,0.06,178.3,6928.38,2.57,0.04,0.03,71.3,0.0,25
2026-08-21T18:03:32Z,celmis-web,0.01,77.21,6928.38,1.11,0.27,0.54,10.3,0.0,12
2026-08-21T18:03:32Z,celmis-api,0.55,322.3,6928.38,4.65,9.33,8.34,25.2,449.0,18
2026-08-21T18:03:32Z,celmis-postgres,1.40,40.49,6928.38,0.58,23.6,13.1,43.2,45.1,13
2026-08-21T18:03:32Z,celmis-sandbox,0.02,51.01,3072.0,1.66,0.0,0.0,18.0,0.0,3
2026-08-21T18:03:32Z,celmis-qdrant,0.07,178.3,6928.38,2.57,0.04,0.03,71.3,0.0,25
2026-08-21T18:03:40Z,celmis-web,0.01,77.14,6928.38,1.11,0.27,0.54,10.3,0.0,12
2026-08-21T18:03:40Z,celmis-api,0.29,322.3,6928.38,4.65,9.33,8.34,25.2,449.0,18
2026-08-21T18:03:40Z,celmis-postgres,0.02,40.36,6928.38,0.58,23.6,13.1,43.2,45.1,13
2026-08-21T18:03:40Z,celmis-sandbox,0.03,50.68,3072.0,1.65,0.0,0.0,18.0,0.0,3
2026-08-21T18:03:40Z,celmis-qdrant,0.09,178.2,6928.38,2.57,0.04,0.03,71.3,0.0,25
2026-08-21T18:03:47Z,celmis-web,0.01,76.87,6928.38,1.11,0.27,0.54,10.3,0.0,12
2026-08-21T18:03:47Z,celmis-api,0.50,322.3,6928.38,4.65,9.33,8.34,25.2,449.0,18
2026-08-21T18:03:47Z,celmis-postgres,0.07,40.4,6928.38,0.58,23.6,13.1,43.2,45.1,13
2026-08-21T18:03:47Z,celmis-sandbox,0.03,50.68,3072.0,1.65,0.0,0.0,18.0,0.0,3
2026-08-21T18:03:47Z,celmis-qdrant,1.28,178.4,6928.38,2.58,0.04,0.03,71.3,0.0,25
2026-08-21T18:03:55Z,celmis-web,0.01,76.93,6928.38,1.11,0.27,0.54,10.3,0.0,12
2026-08-21T18:03:55Z,celmis-api,0.27,322.3,6928.38,4.65,9.33,8.34,25.2,449.0,18
2026-08-21T18:03:55Z,celmis-postgres,0.00,40.72,6928.38,0.59,23.6,13.1,43.2,45.1,13
2026-08-21T18:03:55Z,celmis-sandbox,0.03,50.68,3072.0,1.65,0.0,0.0,18.0,0.0,3
2026-08-21T18:03:55Z,celmis-qdrant,0.08,178.4,6928.38,2.57,0.04,0.03,71.3,0.0,25
2026-08-21T18:04:02Z,celmis-web,0.01,76.93,6928.38,1.11,0.27,0.54,10.3,0.0,12
2026-08-21T18:04:02Z,celmis-api,0.51,322.5,6928.38,4.65,9.34,8.34,25.2,449.0,18
2026-08-21T18:04:02Z,celmis-postgres,1.54,40.64,6928.38,0.59,23.6,13.1,43.2,45.2,13
2026-08-21T18:04:02Z,celmis-sandbox,0.02,50.68,3072.0,1.65,0.0,0.0,18.0,0.0,3
2026-08-21T18:04:02Z,celmis-qdrant,1.36,178.2,6928.38,2.57,0.04,0.03,71.3,0.0,25
2026-08-21T18:04:10Z,celmis-web,0.01,76.9,6928.38,1.11,0.27,0.54,10.3,0.0,12
2026-08-21T18:04:10Z,celmis-api,0.27,322.5,6928.38,4.65,9.34,8.35,25.2,449.0,18
2026-08-21T18:04:10Z,celmis-postgres,0.03,40.7,6928.38,0.59,23.6,13.1,43.2,45.2,13
2026-08-21T18:04:10Z,celmis-sandbox,0.03,50.85,3072.0,1.66,0.0,0.0,18.0,0.0,3
2026-08-21T18:04:10Z,celmis-qdrant,0.08,178.2,6928.38,2.57,0.04,0.03,71.3,0.0,25
2026-08-21T18:04:17Z,celmis-web,0.01,76.8,6928.38,1.11,0.27,0.54,10.3,0.0,12
2026-08-21T18:04:17Z,celmis-api,0.42,322.7,6928.38,4.66,9.34,8.35,25.2,449.0,18
2026-08-21T18:04:17Z,celmis-postgres,0.08,40.5,6928.38,0.58,23.7,13.1,43.2,45.2,13
2026-08-21T18:04:17Z,celmis-sandbox,0.02,50.85,3072.0,1.66,0.0,0.0,18.0,0.0,3
2026-08-21T18:04:17Z,celmis-qdrant,1.32,178.1,6928.38,2.57,0.04,0.03,71.3,0.0,25
2026-08-21T18:04:25Z,celmis-web,0.01,76.93,6928.38,1.11,0.27,0.54,10.3,0.0,12
2026-08-21T18:04:25Z,celmis-api,0.26,322.7,6928.38,4.66,9.34,8.35,25.2,449.0,18
2026-08-21T18:04:25Z,celmis-postgres,0.03,40.48,6928.38,0.58,23.7,13.1,43.2,45.2,13
2026-08-21T18:04:25Z,celmis-sandbox,0.03,50.85,3072.0,1.66,0.0,0.0,18.0,0.0,3
2026-08-21T18:04:25Z,celmis-qdrant,0.07,178.1,6928.38,2.57,0.04,0.03,71.3,0.0,26
2026-08-21T18:04:32Z,celmis-web,0.01,76.93,6928.38,1.11,0.27,0.54,10.3,0.0,12
2026-08-21T18:04:32Z,celmis-api,0.25,322.6,6928.38,4.66,9.34,8.35,25.2,449.0,18
2026-08-21T18:04:32Z,celmis-postgres,0.09,40.56,6928.38,0.59,23.7,13.1,43.2,45.3,13
2026-08-21T18:04:32Z,celmis-sandbox,0.03,50.85,3072.0,1.66,0.0,0.0,18.0,0.0,3
2026-08-21T18:04:32Z,celmis-qdrant,1.36,178.3,6928.38,2.57,0.04,0.03,71.3,0.0,25
2026-08-21T18:04:40Z,celmis-web,0.01,77.09,6928.38,1.11,0.27,0.54,10.3,0.0,12
2026-08-21T18:04:40Z,celmis-api,0.25,322.8,6928.38,4.66,9.34,8.36,25.2,449.0,18
2026-08-21T18:04:40Z,celmis-postgres,0.00,40.3,6928.38,0.58,23.7,13.1,43.2,45.3,13
2026-08-21T18:04:40Z,celmis-sandbox,0.03,51.02,3072.0,1.66,0.0,0.0,18.0,0.0,3
2026-08-21T18:04:40Z,celmis-qdrant,0.08,178.2,6928.38,2.57,0.04,0.03,71.3,0.0,25
2026-08-21T18:04:47Z,celmis-web,0.01,77.04,6928.38,1.11,0.27,0.54,10.3,0.0,12
2026-08-21T18:04:47Z,celmis-api,0.43,322.3,6928.38,4.65,9.35,8.36,25.2,449.0,18
2026-08-21T18:04:47Z,celmis-postgres,1.80,40.56,6928.38,0.59,23.7,13.1,43.2,45.3,13
2026-08-21T18:04:47Z,celmis-sandbox,0.04,51.02,3072.0,1.66,0.0,0.0,18.0,0.0,3
2026-08-21T18:04:47Z,celmis-qdrant,1.21,178.5,6928.38,2.58,0.04,0.03,71.3,0.0,25
2026-08-21T18:04:55Z,celmis-web,0.00,76.89,6928.38,1.11,0.27,0.54,10.3,0.0,12
2026-08-21T18:04:55Z,celmis-api,0.27,322.2,6928.38,4.65,9.35,8.36,25.2,449.0,18
2026-08-21T18:04:55Z,celmis-postgres,0.00,40.82,6928.38,0.59,23.7,13.1,43.2,45.3,13
2026-08-21T18:04:55Z,celmis-sandbox,0.03,51.02,3072.0,1.66,0.0,0.0,18.0,0.0,3
2026-08-21T18:04:55Z,celmis-qdrant,0.08,178.4,6928.38,2.57,0.04,0.03,71.3,0.0,25
2026-08-21T18:05:02Z,celmis-web,0.00,76.89,6928.38,1.11,0.27,0.54,10.3,0.0,12
2026-08-21T18:05:02Z,celmis-api,0.37,322.4,6928.38,4.65,9.35,8.36,25.2,449.0,18
2026-08-21T18:05:02Z,celmis-postgres,1.68,40.41,6928.38,0.58,23.7,13.1,43.2,45.3,13
2026-08-21T18:05:02Z,celmis-sandbox,0.02,51.02,3072.0,1.66,0.0,0.0,18.0,0.0,3
2026-08-21T18:05:02Z,celmis-qdrant,1.14,178.4,6928.38,2.57,0.04,0.03,71.3,0.0,25
2026-08-21T18:05:10Z,celmis-web,0.00,76.89,6928.38,1.11,0.27,0.54,10.3,0.0,12
2026-08-21T18:05:10Z,celmis-api,0.28,322.4,6928.38,4.65,9.35,8.36,25.2,449.0,18
2026-08-21T18:05:10Z,celmis-postgres,0.69,40.49,6928.38,0.58,23.7,13.1,43.2,45.3,13
2026-08-21T18:05:10Z,celmis-sandbox,0.03,50.94,3072.0,1.66,0.0,0.0,18.0,0.0,3
2026-08-21T18:05:10Z,celmis-qdrant,0.07,178.3,6928.38,2.57,0.04,0.03,71.3,0.0,25
2026-08-21T18:05:17Z,celmis-web,0.01,76.84,6928.38,1.11,0.27,0.54,10.3,0.0,12
2026-08-21T18:05:17Z,celmis-api,0.26,322.3,6928.38,4.65,9.35,8.37,25.2,449.0,18
2026-08-21T18:05:17Z,celmis-postgres,1.82,40.47,6928.38,0.58,23.7,13.1,43.2,45.3,13
2026-08-21T18:05:17Z,celmis-sandbox,0.02,50.94,3072.0,1.66,0.0,0.0,18.0,0.0,3
2026-08-21T18:05:17Z,celmis-qdrant,1.21,178.4,6928.38,2.57,0.04,0.03,71.3,0.0,25
2026-08-21T18:05:25Z,celmis-web,0.01,77.13,6928.38,1.11,0.27,0.54,10.3,0.0,12
2026-08-21T18:05:25Z,celmis-api,0.28,322.3,6928.38,4.65,9.36,8.37,25.2,449.0,18
2026-08-21T18:05:25Z,celmis-postgres,0.00,40.39,6928.38,0.58,23.7,13.1,43.2,45.3,13
2026-08-21T18:05:25Z,celmis-sandbox,0.03,50.94,3072.0,1.66,0.0,0.0,18.0,0.0,3
2026-08-21T18:05:25Z,celmis-qdrant,0.07,178.2,6928.38,2.57,0.04,0.03,71.3,0.0,25
2026-08-21T18:05:32Z,celmis-web,0.01,77.09,6928.38,1.11,0.27,0.54,10.3,0.0,12
2026-08-21T18:05:32Z,celmis-api,0.23,322.3,6928.38,4.65,9.36,8.37,25.2,449.0,18
2026-08-21T18:05:32Z,celmis-postgres,1.78,40.69,6928.38,0.59,23.7,13.1,43.2,45.3,13
2026-08-21T18:05:32Z,celmis-sandbox,0.03,50.94,3072.0,1.66,0.0,0.0,18.0,0.0,3
2026-08-21T18:05:32Z,celmis-qdrant,1.28,178.5,6928.38,2.58,0.04,0.03,71.3,0.0,25
2026-08-21T18:05:40Z,celmis-web,0.01,76.76,6928.38,1.11,0.27,0.54,10.3,0.0,12
2026-08-21T18:05:40Z,celmis-api,0.23,322.3,6928.38,4.65,9.36,8.37,25.2,449.0,18
2026-08-21T18:05:40Z,celmis-postgres,0.03,40.45,6928.38,0.58,23.7,13.1,43.2,45.3,13
2026-08-21T18:05:40Z,celmis-sandbox,0.03,51.11,3072.0,1.66,0.0,0.0,18.0,0.0,3
2026-08-21T18:05:40Z,celmis-qdrant,0.08,178.4,6928.38,2.57,0.04,0.03,71.3,0.0,25
2026-08-21T18:05:47Z,celmis-web,0.00,76.69,6928.38,1.11,0.27,0.54,10.3,0.0,12
2026-08-21T18:05:47Z,celmis-api,0.26,322.3,6928.38,4.65,9.36,8.38,25.2,449.0,18
2026-08-21T18:05:47Z,celmis-postgres,1.73,40.45,6928.38,0.58,23.7,13.1,43.2,45.3,13
2026-08-21T18:05:47Z,celmis-sandbox,0.03,51.11,3072.0,1.66,0.0,0.0,18.0,0.0,3
2026-08-21T18:05:47Z,celmis-qdrant,1.35,178.7,6928.38,2.58,0.04,0.03,71.3,0.0,25
2026-08-21T18:05:55Z,celmis-web,0.01,77.01,6928.38,1.11,0.27,0.54,10.3,0.0,12
2026-08-21T18:05:55Z,celmis-api,0.36,322.4,6928.38,4.65,9.36,8.38,25.2,449.0,18
2026-08-21T18:05:55Z,celmis-postgres,0.02,40.77,6928.38,0.59,23.7,13.1,43.2,45.3,13
2026-08-21T18:05:55Z,celmis-sandbox,0.04,51.11,3072.0,1.66,0.0,0.0,18.0,0.0,3
2026-08-21T18:05:55Z,celmis-qdrant,0.13,178.5,6928.38,2.58,0.04,0.03,71.3,0.0,25
2026-08-21T18:06:02Z,celmis-web,0.00,77.01,6928.38,1.11,0.27,0.54,10.3,0.0,12
2026-08-21T18:06:02Z,celmis-api,0.37,322.4,6928.38,4.65,9.37,8.38,25.2,449.0,18
2026-08-21T18:06:02Z,celmis-postgres,1.81,40.45,6928.38,0.58,23.7,13.1,43.2,45.3,13
2026-08-21T18:06:02Z,celmis-sandbox,0.03,51.11,3072.0,1.66,0.0,0.0,18.0,0.0,3
2026-08-21T18:06:02Z,celmis-qdrant,1.04,178.2,6928.38,2.57,0.04,0.03,71.3,0.0,25
2026-08-21T18:06:10Z,celmis-web,0.01,77.16,6928.38,1.11,0.27,0.54,10.3,0.0,12
2026-08-21T18:06:10Z,celmis-api,0.29,322.4,6928.38,4.65,9.37,8.38,25.2,449.0,18
2026-08-21T18:06:10Z,celmis-postgres,0.68,40.31,6928.38,0.58,23.7,13.1,43.2,45.3,13
2026-08-21T18:06:10Z,celmis-sandbox,0.02,51.29,3072.0,1.67,0.0,0.0,18.0,0.0,3
2026-08-21T18:06:10Z,celmis-qdrant,0.08,178.2,6928.38,2.57,0.04,0.03,71.3,0.0,25
2026-08-21T18:06:18Z,celmis-web,0.01,77.02,6928.38,1.11,0.27,0.54,10.3,0.0,12
2026-08-21T18:06:18Z,celmis-api,0.43,322.3,6928.38,4.65,9.37,8.39,25.2,449.0,18
2026-08-21T18:06:18Z,celmis-postgres,0.00,40.51,6928.38,0.58,23.7,13.1,43.2,45.3,13
2026-08-21T18:06:18Z,celmis-sandbox,0.02,51.29,3072.0,1.67,0.0,0.0,18.0,0.0,3
2026-08-21T18:06:18Z,celmis-qdrant,0.77,178.5,6928.38,2.58,0.04,0.03,71.3,0.0,25
2026-08-21T18:06:25Z,celmis-web,0.01,77.14,6928.38,1.11,0.27,0.54,10.3,0.0,12
2026-08-21T18:06:25Z,celmis-api,0.27,322.3,6928.38,4.65,9.37,8.39,25.2,449.0,18
2026-08-21T18:06:25Z,celmis-postgres,0.02,40.52,6928.38,0.58,23.7,13.1,43.2,45.3,13
2026-08-21T18:06:25Z,celmis-sandbox,0.03,51.29,3072.0,1.67,0.0,0.0,18.0,0.0,3
2026-08-21T18:06:25Z,celmis-qdrant,0.07,178.4,6928.38,2.57,0.04,0.03,71.3,0.0,25
2026-08-21T18:06:32Z,celmis-web,0.01,77.04,6928.38,1.11,0.27,0.54,10.3,0.0,12
2026-08-21T18:06:32Z,celmis-api,0.55,322.5,6928.38,4.65,9.38,8.39,25.2,449.0,18
2026-08-21T18:06:32Z,celmis-postgres,0.08,40.3,6928.38,0.58,23.7,13.1,43.2,45.3,13
2026-08-21T18:06:32Z,celmis-sandbox,0.02,51.29,3072.0,1.67,0.0,0.0,18.0,0.0,3
2026-08-21T18:06:32Z,celmis-qdrant,1.43,178.3,6928.38,2.57,0.04,0.03,71.3,0.0,25
2026-08-21T18:06:40Z,celmis-web,0.01,77.18,6928.38,1.11,0.27,0.54,10.3,0.0,12
2026-08-21T18:06:40Z,celmis-api,0.27,322.5,6928.38,4.65,9.38,8.39,25.2,449.0,18
2026-08-21T18:06:40Z,celmis-postgres,0.03,40.05,6928.38,0.58,23.7,13.1,43.2,45.3,13
2026-08-21T18:06:40Z,celmis-sandbox,0.03,50.97,3072.0,1.66,0.0,0.0,18.0,0.0,3
2026-08-21T18:06:40Z,celmis-qdrant,0.08,178.3,6928.38,2.57,0.04,0.03,71.3,0.0,25
2026-08-21T18:06:47Z,celmis-web,0.01,77.12,6928.38,1.11,0.27,0.54,10.3,0.0,12
2026-08-21T18:06:47Z,celmis-api,0.54,322.7,6928.38,4.66,9.38,8.39,25.2,449.0,18
2026-08-21T18:06:47Z,celmis-postgres,1.38,40.61,6928.38,0.59,23.7,13.1,43.2,45.3,13
2026-08-21T18:06:47Z,celmis-sandbox,0.02,50.97,3072.0,1.66,0.0,0.0,18.0,0.0,3
2026-08-21T18:06:47Z,celmis-qdrant,0.09,178.3,6928.38,2.57,0.04,0.03,71.3,0.0,25
2026-08-21T18:06:55Z,celmis-web,0.00,77.34,6928.38,1.12,0.27,0.54,10.3,0.0,12
2026-08-21T18:06:55Z,celmis-api,0.28,322.7,6928.38,4.66,9.38,8.4,25.2,449.0,18
2026-08-21T18:06:55Z,celmis-postgres,0.00,40.62,6928.38,0.59,23.7,13.1,43.2,45.3,13
2026-08-21T18:06:55Z,celmis-sandbox,0.03,50.97,3072.0,1.66,0.0,0.0,18.0,0.0,3
2026-08-21T18:06:55Z,celmis-qdrant,0.08,178.2,6928.38,2.57,0.04,0.03,71.3,0.0,25
2026-08-21T18:07:02Z,celmis-web,0.01,77.34,6928.38,1.12,0.27,0.54,10.3,0.0,12
2026-08-21T18:07:02Z,celmis-api,0.47,322.4,6928.38,4.65,9.38,8.4,25.2,449.0,18
2026-08-21T18:07:02Z,celmis-postgres,1.79,40.64,6928.38,0.59,23.7,13.1,43.2,45.4,13
2026-08-21T18:07:02Z,celmis-sandbox,0.02,50.97,3072.0,1.66,0.0,0.0,18.0,0.0,3
2026-08-21T18:07:02Z,celmis-qdrant,0.07,178.2,6928.38,2.57,0.04,0.03,71.3,0.0,25
2026-08-21T18:07:10Z,celmis-web,0.00,77.5,6928.38,1.12,0.27,0.54,10.3,0.0,12
2026-08-21T18:07:10Z,celmis-api,0.25,322.4,6928.38,4.65,9.39,8.4,25.2,449.0,18
2026-08-21T18:07:10Z,celmis-postgres,0.77,40.48,6928.38,0.58,23.7,13.1,43.2,45.4,13
2026-08-21T18:07:10Z,celmis-sandbox,0.02,50.89,3072.0,1.66,0.0,0.0,18.0,0.0,3
2026-08-21T18:07:10Z,celmis-qdrant,0.07,178.3,6928.38,2.57,0.04,0.03,71.3,0.0,25
2026-08-21T18:07:17Z,celmis-web,0.01,77.27,6928.38,1.12,0.27,0.54,10.3,0.0,12
2026-08-21T18:07:17Z,celmis-api,0.29,322.7,6928.38,4.66,9.39,8.4,25.2,449.0,18
2026-08-21T18:07:17Z,celmis-postgres,1.66,40.67,6928.38,0.59,23.7,13.1,43.2,45.4,13
2026-08-21T18:07:17Z,celmis-sandbox,0.03,50.89,3072.0,1.66,0.0,0.0,18.0,0.0,3
2026-08-21T18:07:17Z,celmis-qdrant,1.29,178.2,6928.38,2.57,0.04,0.03,71.3,0.0,25
2026-08-21T18:07:25Z,celmis-web,0.01,76.78,6928.38,1.11,0.27,0.54,10.3,0.0,12
2026-08-21T18:07:25Z,celmis-api,0.26,322.6,6928.38,4.66,9.39,8.41,25.2,449.0,18
2026-08-21T18:07:25Z,celmis-postgres,0.00,40.62,6928.38,0.59,23.7,13.1,43.2,45.4,13
2026-08-21T18:07:25Z,celmis-sandbox,0.03,50.89,3072.0,1.66,0.0,0.0,18.0,0.0,3
2026-08-21T18:07:25Z,celmis-qdrant,0.06,178.2,6928.38,2.57,0.04,0.03,71.3,0.0,25
2026-08-21T18:07:32Z,celmis-web,0.00,76.78,6928.38,1.11,0.27,0.54,10.3,0.0,12
2026-08-21T18:07:32Z,celmis-api,0.59,322.3,6928.38,4.65,9.39,8.41,25.2,449.0,18
2026-08-21T18:07:32Z,celmis-postgres,1.73,40.7,6928.38,0.59,23.7,13.2,43.2,45.4,13
2026-08-21T18:07:32Z,celmis-sandbox,0.03,50.89,3072.0,1.66,0.0,0.0,18.0,0.0,3
2026-08-21T18:07:32Z,celmis-qdrant,0.09,178.2,6928.38,2.57,0.04,0.03,71.3,0.0,25
2026-08-21T18:07:40Z,celmis-web,0.00,76.97,6928.38,1.11,0.27,0.54,10.3,0.0,12
2026-08-21T18:07:40Z,celmis-api,0.29,322.3,6928.38,4.65,9.39,8.41,25.2,449.0,18
2026-08-21T18:07:40Z,celmis-postgres,0.04,40.65,6928.38,0.59,23.7,13.2,43.2,45.4,13
2026-08-21T18:07:40Z,celmis-sandbox,0.04,51.06,3072.0,1.66,0.0,0.0,18.0,0.0,3
2026-08-21T18:07:40Z,celmis-qdrant,0.10,178.4,6928.38,2.57,0.04,0.03,71.3,0.0,25
2026-08-21T18:07:48Z,celmis-web,0.00,76.97,6928.38,1.11,0.27,0.54,10.3,0.0,12
2026-08-21T18:07:48Z,celmis-api,0.49,322.5,6928.38,4.65,9.4,8.41,25.2,449.0,18
2026-08-21T18:07:48Z,celmis-postgres,1.72,40.88,6928.38,0.59,23.7,13.2,43.2,45.4,13
2026-08-21T18:07:48Z,celmis-sandbox,0.03,51.06,3072.0,1.66,0.0,0.0,18.0,0.0,3
2026-08-21T18:07:48Z,celmis-qdrant,1.42,178.3,6928.38,2.57,0.04,0.03,71.3,0.0,25
2026-08-21T18:07:55Z,celmis-web,0.00,77.01,6928.38,1.11,0.27,0.54,10.3,0.0,12
2026-08-21T18:07:55Z,celmis-api,0.28,322.4,6928.38,4.65,9.4,8.41,25.2,449.0,18
2026-08-21T18:07:55Z,celmis-postgres,0.00,40.67,6928.38,0.59,23.7,13.2,43.2,45.4,13
2026-08-21T18:07:55Z,celmis-sandbox,0.03,51.06,3072.0,1.66,0.0,0.0,18.0,0.0,3
2026-08-21T18:07:55Z,celmis-qdrant,0.09,178.3,6928.38,2.57,0.04,0.03,71.3,0.0,25
2026-08-21T18:08:02Z,celmis-web,0.00,76.91,6928.38,1.11,0.27,0.54,10.3,0.0,12
2026-08-21T18:08:02Z,celmis-api,0.53,322.6,6928.38,4.66,9.4,8.42,25.2,449.0,18
2026-08-21T18:08:02Z,celmis-postgres,0.11,40.65,6928.38,0.59,23.7,13.2,43.2,45.4,13
2026-08-21T18:08:02Z,celmis-sandbox,0.02,51.06,3072.0,1.66,0.0,0.0,18.0,0.0,3
2026-08-21T18:08:02Z,celmis-qdrant,0.06,178.3,6928.38,2.57,0.04,0.03,71.3,0.0,25
2026-08-21T18:08:10Z,celmis-web,0.03,77.26,6928.38,1.12,0.27,0.54,10.3,0.0,12
2026-08-21T18:08:10Z,celmis-api,0.30,322.6,6928.38,4.66,9.4,8.42,25.2,449.0,18
2026-08-21T18:08:10Z,celmis-postgres,0.80,40.8,6928.38,0.59,23.7,13.2,43.2,45.4,13
2026-08-21T18:08:10Z,celmis-sandbox,0.03,50.98,3072.0,1.66,0.0,0.0,18.0,0.0,3
2026-08-21T18:08:10Z,celmis-qdrant,0.08,178.4,6928.38,2.58,0.04,0.03,71.3,0.0,25
2026-08-21T18:08:17Z,celmis-web,0.00,77.26,6928.38,1.12,0.27,0.54,10.3,0.0,12
2026-08-21T18:08:17Z,celmis-api,0.52,322.3,6928.38,4.65,9.4,8.42,25.2,449.0,18
2026-08-21T18:08:17Z,celmis-postgres,0.00,40.75,6928.38,0.59,23.7,13.2,43.2,45.4,13
2026-08-21T18:08:17Z,celmis-sandbox,0.02,50.98,3072.0,1.66,0.0,0.0,18.0,0.0,3
2026-08-21T18:08:17Z,celmis-qdrant,0.07,178.4,6928.38,2.58,0.04,0.03,71.3,0.0,25
2026-08-21T18:08:25Z,celmis-web,0.01,76.79,6928.38,1.11,0.27,0.54,10.3,0.0,12
2026-08-21T18:08:25Z,celmis-api,0.28,322.3,6928.38,4.65,9.41,8.42,25.2,449.0,18
2026-08-21T18:08:25Z,celmis-postgres,0.00,40.24,6928.38,0.58,23.7,13.2,43.2,45.4,13
2026-08-21T18:08:25Z,celmis-sandbox,0.03,50.98,3072.0,1.66,0.0,0.0,18.0,0.0,3
2026-08-21T18:08:25Z,celmis-qdrant,0.14,178.1,6928.38,2.57,0.04,0.03,71.3,0.0,25
2026-08-21T18:08:32Z,celmis-web,0.01,76.77,6928.38,1.11,0.27,0.54,10.3,0.0,12
2026-08-21T18:08:32Z,celmis-api,1.65,322.5,6928.38,4.65,9.41,8.43,25.2,449.0,18
2026-08-21T18:08:32Z,celmis-postgres,0.10,40.55,6928.38,0.59,23.7,13.2,43.2,45.4,13
2026-08-21T18:08:32Z,celmis-sandbox,0.03,50.98,3072.0,1.66,0.0,0.0,18.0,0.0,3
2026-08-21T18:08:32Z,celmis-qdrant,1.36,178.0,6928.38,2.57,0.04,0.03,71.3,0.0,25
2026-08-21T18:08:40Z,celmis-web,0.01,77.21,6928.38,1.11,0.27,0.54,10.3,0.0,12
2026-08-21T18:08:40Z,celmis-api,0.37,322.5,6928.38,4.65,9.41,8.43,25.2,449.0,18
2026-08-21T18:08:40Z,celmis-postgres,0.00,40.32,6928.38,0.58,23.7,13.2,43.2,45.4,13
2026-08-21T18:08:40Z,celmis-sandbox,0.04,50.9,3072.0,1.66,0.0,0.0,18.0,0.0,3
2026-08-21T18:08:40Z,celmis-qdrant,0.18,178.0,6928.38,2.57,0.04,0.03,71.3,0.0,25
2026-08-21T18:08:48Z,celmis-web,0.01,77.21,6928.38,1.11,0.27,0.54,10.3,0.0,12
2026-08-21T18:08:48Z,celmis-api,0.26,322.3,6928.38,4.65,9.41,8.43,25.2,449.0,18
2026-08-21T18:08:48Z,celmis-postgres,0.27,40.47,6928.38,0.58,23.7,13.2,43.2,45.4,13
2026-08-21T18:08:48Z,celmis-sandbox,0.03,50.9,3072.0,1.66,0.0,0.0,18.0,0.0,3
2026-08-21T18:08:48Z,celmis-qdrant,1.49,178.2,6928.38,2.57,0.04,0.03,71.3,0.0,25
2026-08-21T18:08:55Z,celmis-web,0.01,77.0,6928.38,1.11,0.27,0.54,10.3,0.0,12
2026-08-21T18:08:55Z,celmis-api,0.29,322.4,6928.38,4.65,9.41,8.43,25.2,449.0,18
2026-08-21T18:08:55Z,celmis-postgres,0.00,40.4,6928.38,0.58,23.7,13.2,43.2,45.4,13
2026-08-21T18:08:55Z,celmis-sandbox,0.04,50.9,3072.0,1.66,0.0,0.0,18.0,0.0,3
2026-08-21T18:08:55Z,celmis-qdrant,0.07,177.9,6928.38,2.57,0.04,0.03,71.3,0.0,25
2026-08-21T18:09:02Z,celmis-web,0.01,77.0,6928.38,1.11,0.27,0.54,10.3,0.0,12
2026-08-21T18:09:02Z,celmis-api,0.57,322.4,6928.38,4.65,9.42,8.44,25.2,449.0,18
2026-08-21T18:09:02Z,celmis-postgres,0.12,40.27,6928.38,0.58,23.7,13.2,43.2,45.4,13
2026-08-21T18:09:02Z,celmis-sandbox,0.03,50.9,3072.0,1.66,0.0,0.0,18.0,0.0,3
2026-08-21T18:09:02Z,celmis-qdrant,0.08,177.9,6928.38,2.57,0.04,0.03,71.3,0.0,25
2026-08-21T18:09:10Z,celmis-web,0.02,76.88,6928.38,1.11,0.27,0.54,10.3,0.0,12
2026-08-21T18:09:10Z,celmis-api,0.26,322.4,6928.38,4.65,9.42,8.44,25.2,449.0,18
2026-08-21T18:09:10Z,celmis-postgres,0.87,40.69,6928.38,0.59,23.7,13.2,43.2,45.4,13
2026-08-21T18:09:10Z,celmis-sandbox,0.03,51.05,3072.0,1.66,0.0,0.0,18.0,0.0,3
2026-08-21T18:09:10Z,celmis-qdrant,0.12,178.3,6928.38,2.57,0.04,0.03,71.3,0.0,25
2026-08-21T18:09:18Z,celmis-web,0.01,76.88,6928.38,1.11,0.27,0.54,10.3,0.0,12
2026-08-21T18:09:18Z,celmis-api,2.40,322.2,6928.38,4.65,9.42,8.44,25.2,449.0,18
2026-08-21T18:09:18Z,celmis-postgres,0.00,40.38,6928.38,0.58,23.7,13.2,43.2,45.4,13
2026-08-21T18:09:18Z,celmis-sandbox,0.04,51.05,3072.0,1.66,0.0,0.0,18.0,0.0,3
2026-08-21T18:09:18Z,celmis-qdrant,1.34,178.4,6928.38,2.57,0.04,0.03,71.3,0.0,25
2026-08-21T18:09:25Z,celmis-web,0.01,76.98,6928.38,1.11,0.27,0.54,10.3,0.0,12
2026-08-21T18:09:25Z,celmis-api,0.30,322.1,6928.38,4.65,9.42,8.44,25.2,449.0,18
2026-08-21T18:09:25Z,celmis-postgres,0.03,40.77,6928.38,0.59,23.7,13.2,43.2,45.5,13
2026-08-21T18:09:25Z,celmis-sandbox,0.04,51.05,3072.0,1.66,0.0,0.0,18.0,0.0,3
2026-08-21T18:09:25Z,celmis-qdrant,0.09,178.2,6928.38,2.57,0.04,0.03,71.3,0.0,25
2026-08-21T18:09:32Z,celmis-web,0.01,76.98,6928.38,1.11,0.27,0.54,10.3,0.0,12
2026-08-21T18:09:32Z,celmis-api,2.77,322.3,6928.38,4.65,9.43,8.44,25.2,449.0,18
2026-08-21T18:09:32Z,celmis-postgres,0.13,40.43,6928.38,0.58,23.7,13.2,43.2,45.5,13
2026-08-21T18:09:32Z,celmis-sandbox,0.02,51.05,3072.0,1.66,0.0,0.0,18.0,0.0,3
2026-08-21T18:09:32Z,celmis-qdrant,0.08,178.2,6928.38,2.57,0.04,0.03,71.3,0.0,25
2026-08-21T18:09:40Z,celmis-web,0.01,76.52,6928.38,1.10,0.27,0.54,10.3,0.0,12
2026-08-21T18:09:40Z,celmis-api,0.29,322.2,6928.38,4.65,9.43,8.45,25.2,449.0,18
2026-08-21T18:09:40Z,celmis-postgres,0.00,40.48,6928.38,0.58,23.7,13.2,43.2,45.5,13
2026-08-21T18:09:40Z,celmis-sandbox,0.03,50.97,3072.0,1.66,0.0,0.0,18.0,0.0,3
2026-08-21T18:09:40Z,celmis-qdrant,0.06,178.4,6928.38,2.57,0.04,0.03,71.3,0.0,25
2026-08-21T18:09:47Z,celmis-web,0.01,76.52,6928.38,1.10,0.27,0.54,10.3,0.0,12
2026-08-21T18:09:47Z,celmis-api,0.52,322.5,6928.38,4.65,9.43,8.45,25.2,449.0,18
2026-08-21T18:09:47Z,celmis-postgres,0.00,40.44,6928.38,0.58,23.8,13.2,43.2,45.5,13
2026-08-21T18:09:47Z,celmis-sandbox,0.03,50.97,3072.0,1.66,0.0,0.0,18.0,0.0,3
2026-08-21T18:09:47Z,celmis-qdrant,1.21,178.3,6928.38,2.57,0.04,0.03,71.3,0.0,25
2026-08-21T18:09:55Z,celmis-web,0.01,76.73,6928.38,1.11,0.27,0.54,10.3,0.0,12
2026-08-21T18:09:55Z,celmis-api,0.26,322.4,6928.38,4.65,9.43,8.45,25.2,449.0,18
2026-08-21T18:09:55Z,celmis-postgres,0.01,40.78,6928.38,0.59,23.8,13.2,43.2,45.5,13
2026-08-21T18:09:55Z,celmis-sandbox,0.03,50.97,3072.0,1.66,0.0,0.0,18.0,0.0,3
2026-08-21T18:09:55Z,celmis-qdrant,0.10,178.3,6928.38,2.57,0.04,0.03,71.3,0.0,25
2026-08-21T18:10:02Z,celmis-web,0.00,76.73,6928.38,1.11,0.27,0.54,10.3,0.0,12
2026-08-21T18:10:02Z,celmis-api,0.54,322.4,6928.38,4.65,9.44,8.46,25.2,449.0,18
2026-08-21T18:10:02Z,celmis-postgres,0.11,39.42,6928.38,0.57,23.8,13.2,43.2,45.5,13
2026-08-21T18:10:02Z,celmis-sandbox,0.04,50.97,3072.0,1.66,0.0,0.0,18.0,0.0,3
2026-08-21T18:10:02Z,celmis-qdrant,0.08,178.3,6928.38,2.57,0.04,0.03,71.3,0.0,25
2026-08-21T18:10:10Z,celmis-web,0.00,76.73,6928.38,1.11,0.27,0.54,10.3,0.0,12
2026-08-21T18:10:10Z,celmis-api,0.23,322.4,6928.38,4.65,9.44,8.46,25.2,449.0,18
2026-08-21T18:10:10Z,celmis-postgres,0.81,39.7,6928.38,0.57,23.8,13.2,43.2,45.5,13
2026-08-21T18:10:10Z,celmis-sandbox,0.04,51.13,3072.0,1.66,0.0,0.0,18.0,0.0,3
2026-08-21T18:10:10Z,celmis-qdrant,0.07,178.4,6928.38,2.58,0.04,0.03,71.3,0.0,25
2026-08-21T18:10:17Z,celmis-web,0.00,76.73,6928.38,1.11,0.27,0.54,10.3,0.0,12
2026-08-21T18:10:17Z,celmis-api,2.21,322.4,6928.38,4.65,9.44,8.46,25.2,449.0,18
2026-08-21T18:10:17Z,celmis-postgres,0.00,39.47,6928.38,0.57,23.8,13.2,43.2,45.5,13
2026-08-21T18:10:17Z,celmis-sandbox,0.03,51.13,3072.0,1.66,0.0,0.0,18.0,0.0,3
2026-08-21T18:10:17Z,celmis-qdrant,1.46,178.4,6928.38,2.57,0.04,0.03,71.3,0.0,25
2026-08-21T18:10:25Z,celmis-web,0.01,77.03,6928.38,1.11,0.27,0.54,10.3,0.0,12
2026-08-21T18:10:25Z,celmis-api,0.31,322.3,6928.38,4.65,9.44,8.46,25.2,449.0,18
2026-08-21T18:10:25Z,celmis-postgres,0.00,39.32,6928.38,0.57,23.8,13.2,43.2,45.5,13
2026-08-21T18:10:25Z,celmis-sandbox,0.03,51.13,3072.0,1.66,0.0,0.0,18.0,0.0,3
2026-08-21T18:10:25Z,celmis-qdrant,0.10,178.3,6928.38,2.57,0.04,0.03,71.3,0.0,25
2026-08-21T18:10:32Z,celmis-web,0.00,77.03,6928.38,1.11,0.27,0.54,10.3,0.0,12
2026-08-21T18:10:32Z,celmis-api,2.40,322.6,6928.38,4.66,9.44,8.47,25.2,449.0,18
2026-08-21T18:10:32Z,celmis-postgres,0.16,39.24,6928.38,0.57,23.8,13.2,43.2,45.6,13
2026-08-21T18:10:32Z,celmis-sandbox,0.02,51.13,3072.0,1.66,0.0,0.0,18.0,0.0,3
2026-08-21T18:10:32Z,celmis-qdrant,0.12,178.3,6928.38,2.57,0.04,0.03,71.3,0.0,25
2026-08-21T18:10:40Z,celmis-web,0.00,76.75,6928.38,1.11,0.27,0.54,10.3,0.0,12
2026-08-21T18:10:40Z,celmis-api,0.27,322.5,6928.38,4.65,9.45,8.47,25.2,449.0,18
2026-08-21T18:10:40Z,celmis-postgres,0.04,39.81,6928.38,0.57,23.8,13.2,43.2,45.6,13
2026-08-21T18:10:40Z,celmis-sandbox,0.03,51.05,3072.0,1.66,0.0,0.0,18.0,0.0,3
2026-08-21T18:10:40Z,celmis-qdrant,0.07,178.5,6928.38,2.58,0.04,0.03,71.3,0.0,25
2026-08-21T18:10:48Z,celmis-web,0.01,76.75,6928.38,1.11,0.27,0.54,10.3,0.0,12
2026-08-21T18:10:48Z,celmis-api,0.54,322.5,6928.38,4.65,9.45,8.47,25.2,449.0,18
2026-08-21T18:10:48Z,celmis-postgres,0.00,39.5,6928.38,0.57,23.8,13.2,43.2,45.6,13
2026-08-21T18:10:48Z,celmis-sandbox,0.03,51.05,3072.0,1.66,0.0,0.0,18.0,0.0,3
2026-08-21T18:10:48Z,celmis-qdrant,0.91,178.2,6928.38,2.57,0.04,0.03,71.3,0.0,25
2026-08-21T18:10:55Z,celmis-web,0.01,77.08,6928.38,1.11,0.27,0.54,10.3,0.0,12
2026-08-21T18:10:55Z,celmis-api,0.26,322.4,6928.38,4.65,9.45,8.47,25.2,449.0,18
2026-08-21T18:10:55Z,celmis-postgres,1.60,39.41,6928.38,0.57,23.8,13.2,43.2,45.6,13
2026-08-21T18:10:55Z,celmis-sandbox,0.02,51.05,3072.0,1.66,0.0,0.0,18.0,0.0,3
2026-08-21T18:10:55Z,celmis-qdrant,0.06,178.1,6928.38,2.57,0.04,0.03,71.3,0.0,25
2026-08-21T18:11:02Z,celmis-web,0.01,77.08,6928.38,1.11,0.27,0.54,10.3,0.0,12
2026-08-21T18:11:02Z,celmis-api,0.52,322.6,6928.38,4.66,9.45,8.48,25.2,449.0,18
2026-08-21T18:11:02Z,celmis-postgres,0.12,39.62,6928.38,0.57,23.8,13.2,43.2,45.6,13
2026-08-21T18:11:02Z,celmis-sandbox,0.03,51.05,3072.0,1.66,0.0,0.0,18.0,0.0,3
2026-08-21T18:11:02Z,celmis-qdrant,0.07,178.1,6928.38,2.57,0.04,0.03,71.3,0.0,25
2026-08-21T18:11:10Z,celmis-web,0.01,76.66,6928.38,1.11,0.27,0.54,10.3,0.0,12
2026-08-21T18:11:10Z,celmis-api,0.29,322.6,6928.38,4.66,9.45,8.48,25.2,449.0,18
2026-08-21T18:11:10Z,celmis-postgres,0.77,40.09,6928.38,0.58,23.8,13.2,43.2,45.6,13
2026-08-21T18:11:10Z,celmis-sandbox,0.02,51.22,3072.0,1.67,0.0,0.0,18.0,0.0,3
2026-08-21T18:11:10Z,celmis-qdrant,0.06,178.2,6928.38,2.57,0.04,0.03,71.3,0.0,25
2026-08-21T18:11:17Z,celmis-web,0.01,76.66,6928.38,1.11,0.27,0.54,10.3,0.0,12
2026-08-21T18:11:17Z,celmis-api,0.53,322.3,6928.38,4.65,9.46,8.48,25.2,449.0,18
2026-08-21T18:11:17Z,celmis-postgres,0.04,39.96,6928.38,0.58,23.8,13.2,43.2,45.6,13
2026-08-21T18:11:17Z,celmis-sandbox,0.02,51.22,3072.0,1.67,0.0,0.0,18.0,0.0,3
2026-08-21T18:11:17Z,celmis-qdrant,1.29,178.2,6928.38,2.57,0.04,0.03,71.3,0.0,25
2026-08-21T18:11:25Z,celmis-web,0.01,76.69,6928.38,1.11,0.27,0.54,10.3,0.0,12
2026-08-21T18:11:25Z,celmis-api,0.21,322.3,6928.38,4.65,9.46,8.48,25.2,449.0,18
2026-08-21T18:11:25Z,celmis-postgres,1.76,39.96,6928.38,0.58,23.8,13.2,43.2,45.6,13
2026-08-21T18:11:25Z,celmis-sandbox,0.02,51.22,3072.0,1.67,0.0,0.0,18.0,0.0,3
2026-08-21T18:11:25Z,celmis-qdrant,0.09,178.1,6928.38,2.57,0.04,0.03,71.3,0.0,25
2026-08-21T18:11:32Z,celmis-web,0.00,76.69,6928.38,1.11,0.27,0.54,10.3,0.0,12
2026-08-21T18:11:32Z,celmis-api,0.57,322.3,6928.38,4.65,9.46,8.49,25.2,449.0,18
2026-08-21T18:11:32Z,celmis-postgres,0.13,40.02,6928.38,0.58,23.8,13.2,43.2,45.6,13
2026-08-21T18:11:32Z,celmis-sandbox,0.02,51.22,3072.0,1.67,0.0,0.0,18.0,0.0,3
2026-08-21T18:11:32Z,celmis-qdrant,0.06,178.1,6928.38,2.57,0.04,0.03,71.3,0.0,25
2026-08-21T18:11:40Z,celmis-web,0.01,76.65,6928.38,1.11,0.27,0.54,10.3,0.0,12
2026-08-21T18:11:40Z,celmis-api,0.26,322.3,6928.38,4.65,9.46,8.49,25.2,449.0,18
2026-08-21T18:11:40Z,celmis-postgres,1.47,40.11,6928.38,0.58,23.8,13.2,43.2,45.6,13
2026-08-21T18:11:40Z,celmis-sandbox,0.02,51.39,3072.0,1.67,0.0,0.0,18.0,0.0,3
2026-08-21T18:11:40Z,celmis-qdrant,0.06,178.3,6928.38,2.57,0.04,0.03,71.3,0.0,25
2026-08-21T18:11:47Z,celmis-web,0.01,76.65,6928.38,1.11,0.27,0.54,10.3,0.0,12
2026-08-21T18:11:47Z,celmis-api,2.25,322.8,6928.38,4.66,9.46,8.49,25.2,449.0,18
2026-08-21T18:11:47Z,celmis-postgres,0.09,39.76,6928.38,0.57,23.8,13.2,43.2,45.6,13
2026-08-21T18:11:47Z,celmis-sandbox,0.03,51.39,3072.0,1.67,0.0,0.0,18.0,0.0,3
2026-08-21T18:11:47Z,celmis-qdrant,1.37,178.4,6928.38,2.58,0.04,0.03,71.3,0.0,25
2026-08-21T18:11:55Z,celmis-web,0.01,76.81,6928.38,1.11,0.27,0.54,10.3,0.0,12
2026-08-21T18:11:55Z,celmis-api,0.30,322.7,6928.38,4.66,9.47,8.49,25.2,449.0,18
2026-08-21T18:11:55Z,celmis-postgres,1.78,40.04,6928.38,0.58,23.8,13.2,43.2,45.6,13
2026-08-21T18:11:55Z,celmis-sandbox,0.03,51.39,3072.0,1.67,0.0,0.0,18.0,0.0,3
2026-08-21T18:11:55Z,celmis-qdrant,0.06,178.4,6928.38,2.57,0.04,0.03,71.3,0.0,25
2026-08-21T18:12:02Z,celmis-web,0.01,76.81,6928.38,1.11,0.27,0.54,10.3,0.0,12
2026-08-21T18:12:02Z,celmis-api,2.66,322.7,6928.38,4.66,9.47,8.49,25.2,449.0,18
2026-08-21T18:12:02Z,celmis-postgres,0.15,39.82,6928.38,0.57,23.8,13.2,43.2,45.6,13
2026-08-21T18:12:02Z,celmis-sandbox,0.03,51.39,3072.0,1.67,0.0,0.0,18.0,0.0,3
2026-08-21T18:12:02Z,celmis-qdrant,0.08,178.4,6928.38,2.57,0.04,0.03,71.3,0.0,25
2026-08-21T18:12:10Z,celmis-web,3.53,76.8,6928.38,1.11,0.27,0.54,10.3,0.0,12
2026-08-21T18:12:10Z,celmis-api,0.27,322.6,6928.38,4.66,9.47,8.5,25.2,449.0,18
2026-08-21T18:12:10Z,celmis-postgres,2.45,39.44,6928.38,0.57,23.8,13.2,43.2,45.6,13
2026-08-21T18:12:10Z,celmis-sandbox,0.03,51.32,3072.0,1.67,0.0,0.0,18.0,0.0,3
2026-08-21T18:12:10Z,celmis-qdrant,0.08,178.3,6928.38,2.57,0.04,0.03,71.3,0.0,25
2026-08-21T18:12:18Z,celmis-web,0.01,76.8,6928.38,1.11,0.27,0.54,10.3,0.0,12
2026-08-21T18:12:18Z,celmis-api,3.58,322.6,6928.38,4.66,9.47,8.5,25.2,449.0,18
2026-08-21T18:12:18Z,celmis-postgres,0.13,39.63,6928.38,0.57,23.8,13.2,43.2,45.6,13
2026-08-21T18:12:18Z,celmis-sandbox,0.03,51.32,3072.0,1.67,0.0,0.0,18.0,0.0,3
2026-08-21T18:12:18Z,celmis-qdrant,1.69,178.3,6928.38,2.57,0.04,0.03,71.3,0.0,25
2026-08-21T18:12:25Z,celmis-web,0.01,77.05,6928.38,1.11,0.27,0.54,10.3,0.0,12
2026-08-21T18:12:25Z,celmis-api,0.24,322.6,6928.38,4.66,9.47,8.5,25.2,449.0,18
2026-08-21T18:12:25Z,celmis-postgres,1.38,39.65,6928.38,0.57,23.8,13.2,43.2,45.6,13
2026-08-21T18:12:25Z,celmis-sandbox,0.02,51.32,3072.0,1.67,0.0,0.0,18.0,0.0,3
2026-08-21T18:12:25Z,celmis-qdrant,0.10,178.2,6928.38,2.57,0.04,0.03,71.3,0.0,25
2026-08-21T18:12:32Z,celmis-web,0.01,77.05,6928.38,1.11,0.27,0.54,10.3,0.0,12
2026-08-21T18:12:32Z,celmis-api,21.85,400.4,6928.38,5.78,9.52,8.51,25.2,449.0,19
2026-08-21T18:12:32Z,celmis-postgres,0.79,39.73,6928.38,0.57,23.8,13.2,43.2,45.6,13
2026-08-21T18:12:32Z,celmis-sandbox,0.02,51.32,3072.0,1.67,0.0,0.0,18.0,0.0,3
2026-08-21T18:12:32Z,celmis-qdrant,0.04,178.2,6928.38,2.57,0.04,0.03,71.3,0.0,25
2026-08-21T18:12:40Z,celmis-web,0.00,76.65,6928.38,1.11,0.27,0.54,10.3,0.0,12
2026-08-21T18:12:40Z,celmis-api,0.23,573.0,6928.38,8.27,9.65,8.59,25.2,449.0,24
2026-08-21T18:12:40Z,celmis-postgres,0.03,43.36,6928.38,0.63,23.8,13.2,43.2,45.6,15
2026-08-21T18:12:40Z,celmis-sandbox,0.02,51.25,3072.0,1.67,0.0,0.0,18.0,0.0,3
2026-08-21T18:12:40Z,celmis-qdrant,0.06,178.1,6928.38,2.57,0.04,0.03,71.3,0.0,25
2026-08-21T18:12:48Z,celmis-web,0.01,76.65,6928.38,1.11,0.27,0.54,10.3,0.0,12
2026-08-21T18:12:48Z,celmis-api,0.53,573.0,6928.38,8.27,9.65,8.59,25.2,449.0,24
2026-08-21T18:12:48Z,celmis-postgres,0.15,43.61,6928.38,0.63,23.8,13.3,43.2,45.6,15
2026-08-21T18:12:48Z,celmis-sandbox,0.03,51.25,3072.0,1.67,0.0,0.0,18.0,0.0,3
2026-08-21T18:12:48Z,celmis-qdrant,0.12,178.1,6928.38,2.57,0.04,0.03,71.3,0.0,25
2026-08-21T18:12:55Z,celmis-web,0.00,76.98,6928.38,1.11,0.27,0.54,10.3,0.0,12
2026-08-21T18:12:55Z,celmis-api,0.32,573.7,6928.38,8.28,9.67,8.62,25.2,449.0,25
2026-08-21T18:12:55Z,celmis-postgres,1.82,44.96,6928.38,0.65,23.8,13.3,43.2,45.7,16
2026-08-21T18:12:55Z,celmis-sandbox,0.03,51.25,3072.0,1.67,0.0,0.0,18.0,0.0,3
2026-08-21T18:12:55Z,celmis-qdrant,0.10,178.0,6928.38,2.57,0.04,0.03,71.3,0.0,25
2026-08-21T18:13:02Z,celmis-web,0.01,76.98,6928.38,1.11,0.27,0.54,10.3,0.0,12
2026-08-21T18:13:02Z,celmis-api,37.27,606.6,6928.38,8.76,9.7,8.65,25.2,449.0,26
2026-08-21T18:13:02Z,celmis-postgres,0.06,45.11,6928.38,0.65,23.8,13.3,43.2,45.7,16
2026-08-21T18:13:02Z,celmis-sandbox,0.03,51.25,3072.0,1.67,0.0,0.0,18.0,0.0,3
2026-08-21T18:13:02Z,celmis-qdrant,0.11,178.0,6928.38,2.57,0.04,0.03,71.3,0.0,25
2026-08-21T18:13:10Z,celmis-web,0.02,76.97,6928.38,1.11,0.27,0.54,10.3,0.0,12
2026-08-21T18:13:10Z,celmis-api,12.30,826.7,6928.38,11.93,9.87,8.73,25.2,449.0,31
2026-08-21T18:13:10Z,celmis-postgres,1.46,49.02,6928.38,0.71,23.8,13.3,43.2,45.7,18
2026-08-21T18:13:10Z,celmis-sandbox,0.02,51.37,3072.0,1.67,0.0,0.0,18.0,0.0,3
2026-08-21T18:13:10Z,celmis-qdrant,0.04,178.1,6928.38,2.57,0.04,0.03,71.3,0.0,25
2026-08-21T18:13:18Z,celmis-web,0.01,76.97,6928.38,1.11,0.27,0.54,10.3,0.0,12
2026-08-21T18:13:18Z,celmis-api,0.58,826.5,6928.38,11.93,9.87,8.73,25.2,449.0,31
2026-08-21T18:13:18Z,celmis-postgres,0.17,48.9,6928.38,0.71,23.8,13.3,43.2,45.7,18
2026-08-21T18:13:18Z,celmis-sandbox,0.04,51.37,3072.0,1.67,0.0,0.0,18.0,0.0,3
2026-08-21T18:13:18Z,celmis-qdrant,1.34,178.2,6928.38,2.57,0.04,0.03,71.3,0.0,25
2026-08-21T18:13:25Z,celmis-web,0.02,77.21,6928.38,1.11,0.27,0.54,10.3,0.0,12
2026-08-21T18:13:25Z,celmis-api,0.27,826.5,6928.38,11.93,9.87,8.74,25.2,449.0,31
2026-08-21T18:13:25Z,celmis-postgres,0.00,48.88,6928.38,0.71,23.8,13.3,43.2,45.7,18
2026-08-21T18:13:25Z,celmis-sandbox,0.05,51.37,3072.0,1.67,0.0,0.0,18.0,0.0,3
2026-08-21T18:13:25Z,celmis-qdrant,0.14,178.2,6928.38,2.57,0.04,0.03,71.3,0.0,25
2026-08-21T18:13:32Z,celmis-web,0.01,77.18,6928.38,1.11,0.27,0.54,10.3,0.0,12
2026-08-21T18:13:32Z,celmis-api,3.94,827.4,6928.38,11.94,9.91,8.76,25.2,449.0,32
2026-08-21T18:13:32Z,celmis-postgres,0.15,50.73,6928.38,0.73,23.9,13.3,43.2,45.7,19
2026-08-21T18:13:32Z,celmis-sandbox,0.05,51.37,3072.0,1.67,0.0,0.0,18.0,0.0,3
2026-08-21T18:13:32Z,celmis-qdrant,0.09,178.2,6928.38,2.57,0.04,0.03,71.3,0.0,25
2026-08-21T18:13:40Z,celmis-web,0.03,77.18,6928.38,1.11,0.27,0.54,10.3,0.0,12
2026-08-21T18:13:40Z,celmis-api,0.21,827.0,6928.38,11.94,9.93,8.78,25.2,450.0,27
2026-08-21T18:13:40Z,celmis-postgres,1.51,50.91,6928.38,0.73,23.9,13.3,43.2,45.7,19
2026-08-21T18:13:40Z,celmis-sandbox,0.02,51.3,3072.0,1.67,0.0,0.0,18.0,0.0,3
2026-08-21T18:13:40Z,celmis-qdrant,0.13,178.4,6928.38,2.57,0.04,0.03,71.3,0.0,25
2026-08-21T18:13:48Z,celmis-web,0.00,77.18,6928.38,1.11,0.27,0.54,10.3,0.0,12
2026-08-21T18:13:48Z,celmis-api,0.55,826.9,6928.38,11.93,9.94,8.78,25.2,450.0,27
2026-08-21T18:13:48Z,celmis-postgres,0.08,50.66,6928.38,0.73,23.9,13.3,43.2,45.8,19
2026-08-21T18:13:48Z,celmis-sandbox,0.03,51.3,3072.0,1.67,0.0,0.0,18.0,0.0,3
2026-08-21T18:13:48Z,celmis-qdrant,0.10,178.4,6928.38,2.57,0.04,0.03,71.3,0.0,31
2026-08-21T18:13:55Z,celmis-web,0.02,77.09,6928.38,1.11,0.27,0.54,10.3,0.0,12
2026-08-21T18:13:55Z,celmis-api,5.95,827.1,6928.38,11.94,9.96,8.8,25.2,450.0,27
2026-08-21T18:13:55Z,celmis-postgres,2.92,50.6,6928.38,0.73,23.9,13.3,43.2,45.8,19
2026-08-21T18:13:55Z,celmis-sandbox,0.03,51.3,3072.0,1.67,0.0,0.0,18.0,0.0,3
2026-08-21T18:13:55Z,celmis-qdrant,0.09,178.6,6928.38,2.58,0.04,0.03,71.3,0.0,25
2026-08-21T18:14:02Z,celmis-web,0.00,77.09,6928.38,1.11,0.27,0.54,10.3,0.0,12
2026-08-21T18:14:02Z,celmis-api,2.40,827.4,6928.38,11.94,10.0,8.82,25.2,450.0,27
2026-08-21T18:14:02Z,celmis-postgres,0.13,50.66,6928.38,0.73,23.9,13.3,43.2,45.8,19
2026-08-21T18:14:02Z,celmis-sandbox,0.02,51.3,3072.0,1.67,0.0,0.0,18.0,0.0,3
2026-08-21T18:14:02Z,celmis-qdrant,0.06,178.6,6928.38,2.58,0.04,0.03,71.3,0.0,25
2026-08-21T18:14:10Z,celmis-web,2.45,77.36,6928.38,1.12,0.27,0.54,10.3,0.0,12
2026-08-21T18:14:10Z,celmis-api,0.22,575.7,6928.38,8.31,10.0,8.84,25.2,450.0,20
2026-08-21T18:14:10Z,celmis-postgres,0.45,44.91,6928.38,0.65,23.9,13.3,43.2,45.8,16
2026-08-21T18:14:10Z,celmis-sandbox,0.02,51.3,3072.0,1.67,0.0,0.0,18.0,0.0,3
2026-08-21T18:14:10Z,celmis-qdrant,0.06,178.2,6928.38,2.57,0.04,0.03,71.3,0.0,25
2026-08-21T18:14:18Z,celmis-web,0.00,77.27,6928.38,1.12,0.27,0.54,10.3,0.0,12
2026-08-21T18:14:18Z,celmis-api,2.67,575.9,6928.38,8.31,10.0,8.84,25.2,450.0,20
2026-08-21T18:14:18Z,celmis-postgres,0.19,45.16,6928.38,0.65,23.9,13.3,43.2,45.8,16
2026-08-21T18:14:18Z,celmis-sandbox,0.03,51.48,3072.0,1.68,0.0,0.0,18.0,0.0,3
2026-08-21T18:14:18Z,celmis-qdrant,0.08,178.2,6928.38,2.57,0.04,0.03,71.3,0.0,25
2026-08-21T18:14:25Z,celmis-web,2.60,77.3,6928.38,1.12,0.27,0.54,10.3,0.0,12
2026-08-21T18:14:25Z,celmis-api,0.82,576.2,6928.38,8.32,10.1,8.87,25.2,450.0,20
2026-08-21T18:14:25Z,celmis-postgres,0.03,45.33,6928.38,0.65,23.9,13.3,43.2,46.0,16
2026-08-21T18:14:25Z,celmis-sandbox,0.02,51.48,3072.0,1.68,0.0,0.0,18.0,0.0,3
2026-08-21T18:14:25Z,celmis-qdrant,0.09,178.3,6928.38,2.57,0.04,0.03,71.3,0.0,25
2026-08-21T18:14:32Z,celmis-web,0.00,77.02,6928.38,1.11,0.27,0.54,10.3,0.0,12
2026-08-21T18:14:32Z,celmis-api,57.54,355.3,6928.38,5.13,10.1,8.88,25.2,450.0,19
2026-08-21T18:14:32Z,celmis-postgres,0.09,40.05,6928.38,0.58,23.9,13.3,43.2,46.0,13
2026-08-21T18:14:32Z,celmis-sandbox,0.01,51.48,3072.0,1.68,0.0,0.0,18.0,0.0,3
2026-08-21T18:14:32Z,celmis-qdrant,0.03,178.3,6928.38,2.57,0.04,0.03,71.3,0.0,25
2026-08-21T18:14:40Z,celmis-web,0.03,76.91,6928.38,1.11,0.27,0.54,10.3,0.0,12
2026-08-21T18:14:40Z,celmis-api,0.21,572.6,6928.38,8.26,10.2,8.92,25.2,450.0,24
2026-08-21T18:14:40Z,celmis-postgres,0.02,43.23,6928.38,0.62,23.9,13.3,43.2,46.0,15
2026-08-21T18:14:40Z,celmis-sandbox,13.66,51.79,3072.0,1.69,0.0,0.0,18.0,0.0,3
2026-08-21T18:14:40Z,celmis-qdrant,0.07,178.0,6928.38,2.57,0.04,0.03,71.3,0.0,25
2026-08-21T18:14:48Z,celmis-web,0.01,76.91,6928.38,1.11,0.27,0.54,10.3,0.0,12
2026-08-21T18:14:48Z,celmis-api,2.97,572.5,6928.38,8.26,10.2,8.92,25.2,450.0,24
2026-08-21T18:14:48Z,celmis-postgres,0.09,43.47,6928.38,0.63,23.9,13.3,43.2,46.0,15
2026-08-21T18:14:48Z,celmis-sandbox,0.03,51.66,3072.0,1.68,0.0,0.0,18.0,0.0,3
2026-08-21T18:14:48Z,celmis-qdrant,0.09,178.0,6928.38,2.57,0.04,0.03,71.3,0.0,25
2026-08-21T18:14:55Z,celmis-web,2.09,76.98,6928.38,1.11,0.27,0.54,10.3,0.0,12
2026-08-21T18:14:55Z,celmis-api,0.24,572.5,6928.38,8.26,10.2,8.92,25.2,450.0,24
2026-08-21T18:14:55Z,celmis-postgres,0.00,43.3,6928.38,0.62,23.9,13.3,43.2,46.0,15
2026-08-21T18:14:55Z,celmis-sandbox,0.02,51.66,3072.0,1.68,0.0,0.0,18.0,0.0,3
2026-08-21T18:14:55Z,celmis-qdrant,0.07,178.1,6928.38,2.57,0.04,0.03,71.3,0.0,25
2026-08-21T18:15:02Z,celmis-web,0.00,76.83,6928.38,1.11,0.27,0.54,10.3,0.0,12
2026-08-21T18:15:02Z,celmis-api,2.55,573.4,6928.38,8.28,10.3,8.94,25.2,450.0,25
2026-08-21T18:15:02Z,celmis-postgres,1.83,45.33,6928.38,0.65,23.9,13.4,43.2,46.1,16
2026-08-21T18:15:02Z,celmis-sandbox,0.02,51.66,3072.0,1.68,0.0,0.0,18.0,0.0,3
2026-08-21T18:15:02Z,celmis-qdrant,0.09,178.1,6928.38,2.57,0.04,0.03,71.3,0.0,25
2026-08-21T18:15:10Z,celmis-web,0.02,77.03,6928.38,1.11,0.27,0.54,10.3,0.0,12
2026-08-21T18:15:10Z,celmis-api,0.19,573.3,6928.38,8.27,10.3,8.94,25.2,450.0,25
2026-08-21T18:15:10Z,celmis-postgres,0.79,45.27,6928.38,0.65,23.9,13.4,43.2,46.1,16
2026-08-21T18:15:10Z,celmis-sandbox,0.03,51.66,3072.0,1.68,0.0,0.0,18.0,0.0,3
2026-08-21T18:15:10Z,celmis-qdrant,0.06,178.3,6928.38,2.57,0.04,0.03,71.3,0.0,25
2026-08-21T18:15:18Z,celmis-web,0.00,77.03,6928.38,1.11,0.27,0.54,10.3,0.0,12
2026-08-21T18:15:18Z,celmis-api,3.48,573.3,6928.38,8.27,10.3,8.95,25.2,450.0,25
2026-08-21T18:15:18Z,celmis-postgres,0.20,45.25,6928.38,0.65,23.9,13.4,43.2,46.1,16
2026-08-21T18:15:18Z,celmis-sandbox,0.03,51.34,3072.0,1.67,0.0,0.0,18.0,0.0,3
2026-08-21T18:15:18Z,celmis-qdrant,0.08,178.3,6928.38,2.57,0.04,0.03,71.3,0.0,25
2026-08-21T18:15:25Z,celmis-web,1.51,76.97,6928.38,1.11,0.27,0.54,10.3,0.0,12
2026-08-21T18:15:25Z,celmis-api,49.12,328.6,6928.38,4.74,10.3,8.97,25.2,450.0,19
2026-08-21T18:15:25Z,celmis-postgres,0.36,39.62,6928.38,0.57,23.9,13.4,43.2,46.1,13
2026-08-21T18:15:25Z,celmis-sandbox,0.03,51.34,3072.0,1.67,0.0,0.0,18.0,0.0,3
2026-08-21T18:15:25Z,celmis-qdrant,0.05,178.2,6928.38,2.57,0.04,0.03,71.3,0.0,25
2026-08-21T18:15:32Z,celmis-web,0.00,76.97,6928.38,1.11,0.27,0.54,10.3,0.0,12
2026-08-21T18:15:32Z,celmis-api,2.57,572.9,6928.38,8.27,10.5,9.04,25.2,450.0,24
2026-08-21T18:15:32Z,celmis-postgres,0.09,43.4,6928.38,0.63,24.0,13.4,43.2,46.1,15
2026-08-21T18:15:32Z,celmis-sandbox,0.02,51.34,3072.0,1.67,0.0,0.0,18.0,0.0,3
2026-08-21T18:15:32Z,celmis-qdrant,0.09,178.2,6928.38,2.57,0.04,0.03,71.3,0.0,25
2026-08-21T18:15:40Z,celmis-web,2.79,77.05,6928.38,1.11,0.27,0.54,10.3,0.0,12
2026-08-21T18:15:40Z,celmis-api,0.20,572.9,6928.38,8.27,10.5,9.04,25.2,450.0,24
2026-08-21T18:15:40Z,celmis-postgres,0.00,43.39,6928.38,0.63,24.0,13.4,43.2,46.1,15
2026-08-21T18:15:40Z,celmis-sandbox,12.52,51.29,3072.0,1.67,0.0,0.0,18.0,0.0,3
2026-08-21T18:15:40Z,celmis-qdrant,0.10,178.1,6928.38,2.57,0.04,0.03,71.3,0.0,25
2026-08-21T18:15:48Z,celmis-web,0.00,77.05,6928.38,1.11,0.27,0.54,10.3,0.0,12
2026-08-21T18:15:48Z,celmis-api,2.47,573.5,6928.38,8.28,10.5,9.06,25.2,450.0,25
2026-08-21T18:15:48Z,celmis-postgres,0.12,45.32,6928.38,0.65,24.0,13.4,43.2,46.1,16
2026-08-21T18:15:48Z,celmis-sandbox,0.03,51.26,3072.0,1.67,0.0,0.0,18.0,0.0,3
2026-08-21T18:15:48Z,celmis-qdrant,0.09,178.1,6928.38,2.57,0.04,0.03,71.3,0.0,25
2026-08-21T18:15:55Z,celmis-web,2.52,77.2,6928.38,1.11,0.27,0.54,10.3,0.0,12
2026-08-21T18:15:55Z,celmis-api,1.54,573.8,6928.38,8.28,10.5,9.06,25.2,450.0,25
2026-08-21T18:15:55Z,celmis-postgres,0.12,45.39,6928.38,0.66,24.0,13.4,43.2,46.1,16
2026-08-21T18:15:55Z,celmis-sandbox,0.04,51.26,3072.0,1.67,0.0,0.0,18.0,0.0,3
2026-08-21T18:15:55Z,celmis-qdrant,0.13,178.3,6928.38,2.57,0.04,0.03,71.3,0.0,25
2026-08-21T18:16:02Z,celmis-web,0.00,77.1,6928.38,1.11,0.27,0.54,10.3,0.0,12
2026-08-21T18:16:02Z,celmis-api,0.50,573.7,6928.38,8.28,10.5,9.07,25.2,450.0,25
2026-08-21T18:16:02Z,celmis-postgres,0.12,45.37,6928.38,0.65,24.0,13.4,43.2,46.2,16
2026-08-21T18:16:02Z,celmis-sandbox,0.03,51.26,3072.0,1.67,0.0,0.0,18.0,0.0,3
2026-08-21T18:16:02Z,celmis-qdrant,0.07,178.3,6928.38,2.57,0.04,0.03,71.3,0.0,25
2026-08-21T18:16:10Z,celmis-web,0.00,77.1,6928.38,1.11,0.27,0.54,10.3,0.0,12
2026-08-21T18:16:10Z,celmis-api,0.25,575.9,6928.38,8.31,10.6,9.11,25.2,450.0,20
2026-08-21T18:16:10Z,celmis-postgres,0.68,45.0,6928.38,0.65,24.0,13.4,43.2,46.2,16
2026-08-21T18:16:10Z,celmis-sandbox,13.69,51.43,3072.0,1.67,0.0,0.0,18.0,0.0,3
2026-08-21T18:16:10Z,celmis-qdrant,0.05,178.4,6928.38,2.58,0.04,0.03,71.3,0.0,25
2026-08-21T18:16:18Z,celmis-web,0.00,77.31,6928.38,1.12,0.27,0.54,10.3,0.0,12
2026-08-21T18:16:18Z,celmis-api,9.63,575.0,6928.38,8.30,10.7,9.18,25.2,450.0,24
2026-08-21T18:16:18Z,celmis-postgres,1.24,43.43,6928.38,0.63,24.0,13.4,43.2,46.2,15
2026-08-21T18:16:18Z,celmis-sandbox,0.03,51.43,3072.0,1.67,0.0,0.0,18.0,0.0,3
2026-08-21T18:16:18Z,celmis-qdrant,0.09,178.4,6928.38,2.58,0.04,0.03,71.3,0.0,25
2026-08-21T18:16:25Z,celmis-web,3.85,77.36,6928.38,1.12,0.27,0.54,10.3,0.0,12
2026-08-21T18:16:25Z,celmis-api,0.29,575.0,6928.38,8.30,10.7,9.18,25.2,450.0,24
2026-08-21T18:16:25Z,celmis-postgres,0.03,43.35,6928.38,0.63,24.0,13.4,43.2,46.2,15
2026-08-21T18:16:25Z,celmis-sandbox,0.04,51.43,3072.0,1.67,0.0,0.0,18.0,0.0,3
2026-08-21T18:16:25Z,celmis-qdrant,0.08,178.1,6928.38,2.57,0.04,0.03,71.3,0.0,25
2026-08-21T18:16:32Z,celmis-web,0.00,77.23,6928.38,1.11,0.27,0.54,10.3,0.0,12
2026-08-21T18:16:32Z,celmis-api,0.52,574.9,6928.38,8.30,10.7,9.18,25.2,450.0,24
2026-08-21T18:16:32Z,celmis-postgres,0.12,43.43,6928.38,0.63,24.0,13.4,43.2,46.2,15
2026-08-21T18:16:32Z,celmis-sandbox,0.02,51.43,3072.0,1.67,0.0,0.0,18.0,0.0,3
2026-08-21T18:16:32Z,celmis-qdrant,0.07,178.1,6928.38,2.57,0.04,0.03,71.3,0.0,25
2026-08-21T18:16:40Z,celmis-web,0.01,77.23,6928.38,1.11,0.27,0.54,10.3,0.0,12
2026-08-21T18:16:40Z,celmis-api,0.35,575.1,6928.38,8.30,10.8,9.2,25.2,450.0,25
2026-08-21T18:16:40Z,celmis-postgres,0.00,45.1,6928.38,0.65,24.0,13.4,43.2,46.2,16
2026-08-21T18:16:40Z,celmis-sandbox,0.03,51.43,3072.0,1.67,0.0,0.0,18.0,0.0,3
2026-08-21T18:16:40Z,celmis-qdrant,0.09,178.2,6928.38,2.57,0.04,0.03,71.3,0.0,25
2026-08-21T18:16:48Z,celmis-web,0.01,76.83,6928.38,1.11,0.27,0.54,10.3,0.0,12
2026-08-21T18:16:48Z,celmis-api,2.41,575.3,6928.38,8.30,10.8,9.2,25.2,450.0,25
2026-08-21T18:16:48Z,celmis-postgres,0.12,44.86,6928.38,0.65,24.0,13.4,43.2,46.2,16
2026-08-21T18:16:48Z,celmis-sandbox,0.03,51.61,3072.0,1.68,0.0,0.0,18.0,0.0,3
2026-08-21T18:16:48Z,celmis-qdrant,0.11,178.2,6928.38,2.57,0.04,0.03,71.3,0.0,25
2026-08-21T18:16:55Z,celmis-web,2.27,77.25,6928.38,1.11,0.27,0.54,10.3,0.0,12
2026-08-21T18:16:55Z,celmis-api,1.54,577.7,6928.38,8.34,10.8,9.22,25.2,450.0,25
2026-08-21T18:16:55Z,celmis-postgres,0.00,45.17,6928.38,0.65,24.0,13.4,43.2,46.2,16
2026-08-21T18:16:55Z,celmis-sandbox,0.03,51.61,3072.0,1.68,0.0,0.0,18.0,0.0,3
2026-08-21T18:16:55Z,celmis-qdrant,0.07,178.1,6928.38,2.57,0.04,0.03,71.3,0.0,25
2026-08-21T18:17:02Z,celmis-web,0.00,77.2,6928.38,1.11,0.27,0.54,10.3,0.0,12
2026-08-21T18:17:02Z,celmis-api,0.40,577.9,6928.38,8.34,10.8,9.23,25.2,450.0,25
2026-08-21T18:17:02Z,celmis-postgres,2.42,45.1,6928.38,0.65,24.0,13.4,43.2,46.2,16
2026-08-21T18:17:02Z,celmis-sandbox,0.02,51.61,3072.0,1.68,0.0,0.0,18.0,0.0,3
2026-08-21T18:17:02Z,celmis-qdrant,0.08,178.1,6928.38,2.57,0.04,0.03,71.3,0.0,25
2026-08-21T18:17:10Z,celmis-web,0.01,77.2,6928.38,1.11,0.27,0.54,10.3,0.0,12
2026-08-21T18:17:10Z,celmis-api,0.22,577.6,6928.38,8.34,10.8,9.23,25.2,450.0,25
2026-08-21T18:17:10Z,celmis-postgres,0.28,45.01,6928.38,0.65,24.0,13.4,43.2,46.2,16
2026-08-21T18:17:10Z,celmis-sandbox,7.79,61.0,3072.0,1.99,0.0,0.0,18.0,0.0,4
2026-08-21T18:17:10Z,celmis-qdrant,0.07,178.3,6928.38,2.57,0.04,0.03,71.3,0.0,25
2026-08-21T18:17:18Z,celmis-web,0.00,77.19,6928.38,1.11,0.27,0.54,10.3,0.0,12
2026-08-21T18:17:18Z,celmis-api,0.52,577.6,6928.38,8.34,10.8,9.23,25.2,450.0,25
2026-08-21T18:17:18Z,celmis-postgres,1.84,45.04,6928.38,0.65,24.0,13.4,43.2,46.2,16
2026-08-21T18:17:18Z,celmis-sandbox,0.03,51.53,3072.0,1.68,0.0,0.0,18.0,0.0,3
2026-08-21T18:17:18Z,celmis-qdrant,0.10,178.3,6928.38,2.57,0.04,0.03,71.3,0.0,25
2026-08-21T18:17:25Z,celmis-web,2.40,77.48,6928.38,1.12,0.27,0.54,10.3,0.0,12
2026-08-21T18:17:25Z,celmis-api,0.25,577.6,6928.38,8.34,10.8,9.23,25.2,450.0,25
2026-08-21T18:17:25Z,celmis-postgres,0.00,45.22,6928.38,0.65,24.0,13.5,43.2,46.2,16
2026-08-21T18:17:25Z,celmis-sandbox,0.04,51.53,3072.0,1.68,0.0,0.0,18.0,0.0,3
2026-08-21T18:17:25Z,celmis-qdrant,0.13,178.5,6928.38,2.58,0.04,0.03,71.3,0.0,25
2026-08-21T18:17:32Z,celmis-web,0.00,77.38,6928.38,1.12,0.27,0.54,10.3,0.0,12
2026-08-21T18:17:32Z,celmis-api,7.02,577.7,6928.38,8.34,10.8,9.24,25.2,450.0,20
2026-08-21T18:17:32Z,celmis-postgres,2.06,45.3,6928.38,0.65,24.0,13.5,43.2,46.3,16
2026-08-21T18:17:32Z,celmis-sandbox,0.03,51.53,3072.0,1.68,0.0,0.0,18.0,0.0,3
2026-08-21T18:17:32Z,celmis-qdrant,0.09,178.5,6928.38,2.58,0.04,0.03,71.3,0.0,25
2026-08-21T18:17:40Z,celmis-web,2.94,76.96,6928.38,1.11,0.27,0.54,10.3,0.0,12
2026-08-21T18:17:40Z,celmis-api,0.26,577.9,6928.38,8.34,10.8,9.24,25.2,450.0,20
2026-08-21T18:17:40Z,celmis-postgres,0.03,45.03,6928.38,0.65,24.0,13.5,43.2,46.3,16
2026-08-21T18:17:40Z,celmis-sandbox,0.02,51.53,3072.0,1.68,0.0,0.0,18.0,0.0,3
2026-08-21T18:17:40Z,celmis-qdrant,0.11,178.4,6928.38,2.57,0.04,0.03,71.3,0.0,25
2026-08-21T18:17:48Z,celmis-web,0.01,76.89,6928.38,1.11,0.27,0.54,10.3,0.0,12
2026-08-21T18:17:48Z,celmis-api,6.48,577.9,6928.38,8.34,10.8,9.27,25.2,450.0,20
2026-08-21T18:17:48Z,celmis-postgres,4.83,45.27,6928.38,0.65,24.1,13.5,43.2,46.3,16
2026-08-21T18:17:48Z,celmis-sandbox,0.03,51.71,3072.0,1.68,0.0,0.0,18.0,0.0,3
2026-08-21T18:17:48Z,celmis-qdrant,0.22,178.4,6928.38,2.57,0.04,0.03,71.3,0.0,25
2026-08-21T18:17:55Z,celmis-web,1.15,76.95,6928.38,1.11,0.27,0.54,10.3,0.0,12
2026-08-21T18:17:55Z,celmis-api,85.04,567.9,6928.38,8.20,11.0,9.29,25.2,451.0,24
2026-08-21T18:17:55Z,celmis-postgres,0.38,43.18,6928.38,0.62,24.1,13.5,43.2,46.3,15
2026-08-21T18:17:55Z,celmis-sandbox,0.01,51.71,3072.0,1.68,0.0,0.0,18.0,0.0,3
2026-08-21T18:17:55Z,celmis-qdrant,0.02,178.3,6928.38,2.57,0.04,0.03,71.3,0.0,25
2026-08-21T18:18:02Z,celmis-web,0.01,76.92,6928.38,1.11,0.27,0.54,10.3,0.0,12
2026-08-21T18:18:02Z,celmis-api,0.26,573.4,6928.38,8.28,11.0,9.42,25.2,451.0,24
2026-08-21T18:18:02Z,celmis-postgres,1.65,43.5,6928.38,0.63,24.1,13.5,43.2,46.3,15
2026-08-21T18:18:02Z,celmis-sandbox,0.03,51.71,3072.0,1.68,0.0,0.0,18.0,0.0,3
2026-08-21T18:18:02Z,celmis-qdrant,0.08,178.3,6928.38,2.57,0.04,0.03,71.3,0.0,25
2026-08-21T18:18:10Z,celmis-web,0.01,76.92,6928.38,1.11,0.27,0.54,10.3,0.0,12
2026-08-21T18:18:10Z,celmis-api,0.23,573.8,6928.38,8.28,11.0,9.42,25.2,451.0,24
2026-08-21T18:18:10Z,celmis-postgres,0.69,43.43,6928.38,0.63,24.1,13.5,43.2,46.3,15
2026-08-21T18:18:10Z,celmis-sandbox,0.02,51.71,3072.0,1.68,0.0,0.0,18.0,0.0,3
2026-08-21T18:18:10Z,celmis-qdrant,0.12,178.2,6928.38,2.57,0.04,0.03,71.3,0.0,25
2026-08-21T18:18:18Z,celmis-web,0.00,77.1,6928.38,1.11,0.27,0.54,10.3,0.0,12
2026-08-21T18:18:18Z,celmis-api,3.34,573.5,6928.38,8.28,11.0,9.42,25.2,451.0,24
2026-08-21T18:18:18Z,celmis-postgres,0.13,43.42,6928.38,0.63,24.1,13.5,43.2,46.3,15
2026-08-21T18:18:18Z,celmis-sandbox,0.02,51.64,3072.0,1.68,0.0,0.0,18.0,0.0,3
2026-08-21T18:18:18Z,celmis-qdrant,0.08,178.2,6928.38,2.57,0.04,0.03,71.3,0.0,25
2026-08-21T18:18:25Z,celmis-web,2.14,77.06,6928.38,1.11,0.27,0.54,10.3,0.0,12
2026-08-21T18:18:25Z,celmis-api,0.26,574.0,6928.38,8.28,11.1,9.47,25.2,451.0,25
2026-08-21T18:18:25Z,celmis-postgres,0.03,45.15,6928.38,0.65,24.1,13.5,43.2,46.3,16
2026-08-21T18:18:25Z,celmis-sandbox,0.03,51.64,3072.0,1.68,0.0,0.0,18.0,0.0,3
2026-08-21T18:18:25Z,celmis-qdrant,0.13,178.3,6928.38,2.57,0.04,0.03,71.3,0.0,25
2026-08-21T18:18:32Z,celmis-web,0.01,77.0,6928.38,1.11,0.27,0.54,10.3,0.0,12
2026-08-21T18:18:32Z,celmis-api,0.31,574.3,6928.38,8.29,11.1,9.51,25.2,451.0,25
2026-08-21T18:18:32Z,celmis-postgres,1.61,45.27,6928.38,0.65,24.1,13.5,43.2,46.3,16
2026-08-21T18:18:32Z,celmis-sandbox,0.05,51.64,3072.0,1.68,0.0,0.0,18.0,0.0,3
2026-08-21T18:18:32Z,celmis-qdrant,0.09,178.3,6928.38,2.57,0.04,0.03,71.3,0.0,25
2026-08-21T18:18:40Z,celmis-web,2.92,77.34,6928.38,1.12,0.27,0.54,10.3,0.0,12
2026-08-21T18:18:40Z,celmis-api,0.36,574.3,6928.38,8.29,11.1,9.51,25.2,451.0,25
2026-08-21T18:18:40Z,celmis-postgres,0.03,45.22,6928.38,0.65,24.1,13.5,43.2,46.3,16
2026-08-21T18:18:40Z,celmis-sandbox,0.03,51.64,3072.0,1.68,0.0,0.0,18.0,0.0,3
2026-08-21T18:18:40Z,celmis-qdrant,0.12,178.2,6928.38,2.57,0.04,0.03,71.3,0.0,25
2026-08-21T18:18:48Z,celmis-web,0.00,77.22,6928.38,1.11,0.27,0.54,10.3,0.0,12
2026-08-21T18:18:48Z,celmis-api,2.30,574.2,6928.38,8.29,11.1,9.51,25.2,451.0,25
2026-08-21T18:18:48Z,celmis-postgres,1.91,45.17,6928.38,0.65,24.1,13.5,43.2,46.4,16
2026-08-21T18:18:48Z,celmis-sandbox,0.02,51.56,3072.0,1.68,0.0,0.0,18.0,0.0,3
2026-08-21T18:18:48Z,celmis-qdrant,0.12,178.2,6928.38,2.57,0.04,0.03,71.3,0.0,25
2026-08-21T18:18:55Z,celmis-web,2.53,77.27,6928.38,1.12,0.27,0.54,10.3,0.0,12
2026-08-21T18:18:55Z,celmis-api,3.88,575.0,6928.38,8.30,11.2,9.56,25.2,451.0,19
2026-08-21T18:18:55Z,celmis-postgres,0.07,45.27,6928.38,0.65,24.1,13.5,43.2,46.4,16
2026-08-21T18:18:55Z,celmis-sandbox,0.02,51.56,3072.0,1.68,0.0,0.0,18.0,0.0,3
2026-08-21T18:18:55Z,celmis-qdrant,0.13,178.1,6928.38,2.57,0.04,0.03,71.3,0.0,25
2026-08-21T18:19:02Z,celmis-web,0.02,77.05,6928.38,1.11,0.27,0.54,10.3,0.0,12
2026-08-21T18:19:02Z,celmis-api,0.31,572.7,6928.38,8.27,11.4,9.66,25.2,451.0,24
2026-08-21T18:19:02Z,celmis-postgres,0.13,43.37,6928.38,0.63,24.1,13.6,43.2,46.4,15
2026-08-21T18:19:02Z,celmis-sandbox,0.03,51.56,3072.0,1.68,0.0,0.0,18.0,0.0,3
2026-08-21T18:19:02Z,celmis-qdrant,0.12,178.1,6928.38,2.57,0.04,0.03,71.3,0.0,25
2026-08-21T18:19:10Z,celmis-web,0.01,77.05,6928.38,1.11,0.27,0.54,10.3,0.0,12
2026-08-21T18:19:10Z,celmis-api,0.20,573.1,6928.38,8.27,11.4,9.67,25.2,451.0,24
2026-08-21T18:19:10Z,celmis-postgres,0.70,43.44,6928.38,0.63,24.1,13.6,43.2,46.4,15
2026-08-21T18:19:10Z,celmis-sandbox,0.02,51.56,3072.0,1.68,0.0,0.0,18.0,0.0,3
2026-08-21T18:19:10Z,celmis-qdrant,0.08,178.3,6928.38,2.57,0.04,0.03,71.3,0.0,25
2026-08-21T18:19:18Z,celmis-web,0.00,76.91,6928.38,1.11,0.27,0.54,10.3,0.0,12
2026-08-21T18:19:18Z,celmis-api,2.57,572.9,6928.38,8.27,11.4,9.67,25.2,451.0,24
2026-08-21T18:19:18Z,celmis-postgres,1.79,43.12,6928.38,0.62,24.2,13.6,43.2,46.4,15
2026-08-21T18:19:18Z,celmis-sandbox,0.03,51.75,3072.0,1.68,0.0,0.0,18.0,0.0,3
2026-08-21T18:19:18Z,celmis-qdrant,0.18,178.3,6928.38,2.57,0.04,0.03,71.3,0.0,25
2026-08-21T18:19:25Z,celmis-web,2.52,77.05,6928.38,1.11,0.27,0.54,10.3,0.0,12
2026-08-21T18:19:25Z,celmis-api,0.26,573.1,6928.38,8.27,11.4,9.67,25.2,451.0,24
2026-08-21T18:19:25Z,celmis-postgres,0.03,43.31,6928.38,0.63,24.2,13.6,43.2,46.6,15
2026-08-21T18:19:25Z,celmis-sandbox,0.03,51.75,3072.0,1.68,0.0,0.0,18.0,0.0,3
2026-08-21T18:19:25Z,celmis-qdrant,0.10,178.2,6928.38,2.57,0.04,0.03,71.3,0.0,25
2026-08-21T18:19:32Z,celmis-web,0.01,76.69,6928.38,1.11,0.27,0.54,10.3,0.0,12
2026-08-21T18:19:32Z,celmis-api,1.09,573.5,6928.38,8.28,11.4,9.7,25.2,451.0,25
2026-08-21T18:19:32Z,celmis-postgres,0.00,45.1,6928.38,0.65,24.2,13.6,43.2,46.6,16
2026-08-21T18:19:32Z,celmis-sandbox,0.03,51.75,3072.0,1.68,0.0,0.0,18.0,0.0,3
2026-08-21T18:19:32Z,celmis-qdrant,0.07,178.2,6928.38,2.57,0.04,0.03,71.3,0.0,25
2026-08-21T18:19:40Z,celmis-web,0.01,76.69,6928.38,1.11,0.27,0.54,10.3,0.0,12
2026-08-21T18:19:40Z,celmis-api,1.89,573.5,6928.38,8.28,11.4,9.71,25.2,451.0,25
2026-08-21T18:19:40Z,celmis-postgres,0.14,45.09,6928.38,0.65,24.2,13.6,43.2,46.6,16
2026-08-21T18:19:40Z,celmis-sandbox,0.03,51.75,3072.0,1.68,0.0,0.0,18.0,0.0,3
2026-08-21T18:19:40Z,celmis-qdrant,0.07,178.1,6928.38,2.57,0.04,0.03,71.3,0.0,25
2026-08-21T18:19:48Z,celmis-web,0.02,76.82,6928.38,1.11,0.27,0.54,10.3,0.0,12
2026-08-21T18:19:48Z,celmis-api,0.58,573.7,6928.38,8.28,11.5,9.72,25.2,451.0,20
2026-08-21T18:19:48Z,celmis-postgres,0.10,45.07,6928.38,0.65,24.2,13.6,43.2,46.7,16
2026-08-21T18:19:48Z,celmis-sandbox,0.03,51.67,3072.0,1.68,0.0,0.0,18.0,0.0,3
2026-08-21T18:19:48Z,celmis-qdrant,0.09,178.1,6928.38,2.57,0.04,0.03,71.3,0.0,25
2026-08-21T18:19:55Z,celmis-web,0.01,76.82,6928.38,1.11,0.27,0.54,10.3,0.0,12
2026-08-21T18:19:55Z,celmis-api,0.68,574.3,6928.38,8.29,11.5,9.74,25.2,451.0,20
2026-08-21T18:19:55Z,celmis-postgres,0.00,45.23,6928.38,0.65,24.2,13.6,43.2,46.7,16
2026-08-21T18:19:55Z,celmis-sandbox,0.03,51.67,3072.0,1.68,0.0,0.0,18.0,0.0,3
2026-08-21T18:19:55Z,celmis-qdrant,0.08,178.0,6928.38,2.57,0.04,0.03,71.3,0.0,25
2026-08-21T18:20:02Z,celmis-web,0.01,76.78,6928.38,1.11,0.27,0.54,10.3,0.0,12
2026-08-21T18:20:02Z,celmis-api,0.51,575.1,6928.38,8.30,11.7,9.87,25.2,451.0,24
2026-08-21T18:20:02Z,celmis-postgres,0.03,43.81,6928.38,0.63,24.2,13.6,43.2,46.7,15
2026-08-21T18:20:02Z,celmis-sandbox,0.07,51.67,3072.0,1.68,0.0,0.0,18.0,0.0,3
2026-08-21T18:20:02Z,celmis-qdrant,0.06,178.0,6928.38,2.57,0.04,0.03,71.3,0.0,25
2026-08-21T18:20:10Z,celmis-web,0.01,76.78,6928.38,1.11,0.27,0.54,10.3,0.0,12
2026-08-21T18:20:10Z,celmis-api,0.27,574.8,6928.38,8.30,11.7,9.88,25.2,451.0,24
2026-08-21T18:20:10Z,celmis-postgres,0.02,43.04,6928.38,0.62,24.2,13.6,43.2,46.7,15
2026-08-21T18:20:10Z,celmis-sandbox,0.03,51.67,3072.0,1.68,0.0,0.0,18.0,0.0,3
2026-08-21T18:20:10Z,celmis-qdrant,0.09,178.4,6928.38,2.57,0.04,0.03,71.3,0.0,25
2026-08-21T18:20:17Z,celmis-web,0.02,77.27,6928.38,1.12,0.27,0.54,10.3,0.0,12
2026-08-21T18:20:17Z,celmis-api,0.51,574.8,6928.38,8.30,11.7,9.88,25.2,451.0,24
2026-08-21T18:20:17Z,celmis-postgres,0.13,43.4,6928.38,0.63,24.2,13.6,43.2,46.7,15
2026-08-21T18:20:17Z,celmis-sandbox,0.03,51.84,3072.0,1.69,0.0,0.0,18.0,0.0,3
2026-08-21T18:20:17Z,celmis-qdrant,0.09,178.4,6928.38,2.57,0.04,0.03,71.3,0.0,25
2026-08-21T18:20:24Z,celmis-web,0.01,77.27,6928.38,1.12,0.27,0.54,10.3,0.0,12
2026-08-21T18:20:24Z,celmis-api,0.26,575.5,6928.38,8.31,11.7,9.92,25.2,451.0,25
2026-08-21T18:20:24Z,celmis-postgres,1.87,45.53,6928.38,0.66,24.2,13.6,43.2,46.7,16
2026-08-21T18:20:24Z,celmis-sandbox,0.03,51.84,3072.0,1.69,0.0,0.0,18.0,0.0,3
2026-08-21T18:20:24Z,celmis-qdrant,0.08,178.3,6928.38,2.57,0.04,0.03,71.3,0.0,25
2026-08-21T18:20:31Z,celmis-web,0.02,77.28,6928.38,1.12,0.27,0.54,10.3,0.0,12
2026-08-21T18:20:31Z,celmis-api,0.46,575.5,6928.38,8.31,11.7,9.92,25.2,451.0,25
2026-08-21T18:20:31Z,celmis-postgres,0.12,45.22,6928.38,0.65,24.2,13.6,43.2,46.7,16
2026-08-21T18:20:31Z,celmis-sandbox,0.03,51.84,3072.0,1.69,0.0,0.0,18.0,0.0,3
2026-08-21T18:20:31Z,celmis-qdrant,0.07,178.3,6928.38,2.57,0.04,0.03,71.3,0.0,25
2026-08-21T18:20:39Z,celmis-web,0.01,77.28,6928.38,1.12,0.27,0.54,10.3,0.0,12
2026-08-21T18:20:39Z,celmis-api,0.24,575.2,6928.38,8.30,11.7,9.92,25.2,451.0,25
2026-08-21T18:20:39Z,celmis-postgres,0.12,45.12,6928.38,0.65,24.2,13.6,43.2,46.7,16
2026-08-21T18:20:39Z,celmis-sandbox,0.03,51.84,3072.0,1.69,0.0,0.0,18.0,0.0,3
2026-08-21T18:20:39Z,celmis-qdrant,0.06,178.4,6928.38,2.58,0.04,0.03,71.3,0.0,25
2026-08-21T18:20:47Z,celmis-web,0.19,76.91,6928.38,1.11,0.27,0.54,10.3,0.0,12
2026-08-21T18:20:47Z,celmis-api,2.05,575.2,6928.38,8.30,11.8,9.92,25.2,451.0,25
2026-08-21T18:20:47Z,celmis-postgres,0.11,45.07,6928.38,0.65,24.2,13.6,43.2,46.7,16
2026-08-21T18:20:47Z,celmis-sandbox,0.03,51.71,3072.0,1.68,0.0,0.0,18.0,0.0,3
2026-08-21T18:20:47Z,celmis-qdrant,0.06,178.4,6928.38,2.58,0.04,0.03,71.3,0.0,25
2026-08-21T18:20:54Z,celmis-web,0.01,76.91,6928.38,1.11,0.27,0.54,10.3,0.0,12
2026-08-21T18:20:54Z,celmis-api,0.47,575.8,6928.38,8.31,11.8,9.94,25.2,451.0,20
2026-08-21T18:20:54Z,celmis-postgres,1.53,45.0,6928.38,0.65,24.2,13.6,43.2,46.7,16
2026-08-21T18:20:54Z,celmis-sandbox,0.02,51.71,3072.0,1.68,0.0,0.0,18.0,0.0,3
2026-08-21T18:20:54Z,celmis-qdrant,0.09,177.8,6928.38,2.57,0.04,0.03,71.3,0.0,25
2026-08-21T18:21:01Z,celmis-web,0.03,76.72,6928.38,1.11,0.27,0.54,10.3,0.0,12
2026-08-21T18:21:01Z,celmis-api,0.56,575.7,6928.38,8.31,11.8,9.94,25.2,451.0,20
2026-08-21T18:21:01Z,celmis-postgres,0.02,45.27,6928.38,0.65,24.2,13.6,43.2,46.8,16
2026-08-21T18:21:01Z,celmis-sandbox,0.03,51.71,3072.0,1.68,0.0,0.0,18.0,0.0,3
2026-08-21T18:21:01Z,celmis-qdrant,0.07,177.8,6928.38,2.57,0.04,0.03,71.3,0.0,25
2026-08-21T18:21:09Z,celmis-web,0.00,76.72,6928.38,1.11,0.27,0.54,10.3,0.0,12
2026-08-21T18:21:09Z,celmis-api,0.55,575.8,6928.38,8.31,11.8,9.95,25.2,451.0,20
2026-08-21T18:21:09Z,celmis-postgres,1.69,45.55,6928.38,0.66,24.2,13.6,43.2,46.8,16
2026-08-21T18:21:09Z,celmis-sandbox,0.02,51.71,3072.0,1.68,0.0,0.0,18.0,0.0,3
2026-08-21T18:21:09Z,celmis-qdrant,0.06,178.2,6928.38,2.57,0.04,0.03,71.3,0.0,25
2026-08-21T18:21:17Z,celmis-web,0.01,77.21,6928.38,1.11,0.27,0.54,10.3,0.0,12
2026-08-21T18:21:17Z,celmis-api,1.22,576.3,6928.38,8.32,11.9,9.99,25.2,451.0,20
2026-08-21T18:21:17Z,celmis-postgres,0.08,45.07,6928.38,0.65,24.3,13.7,43.2,46.8,16
2026-08-21T18:21:17Z,celmis-sandbox,0.02,52.14,3072.0,1.70,0.0,0.0,18.0,0.0,3
2026-08-21T18:21:17Z,celmis-qdrant,0.07,178.2,6928.38,2.57,0.04,0.03,71.3,0.0,25
2026-08-21T18:21:24Z,celmis-web,0.01,77.21,6928.38,1.11,0.27,0.54,10.3,0.0,12
2026-08-21T18:21:24Z,celmis-api,0.24,322.5,6928.38,4.65,11.9,10.0,25.2,451.0,18
2026-08-21T18:21:24Z,celmis-postgres,1.75,39.82,6928.38,0.57,24.3,13.7,43.2,46.8,13
2026-08-21T18:21:24Z,celmis-sandbox,0.03,52.14,3072.0,1.70,0.0,0.0,18.0,0.0,3
2026-08-21T18:21:24Z,celmis-qdrant,0.07,178.1,6928.38,2.57,0.04,0.03,71.3,0.0,25
2026-08-21T18:21:31Z,celmis-web,0.03,77.11,6928.38,1.11,0.27,0.54,10.3,0.0,12
2026-08-21T18:21:31Z,celmis-api,0.49,322.4,6928.38,4.65,11.9,10.0,25.2,451.0,18
2026-08-21T18:21:31Z,celmis-postgres,0.08,39.75,6928.38,0.57,24.3,13.7,43.2,46.8,13
2026-08-21T18:21:31Z,celmis-sandbox,0.04,52.14,3072.0,1.70,0.0,0.0,18.0,0.0,3
2026-08-21T18:21:31Z,celmis-qdrant,0.10,178.1,6928.38,2.57,0.04,0.03,71.3,0.0,25
2026-08-21T18:21:39Z,celmis-web,0.01,77.11,6928.38,1.11,0.27,0.54,10.3,0.0,12
2026-08-21T18:21:39Z,celmis-api,0.53,322.1,6928.38,4.65,11.9,10.0,25.2,451.0,18
2026-08-21T18:21:39Z,celmis-postgres,1.75,40.29,6928.38,0.58,24.3,13.7,43.2,46.8,13
2026-08-21T18:21:39Z,celmis-sandbox,0.03,52.14,3072.0,1.70,0.0,0.0,18.0,0.0,3
2026-08-21T18:21:39Z,celmis-qdrant,0.09,178.3,6928.38,2.57,0.04,0.03,71.3,0.0,25
2026-08-21T18:21:47Z,celmis-web,0.02,76.98,6928.38,1.11,0.27,0.54,10.3,0.0,12
2026-08-21T18:21:47Z,celmis-api,0.54,322.1,6928.38,4.65,11.9,10.0,25.2,451.0,18
2026-08-21T18:21:47Z,celmis-postgres,0.12,40.03,6928.38,0.58,24.3,13.7,43.2,46.8,13
2026-08-21T18:21:47Z,celmis-sandbox,0.04,51.79,3072.0,1.69,0.0,0.0,18.0,0.0,3
2026-08-21T18:21:47Z,celmis-qdrant,0.08,178.3,6928.38,2.57,0.04,0.03,71.3,0.0,25
2026-08-21T18:21:54Z,celmis-web,0.01,76.98,6928.38,1.11,0.27,0.54,10.3,0.0,12
2026-08-21T18:21:54Z,celmis-api,0.59,322.3,6928.38,4.65,11.9,10.0,25.2,451.0,18
2026-08-21T18:21:54Z,celmis-postgres,0.01,39.79,6928.38,0.57,24.3,13.7,43.2,46.8,13
2026-08-21T18:21:54Z,celmis-sandbox,0.03,51.79,3072.0,1.69,0.0,0.0,18.0,0.0,3
2026-08-21T18:21:54Z,celmis-qdrant,0.08,178.2,6928.38,2.57,0.04,0.03,71.3,0.0,25
2026-08-21T18:22:01Z,celmis-web,0.02,77.18,6928.38,1.11,0.27,0.54,10.3,0.0,12
2026-08-21T18:22:01Z,celmis-api,0.29,322.3,6928.38,4.65,11.9,10.0,25.2,451.0,18
2026-08-21T18:22:01Z,celmis-postgres,0.12,39.79,6928.38,0.57,24.3,13.7,43.2,46.8,13
2026-08-21T18:22:01Z,celmis-sandbox,0.03,51.79,3072.0,1.69,0.0,0.0,18.0,0.0,3
2026-08-21T18:22:01Z,celmis-qdrant,0.05,178.2,6928.38,2.57,0.04,0.03,71.3,0.0,25
2026-08-21T18:22:09Z,celmis-web,0.01,77.18,6928.38,1.11,0.27,0.54,10.3,0.0,12
2026-08-21T18:22:09Z,celmis-api,0.27,322.2,6928.38,4.65,11.9,10.0,25.2,451.0,18
2026-08-21T18:22:09Z,celmis-postgres,1.78,39.91,6928.38,0.58,24.3,13.7,43.2,46.8,13
2026-08-21T18:22:09Z,celmis-sandbox,0.03,51.79,3072.0,1.69,0.0,0.0,18.0,0.0,3
2026-08-21T18:22:09Z,celmis-qdrant,0.07,178.1,6928.38,2.57,0.04,0.03,71.3,0.0,25
2026-08-21T18:22:17Z,celmis-web,0.02,76.83,6928.38,1.11,0.27,0.54,10.3,0.0,12
2026-08-21T18:22:17Z,celmis-api,0.35,322.2,6928.38,4.65,11.9,10.0,25.2,451.0,18
2026-08-21T18:22:17Z,celmis-postgres,0.07,40.14,6928.38,0.58,24.3,13.7,43.2,46.8,13
2026-08-21T18:22:17Z,celmis-sandbox,0.03,51.71,3072.0,1.68,0.0,0.0,18.0,0.0,3
2026-08-21T18:22:17Z,celmis-qdrant,0.12,178.0,6928.38,2.57,0.04,0.03,71.3,0.0,25
2026-08-21T18:22:24Z,celmis-web,0.00,76.83,6928.38,1.11,0.27,0.54,10.3,0.0,12
2026-08-21T18:22:24Z,celmis-api,0.29,322.4,6928.38,4.65,11.9,10.0,25.2,451.0,18
2026-08-21T18:22:24Z,celmis-postgres,0.00,40.04,6928.38,0.58,24.3,13.7,43.2,46.8,13
2026-08-21T18:22:24Z,celmis-sandbox,0.03,51.71,3072.0,1.68,0.0,0.0,18.0,0.0,3
2026-08-21T18:22:24Z,celmis-qdrant,0.10,178.2,6928.38,2.57,0.04,0.03,71.3,0.0,25
2026-08-21T18:22:31Z,celmis-web,0.00,77.12,6928.38,1.11,0.27,0.54,10.3,0.0,12
2026-08-21T18:22:31Z,celmis-api,0.46,322.4,6928.38,4.65,11.9,10.0,25.2,451.0,18
2026-08-21T18:22:31Z,celmis-postgres,0.11,39.89,6928.38,0.58,24.3,13.7,43.2,46.8,13
2026-08-21T18:22:31Z,celmis-sandbox,0.02,51.71,3072.0,1.68,0.0,0.0,18.0,0.0,3
2026-08-21T18:22:31Z,celmis-qdrant,0.06,178.2,6928.38,2.57,0.04,0.03,71.3,0.0,25
2026-08-21T18:22:39Z,celmis-web,0.00,77.12,6928.38,1.11,0.27,0.54,10.3,0.0,12
2026-08-21T18:22:39Z,celmis-api,0.26,322.3,6928.38,4.65,11.9,10.0,25.2,451.0,18
2026-08-21T18:22:39Z,celmis-postgres,0.03,39.58,6928.38,0.57,24.3,13.7,43.2,46.8,13
2026-08-21T18:22:39Z,celmis-sandbox,0.02,51.71,3072.0,1.68,0.0,0.0,18.0,0.0,3
2026-08-21T18:22:39Z,celmis-qdrant,0.07,178.1,6928.38,2.57,0.04,0.03,71.3,0.0,25
2026-08-21T18:22:47Z,celmis-web,0.00,77.2,6928.38,1.11,0.27,0.54,10.3,0.0,12
2026-08-21T18:22:47Z,celmis-api,0.26,322.6,6928.38,4.66,11.9,10.0,25.2,451.0,18
2026-08-21T18:22:47Z,celmis-postgres,0.10,40.12,6928.38,0.58,24.3,13.7,43.2,46.8,13
2026-08-21T18:22:47Z,celmis-sandbox,0.03,51.89,3072.0,1.69,0.0,0.0,18.0,0.0,3
2026-08-21T18:22:47Z,celmis-qdrant,0.09,178.1,6928.38,2.57,0.04,0.03,71.3,0.0,25
2026-08-21T18:22:54Z,celmis-web,0.00,77.2,6928.38,1.11,0.27,0.54,10.3,0.0,12
2026-08-21T18:22:54Z,celmis-api,0.63,322.5,6928.38,4.65,11.9,10.0,25.2,451.0,18
2026-08-21T18:22:54Z,celmis-postgres,0.00,39.67,6928.38,0.57,24.3,13.7,43.2,46.8,13
2026-08-21T18:22:54Z,celmis-sandbox,0.02,51.89,3072.0,1.69,0.0,0.0,18.0,0.0,3
2026-08-21T18:22:54Z,celmis-qdrant,0.08,178.3,6928.38,2.57,0.04,0.03,71.3,0.0,25
2026-08-21T18:23:01Z,celmis-web,0.00,77.27,6928.38,1.12,0.27,0.54,10.3,0.0,12
2026-08-21T18:23:01Z,celmis-api,0.46,322.5,6928.38,4.65,11.9,10.0,25.2,451.0,18
2026-08-21T18:23:01Z,celmis-postgres,0.06,39.65,6928.38,0.57,24.3,13.7,43.2,46.8,13
2026-08-21T18:23:01Z,celmis-sandbox,0.03,51.89,3072.0,1.69,0.0,0.0,18.0,0.0,3
2026-08-21T18:23:01Z,celmis-qdrant,0.11,178.3,6928.38,2.57,0.04,0.03,71.3,0.0,25
2026-08-21T18:23:09Z,celmis-web,0.00,77.27,6928.38,1.12,0.27,0.54,10.3,0.0,12
2026-08-21T18:23:09Z,celmis-api,0.27,322.2,6928.38,4.65,11.9,10.0,25.2,451.0,18
2026-08-21T18:23:09Z,celmis-postgres,0.03,40.14,6928.38,0.58,24.3,13.7,43.2,46.8,13
2026-08-21T18:23:09Z,celmis-sandbox,0.03,51.89,3072.0,1.69,0.0,0.0,18.0,0.0,3
2026-08-21T18:23:09Z,celmis-qdrant,0.07,178.4,6928.38,2.57,0.04,0.03,71.3,0.0,25
2026-08-21T18:23:17Z,celmis-web,0.03,77.23,6928.38,1.11,0.27,0.54,10.3,0.0,12
2026-08-21T18:23:17Z,celmis-api,0.54,322.2,6928.38,4.65,11.9,10.0,25.2,451.0,18
2026-08-21T18:23:17Z,celmis-postgres,0.08,39.75,6928.38,0.57,24.3,13.7,43.2,46.8,13
2026-08-21T18:23:17Z,celmis-sandbox,0.03,51.81,3072.0,1.69,0.0,0.0,18.0,0.0,3
2026-08-21T18:23:17Z,celmis-qdrant,0.09,178.4,6928.38,2.57,0.04,0.03,71.3,0.0,25
2026-08-21T18:23:24Z,celmis-web,0.01,77.23,6928.38,1.11,0.27,0.54,10.3,0.0,12
2026-08-21T18:23:24Z,celmis-api,0.54,322.6,6928.38,4.66,11.9,10.0,25.2,451.0,18
2026-08-21T18:23:24Z,celmis-postgres,0.07,39.69,6928.38,0.57,24.3,13.7,43.2,46.8,13
2026-08-21T18:23:24Z,celmis-sandbox,0.03,51.81,3072.0,1.69,0.0,0.0,18.0,0.0,3
2026-08-21T18:23:24Z,celmis-qdrant,0.08,178.6,6928.38,2.58,0.04,0.03,71.3,0.0,25
2026-08-21T18:23:31Z,celmis-web,0.01,76.96,6928.38,1.11,0.27,0.54,10.3,0.0,12
2026-08-21T18:23:31Z,celmis-api,0.53,322.6,6928.38,4.66,11.9,10.0,25.2,451.0,18
2026-08-21T18:23:31Z,celmis-postgres,0.13,39.54,6928.38,0.57,24.3,13.7,43.2,46.9,13
2026-08-21T18:23:31Z,celmis-sandbox,0.03,51.81,3072.0,1.69,0.0,0.0,18.0,0.0,3
2026-08-21T18:23:31Z,celmis-qdrant,0.06,178.6,6928.38,2.58,0.04,0.03,71.3,0.0,25
2026-08-21T18:23:39Z,celmis-web,0.01,76.96,6928.38,1.11,0.27,0.54,10.3,0.0,12
2026-08-21T18:23:39Z,celmis-api,0.27,322.3,6928.38,4.65,11.9,10.0,25.2,451.0,18
2026-08-21T18:23:39Z,celmis-postgres,0.12,39.82,6928.38,0.57,24.3,13.7,43.2,46.9,13
2026-08-21T18:23:39Z,celmis-sandbox,0.04,51.81,3072.0,1.69,0.0,0.0,18.0,0.0,3
2026-08-21T18:23:39Z,celmis-qdrant,0.07,178.5,6928.38,2.58,0.04,0.03,71.3,0.0,25
2026-08-21T18:23:47Z,celmis-web,0.01,77.18,6928.38,1.11,0.27,0.54,10.3,0.0,12
2026-08-21T18:23:47Z,celmis-api,0.55,322.3,6928.38,4.65,11.9,10.0,25.2,451.0,18
2026-08-21T18:23:47Z,celmis-postgres,0.09,40.17,6928.38,0.58,24.3,13.7,43.2,46.9,13
2026-08-21T18:23:47Z,celmis-sandbox,0.03,51.97,3072.0,1.69,0.0,0.0,18.0,0.0,3
2026-08-21T18:23:47Z,celmis-qdrant,0.08,178.5,6928.38,2.58,0.04,0.03,71.3,0.0,25
2026-08-21T18:23:54Z,celmis-web,0.01,77.18,6928.38,1.11,0.27,0.54,10.3,0.0,12
2026-08-21T18:23:54Z,celmis-api,0.66,322.8,6928.38,4.66,11.9,10.0,25.2,451.0,18
2026-08-21T18:23:54Z,celmis-postgres,0.06,40.02,6928.38,0.58,24.3,13.7,43.2,46.9,13
2026-08-21T18:23:54Z,celmis-sandbox,0.03,51.97,3072.0,1.69,0.0,0.0,18.0,0.0,3
2026-08-21T18:23:54Z,celmis-qdrant,0.07,178.3,6928.38,2.57,0.04,0.03,71.3,0.0,25
2026-08-21T18:24:01Z,celmis-web,0.00,76.96,6928.38,1.11,0.27,0.54,10.3,0.0,12
2026-08-21T18:24:01Z,celmis-api,0.25,322.7,6928.38,4.66,11.9,10.0,25.2,451.0,18
2026-08-21T18:24:01Z,celmis-postgres,0.14,40.02,6928.38,0.58,24.3,13.7,43.2,46.9,13
2026-08-21T18:24:01Z,celmis-sandbox,0.02,51.97,3072.0,1.69,0.0,0.0,18.0,0.0,3
2026-08-21T18:24:01Z,celmis-qdrant,0.06,178.3,6928.38,2.57,0.04,0.03,71.3,0.0,25
2026-08-21T18:24:09Z,celmis-web,0.01,76.96,6928.38,1.11,0.27,0.54,10.3,0.0,12
2026-08-21T18:24:09Z,celmis-api,0.27,322.4,6928.38,4.65,11.9,10.0,25.2,451.0,18
2026-08-21T18:24:09Z,celmis-postgres,0.03,39.74,6928.38,0.57,24.3,13.7,43.2,46.9,13
2026-08-21T18:24:09Z,celmis-sandbox,0.03,51.97,3072.0,1.69,0.0,0.0,18.0,0.0,3
2026-08-21T18:24:09Z,celmis-qdrant,0.08,178.0,6928.38,2.57,0.04,0.03,71.3,0.0,25
2026-08-21T18:24:17Z,celmis-web,0.01,77.12,6928.38,1.11,0.27,0.54,10.3,0.0,12
2026-08-21T18:24:17Z,celmis-api,0.26,322.4,6928.38,4.65,11.9,10.1,25.2,451.0,18
2026-08-21T18:24:17Z,celmis-postgres,0.09,39.94,6928.38,0.58,24.3,13.7,43.2,46.9,13
2026-08-21T18:24:17Z,celmis-sandbox,0.03,51.9,3072.0,1.69,0.0,0.0,18.0,0.0,3
2026-08-21T18:24:17Z,celmis-qdrant,0.08,178.0,6928.38,2.57,0.04,0.03,71.3,0.0,25
2026-08-21T18:24:24Z,celmis-web,0.01,77.12,6928.38,1.11,0.27,0.54,10.3,0.0,12
2026-08-21T18:24:24Z,celmis-api,0.56,322.4,6928.38,4.65,11.9,10.1,25.2,451.0,18
2026-08-21T18:24:24Z,celmis-postgres,0.12,39.57,6928.38,0.57,24.3,13.7,43.2,47.0,13
2026-08-21T18:24:24Z,celmis-sandbox,0.03,51.9,3072.0,1.69,0.0,0.0,18.0,0.0,3
2026-08-21T18:24:24Z,celmis-qdrant,0.08,178.1,6928.38,2.57,0.04,0.03,71.3,0.0,25
2026-08-21T18:24:31Z,celmis-web,0.00,77.14,6928.38,1.11,0.27,0.54,10.3,0.0,12
2026-08-21T18:24:31Z,celmis-api,0.23,322.4,6928.38,4.65,11.9,10.1,25.2,451.0,18
2026-08-21T18:24:31Z,celmis-postgres,0.03,40.14,6928.38,0.58,24.3,13.7,43.2,47.1,13
2026-08-21T18:24:31Z,celmis-sandbox,0.04,51.9,3072.0,1.69,0.0,0.0,18.0,0.0,3
2026-08-21T18:24:31Z,celmis-qdrant,0.11,178.1,6928.38,2.57,0.04,0.03,71.3,0.0,25
2026-08-21T18:24:39Z,celmis-web,0.01,77.14,6928.38,1.11,0.27,0.54,10.3,0.0,12
2026-08-21T18:24:39Z,celmis-api,0.52,322.6,6928.38,4.66,11.9,10.1,25.2,451.0,18
2026-08-21T18:24:39Z,celmis-postgres,0.00,39.87,6928.38,0.58,24.3,13.7,43.2,47.1,13
2026-08-21T18:24:39Z,celmis-sandbox,0.03,51.9,3072.0,1.69,0.0,0.0,18.0,0.0,3
2026-08-21T18:24:39Z,celmis-qdrant,0.13,178.0,6928.38,2.57,0.04,0.03,71.3,0.0,25
2026-08-21T18:24:47Z,celmis-web,0.01,77.0,6928.38,1.11,0.27,0.54,10.3,0.0,12
2026-08-21T18:24:47Z,celmis-api,0.49,322.6,6928.38,4.66,11.9,10.1,25.2,451.0,18
2026-08-21T18:24:47Z,celmis-postgres,0.16,39.63,6928.38,0.57,24.3,13.7,43.2,47.1,13
2026-08-21T18:24:47Z,celmis-sandbox,0.03,51.82,3072.0,1.69,0.0,0.0,18.0,0.0,3
2026-08-21T18:24:47Z,celmis-qdrant,0.08,178.0,6928.38,2.57,0.04,0.03,71.3,0.0,25
2026-08-21T18:24:54Z,celmis-web,0.01,77.0,6928.38,1.11,0.27,0.54,10.3,0.0,12
2026-08-21T18:24:54Z,celmis-api,1.29,322.7,6928.38,4.66,11.9,10.1,25.2,451.0,18
2026-08-21T18:24:54Z,celmis-postgres,0.21,39.93,6928.38,0.58,24.3,13.7,43.2,47.1,13
2026-08-21T18:24:54Z,celmis-sandbox,0.04,51.82,3072.0,1.69,0.0,0.0,18.0,0.0,3
2026-08-21T18:24:54Z,celmis-qdrant,0.14,178.2,6928.38,2.57,0.04,0.03,71.3,0.0,25
2026-08-21T18:25:01Z,celmis-web,0.01,77.04,6928.38,1.11,0.27,0.54,10.3,0.0,12
2026-08-21T18:25:01Z,celmis-api,0.49,322.7,6928.38,4.66,11.9,10.1,25.2,451.0,18
2026-08-21T18:25:01Z,celmis-postgres,1.58,39.96,6928.38,0.58,24.3,13.7,43.2,47.1,13
2026-08-21T18:25:01Z,celmis-sandbox,0.03,51.82,3072.0,1.69,0.0,0.0,18.0,0.0,3
2026-08-21T18:25:01Z,celmis-qdrant,0.07,178.2,6928.38,2.57,0.04,0.03,71.3,0.0,25
2026-08-21T18:25:09Z,celmis-web,0.01,77.04,6928.38,1.11,0.27,0.54,10.3,0.0,12
2026-08-21T18:25:09Z,celmis-api,0.29,322.4,6928.38,4.65,11.9,10.1,25.2,451.0,18
2026-08-21T18:25:09Z,celmis-postgres,0.02,39.96,6928.38,0.58,24.3,13.7,43.2,47.1,13
2026-08-21T18:25:09Z,celmis-sandbox,0.02,51.82,3072.0,1.69,0.0,0.0,18.0,0.0,3
2026-08-21T18:25:09Z,celmis-qdrant,0.10,178.3,6928.38,2.57,0.04,0.03,71.3,0.0,25
2026-08-21T18:25:17Z,celmis-web,0.00,77.09,6928.38,1.11,0.27,0.54,10.3,0.0,12
2026-08-21T18:25:17Z,celmis-api,0.56,322.4,6928.38,4.65,11.9,10.1,25.2,451.0,18
2026-08-21T18:25:17Z,celmis-postgres,0.10,39.72,6928.38,0.57,24.3,13.7,43.2,47.1,13
2026-08-21T18:25:17Z,celmis-sandbox,0.03,51.74,3072.0,1.68,0.0,0.0,18.0,0.0,3
2026-08-21T18:25:17Z,celmis-qdrant,0.08,178.3,6928.38,2.57,0.04,0.03,71.3,0.0,25
2026-08-21T18:25:24Z,celmis-web,0.01,77.09,6928.38,1.11,0.27,0.54,10.3,0.0,12
2026-08-21T18:25:24Z,celmis-api,0.38,322.4,6928.38,4.65,11.9,10.1,25.2,451.0,18
2026-08-21T18:25:24Z,celmis-postgres,0.06,39.9,6928.38,0.58,24.3,13.7,43.2,47.1,13
2026-08-21T18:25:24Z,celmis-sandbox,0.04,51.74,3072.0,1.68,0.0,0.0,18.0,0.0,3
2026-08-21T18:25:24Z,celmis-qdrant,0.07,178.2,6928.38,2.57,0.04,0.03,71.3,0.0,25
2026-08-21T18:25:31Z,celmis-web,0.01,76.81,6928.38,1.11,0.27,0.54,10.3,0.0,12
2026-08-21T18:25:31Z,celmis-api,0.27,322.3,6928.38,4.65,11.9,10.1,25.2,451.0,18
2026-08-21T18:25:31Z,celmis-postgres,0.00,39.75,6928.38,0.57,24.3,13.7,43.2,47.1,13
2026-08-21T18:25:31Z,celmis-sandbox,0.02,51.74,3072.0,1.68,0.0,0.0,18.0,0.0,3
2026-08-21T18:25:31Z,celmis-qdrant,0.08,178.2,6928.38,2.57,0.04,0.03,71.3,0.0,25
2026-08-21T18:25:39Z,celmis-web,0.01,76.81,6928.38,1.11,0.27,0.54,10.3,0.0,12
2026-08-21T18:25:39Z,celmis-api,0.55,322.3,6928.38,4.65,11.9,10.1,25.2,451.0,18
2026-08-21T18:25:39Z,celmis-postgres,0.03,39.75,6928.38,0.57,24.3,13.7,43.2,47.1,13
2026-08-21T18:25:39Z,celmis-sandbox,0.03,51.74,3072.0,1.68,0.0,0.0,18.0,0.0,3
2026-08-21T18:25:39Z,celmis-qdrant,0.07,178.1,6928.38,2.57,0.04,0.03,71.3,0.0,25
2026-08-21T18:25:47Z,celmis-web,0.00,76.81,6928.38,1.11,0.27,0.54,10.3,0.0,12
2026-08-21T18:25:47Z,celmis-api,0.56,322.3,6928.38,4.65,11.9,10.1,25.2,451.0,18
2026-08-21T18:25:47Z,celmis-postgres,0.09,39.71,6928.38,0.57,24.3,13.7,43.2,47.1,13
2026-08-21T18:25:47Z,celmis-sandbox,0.03,52.16,3072.0,1.70,0.0,0.0,18.0,0.0,3
2026-08-21T18:25:47Z,celmis-qdrant,0.07,178.1,6928.38,2.57,0.04,0.03,71.3,0.0,25
2026-08-21T18:25:54Z,celmis-web,0.01,76.81,6928.38,1.11,0.27,0.54,10.3,0.0,12
2026-08-21T18:25:54Z,celmis-api,0.67,322.2,6928.38,4.65,11.9,10.1,25.2,451.0,18
2026-08-21T18:25:54Z,celmis-postgres,0.09,39.77,6928.38,0.57,24.3,13.7,43.2,47.1,13
2026-08-21T18:25:54Z,celmis-sandbox,0.02,52.16,3072.0,1.70,0.0,0.0,18.0,0.0,3
2026-08-21T18:25:54Z,celmis-qdrant,0.08,178.0,6928.38,2.57,0.04,0.03,71.3,0.0,25
2026-08-21T18:26:01Z,celmis-web,0.00,77.07,6928.38,1.11,0.27,0.54,10.3,0.0,12
2026-08-21T18:26:01Z,celmis-api,0.25,322.2,6928.38,4.65,11.9,10.1,25.2,451.0,18
2026-08-21T18:26:01Z,celmis-postgres,0.00,40.03,6928.38,0.58,24.4,13.7,43.2,47.1,13
2026-08-21T18:26:01Z,celmis-sandbox,0.03,52.16,3072.0,1.70,0.0,0.0,18.0,0.0,3
2026-08-21T18:26:01Z,celmis-qdrant,0.07,178.0,6928.38,2.57,0.04,0.03,71.3,0.0,25
2026-08-21T18:26:09Z,celmis-web,0.01,77.07,6928.38,1.11,0.27,0.54,10.3,0.0,12
2026-08-21T18:26:09Z,celmis-api,0.27,322.4,6928.38,4.65,11.9,10.1,25.2,451.0,18
2026-08-21T18:26:09Z,celmis-postgres,0.03,39.61,6928.38,0.57,24.4,13.7,43.2,47.1,13
2026-08-21T18:26:09Z,celmis-sandbox,0.03,52.16,3072.0,1.70,0.0,0.0,18.0,0.0,3
2026-08-21T18:26:09Z,celmis-qdrant,0.10,178.2,6928.38,2.57,0.04,0.03,71.3,0.0,25
2026-08-21T18:26:17Z,celmis-web,0.00,77.23,6928.38,1.11,0.27,0.54,10.3,0.0,12
2026-08-21T18:26:17Z,celmis-api,0.41,322.4,6928.38,4.65,11.9,10.1,25.2,451.0,18
2026-08-21T18:26:17Z,celmis-postgres,0.00,40.09,6928.38,0.58,24.4,13.7,43.2,47.1,13
2026-08-21T18:26:17Z,celmis-sandbox,0.03,52.33,3072.0,1.70,0.0,0.0,18.0,0.0,3
2026-08-21T18:26:17Z,celmis-qdrant,0.08,178.2,6928.38,2.57,0.04,0.03,71.3,0.0,25
2026-08-21T18:26:24Z,celmis-web,0.01,77.23,6928.38,1.11,0.27,0.54,10.3,0.0,12
2026-08-21T18:26:24Z,celmis-api,0.54,322.6,6928.38,4.66,11.9,10.1,25.2,451.0,18
2026-08-21T18:26:24Z,celmis-postgres,0.10,39.56,6928.38,0.57,24.4,13.8,43.2,47.1,13
2026-08-21T18:26:24Z,celmis-sandbox,0.03,52.33,3072.0,1.70,0.0,0.0,18.0,0.0,3
2026-08-21T18:26:24Z,celmis-qdrant,0.08,178.0,6928.38,2.57,0.04,0.03,71.3,0.0,25
2026-08-21T18:26:31Z,celmis-web,0.01,77.0,6928.38,1.11,0.27,0.54,10.3,0.0,12
2026-08-21T18:26:31Z,celmis-api,0.20,322.6,6928.38,4.66,11.9,10.1,25.2,451.0,18
2026-08-21T18:26:31Z,celmis-postgres,0.64,39.98,6928.38,0.58,24.4,13.8,43.2,47.1,13
2026-08-21T18:26:31Z,celmis-sandbox,0.03,52.33,3072.0,1.70,0.0,0.0,18.0,0.0,3
2026-08-21T18:26:31Z,celmis-qdrant,0.06,178.0,6928.38,2.57,0.04,0.03,71.3,0.0,25
2026-08-21T18:26:39Z,celmis-web,0.01,77.0,6928.38,1.11,0.27,0.54,10.3,0.0,12
2026-08-21T18:26:39Z,celmis-api,0.25,322.3,6928.38,4.65,12.0,10.1,25.2,451.0,18
2026-08-21T18:26:39Z,celmis-postgres,0.03,39.88,6928.38,0.58,24.4,13.8,43.2,47.1,13
2026-08-21T18:26:39Z,celmis-sandbox,0.03,52.33,3072.0,1.70,0.0,0.0,18.0,0.0,3
2026-08-21T18:26:39Z,celmis-qdrant,0.07,178.2,6928.38,2.57,0.04,0.03,71.3,0.0,25
2026-08-21T18:26:47Z,celmis-web,0.01,77.05,6928.38,1.11,0.27,0.54,10.3,0.0,12
2026-08-21T18:26:47Z,celmis-api,0.53,322.3,6928.38,4.65,12.0,10.1,25.2,451.0,18
2026-08-21T18:26:47Z,celmis-postgres,1.90,39.93,6928.38,0.58,24.4,13.8,43.2,47.1,13
2026-08-21T18:26:47Z,celmis-sandbox,0.03,52.26,3072.0,1.70,0.0,0.0,18.0,0.0,3
2026-08-21T18:26:47Z,celmis-qdrant,0.11,178.2,6928.38,2.57,0.04,0.03,71.3,0.0,25
2026-08-21T18:26:54Z,celmis-web,0.01,77.05,6928.38,1.11,0.27,0.54,10.3,0.0,12
2026-08-21T18:26:54Z,celmis-api,0.73,322.2,6928.38,4.65,12.0,10.1,25.2,451.0,18
2026-08-21T18:26:54Z,celmis-postgres,0.09,39.68,6928.38,0.57,24.4,13.8,43.2,47.1,13
2026-08-21T18:26:54Z,celmis-sandbox,0.03,52.26,3072.0,1.70,0.0,0.0,18.0,0.0,3
2026-08-21T18:26:54Z,celmis-qdrant,0.10,178.1,6928.38,2.57,0.04,0.03,71.3,0.0,25
2026-08-21T18:27:01Z,celmis-web,0.00,77.46,6928.38,1.12,0.27,0.54,10.3,0.0,12
2026-08-21T18:27:01Z,celmis-api,0.25,322.2,6928.38,4.65,12.0,10.1,25.2,451.0,18
2026-08-21T18:27:01Z,celmis-postgres,1.91,39.73,6928.38,0.57,24.4,13.8,43.2,47.1,13
2026-08-21T18:27:01Z,celmis-sandbox,0.04,52.26,3072.0,1.70,0.0,0.0,18.0,0.0,3
2026-08-21T18:27:01Z,celmis-qdrant,0.10,178.1,6928.38,2.57,0.04,0.03,71.3,0.0,25
2026-08-21T18:27:09Z,celmis-web,0.00,77.46,6928.38,1.12,0.27,0.54,10.3,0.0,12
2026-08-21T18:27:09Z,celmis-api,0.53,322.4,6928.38,4.65,12.0,10.1,25.2,451.0,18
2026-08-21T18:27:09Z,celmis-postgres,0.03,39.73,6928.38,0.57,24.4,13.8,43.2,47.1,13
2026-08-21T18:27:09Z,celmis-sandbox,0.03,52.26,3072.0,1.70,0.0,0.0,18.0,0.0,3
2026-08-21T18:27:09Z,celmis-qdrant,0.07,178.0,6928.38,2.57,0.04,0.03,71.3,0.0,25
2026-08-21T18:27:17Z,celmis-web,0.01,77.17,6928.38,1.11,0.27,0.54,10.3,0.0,12
2026-08-21T18:27:17Z,celmis-api,0.47,322.4,6928.38,4.65,12.0,10.1,25.2,451.0,18
2026-08-21T18:27:17Z,celmis-postgres,1.77,39.89,6928.38,0.58,24.4,13.8,43.2,47.1,13
2026-08-21T18:27:17Z,celmis-sandbox,0.03,52.18,3072.0,1.70,0.0,0.0,18.0,0.0,3
2026-08-21T18:27:17Z,celmis-qdrant,0.07,178.0,6928.38,2.57,0.04,0.03,71.3,0.0,25
2026-08-21T18:27:24Z,celmis-web,0.01,77.17,6928.38,1.11,0.27,0.54,10.3,0.0,12
2026-08-21T18:27:24Z,celmis-api,0.52,322.6,6928.38,4.66,12.0,10.1,25.2,451.0,18
2026-08-21T18:27:24Z,celmis-postgres,0.10,39.77,6928.38,0.57,24.4,13.8,43.2,47.1,13
2026-08-21T18:27:24Z,celmis-sandbox,0.03,52.18,3072.0,1.70,0.0,0.0,18.0,0.0,3
2026-08-21T18:27:24Z,celmis-qdrant,0.08,178.1,6928.38,2.57,0.04,0.03,71.3,0.0,25
2026-08-21T18:27:31Z,celmis-web,0.01,76.86,6928.38,1.11,0.27,0.54,10.3,0.0,12
2026-08-21T18:27:31Z,celmis-api,0.22,322.6,6928.38,4.66,12.0,10.1,25.2,451.0,18
2026-08-21T18:27:31Z,celmis-postgres,1.45,39.68,6928.38,0.57,24.4,13.8,43.2,47.2,13
2026-08-21T18:27:31Z,celmis-sandbox,0.03,52.18,3072.0,1.70,0.0,0.0,18.0,0.0,3
2026-08-21T18:27:31Z,celmis-qdrant,0.07,178.1,6928.38,2.57,0.04,0.03,71.3,0.0,25
2026-08-21T18:27:39Z,celmis-web,0.01,76.86,6928.38,1.11,0.27,0.54,10.3,0.0,12
2026-08-21T18:27:39Z,celmis-api,0.49,322.6,6928.38,4.66,12.0,10.1,25.2,451.0,18
2026-08-21T18:27:39Z,celmis-postgres,0.03,39.85,6928.38,0.58,24.4,13.8,43.2,47.2,13
2026-08-21T18:27:39Z,celmis-sandbox,0.04,52.18,3072.0,1.70,0.0,0.0,18.0,0.0,3
2026-08-21T18:27:39Z,celmis-qdrant,0.08,178.3,6928.38,2.57,0.04,0.03,71.3,0.0,25
2026-08-21T18:27:47Z,celmis-web,0.00,76.78,6928.38,1.11,0.27,0.54,10.3,0.0,12
2026-08-21T18:27:47Z,celmis-api,0.25,322.6,6928.38,4.66,12.0,10.1,25.2,451.0,18
2026-08-21T18:27:47Z,celmis-postgres,1.70,39.9,6928.38,0.58,24.4,13.8,43.2,47.2,13
2026-08-21T18:27:47Z,celmis-sandbox,0.03,52.36,3072.0,1.70,0.0,0.0,18.0,0.0,3
2026-08-21T18:27:47Z,celmis-qdrant,0.09,178.3,6928.38,2.57,0.04,0.03,71.3,0.0,25
2026-08-21T18:27:54Z,celmis-web,0.01,76.78,6928.38,1.11,0.27,0.54,10.3,0.0,12
2026-08-21T18:27:54Z,celmis-api,0.72,322.5,6928.38,4.65,12.0,10.1,25.2,451.0,18
2026-08-21T18:27:54Z,celmis-postgres,0.09,39.66,6928.38,0.57,24.4,13.8,43.2,47.2,13
2026-08-21T18:27:54Z,celmis-sandbox,0.02,52.36,3072.0,1.70,0.0,0.0,18.0,0.0,3
2026-08-21T18:27:54Z,celmis-qdrant,0.07,178.2,6928.38,2.57,0.04,0.03,71.3,0.0,25
2026-08-21T18:28:01Z,celmis-web,0.01,77.08,6928.38,1.11,0.27,0.54,10.3,0.0,12
2026-08-21T18:28:01Z,celmis-api,0.26,322.5,6928.38,4.65,12.0,10.1,25.2,451.0,18
2026-08-21T18:28:01Z,celmis-postgres,0.00,39.89,6928.38,0.58,24.4,13.8,43.2,47.2,13
2026-08-21T18:28:01Z,celmis-sandbox,0.03,52.36,3072.0,1.70,0.0,0.0,18.0,0.0,3
2026-08-21T18:28:01Z,celmis-qdrant,0.09,178.2,6928.38,2.57,0.04,0.03,71.3,0.0,25
2026-08-21T18:28:09Z,celmis-web,0.01,77.08,6928.38,1.11,0.27,0.54,10.3,0.0,12
2026-08-21T18:28:09Z,celmis-api,0.52,322.4,6928.38,4.65,12.0,10.1,25.2,451.0,18
2026-08-21T18:28:09Z,celmis-postgres,0.12,40.14,6928.38,0.58,24.4,13.8,43.2,47.2,13
2026-08-21T18:28:09Z,celmis-sandbox,0.04,52.36,3072.0,1.70,0.0,0.0,18.0,0.0,3
2026-08-21T18:28:09Z,celmis-qdrant,0.07,178.3,6928.38,2.57,0.04,0.03,71.3,0.0,25
2026-08-21T18:28:17Z,celmis-web,0.00,77.08,6928.38,1.11,0.27,0.54,10.3,0.0,12
2026-08-21T18:28:17Z,celmis-api,0.25,322.4,6928.38,4.65,12.0,10.1,25.2,451.0,18
2026-08-21T18:28:17Z,celmis-postgres,1.79,40.19,6928.38,0.58,24.4,13.8,43.2,47.2,13
2026-08-21T18:28:17Z,celmis-sandbox,0.02,52.28,3072.0,1.70,0.0,0.0,18.0,0.0,3
2026-08-21T18:28:17Z,celmis-qdrant,0.10,178.3,6928.38,2.57,0.04,0.03,71.3,0.0,25
2026-08-21T18:28:24Z,celmis-web,0.01,77.08,6928.38,1.11,0.27,0.54,10.3,0.0,12
2026-08-21T18:28:24Z,celmis-api,0.48,322.6,6928.38,4.66,12.0,10.1,25.2,451.0,18
2026-08-21T18:28:24Z,celmis-postgres,0.09,39.72,6928.38,0.57,24.4,13.8,43.2,47.2,13
2026-08-21T18:28:24Z,celmis-sandbox,0.03,52.28,3072.0,1.70,0.0,0.0,18.0,0.0,3
2026-08-21T18:28:24Z,celmis-qdrant,0.10,178.5,6928.38,2.58,0.04,0.03,71.3,0.0,25
2026-08-21T18:28:31Z,celmis-web,0.01,77.24,6928.38,1.11,0.27,0.54,10.3,0.0,12
2026-08-21T18:28:31Z,celmis-api,0.27,322.6,6928.38,4.66,12.0,10.1,25.2,451.0,18
2026-08-21T18:28:31Z,celmis-postgres,0.00,39.79,6928.38,0.57,24.4,13.8,43.2,47.2,13
2026-08-21T18:28:31Z,celmis-sandbox,0.02,52.28,3072.0,1.70,0.0,0.0,18.0,0.0,3
2026-08-21T18:28:31Z,celmis-qdrant,0.07,178.5,6928.38,2.58,0.04,0.03,71.3,0.0,25
2026-08-21T18:28:39Z,celmis-web,0.00,77.24,6928.38,1.11,0.27,0.54,10.3,0.0,12
2026-08-21T18:28:39Z,celmis-api,0.51,322.3,6928.38,4.65,12.0,10.1,25.2,451.0,18
2026-08-21T18:28:39Z,celmis-postgres,0.11,39.54,6928.38,0.57,24.4,13.8,43.2,47.2,13
2026-08-21T18:28:39Z,celmis-sandbox,0.03,52.28,3072.0,1.70,0.0,0.0,18.0,0.0,3
2026-08-21T18:28:39Z,celmis-qdrant,0.08,178.6,6928.38,2.58,0.04,0.03,71.3,0.0,25
2026-08-21T18:28:47Z,celmis-web,0.01,77.38,6928.38,1.12,0.27,0.54,10.3,0.0,12
2026-08-21T18:28:47Z,celmis-api,0.26,322.3,6928.38,4.65,12.0,10.1,25.2,451.0,18
2026-08-21T18:28:47Z,celmis-postgres,0.03,39.52,6928.38,0.57,24.4,13.8,43.2,47.2,13
2026-08-21T18:28:47Z,celmis-sandbox,0.03,52.46,3072.0,1.71,0.0,0.0,18.0,0.0,3
2026-08-21T18:28:47Z,celmis-qdrant,0.08,178.6,6928.38,2.58,0.04,0.03,71.3,0.0,25
2026-08-21T18:28:54Z,celmis-web,0.01,77.38,6928.38,1.12,0.27,0.54,10.3,0.0,12
2026-08-21T18:28:54Z,celmis-api,0.64,322.5,6928.38,4.65,12.0,10.1,25.2,451.0,18
2026-08-21T18:28:54Z,celmis-postgres,0.09,39.83,6928.38,0.57,24.4,13.8,43.2,47.2,13
2026-08-21T18:28:54Z,celmis-sandbox,0.02,52.45,3072.0,1.71,0.0,0.0,18.0,0.0,3
2026-08-21T18:28:54Z,celmis-qdrant,0.10,178.0,6928.38,2.57,0.04,0.03,71.3,0.0,25
2026-08-21T18:29:01Z,celmis-web,0.01,77.24,6928.38,1.11,0.27,0.54,10.3,0.0,12
2026-08-21T18:29:01Z,celmis-api,0.22,322.5,6928.38,4.65,12.0,10.1,25.2,451.0,18
2026-08-21T18:29:01Z,celmis-postgres,0.03,39.77,6928.38,0.57,24.4,13.8,43.2,47.2,13
2026-08-21T18:29:01Z,celmis-sandbox,0.03,52.45,3072.0,1.71,0.0,0.0,18.0,0.0,3
2026-08-21T18:29:01Z,celmis-qdrant,0.07,178.0,6928.38,2.57,0.04,0.03,71.3,0.0,25
2026-08-21T18:29:09Z,celmis-web,0.01,77.24,6928.38,1.11,0.27,0.54,10.3,0.0,12
2026-08-21T18:29:09Z,celmis-api,0.50,322.4,6928.38,4.65,12.0,10.1,25.2,451.0,18
2026-08-21T18:29:09Z,celmis-postgres,0.03,40.07,6928.38,0.58,24.4,13.8,43.2,47.2,13
2026-08-21T18:29:09Z,celmis-sandbox,0.02,52.45,3072.0,1.71,0.0,0.0,18.0,0.0,3
2026-08-21T18:29:09Z,celmis-qdrant,0.06,178.4,6928.38,2.57,0.04,0.03,71.3,0.0,25
2026-08-21T18:29:17Z,celmis-web,0.01,77.54,6928.38,1.12,0.27,0.54,10.3,0.0,12
2026-08-21T18:29:17Z,celmis-api,0.26,322.4,6928.38,4.65,12.0,10.1,25.2,451.0,18
2026-08-21T18:29:17Z,celmis-postgres,0.00,39.85,6928.38,0.58,24.4,13.8,43.2,47.2,13
2026-08-21T18:29:17Z,celmis-sandbox,0.03,52.41,3072.0,1.71,0.0,0.0,18.0,0.0,3
2026-08-21T18:29:17Z,celmis-qdrant,0.06,178.4,6928.38,2.57,0.04,0.03,71.3,0.0,25
2026-08-21T18:29:24Z,celmis-web,0.01,77.54,6928.38,1.12,0.27,0.54,10.3,0.0,12
2026-08-21T18:29:24Z,celmis-api,0.48,322.4,6928.38,4.65,12.0,10.1,25.2,451.0,18
2026-08-21T18:29:24Z,celmis-postgres,0.10,40.04,6928.38,0.58,24.4,13.8,43.2,47.3,13
2026-08-21T18:29:24Z,celmis-sandbox,0.03,52.38,3072.0,1.71,0.0,0.0,18.0,0.0,3
2026-08-21T18:29:24Z,celmis-qdrant,0.08,178.1,6928.38,2.57,0.04,0.03,71.3,0.0,25
2026-08-21T18:29:31Z,celmis-web,0.00,77.29,6928.38,1.12,0.27,0.54,10.3,0.0,12
2026-08-21T18:29:31Z,celmis-api,0.25,322.3,6928.38,4.65,12.0,10.1,25.2,451.0,18
2026-08-21T18:29:31Z,celmis-postgres,0.03,39.69,6928.38,0.57,24.4,13.8,43.2,47.3,13
2026-08-21T18:29:31Z,celmis-sandbox,0.03,52.38,3072.0,1.71,0.0,0.0,18.0,0.0,3
2026-08-21T18:29:31Z,celmis-qdrant,0.05,178.1,6928.38,2.57,0.04,0.03,71.3,0.0,25
2026-08-21T18:29:39Z,celmis-web,0.01,77.29,6928.38,1.12,0.27,0.54,10.3,0.0,12
2026-08-21T18:29:39Z,celmis-api,0.52,322.6,6928.38,4.66,12.0,10.2,25.2,451.0,18
2026-08-21T18:29:39Z,celmis-postgres,0.10,39.89,6928.38,0.58,24.4,13.8,43.2,47.3,13
2026-08-21T18:29:39Z,celmis-sandbox,0.03,52.38,3072.0,1.71,0.0,0.0,18.0,0.0,3
2026-08-21T18:29:39Z,celmis-qdrant,0.07,178.2,6928.38,2.57,0.04,0.03,71.3,0.0,25
2026-08-21T18:29:47Z,celmis-web,0.01,77.29,6928.38,1.12,0.27,0.54,10.3,0.0,12
2026-08-21T18:29:47Z,celmis-api,0.30,322.6,6928.38,4.66,12.0,10.2,25.2,451.0,18
2026-08-21T18:29:47Z,celmis-postgres,0.00,40.14,6928.38,0.58,24.4,13.8,43.2,47.3,13
2026-08-21T18:29:47Z,celmis-sandbox,0.03,52.46,3072.0,1.71,0.0,0.0,18.0,0.0,3
2026-08-21T18:29:47Z,celmis-qdrant,0.10,178.2,6928.38,2.57,0.04,0.03,71.3,0.0,25
2026-08-21T18:29:54Z,celmis-web,0.01,77.29,6928.38,1.12,0.27,0.54,10.3,0.0,12
2026-08-21T18:29:54Z,celmis-api,0.68,322.7,6928.38,4.66,12.0,10.2,25.2,451.0,18
2026-08-21T18:29:54Z,celmis-postgres,0.10,39.93,6928.38,0.58,24.4,13.8,43.2,47.3,13
2026-08-21T18:29:54Z,celmis-sandbox,0.04,52.31,3072.0,1.70,0.0,0.0,18.0,0.0,3
2026-08-21T18:29:54Z,celmis-qdrant,0.08,178.3,6928.38,2.57,0.04,0.03,71.3,0.0,25
2026-08-21T18:30:01Z,celmis-web,0.02,77.42,6928.38,1.12,0.27,0.54,10.3,0.0,12
2026-08-21T18:30:01Z,celmis-api,0.23,322.7,6928.38,4.66,12.0,10.2,25.2,451.0,18
2026-08-21T18:30:01Z,celmis-postgres,0.03,39.9,6928.38,0.58,24.4,13.8,43.2,47.3,13
2026-08-21T18:30:01Z,celmis-sandbox,0.03,52.31,3072.0,1.70,0.0,0.0,18.0,0.0,3
2026-08-21T18:30:01Z,celmis-qdrant,0.09,178.3,6928.38,2.57,0.04,0.03,71.3,0.0,25
2026-08-21T18:30:09Z,celmis-web,0.00,77.42,6928.38,1.12,0.27,0.54,10.3,0.0,12
2026-08-21T18:30:09Z,celmis-api,0.22,322.7,6928.38,4.66,12.0,10.2,25.2,451.0,18
2026-08-21T18:30:09Z,celmis-postgres,0.11,39.91,6928.38,0.58,24.4,13.8,43.2,47.3,13
2026-08-21T18:30:09Z,celmis-sandbox,0.02,52.31,3072.0,1.70,0.0,0.0,18.0,0.0,3
2026-08-21T18:30:09Z,celmis-qdrant,0.06,178.2,6928.38,2.57,0.04,0.03,71.3,0.0,25
2026-08-21T18:30:17Z,celmis-web,0.00,77.14,6928.38,1.11,0.27,0.54,10.3,0.0,12
2026-08-21T18:30:17Z,celmis-api,0.24,322.7,6928.38,4.66,12.0,10.2,25.2,451.0,18
2026-08-21T18:30:17Z,celmis-postgres,0.00,39.79,6928.38,0.57,24.4,13.8,43.2,47.3,13
2026-08-21T18:30:17Z,celmis-sandbox,0.02,52.23,3072.0,1.70,0.0,0.0,18.0,0.0,3
2026-08-21T18:30:17Z,celmis-qdrant,0.09,178.2,6928.38,2.57,0.04,0.03,71.3,0.0,25
2026-08-21T18:30:24Z,celmis-web,0.00,77.14,6928.38,1.11,0.27,0.54,10.3,0.0,12
2026-08-21T18:30:24Z,celmis-api,0.51,322.6,6928.38,4.66,12.0,10.2,25.2,451.0,18
2026-08-21T18:30:24Z,celmis-postgres,0.08,40.05,6928.38,0.58,24.4,13.8,43.2,47.3,13
2026-08-21T18:30:24Z,celmis-sandbox,0.02,52.18,3072.0,1.70,0.0,0.0,18.0,0.0,3
2026-08-21T18:30:24Z,celmis-qdrant,0.11,178.4,6928.38,2.57,0.04,0.03,71.3,0.0,25
2026-08-21T18:30:31Z,celmis-web,0.00,77.27,6928.38,1.12,0.27,0.54,10.3,0.0,12
2026-08-21T18:30:31Z,celmis-api,0.35,322.6,6928.38,4.66,12.0,10.2,25.2,451.0,18
2026-08-21T18:30:31Z,celmis-postgres,0.75,39.82,6928.38,0.57,24.4,13.8,43.2,47.3,13
2026-08-21T18:30:31Z,celmis-sandbox,0.03,52.18,3072.0,1.70,0.0,0.0,18.0,0.0,3
2026-08-21T18:30:31Z,celmis-qdrant,0.17,178.4,6928.38,2.57,0.04,0.03,71.3,0.0,25
2026-08-21T18:30:38Z,celmis-web,0.00,77.27,6928.38,1.12,0.27,0.54,10.3,0.0,12
2026-08-21T18:30:38Z,celmis-api,0.28,322.5,6928.38,4.66,12.0,10.2,25.2,451.0,18
2026-08-21T18:30:38Z,celmis-postgres,1.79,39.88,6928.38,0.58,24.4,13.8,43.2,47.3,13
2026-08-21T18:30:38Z,celmis-sandbox,0.05,52.18,3072.0,1.70,0.0,0.0,18.0,0.0,3
2026-08-21T18:30:38Z,celmis-qdrant,0.08,178.5,6928.38,2.58,0.04,0.03,71.3,0.0,25
2026-08-21T18:30:46Z,celmis-web,0.01,77.6,6928.38,1.12,0.27,0.54,10.3,0.0,12
2026-08-21T18:30:46Z,celmis-api,0.18,322.5,6928.38,4.66,12.0,10.2,25.2,451.0,18
2026-08-21T18:30:46Z,celmis-postgres,0.00,40.06,6928.38,0.58,24.4,13.8,43.2,47.3,13
2026-08-21T18:30:46Z,celmis-sandbox,13.73,52.36,3072.0,1.70,0.0,0.0,18.0,0.0,3
2026-08-21T18:30:46Z,celmis-qdrant,0.07,178.4,6928.38,2.58,0.04,0.03,71.3,0.0,25
2026-08-21T18:30:52Z,celmis-web,0.00,77.6,6928.38,1.12,0.27,0.54,10.3,0.0,12
2026-08-21T18:30:52Z,celmis-api,0.53,322.2,6928.38,4.65,12.0,10.2,25.2,451.0,18
2026-08-21T18:30:52Z,celmis-postgres,0.00,39.87,6928.38,0.58,24.4,13.8,43.2,47.3,13
2026-08-21T18:30:52Z,celmis-sandbox,0.03,52.35,3072.0,1.70,0.0,0.0,18.0,0.0,3
2026-08-21T18:30:52Z,celmis-qdrant,0.09,178.3,6928.38,2.57,0.04,0.03,71.3,0.0,25
2026-08-21T18:31:00Z,celmis-web,0.01,77.06,6928.38,1.11,0.27,0.54,10.3,0.0,12
2026-08-21T18:31:00Z,celmis-api,0.24,322.2,6928.38,4.65,12.0,10.2,25.2,451.0,18
2026-08-21T18:31:00Z,celmis-postgres,0.07,40.13,6928.38,0.58,24.4,13.8,43.2,47.3,13
2026-08-21T18:31:00Z,celmis-sandbox,0.04,52.35,3072.0,1.70,0.0,0.0,18.0,0.0,3
2026-08-21T18:31:00Z,celmis-qdrant,0.07,178.3,6928.38,2.57,0.04,0.03,71.3,0.0,25
2026-08-21T18:31:08Z,celmis-web,0.01,77.06,6928.38,1.11,0.27,0.54,10.3,0.0,12
2026-08-21T18:31:08Z,celmis-api,0.53,322.4,6928.38,4.65,12.0,10.2,25.2,451.0,18
2026-08-21T18:31:08Z,celmis-postgres,0.12,39.82,6928.38,0.57,24.4,13.8,43.2,47.4,13
2026-08-21T18:31:08Z,celmis-sandbox,0.02,52.35,3072.0,1.70,0.0,0.0,18.0,0.0,3
2026-08-21T18:31:08Z,celmis-qdrant,0.09,178.2,6928.38,2.57,0.04,0.03,71.3,0.0,25
2026-08-21T18:31:15Z,celmis-web,0.01,77.35,6928.38,1.12,0.27,0.54,10.3,0.0,12
2026-08-21T18:31:15Z,celmis-api,0.25,322.4,6928.38,4.65,12.0,10.2,25.2,451.0,18
2026-08-21T18:31:15Z,celmis-postgres,0.00,39.88,6928.38,0.58,24.4,13.8,43.2,47.4,13
2026-08-21T18:31:15Z,celmis-sandbox,13.29,52.29,3072.0,1.70,0.0,0.0,18.0,0.0,3
2026-08-21T18:31:15Z,celmis-qdrant,0.08,178.0,6928.38,2.57,0.04,0.03,71.3,0.0,25
2026-08-21T18:31:22Z,celmis-web,0.01,77.35,6928.38,1.12,0.27,0.54,10.3,0.0,12
2026-08-21T18:31:22Z,celmis-api,0.61,322.4,6928.38,4.65,12.0,10.2,25.2,451.0,18
2026-08-21T18:31:22Z,celmis-postgres,0.14,39.86,6928.38,0.58,24.4,13.8,43.2,47.4,13
2026-08-21T18:31:22Z,celmis-sandbox,0.03,52.27,3072.0,1.70,0.0,0.0,18.0,0.0,3
2026-08-21T18:31:22Z,celmis-qdrant,0.09,178.1,6928.38,2.57,0.04,0.03,71.3,0.0,25
2026-08-21T18:31:30Z,celmis-web,0.03,77.14,6928.38,1.11,0.27,0.54,10.3,0.0,12
2026-08-21T18:31:30Z,celmis-api,0.54,322.3,6928.38,4.65,12.0,10.2,25.2,451.0,18
2026-08-21T18:31:30Z,celmis-postgres,0.08,40.21,6928.38,0.58,24.5,13.8,43.2,47.4,13
2026-08-21T18:31:30Z,celmis-sandbox,0.02,52.27,3072.0,1.70,0.0,0.0,18.0,0.0,3
2026-08-21T18:31:30Z,celmis-qdrant,0.07,178.1,6928.38,2.57,0.04,0.03,71.3,0.0,25
2026-08-21T18:31:38Z,celmis-web,0.01,77.14,6928.38,1.11,0.27,0.54,10.3,0.0,12
2026-08-21T18:31:38Z,celmis-api,0.56,322.3,6928.38,4.65,12.0,10.2,25.2,451.0,18
2026-08-21T18:31:38Z,celmis-postgres,0.12,39.93,6928.38,0.58,24.5,13.8,43.2,47.4,13
2026-08-21T18:31:38Z,celmis-sandbox,0.03,52.27,3072.0,1.70,0.0,0.0,18.0,0.0,3
2026-08-21T18:31:38Z,celmis-qdrant,0.11,178.4,6928.38,2.57,0.04,0.03,71.3,0.0,25
2026-08-21T18:31:45Z,celmis-web,0.01,77.34,6928.38,1.12,0.27,0.54,10.3,0.0,12
2026-08-21T18:31:45Z,celmis-api,0.19,322.3,6928.38,4.65,12.0,10.2,25.2,451.0,18
2026-08-21T18:31:45Z,celmis-postgres,0.00,39.79,6928.38,0.57,24.5,13.8,43.2,47.4,13
2026-08-21T18:31:45Z,celmis-sandbox,13.42,52.53,3072.0,1.71,0.0,0.0,18.0,0.0,3
2026-08-21T18:31:45Z,celmis-qdrant,0.09,178.2,6928.38,2.57,0.04,0.03,71.3,0.0,25
2026-08-21T18:31:53Z,celmis-web,0.01,77.34,6928.38,1.12,0.27,0.54,10.3,0.0,12
2026-08-21T18:31:53Z,celmis-api,0.57,322.3,6928.38,4.65,12.0,10.2,25.2,451.0,18
2026-08-21T18:31:53Z,celmis-postgres,0.08,39.76,6928.38,0.57,24.5,13.8,43.2,47.4,13
2026-08-21T18:31:53Z,celmis-sandbox,0.02,52.45,3072.0,1.71,0.0,0.0,18.0,0.0,3
2026-08-21T18:31:53Z,celmis-qdrant,0.08,178.4,6928.38,2.57,0.04,0.03,71.3,0.0,25
2026-08-21T18:32:00Z,celmis-web,0.00,77.35,6928.38,1.12,0.27,0.54,10.3,0.0,12
2026-08-21T18:32:00Z,celmis-api,0.29,322.2,6928.38,4.65,12.0,10.2,25.2,451.0,18
2026-08-21T18:32:00Z,celmis-postgres,0.00,39.71,6928.38,0.57,24.5,13.8,43.2,47.4,13
2026-08-21T18:32:00Z,celmis-sandbox,0.03,52.45,3072.0,1.71,0.0,0.0,18.0,0.0,3
2026-08-21T18:32:00Z,celmis-qdrant,0.07,178.4,6928.38,2.57,0.04,0.03,71.3,0.0,25
2026-08-21T18:32:08Z,celmis-web,0.01,77.35,6928.38,1.12,0.27,0.54,10.3,0.0,12
2026-08-21T18:32:08Z,celmis-api,0.77,322.2,6928.38,4.65,12.0,10.2,25.2,451.0,18
2026-08-21T18:32:08Z,celmis-postgres,0.04,39.95,6928.38,0.58,24.5,13.8,43.2,47.4,13
2026-08-21T18:32:08Z,celmis-sandbox,0.03,52.45,3072.0,1.71,0.0,0.0,18.0,0.0,3
2026-08-21T18:32:08Z,celmis-qdrant,0.09,178.3,6928.38,2.57,0.04,0.03,71.3,0.0,25
2026-08-21T18:32:16Z,celmis-web,0.01,77.34,6928.38,1.12,0.27,0.54,10.3,0.0,12
2026-08-21T18:32:16Z,celmis-api,0.21,322.2,6928.38,4.65,12.0,10.2,25.2,451.0,18
2026-08-21T18:32:16Z,celmis-postgres,0.00,39.79,6928.38,0.57,24.5,13.8,43.2,47.4,13
2026-08-21T18:32:16Z,celmis-sandbox,13.03,52.63,3072.0,1.71,0.0,0.0,18.0,0.0,3
2026-08-21T18:32:16Z,celmis-qdrant,0.05,178.3,6928.38,2.57,0.04,0.03,71.3,0.0,25
2026-08-21T18:32:22Z,celmis-web,0.00,77.34,6928.38,1.12,0.27,0.54,10.3,0.0,12
2026-08-21T18:32:22Z,celmis-api,0.62,322.4,6928.38,4.65,12.0,10.2,25.2,451.0,18
2026-08-21T18:32:22Z,celmis-postgres,0.12,39.77,6928.38,0.57,24.5,13.8,43.2,47.4,13
2026-08-21T18:32:22Z,celmis-sandbox,0.09,52.63,3072.0,1.71,0.0,0.0,18.0,0.0,3
2026-08-21T18:32:22Z,celmis-qdrant,0.08,178.5,6928.38,2.58,0.04,0.03,71.3,0.0,25
2026-08-21T18:32:30Z,celmis-web,0.01,77.67,6928.38,1.12,0.27,0.54,10.3,0.0,12
2026-08-21T18:32:30Z,celmis-api,0.43,322.3,6928.38,4.65,12.0,10.2,25.2,451.0,18
2026-08-21T18:32:30Z,celmis-postgres,0.65,39.91,6928.38,0.58,24.5,13.9,43.2,47.4,13
2026-08-21T18:32:30Z,celmis-sandbox,0.03,52.63,3072.0,1.71,0.0,0.0,18.0,0.0,3
2026-08-21T18:32:30Z,celmis-qdrant,0.08,178.4,6928.38,2.58,0.04,0.03,71.3,0.0,25
2026-08-21T18:32:38Z,celmis-web,0.01,77.67,6928.38,1.12,0.27,0.54,10.3,0.0,12
2026-08-21T18:32:38Z,celmis-api,0.26,322.3,6928.38,4.65,12.0,10.2,25.2,451.0,18
2026-08-21T18:32:38Z,celmis-postgres,0.12,39.8,6928.38,0.57,24.5,13.9,43.2,47.4,13
2026-08-21T18:32:38Z,celmis-sandbox,0.03,52.63,3072.0,1.71,0.0,0.0,18.0,0.0,3
2026-08-21T18:32:38Z,celmis-qdrant,0.08,178.4,6928.38,2.58,0.04,0.03,71.3,0.0,25
2026-08-21T18:32:45Z,celmis-web,0.01,77.66,6928.38,1.12,0.27,0.54,10.3,0.0,12
2026-08-21T18:32:45Z,celmis-api,0.28,322.3,6928.38,4.65,12.1,10.2,25.2,451.0,18
2026-08-21T18:32:45Z,celmis-postgres,0.00,39.99,6928.38,0.58,24.5,13.9,43.2,47.4,13
2026-08-21T18:32:45Z,celmis-sandbox,4.13,59.63,3072.0,1.94,0.0,0.0,18.0,0.0,4
2026-08-21T18:32:45Z,celmis-qdrant,0.07,178.4,6928.38,2.57,0.04,0.03,71.3,0.0,25
2026-08-21T18:32:52Z,celmis-web,0.01,77.66,6928.38,1.12,0.27,0.54,10.3,0.0,12
2026-08-21T18:32:52Z,celmis-api,0.24,322.3,6928.38,4.65,12.1,10.2,25.2,451.0,18
2026-08-21T18:32:52Z,celmis-postgres,0.11,39.79,6928.38,0.57,24.5,13.9,43.2,47.4,13
2026-08-21T18:32:52Z,celmis-sandbox,0.03,52.55,3072.0,1.71,0.0,0.0,18.0,0.0,3
2026-08-21T18:32:52Z,celmis-qdrant,0.08,178.3,6928.38,2.57,0.04,0.03,71.3,0.0,25
2026-08-21T18:33:00Z,celmis-web,0.02,77.23,6928.38,1.11,0.27,0.54,10.3,0.0,12
2026-08-21T18:33:00Z,celmis-api,0.59,322.2,6928.38,4.65,12.1,10.2,25.2,451.0,18
2026-08-21T18:33:00Z,celmis-postgres,0.00,39.91,6928.38,0.58,24.5,13.9,43.2,47.4,13
2026-08-21T18:33:00Z,celmis-sandbox,0.02,52.55,3072.0,1.71,0.0,0.0,18.0,0.0,3
2026-08-21T18:33:00Z,celmis-qdrant,0.11,178.3,6928.38,2.57,0.04,0.03,71.3,0.0,25
2026-08-21T18:33:08Z,celmis-web,0.01,77.23,6928.38,1.11,0.27,0.54,10.3,0.0,12
2026-08-21T18:33:08Z,celmis-api,0.56,322.4,6928.38,4.65,12.1,10.2,25.2,451.0,18
2026-08-21T18:33:08Z,celmis-postgres,0.12,39.77,6928.38,0.57,24.5,13.9,43.2,47.4,13
2026-08-21T18:33:08Z,celmis-sandbox,0.02,52.55,3072.0,1.71,0.0,0.0,18.0,0.0,3
2026-08-21T18:33:08Z,celmis-qdrant,0.07,178.4,6928.38,2.58,0.04,0.03,71.3,0.0,25
2026-08-21T18:33:15Z,celmis-web,0.00,77.21,6928.38,1.11,0.27,0.54,10.3,0.0,12
2026-08-21T18:33:15Z,celmis-api,0.28,322.4,6928.38,4.65,12.1,10.2,25.2,451.0,18
2026-08-21T18:33:15Z,celmis-postgres,0.00,39.62,6928.38,0.57,24.5,13.9,43.2,47.4,13
2026-08-21T18:33:15Z,celmis-sandbox,0.03,52.55,3072.0,1.71,0.0,0.0,18.0,0.0,3
2026-08-21T18:33:15Z,celmis-qdrant,0.08,178.4,6928.38,2.57,0.04,0.03,71.3,0.0,25
2026-08-21T18:33:22Z,celmis-web,0.01,77.21,6928.38,1.11,0.27,0.54,10.3,0.0,12
2026-08-21T18:33:22Z,celmis-api,0.58,322.6,6928.38,4.66,12.1,10.2,25.2,451.0,18
2026-08-21T18:33:22Z,celmis-postgres,0.11,39.86,6928.38,0.58,24.5,13.9,43.2,47.4,13
2026-08-21T18:33:22Z,celmis-sandbox,0.03,52.47,3072.0,1.71,0.0,0.0,18.0,0.0,3
2026-08-21T18:33:22Z,celmis-qdrant,0.72,178.3,6928.38,2.57,0.04,0.03,71.3,0.0,25
2026-08-21T18:33:30Z,celmis-web,0.01,77.16,6928.38,1.11,0.27,0.54,10.3,0.0,12
2026-08-21T18:33:30Z,celmis-api,0.28,322.6,6928.38,4.66,12.1,10.2,25.2,451.0,18
2026-08-21T18:33:30Z,celmis-postgres,0.67,40.28,6928.38,0.58,24.5,13.9,43.2,47.4,13
2026-08-21T18:33:30Z,celmis-sandbox,0.02,52.47,3072.0,1.71,0.0,0.0,18.0,0.0,3
2026-08-21T18:33:30Z,celmis-qdrant,0.08,178.3,6928.38,2.57,0.04,0.03,71.3,0.0,25
2026-08-21T18:33:38Z,celmis-web,0.00,77.16,6928.38,1.11,0.27,0.54,10.3,0.0,12
2026-08-21T18:33:38Z,celmis-api,0.53,322.6,6928.38,4.66,12.1,10.2,25.2,451.0,18
2026-08-21T18:33:38Z,celmis-postgres,0.12,39.93,6928.38,0.58,24.5,13.9,43.2,47.4,13
2026-08-21T18:33:38Z,celmis-sandbox,0.03,52.47,3072.0,1.71,0.0,0.0,18.0,0.0,3
2026-08-21T18:33:38Z,celmis-qdrant,0.07,178.5,6928.38,2.58,0.04,0.03,71.3,0.0,25
2026-08-21T18:33:45Z,celmis-web,0.00,77.09,6928.38,1.11,0.27,0.54,10.3,0.0,12
2026-08-21T18:33:45Z,celmis-api,0.24,322.6,6928.38,4.66,12.1,10.2,25.2,451.0,18
2026-08-21T18:33:45Z,celmis-postgres,1.66,39.67,6928.38,0.57,24.5,13.9,43.2,47.4,13
2026-08-21T18:33:45Z,celmis-sandbox,0.03,52.47,3072.0,1.71,0.0,0.0,18.0,0.0,3
2026-08-21T18:33:45Z,celmis-qdrant,0.08,178.5,6928.38,2.58,0.04,0.03,71.3,0.0,25
2026-08-21T18:33:52Z,celmis-web,0.01,77.09,6928.38,1.11,0.27,0.54,10.3,0.0,12
2026-08-21T18:33:52Z,celmis-api,0.21,322.3,6928.38,4.65,12.1,10.2,25.2,451.0,18
2026-08-21T18:33:52Z,celmis-postgres,0.09,39.74,6928.38,0.57,24.5,13.9,43.2,47.4,13
2026-08-21T18:33:52Z,celmis-sandbox,0.03,52.4,3072.0,1.71,0.0,0.0,18.0,0.0,3
2026-08-21T18:33:52Z,celmis-qdrant,0.09,178.1,6928.38,2.57,0.04,0.03,71.3,0.0,25
2026-08-21T18:34:00Z,celmis-web,0.04,77.12,6928.38,1.11,0.27,0.54,10.3,0.0,12
2026-08-21T18:34:00Z,celmis-api,0.27,322.2,6928.38,4.65,12.1,10.2,25.2,451.0,18
2026-08-21T18:34:00Z,celmis-postgres,1.81,40.05,6928.38,0.58,24.5,13.9,43.2,47.5,13
2026-08-21T18:34:00Z,celmis-sandbox,0.02,52.4,3072.0,1.71,0.0,0.0,18.0,0.0,3
2026-08-21T18:34:00Z,celmis-qdrant,0.09,178.1,6928.38,2.57,0.04,0.03,71.3,0.0,25
2026-08-21T18:34:08Z,celmis-web,0.01,77.12,6928.38,1.11,0.27,0.54,10.3,0.0,12
2026-08-21T18:34:08Z,celmis-api,0.56,322.4,6928.38,4.65,12.1,10.2,25.2,451.0,18
2026-08-21T18:34:08Z,celmis-postgres,0.14,39.98,6928.38,0.58,24.5,13.9,43.2,47.5,13
2026-08-21T18:34:08Z,celmis-sandbox,0.03,52.4,3072.0,1.71,0.0,0.0,18.0,0.0,3
2026-08-21T18:34:08Z,celmis-qdrant,0.10,178.1,6928.38,2.57,0.04,0.03,71.3,0.0,25
2026-08-21T18:34:15Z,celmis-web,0.01,77.32,6928.38,1.12,0.27,0.54,10.3,0.0,12
2026-08-21T18:34:15Z,celmis-api,0.27,322.4,6928.38,4.65,12.1,10.2,25.2,451.0,18
2026-08-21T18:34:15Z,celmis-postgres,1.75,40.11,6928.38,0.58,24.5,13.9,43.2,47.5,13
2026-08-21T18:34:15Z,celmis-sandbox,0.04,52.4,3072.0,1.71,0.0,0.0,18.0,0.0,3
2026-08-21T18:34:15Z,celmis-qdrant,0.08,178.0,6928.38,2.57,0.04,0.03,71.3,0.0,25
2026-08-21T18:34:22Z,celmis-web,0.01,77.32,6928.38,1.12,0.27,0.54,10.3,0.0,12
2026-08-21T18:34:22Z,celmis-api,0.77,322.4,6928.38,4.65,12.1,10.2,25.2,451.0,18
2026-08-21T18:34:22Z,celmis-postgres,0.26,39.99,6928.38,0.58,24.5,13.9,43.2,47.5,13
2026-08-21T18:34:22Z,celmis-sandbox,0.08,52.33,3072.0,1.70,0.0,0.0,18.0,0.0,3
2026-08-21T18:34:22Z,celmis-qdrant,1.26,178.2,6928.38,2.57,0.04,0.03,71.3,0.0,25
2026-08-21T18:34:30Z,celmis-web,0.01,77.31,6928.38,1.12,0.27,0.54,10.3,0.0,12
2026-08-21T18:34:30Z,celmis-api,0.57,322.4,6928.38,4.65,12.1,10.2,25.2,451.0,18
2026-08-21T18:34:30Z,celmis-postgres,2.45,39.92,6928.38,0.58,24.5,13.9,43.2,47.6,13
2026-08-21T18:34:30Z,celmis-sandbox,0.02,52.33,3072.0,1.70,0.0,0.0,18.0,0.0,3
2026-08-21T18:34:30Z,celmis-qdrant,0.08,178.2,6928.38,2.57,0.04,0.03,71.3,0.0,25
2026-08-21T18:34:38Z,celmis-web,0.01,77.31,6928.38,1.12,0.27,0.54,10.3,0.0,12
2026-08-21T18:34:38Z,celmis-api,0.49,322.3,6928.38,4.65,12.1,10.2,25.2,451.0,18
2026-08-21T18:34:38Z,celmis-postgres,0.07,40.05,6928.38,0.58,24.5,13.9,43.2,47.6,13
2026-08-21T18:34:38Z,celmis-sandbox,0.03,52.33,3072.0,1.70,0.0,0.0,18.0,0.0,3
2026-08-21T18:34:38Z,celmis-qdrant,0.09,178.1,6928.38,2.57,0.04,0.03,71.3,0.0,25
2026-08-21T18:34:45Z,celmis-web,0.00,77.55,6928.38,1.12,0.27,0.54,10.3,0.0,12
2026-08-21T18:34:45Z,celmis-api,0.27,322.3,6928.38,4.65,12.1,10.2,25.2,451.0,18
2026-08-21T18:34:45Z,celmis-postgres,1.72,39.89,6928.38,0.58,24.5,13.9,43.2,47.6,13
2026-08-21T18:34:45Z,celmis-sandbox,0.03,52.33,3072.0,1.70,0.0,0.0,18.0,0.0,3
2026-08-21T18:34:45Z,celmis-qdrant,0.06,178.1,6928.38,2.57,0.04,0.03,71.3,0.0,25
2026-08-21T18:34:52Z,celmis-web,0.01,77.55,6928.38,1.12,0.27,0.54,10.3,0.0,12
2026-08-21T18:34:52Z,celmis-api,0.60,322.5,6928.38,4.65,12.1,10.2,25.2,451.0,18
2026-08-21T18:34:52Z,celmis-postgres,0.03,40.11,6928.38,0.58,24.5,13.9,43.2,47.6,13
2026-08-21T18:34:52Z,celmis-sandbox,0.02,52.47,3072.0,1.71,0.0,0.0,18.0,0.0,3
2026-08-21T18:34:52Z,celmis-qdrant,0.06,178.3,6928.38,2.57,0.04,0.03,71.3,0.0,25
2026-08-21T18:35:00Z,celmis-web,0.01,77.58,6928.38,1.12,0.27,0.54,10.3,0.0,12
2026-08-21T18:35:00Z,celmis-api,0.25,322.5,6928.38,4.65,12.1,10.2,25.2,451.0,18
2026-08-21T18:35:00Z,celmis-postgres,0.97,40.16,6928.38,0.58,24.5,13.9,43.2,47.6,13
2026-08-21T18:35:00Z,celmis-sandbox,0.02,52.47,3072.0,1.71,0.0,0.0,18.0,0.0,3
2026-08-21T18:35:00Z,celmis-qdrant,0.08,178.2,6928.38,2.57,0.04,0.03,71.3,0.0,25
2026-08-21T18:35:08Z,celmis-web,0.01,77.58,6928.38,1.12,0.27,0.54,10.3,0.0,12
2026-08-21T18:35:08Z,celmis-api,0.54,322.4,6928.38,4.65,12.1,10.3,25.2,451.0,18
2026-08-21T18:35:08Z,celmis-postgres,0.12,40.06,6928.38,0.58,24.5,13.9,43.2,47.6,13
2026-08-21T18:35:08Z,celmis-sandbox,0.02,52.47,3072.0,1.71,0.0,0.0,18.0,0.0,3
2026-08-21T18:35:08Z,celmis-qdrant,0.97,178.4,6928.38,2.57,0.04,0.03,71.3,0.0,25
2026-08-21T18:35:15Z,celmis-web,0.01,77.3,6928.38,1.12,0.27,0.54,10.3,0.0,12
2026-08-21T18:35:15Z,celmis-api,0.29,322.4,6928.38,4.65,12.1,10.3,25.2,451.0,18
2026-08-21T18:35:15Z,celmis-postgres,1.78,39.64,6928.38,0.57,24.5,13.9,43.2,47.6,13
2026-08-21T18:35:15Z,celmis-sandbox,0.03,52.47,3072.0,1.71,0.0,0.0,18.0,0.0,3
2026-08-21T18:35:15Z,celmis-qdrant,0.07,178.4,6928.38,2.57,0.04,0.03,71.3,0.0,25
2026-08-21T18:35:22Z,celmis-web,0.01,77.3,6928.38,1.12,0.27,0.54,10.3,0.0,12
2026-08-21T18:35:22Z,celmis-api,2.16,322.4,6928.38,4.65,12.1,10.3,25.2,451.0,18
2026-08-21T18:35:22Z,celmis-postgres,0.00,40.12,6928.38,0.58,24.5,13.9,43.2,47.6,13
2026-08-21T18:35:22Z,celmis-sandbox,0.03,52.64,3072.0,1.71,0.0,0.0,18.0,0.0,3
2026-08-21T18:35:22Z,celmis-qdrant,0.76,178.5,6928.38,2.58,0.04,0.03,71.3,0.0,25
2026-08-21T18:35:30Z,celmis-web,0.01,77.21,6928.38,1.11,0.27,0.54,10.3,0.0,12
2026-08-21T18:35:30Z,celmis-api,0.52,322.6,6928.38,4.66,12.1,10.3,25.2,451.0,18
2026-08-21T18:35:30Z,celmis-postgres,2.12,40.02,6928.38,0.58,24.5,13.9,43.2,47.6,13
2026-08-21T18:35:30Z,celmis-sandbox,0.02,52.64,3072.0,1.71,0.0,0.0,18.0,0.0,3
2026-08-21T18:35:30Z,celmis-qdrant,0.10,178.5,6928.38,2.58,0.04,0.03,71.3,0.0,25
2026-08-21T18:35:38Z,celmis-web,0.01,77.21,6928.38,1.11,0.27,0.54,10.3,0.0,12
2026-08-21T18:35:38Z,celmis-api,0.54,322.8,6928.38,4.66,12.1,10.3,25.2,451.0,18
2026-08-21T18:35:38Z,celmis-postgres,0.11,39.43,6928.38,0.57,24.5,13.9,43.2,47.6,13
2026-08-21T18:35:38Z,celmis-sandbox,0.02,52.64,3072.0,1.71,0.0,0.0,18.0,0.0,3
2026-08-21T18:35:38Z,celmis-qdrant,1.15,178.2,6928.38,2.57,0.04,0.03,71.3,0.0,25
2026-08-21T18:35:45Z,celmis-web,0.01,77.54,6928.38,1.12,0.27,0.54,10.3,0.0,12
2026-08-21T18:35:45Z,celmis-api,0.29,322.8,6928.38,4.66,12.1,10.3,25.2,451.0,18
2026-08-21T18:35:45Z,celmis-postgres,0.03,39.93,6928.38,0.58,24.5,13.9,43.2,47.6,13
2026-08-21T18:35:45Z,celmis-sandbox,0.02,52.64,3072.0,1.71,0.0,0.0,18.0,0.0,3
2026-08-21T18:35:45Z,celmis-qdrant,0.07,178.2,6928.38,2.57,0.04,0.03,71.3,0.0,25
2026-08-21T18:35:52Z,celmis-web,0.00,77.43,6928.38,1.12,0.27,0.54,10.3,0.0,12
2026-08-21T18:35:52Z,celmis-api,0.61,322.8,6928.38,4.66,12.1,10.3,25.2,451.0,18
2026-08-21T18:35:52Z,celmis-postgres,0.11,39.5,6928.38,0.57,24.5,13.9,43.2,47.6,13
2026-08-21T18:35:52Z,celmis-sandbox,0.03,52.31,3072.0,1.70,0.0,0.0,18.0,0.0,3
2026-08-21T18:35:52Z,celmis-qdrant,0.08,177.9,6928.38,2.57,0.04,0.03,71.3,0.0,25
2026-08-21T18:36:00Z,celmis-web,0.01,77.71,6928.38,1.12,0.27,0.54,10.3,0.0,12
2026-08-21T18:36:00Z,celmis-api,0.24,322.7,6928.38,4.66,12.1,10.3,25.2,451.0,18
2026-08-21T18:36:00Z,celmis-postgres,0.08,39.96,6928.38,0.58,24.5,13.9,43.2,47.6,13
2026-08-21T18:36:00Z,celmis-sandbox,0.02,52.31,3072.0,1.70,0.0,0.0,18.0,0.0,3
2026-08-21T18:36:00Z,celmis-qdrant,0.09,177.8,6928.38,2.57,0.04,0.03,71.3,0.0,25
2026-08-21T18:36:08Z,celmis-web,0.01,77.71,6928.38,1.12,0.27,0.54,10.3,0.0,12
2026-08-21T18:36:08Z,celmis-api,0.51,322.7,6928.38,4.66,12.1,10.3,25.2,451.0,18
2026-08-21T18:36:08Z,celmis-postgres,0.12,39.7,6928.38,0.57,24.5,13.9,43.2,47.6,13
2026-08-21T18:36:08Z,celmis-sandbox,0.02,52.31,3072.0,1.70,0.0,0.0,18.0,0.0,3
2026-08-21T18:36:08Z,celmis-qdrant,0.10,178.6,6928.38,2.58,0.04,0.03,71.3,0.0,25
2026-08-21T18:36:15Z,celmis-web,0.01,77.45,6928.38,1.12,0.27,0.54,10.3,0.0,12
2026-08-21T18:36:15Z,celmis-api,0.28,322.7,6928.38,4.66,12.1,10.3,25.2,451.0,18
2026-08-21T18:36:15Z,celmis-postgres,0.03,40.03,6928.38,0.58,24.5,13.9,43.2,47.6,13
2026-08-21T18:36:15Z,celmis-sandbox,0.03,52.31,3072.0,1.70,0.0,0.0,18.0,0.0,3
2026-08-21T18:36:15Z,celmis-qdrant,0.07,178.5,6928.38,2.58,0.04,0.03,71.3,0.0,25
2026-08-21T18:36:22Z,celmis-web,0.01,77.36,6928.38,1.12,0.27,0.54,10.3,0.0,12
2026-08-21T18:36:22Z,celmis-api,0.59,322.8,6928.38,4.66,12.1,10.3,25.2,451.0,18
2026-08-21T18:36:22Z,celmis-postgres,0.10,40.02,6928.38,0.58,24.5,13.9,43.2,47.6,13
2026-08-21T18:36:22Z,celmis-sandbox,0.03,52.48,3072.0,1.71,0.0,0.0,18.0,0.0,3
2026-08-21T18:36:22Z,celmis-qdrant,1.07,178.4,6928.38,2.57,0.04,0.03,71.3,0.0,25
2026-08-21T18:36:30Z,celmis-web,0.04,77.03,6928.38,1.11,0.27,0.54,10.3,0.0,12
2026-08-21T18:36:30Z,celmis-api,0.30,322.8,6928.38,4.66,12.1,10.3,25.2,451.0,18
2026-08-21T18:36:30Z,celmis-postgres,0.68,40.09,6928.38,0.58,24.5,13.9,43.2,47.6,13
2026-08-21T18:36:30Z,celmis-sandbox,0.03,52.48,3072.0,1.71,0.0,0.0,18.0,0.0,3
2026-08-21T18:36:30Z,celmis-qdrant,0.08,178.4,6928.38,2.57,0.04,0.03,71.3,0.0,25
2026-08-21T18:36:38Z,celmis-web,0.01,77.03,6928.38,1.11,0.27,0.54,10.3,0.0,12
2026-08-21T18:36:38Z,celmis-api,0.49,322.7,6928.38,4.66,12.1,10.3,25.2,451.0,18
2026-08-21T18:36:38Z,celmis-postgres,0.14,39.85,6928.38,0.58,24.5,13.9,43.2,47.6,13
2026-08-21T18:36:38Z,celmis-sandbox,0.03,52.48,3072.0,1.71,0.0,0.0,18.0,0.0,3
2026-08-21T18:36:38Z,celmis-qdrant,0.07,178.4,6928.38,2.57,0.04,0.03,71.3,0.0,25
2026-08-21T18:36:45Z,celmis-web,0.00,77.38,6928.38,1.12,0.27,0.54,10.3,0.0,12
2026-08-21T18:36:45Z,celmis-api,0.28,322.7,6928.38,4.66,12.1,10.3,25.2,451.0,18
2026-08-21T18:36:45Z,celmis-postgres,0.03,40.07,6928.38,0.58,24.5,13.9,43.2,47.6,13
2026-08-21T18:36:45Z,celmis-sandbox,0.03,52.48,3072.0,1.71,0.0,0.0,18.0,0.0,3
2026-08-21T18:36:45Z,celmis-qdrant,0.10,178.3,6928.38,2.57,0.04,0.03,71.3,0.0,25
2026-08-21T18:36:52Z,celmis-web,0.01,77.26,6928.38,1.12,0.27,0.54,10.3,0.0,12
2026-08-21T18:36:52Z,celmis-api,1.47,322.4,6928.38,4.65,12.1,10.3,25.2,451.0,18
2026-08-21T18:36:52Z,celmis-postgres,0.08,39.91,6928.38,0.58,24.5,13.9,43.2,47.6,13
2026-08-21T18:36:52Z,celmis-sandbox,0.03,52.66,3072.0,1.71,0.0,0.0,18.0,0.0,3
2026-08-21T18:36:52Z,celmis-qdrant,0.09,178.5,6928.38,2.58,0.04,0.03,71.3,0.0,25
2026-08-21T18:37:00Z,celmis-web,0.00,77.62,6928.38,1.12,0.27,0.54,10.3,0.0,12
2026-08-21T18:37:00Z,celmis-api,0.28,322.4,6928.38,4.65,12.1,10.3,25.2,451.0,18
2026-08-21T18:37:00Z,celmis-postgres,0.03,39.62,6928.38,0.57,24.5,13.9,43.2,47.6,13
2026-08-21T18:37:00Z,celmis-sandbox,0.03,52.66,3072.0,1.71,0.0,0.0,18.0,0.0,3
2026-08-21T18:37:00Z,celmis-qdrant,0.13,178.4,6928.38,2.58,0.04,0.03,71.3,0.0,25
2026-08-21T18:37:08Z,celmis-web,0.01,77.62,6928.38,1.12,0.27,0.54,10.3,0.0,12
2026-08-21T18:37:08Z,celmis-api,0.61,322.6,6928.38,4.66,12.1,10.3,25.2,451.0,18
2026-08-21T18:37:08Z,celmis-postgres,0.15,39.89,6928.38,0.58,24.6,13.9,43.2,47.6,13
2026-08-21T18:37:08Z,celmis-sandbox,0.02,52.66,3072.0,1.71,0.0,0.0,18.0,0.0,3
2026-08-21T18:37:08Z,celmis-qdrant,1.25,178.1,6928.38,2.57,0.04,0.03,71.3,0.0,25
2026-08-21T18:37:15Z,celmis-web,0.01,77.3,6928.38,1.12,0.27,0.54,10.3,0.0,12
2026-08-21T18:37:15Z,celmis-api,0.29,322.6,6928.38,4.66,12.1,10.3,25.2,451.0,18
2026-08-21T18:37:15Z,celmis-postgres,0.00,39.97,6928.38,0.58,24.6,13.9,43.2,47.6,13
2026-08-21T18:37:15Z,celmis-sandbox,0.03,52.66,3072.0,1.71,0.0,0.0,18.0,0.0,3
2026-08-21T18:37:15Z,celmis-qdrant,0.07,178.1,6928.38,2.57,0.04,0.03,71.3,0.0,25
2026-08-21T18:37:22Z,celmis-web,0.01,77.21,6928.38,1.11,0.27,0.54,10.3,0.0,12
2026-08-21T18:37:22Z,celmis-api,1.52,322.5,6928.38,4.65,12.1,10.3,25.2,451.0,18
2026-08-21T18:37:22Z,celmis-postgres,0.13,39.96,6928.38,0.58,24.6,13.9,43.2,47.6,13
2026-08-21T18:37:22Z,celmis-sandbox,0.02,52.56,3072.0,1.71,0.0,0.0,18.0,0.0,3
2026-08-21T18:37:22Z,celmis-qdrant,0.08,178.3,6928.38,2.57,0.04,0.03,71.3,0.0,25
2026-08-21T18:37:30Z,celmis-web,0.01,77.75,6928.38,1.12,0.27,0.54,10.3,0.0,12
2026-08-21T18:37:30Z,celmis-api,0.29,322.5,6928.38,4.65,12.1,10.3,25.2,451.0,18
2026-08-21T18:37:30Z,celmis-postgres,0.77,39.56,6928.38,0.57,24.6,13.9,43.2,47.7,13
2026-08-21T18:37:30Z,celmis-sandbox,0.03,52.56,3072.0,1.71,0.0,0.0,18.0,0.0,3
2026-08-21T18:37:30Z,celmis-qdrant,0.06,178.2,6928.38,2.57,0.04,0.03,71.3,0.0,25
2026-08-21T18:37:38Z,celmis-web,0.01,77.75,6928.38,1.12,0.27,0.54,10.3,0.0,12
2026-08-21T18:37:38Z,celmis-api,0.60,322.5,6928.38,4.65,12.1,10.3,25.2,451.0,18
2026-08-21T18:37:38Z,celmis-postgres,0.13,40.02,6928.38,0.58,24.6,13.9,43.2,47.7,13
2026-08-21T18:37:38Z,celmis-sandbox,0.02,52.56,3072.0,1.71,0.0,0.0,18.0,0.0,3
2026-08-21T18:37:38Z,celmis-qdrant,0.09,178.1,6928.38,2.57,0.04,0.03,71.3,0.0,25
2026-08-21T18:37:45Z,celmis-web,0.01,77.8,6928.38,1.12,0.27,0.54,10.3,0.0,12
2026-08-21T18:37:45Z,celmis-api,0.27,322.5,6928.38,4.65,12.1,10.3,25.2,451.0,18
2026-08-21T18:37:45Z,celmis-postgres,0.00,39.75,6928.38,0.57,24.6,13.9,43.2,47.7,13
2026-08-21T18:37:45Z,celmis-sandbox,0.03,52.56,3072.0,1.71,0.0,0.0,18.0,0.0,3
2026-08-21T18:37:45Z,celmis-qdrant,0.08,178.1,6928.38,2.57,0.04,0.03,71.3,0.0,25
2026-08-21T18:37:52Z,celmis-web,0.01,77.62,6928.38,1.12,0.27,0.54,10.3,0.0,12
2026-08-21T18:37:52Z,celmis-api,0.57,322.7,6928.38,4.66,12.1,10.3,25.2,451.0,18
2026-08-21T18:37:52Z,celmis-postgres,1.45,39.57,6928.38,0.57,24.6,13.9,43.2,47.7,13
2026-08-21T18:37:52Z,celmis-sandbox,0.04,52.74,3072.0,1.72,0.0,0.0,18.0,0.0,3
2026-08-21T18:37:52Z,celmis-qdrant,0.08,178.3,6928.38,2.57,0.04,0.03,71.3,0.0,25
2026-08-21T18:38:00Z,celmis-web,2.36,77.66,6928.38,1.12,0.27,0.54,10.3,0.0,12
2026-08-21T18:38:00Z,celmis-api,0.27,322.6,6928.38,4.66,12.1,10.3,25.2,451.0,18
2026-08-21T18:38:00Z,celmis-postgres,0.03,39.55,6928.38,0.57,24.6,13.9,43.2,47.7,13
2026-08-21T18:38:00Z,celmis-sandbox,0.03,52.74,3072.0,1.72,0.0,0.0,18.0,0.0,3
2026-08-21T18:38:00Z,celmis-qdrant,0.08,178.3,6928.38,2.57,0.04,0.03,71.3,0.0,25
2026-08-21T18:38:08Z,celmis-web,0.01,77.64,6928.38,1.12,0.27,0.54,10.3,0.0,12
2026-08-21T18:38:08Z,celmis-api,0.54,322.6,6928.38,4.66,12.1,10.3,25.2,451.0,18
2026-08-21T18:38:08Z,celmis-postgres,1.78,39.8,6928.38,0.57,24.6,13.9,43.2,47.7,13
2026-08-21T18:38:08Z,celmis-sandbox,0.03,52.74,3072.0,1.72,0.0,0.0,18.0,0.0,3
2026-08-21T18:38:08Z,celmis-qdrant,1.14,178.3,6928.38,2.57,0.04,0.03,71.3,0.0,25
2026-08-21T18:38:15Z,celmis-web,0.01,77.63,6928.38,1.12,0.27,0.54,10.3,0.0,12
2026-08-21T18:38:15Z,celmis-api,0.28,322.6,6928.38,4.66,12.1,10.3,25.2,451.0,18
2026-08-21T18:38:15Z,celmis-postgres,0.00,39.89,6928.38,0.58,24.6,13.9,43.2,47.7,13
2026-08-21T18:38:15Z,celmis-sandbox,0.03,52.74,3072.0,1.72,0.0,0.0,18.0,0.0,3
2026-08-21T18:38:15Z,celmis-qdrant,0.09,178.2,6928.38,2.57,0.04,0.03,71.3,0.0,25
2026-08-21T18:38:22Z,celmis-web,0.01,77.56,6928.38,1.12,0.27,0.54,10.3,0.0,12
2026-08-21T18:38:22Z,celmis-api,0.47,322.3,6928.38,4.65,12.1,10.3,25.2,451.0,18
2026-08-21T18:38:22Z,celmis-postgres,0.08,39.62,6928.38,0.57,24.6,13.9,43.2,47.7,13
2026-08-21T18:38:22Z,celmis-sandbox,0.03,52.66,3072.0,1.71,0.0,0.0,18.0,0.0,3
2026-08-21T18:38:22Z,celmis-qdrant,0.09,178.3,6928.38,2.57,0.04,0.03,71.3,0.0,25
2026-08-21T18:38:30Z,celmis-web,0.00,77.62,6928.38,1.12,0.27,0.54,10.3,0.0,12
2026-08-21T18:38:30Z,celmis-api,0.25,322.5,6928.38,4.65,12.1,10.3,25.2,451.0,18
2026-08-21T18:38:30Z,celmis-postgres,0.10,39.85,6928.38,0.58,24.6,13.9,43.2,47.7,13
2026-08-21T18:38:30Z,celmis-sandbox,0.03,52.66,3072.0,1.71,0.0,0.0,18.0,0.0,3
2026-08-21T18:38:30Z,celmis-qdrant,0.06,178.3,6928.38,2.57,0.04,0.03,71.3,0.0,25
2026-08-21T18:38:38Z,celmis-web,0.01,77.59,6928.38,1.12,0.27,0.54,10.3,0.0,12
2026-08-21T18:38:38Z,celmis-api,0.56,322.4,6928.38,4.65,12.1,10.3,25.2,451.0,18
2026-08-21T18:38:38Z,celmis-postgres,0.92,39.97,6928.38,0.58,24.6,13.9,43.2,47.7,13
2026-08-21T18:38:38Z,celmis-sandbox,0.02,52.66,3072.0,1.71,0.0,0.0,18.0,0.0,3
2026-08-21T18:38:38Z,celmis-qdrant,0.76,178.6,6928.38,2.58,0.04,0.03,71.3,0.0,25
2026-08-21T18:38:45Z,celmis-web,0.01,77.62,6928.38,1.12,0.27,0.54,10.3,0.0,12
2026-08-21T18:38:45Z,celmis-api,0.27,322.4,6928.38,4.65,12.1,10.3,25.2,451.0,18
2026-08-21T18:38:45Z,celmis-postgres,0.01,39.7,6928.38,0.57,24.6,13.9,43.2,47.7,13
2026-08-21T18:38:45Z,celmis-sandbox,0.03,52.66,3072.0,1.71,0.0,0.0,18.0,0.0,3
2026-08-21T18:38:45Z,celmis-qdrant,0.07,178.5,6928.38,2.58,0.04,0.03,71.3,0.0,25
2026-08-21T18:38:52Z,celmis-web,0.01,77.43,6928.38,1.12,0.27,0.54,10.3,0.0,12
2026-08-21T18:38:52Z,celmis-api,0.52,322.4,6928.38,4.65,12.2,10.3,25.2,451.0,18
2026-08-21T18:38:52Z,celmis-postgres,0.08,39.78,6928.38,0.57,24.6,14.0,43.2,47.7,13
2026-08-21T18:38:52Z,celmis-sandbox,0.02,52.84,3072.0,1.72,0.0,0.0,18.0,0.0,3
2026-08-21T18:38:52Z,celmis-qdrant,0.94,178.4,6928.38,2.57,0.04,0.03,71.3,0.0,25
2026-08-21T18:39:00Z,celmis-web,0.03,77.75,6928.38,1.12,0.27,0.54,10.3,0.0,12
2026-08-21T18:39:00Z,celmis-api,0.25,322.3,6928.38,4.65,12.2,10.3,25.2,451.0,18
2026-08-21T18:39:00Z,celmis-postgres,0.05,40.0,6928.38,0.58,24.6,14.0,43.2,47.7,13
2026-08-21T18:39:00Z,celmis-sandbox,0.03,52.84,3072.0,1.72,0.0,0.0,18.0,0.0,3
2026-08-21T18:39:00Z,celmis-qdrant,0.07,178.4,6928.38,2.57,0.04,0.03,71.3,0.0,25
2026-08-21T18:39:08Z,celmis-web,0.01,77.74,6928.38,1.12,0.27,0.54,10.3,0.0,12
2026-08-21T18:39:08Z,celmis-api,0.54,322.5,6928.38,4.65,12.2,10.3,25.2,451.0,18
2026-08-21T18:39:08Z,celmis-postgres,1.29,40.12,6928.38,0.58,24.6,14.0,43.2,47.7,13
2026-08-21T18:39:08Z,celmis-sandbox,0.03,52.84,3072.0,1.72,0.0,0.0,18.0,0.0,3
2026-08-21T18:39:08Z,celmis-qdrant,0.84,178.3,6928.38,2.57,0.04,0.03,71.3,0.0,25
2026-08-21T18:39:15Z,celmis-web,0.03,77.54,6928.38,1.12,0.27,0.54,10.3,0.0,12
2026-08-21T18:39:15Z,celmis-api,0.33,322.5,6928.38,4.65,12.2,10.3,25.2,451.0,18
2026-08-21T18:39:15Z,celmis-postgres,0.00,40.09,6928.38,0.58,24.6,14.0,43.2,47.7,13
2026-08-21T18:39:15Z,celmis-sandbox,0.02,52.84,3072.0,1.72,0.0,0.0,18.0,0.0,3
2026-08-21T18:39:15Z,celmis-qdrant,0.13,178.3,6928.38,2.57,0.04,0.03,71.3,0.0,25
2026-08-21T18:39:23Z,celmis-web,0.00,77.53,6928.38,1.12,0.27,0.54,10.3,0.0,12
2026-08-21T18:39:23Z,celmis-api,3.62,322.2,6928.38,4.65,12.2,10.3,25.2,451.0,18
2026-08-21T18:39:23Z,celmis-postgres,0.28,39.84,6928.38,0.58,24.6,14.0,43.2,47.8,13
2026-08-21T18:39:23Z,celmis-sandbox,0.03,52.75,3072.0,1.72,0.0,0.0,18.0,0.0,3
2026-08-21T18:39:23Z,celmis-qdrant,0.08,178.4,6928.38,2.58,0.04,0.03,71.3,0.0,25
2026-08-21T18:39:30Z,celmis-web,0.03,77.52,6928.38,1.12,0.27,0.54,10.3,0.0,12
2026-08-21T18:39:30Z,celmis-api,0.29,322.2,6928.38,4.65,12.2,10.3,25.2,451.0,18
2026-08-21T18:39:30Z,celmis-postgres,0.09,39.75,6928.38,0.57,24.6,14.0,43.2,47.8,13
2026-08-21T18:39:30Z,celmis-sandbox,0.03,52.75,3072.0,1.72,0.0,0.0,18.0,0.0,3
2026-08-21T18:39:30Z,celmis-qdrant,0.09,178.4,6928.38,2.58,0.04,0.03,71.3,0.0,25
2026-08-21T18:39:38Z,celmis-web,0.01,77.52,6928.38,1.12,0.27,0.54,10.3,0.0,12
2026-08-21T18:39:38Z,celmis-api,0.58,322.2,6928.38,4.65,12.2,10.3,25.2,451.0,18
2026-08-21T18:39:38Z,celmis-postgres,0.12,40.21,6928.38,0.58,24.6,14.0,43.2,47.8,13
2026-08-21T18:39:38Z,celmis-sandbox,0.03,52.75,3072.0,1.72,0.0,0.0,18.0,0.0,3
2026-08-21T18:39:38Z,celmis-qdrant,0.74,178.4,6928.38,2.57,0.04,0.03,71.3,0.0,25
2026-08-21T18:39:45Z,celmis-web,0.08,77.8,6928.38,1.12,0.27,0.54,10.3,0.0,12
2026-08-21T18:39:45Z,celmis-api,0.52,322.2,6928.38,4.65,12.2,10.3,25.2,451.0,18
2026-08-21T18:39:45Z,celmis-postgres,0.09,40.29,6928.38,0.58,24.6,14.0,43.2,47.8,13
2026-08-21T18:39:45Z,celmis-sandbox,0.03,52.75,3072.0,1.72,0.0,0.0,18.0,0.0,3
2026-08-21T18:39:45Z,celmis-qdrant,0.10,178.4,6928.38,2.57,0.04,0.03,71.3,0.0,25
2026-08-21T18:39:52Z,celmis-web,0.00,77.71,6928.38,1.12,0.27,0.54,10.3,0.0,12
2026-08-21T18:39:52Z,celmis-api,0.24,322.4,6928.38,4.65,12.2,10.3,25.2,451.0,18
2026-08-21T18:39:52Z,celmis-postgres,1.65,39.91,6928.38,0.58,24.6,14.0,43.2,47.8,13
2026-08-21T18:39:52Z,celmis-sandbox,0.03,52.68,3072.0,1.71,0.0,0.0,18.0,0.0,3
2026-08-21T18:39:52Z,celmis-qdrant,0.07,178.2,6928.38,2.57,0.04,0.03,71.3,0.0,25
2026-08-21T18:40:00Z,celmis-web,0.02,77.62,6928.38,1.12,0.27,0.54,10.3,0.0,12
2026-08-21T18:40:00Z,celmis-api,0.31,322.3,6928.38,4.65,12.2,10.3,25.2,451.0,18
2026-08-21T18:40:00Z,celmis-postgres,0.10,39.8,6928.38,0.57,24.6,14.0,43.2,47.8,13
2026-08-21T18:40:00Z,celmis-sandbox,0.03,52.68,3072.0,1.71,0.0,0.0,18.0,0.0,3
2026-08-21T18:40:00Z,celmis-qdrant,0.09,178.2,6928.38,2.57,0.04,0.03,71.3,0.0,25
2026-08-21T18:40:08Z,celmis-web,0.00,77.57,6928.38,1.12,0.27,0.54,10.3,0.0,12
2026-08-21T18:40:08Z,celmis-api,2.09,322.3,6928.38,4.65,12.2,10.3,25.2,451.0,18
2026-08-21T18:40:08Z,celmis-postgres,1.85,40.21,6928.38,0.58,24.6,14.0,43.2,47.8,13
2026-08-21T18:40:08Z,celmis-sandbox,0.03,52.68,3072.0,1.71,0.0,0.0,18.0,0.0,3
2026-08-21T18:40:08Z,celmis-qdrant,0.08,178.1,6928.38,2.57,0.04,0.03,71.3,0.0,25
2026-08-21T18:40:15Z,celmis-web,0.03,77.62,6928.38,1.12,0.27,0.54,10.3,0.0,12
2026-08-21T18:40:15Z,celmis-api,0.59,322.3,6928.38,4.65,12.2,10.3,25.2,451.0,18
2026-08-21T18:40:15Z,celmis-postgres,0.10,40.06,6928.38,0.58,24.6,14.0,43.2,47.8,13
2026-08-21T18:40:15Z,celmis-sandbox,0.03,52.68,3072.0,1.71,0.0,0.0,18.0,0.0,3
2026-08-21T18:40:15Z,celmis-qdrant,0.11,178.1,6928.38,2.57,0.04,0.03,71.3,0.0,25
2026-08-21T18:40:22Z,celmis-web,0.01,77.45,6928.38,1.12,0.27,0.54,10.3,0.0,12
2026-08-21T18:40:22Z,celmis-api,2.22,322.4,6928.38,4.65,12.2,10.3,25.2,451.0,18
2026-08-21T18:40:22Z,celmis-postgres,2.19,40.15,6928.38,0.58,24.6,14.0,43.2,47.8,13
2026-08-21T18:40:22Z,celmis-sandbox,0.02,52.85,3072.0,1.72,0.0,0.0,18.0,0.0,3
2026-08-21T18:40:22Z,celmis-qdrant,1.28,178.3,6928.38,2.57,0.04,0.03,71.3,0.0,25
2026-08-21T18:40:30Z,celmis-web,0.03,77.43,6928.38,1.12,0.27,0.54,10.3,0.0,12
2026-08-21T18:40:30Z,celmis-api,0.30,322.6,6928.38,4.66,12.2,10.3,25.2,451.0,18
2026-08-21T18:40:30Z,celmis-postgres,1.03,39.95,6928.38,0.58,24.6,14.0,43.2,47.8,13
2026-08-21T18:40:30Z,celmis-sandbox,0.03,52.85,3072.0,1.72,0.0,0.0,18.0,0.0,3
2026-08-21T18:40:30Z,celmis-qdrant,0.17,178.3,6928.38,2.57,0.04,0.03,71.3,0.0,25
2026-08-21T18:40:38Z,celmis-web,0.01,77.43,6928.38,1.12,0.27,0.54,10.3,0.0,12
2026-08-21T18:40:38Z,celmis-api,3.32,322.6,6928.38,4.66,12.2,10.4,25.2,451.0,18
2026-08-21T18:40:38Z,celmis-postgres,1.89,39.83,6928.38,0.57,24.6,14.0,43.2,47.8,13
2026-08-21T18:40:38Z,celmis-sandbox,0.04,52.85,3072.0,1.72,0.0,0.0,18.0,0.0,3
2026-08-21T18:40:38Z,celmis-qdrant,0.12,178.1,6928.38,2.57,0.04,0.03,71.3,0.0,25
2026-08-21T18:40:46Z,celmis-web,0.02,77.35,6928.38,1.12,0.27,0.54,10.3,0.0,12
2026-08-21T18:40:46Z,celmis-api,0.72,322.6,6928.38,4.66,12.2,10.4,25.2,451.0,18
2026-08-21T18:40:46Z,celmis-postgres,0.22,40.09,6928.38,0.58,24.6,14.0,43.2,47.8,13
2026-08-21T18:40:46Z,celmis-sandbox,0.04,52.85,3072.0,1.72,0.0,0.0,18.0,0.0,3
2026-08-21T18:40:46Z,celmis-qdrant,0.19,178.1,6928.38,2.57,0.04,0.03,71.3,0.0,25
2026-08-21T18:40:53Z,celmis-web,0.01,77.35,6928.38,1.12,0.27,0.54,10.3,0.0,12
2026-08-21T18:40:53Z,celmis-api,7.12,323.7,6928.38,4.67,12.2,10.4,25.2,451.0,19
2026-08-21T18:40:53Z,celmis-postgres,1.86,40.04,6928.38,0.58,24.6,14.0,43.2,47.8,13
2026-08-21T18:40:53Z,celmis-sandbox,0.08,53.02,3072.0,1.73,0.0,0.0,18.0,0.0,3
2026-08-21T18:40:53Z,celmis-qdrant,0.06,178.0,6928.38,2.57,0.04,0.03,71.3,0.0,25
2026-08-21T18:41:00Z,celmis-web,0.02,77.26,6928.38,1.12,0.27,0.54,10.3,0.0,12
2026-08-21T18:41:00Z,celmis-api,0.21,322.3,6928.38,4.65,12.2,10.4,25.2,451.0,18
2026-08-21T18:41:00Z,celmis-postgres,0.03,39.67,6928.38,0.57,24.6,14.0,43.2,47.9,13
2026-08-21T18:41:00Z,celmis-sandbox,0.02,53.02,3072.0,1.73,0.0,0.0,18.0,0.0,3
2026-08-21T18:41:00Z,celmis-qdrant,0.13,178.0,6928.38,2.57,0.04,0.03,71.3,0.0,25
2026-08-21T18:41:08Z,celmis-web,0.01,77.14,6928.38,1.11,0.27,0.54,10.3,0.0,12
2026-08-21T18:41:08Z,celmis-api,0.50,322.5,6928.38,4.65,12.2,10.4,25.2,451.0,18
2026-08-21T18:41:08Z,celmis-postgres,1.81,39.84,6928.38,0.57,24.6,14.0,43.2,47.9,13
2026-08-21T18:41:08Z,celmis-sandbox,0.02,53.02,3072.0,1.73,0.0,0.0,18.0,0.0,3
2026-08-21T18:41:08Z,celmis-qdrant,1.31,178.1,6928.38,2.57,0.04,0.03,71.3,0.0,25
2026-08-21T18:41:16Z,celmis-web,2.73,77.49,6928.38,1.12,0.27,0.54,10.3,0.0,12
2026-08-21T18:41:16Z,celmis-api,0.35,322.5,6928.38,4.65,12.2,10.4,25.2,451.0,18
2026-08-21T18:41:16Z,celmis-postgres,0.04,39.92,6928.38,0.58,24.6,14.0,43.2,47.9,13
2026-08-21T18:41:16Z,celmis-sandbox,0.03,53.02,3072.0,1.73,0.0,0.0,18.0,0.0,3
2026-08-21T18:41:16Z,celmis-qdrant,0.10,178.1,6928.38,2.57,0.04,0.03,71.3,0.0,25
2026-08-21T18:41:22Z,celmis-web,0.01,77.32,6928.38,1.12,0.27,0.54,10.3,0.0,12
2026-08-21T18:41:22Z,celmis-api,1.47,322.5,6928.38,4.65,12.2,10.4,25.2,451.0,18
2026-08-21T18:41:22Z,celmis-postgres,0.00,39.84,6928.38,0.57,24.6,14.0,43.2,47.9,13
2026-08-21T18:41:22Z,celmis-sandbox,0.02,53.19,3072.0,1.73,0.0,0.0,18.0,0.0,3
2026-08-21T18:41:22Z,celmis-qdrant,1.29,178.3,6928.38,2.57,0.04,0.03,71.3,0.0,25
2026-08-21T18:41:30Z,celmis-web,2.26,77.32,6928.38,1.12,0.27,0.54,10.3,0.0,12
2026-08-21T18:41:30Z,celmis-api,0.29,322.5,6928.38,4.65,12.2,10.4,25.2,451.0,18
2026-08-21T18:41:30Z,celmis-postgres,0.74,40.23,6928.38,0.58,24.6,14.0,43.2,47.9,13
2026-08-21T18:41:30Z,celmis-sandbox,0.02,53.19,3072.0,1.73,0.0,0.0,18.0,0.0,3
2026-08-21T18:41:30Z,celmis-qdrant,0.07,178.3,6928.38,2.57,0.04,0.03,71.3,0.0,25
2026-08-21T18:41:38Z,celmis-web,0.01,77.21,6928.38,1.11,0.27,0.54,10.3,0.0,12
2026-08-21T18:41:38Z,celmis-api,0.46,322.4,6928.38,4.65,12.2,10.4,25.2,451.0,18
2026-08-21T18:41:38Z,celmis-postgres,1.84,40.24,6928.38,0.58,24.6,14.0,43.2,47.9,13
2026-08-21T18:41:38Z,celmis-sandbox,0.02,53.19,3072.0,1.73,0.0,0.0,18.0,0.0,3
2026-08-21T18:41:38Z,celmis-qdrant,0.08,178.2,6928.38,2.57,0.04,0.03,71.3,0.0,25
2026-08-21T18:41:45Z,celmis-web,2.19,77.34,6928.38,1.12,0.27,0.54,10.3,0.0,12
2026-08-21T18:41:45Z,celmis-api,0.40,322.4,6928.38,4.65,12.2,10.4,25.2,451.0,18
2026-08-21T18:41:45Z,celmis-postgres,0.05,40.16,6928.38,0.58,24.6,14.0,43.2,47.9,13
2026-08-21T18:41:45Z,celmis-sandbox,0.02,53.19,3072.0,1.73,0.0,0.0,18.0,0.0,3
2026-08-21T18:41:45Z,celmis-qdrant,0.08,178.2,6928.38,2.57,0.04,0.03,71.3,0.0,25
2026-08-21T18:41:52Z,celmis-web,0.01,77.23,6928.38,1.11,0.27,0.54,10.3,0.0,12
2026-08-21T18:41:52Z,celmis-api,1.46,322.6,6928.38,4.66,12.2,10.4,25.2,451.0,18
2026-08-21T18:41:52Z,celmis-postgres,0.00,39.86,6928.38,0.58,24.6,14.0,43.2,47.9,13
2026-08-21T18:41:52Z,celmis-sandbox,0.02,52.85,3072.0,1.72,0.0,0.0,18.0,0.0,3
2026-08-21T18:41:52Z,celmis-qdrant,1.22,178.1,6928.38,2.57,0.04,0.03,71.3,0.0,25
2026-08-21T18:42:00Z,celmis-web,0.17,77.48,6928.38,1.12,0.27,0.54,10.3,0.0,18
2026-08-21T18:42:00Z,celmis-api,0.25,322.8,6928.38,4.66,12.2,10.4,25.2,451.0,18
2026-08-21T18:42:00Z,celmis-postgres,0.03,39.46,6928.38,0.57,24.6,14.0,43.2,47.9,13
2026-08-21T18:42:00Z,celmis-sandbox,0.03,52.85,3072.0,1.72,0.0,0.0,18.0,0.0,3
2026-08-21T18:42:00Z,celmis-qdrant,0.09,178.1,6928.38,2.57,0.04,0.03,71.3,0.0,25
2026-08-21T18:42:08Z,celmis-web,0.01,77.48,6928.38,1.12,0.27,0.54,10.3,0.0,12
2026-08-21T18:42:08Z,celmis-api,1.72,322.8,6928.38,4.66,12.2,10.4,25.2,451.0,18
2026-08-21T18:42:08Z,celmis-postgres,1.91,40.12,6928.38,0.58,24.6,14.0,43.2,47.9,13
2026-08-21T18:42:08Z,celmis-sandbox,0.02,52.85,3072.0,1.72,0.0,0.0,18.0,0.0,3
2026-08-21T18:42:08Z,celmis-qdrant,0.09,178.2,6928.38,2.57,0.04,0.03,71.3,0.0,25
2026-08-21T18:42:15Z,celmis-web,2.27,77.44,6928.38,1.12,0.27,0.54,10.3,0.0,12
2026-08-21T18:42:15Z,celmis-api,0.53,322.8,6928.38,4.66,12.2,10.4,25.2,451.0,18
2026-08-21T18:42:15Z,celmis-postgres,0.08,39.98,6928.38,0.58,24.6,14.0,43.2,47.9,13
2026-08-21T18:42:15Z,celmis-sandbox,0.03,52.85,3072.0,1.72,0.0,0.0,18.0,0.0,3
2026-08-21T18:42:15Z,celmis-qdrant,0.06,178.2,6928.38,2.57,0.04,0.03,71.3,0.0,25
2026-08-21T18:42:23Z,celmis-web,0.01,77.32,6928.38,1.12,0.27,0.54,10.3,0.0,12
2026-08-21T18:42:23Z,celmis-api,1.92,322.2,6928.38,4.65,12.2,10.4,25.2,451.0,18
2026-08-21T18:42:23Z,celmis-postgres,0.00,39.74,6928.38,0.57,24.6,14.0,43.2,47.9,13
2026-08-21T18:42:23Z,celmis-sandbox,0.02,52.81,3072.0,1.72,0.0,0.0,18.0,0.0,3
2026-08-21T18:42:23Z,celmis-qdrant,0.07,178.2,6928.38,2.57,0.04,0.03,71.3,0.0,25
2026-08-21T18:42:30Z,celmis-web,9.74,77.33,6928.38,1.12,0.27,0.54,10.3,0.0,12
2026-08-21T18:42:30Z,celmis-api,0.61,322.2,6928.38,4.65,12.2,10.4,25.2,451.0,18
2026-08-21T18:42:30Z,celmis-postgres,0.84,39.82,6928.38,0.57,24.6,14.0,43.2,47.9,13
2026-08-21T18:42:30Z,celmis-sandbox,0.04,52.77,3072.0,1.72,0.0,0.0,18.0,0.0,3
2026-08-21T18:42:30Z,celmis-qdrant,0.13,178.3,6928.38,2.57,0.04,0.03,71.3,0.0,25
2026-08-21T18:42:38Z,celmis-web,0.01,77.25,6928.38,1.11,0.27,0.54,10.3,0.0,12
2026-08-21T18:42:38Z,celmis-api,0.51,322.2,6928.38,4.65,12.2,10.4,25.2,451.0,18
2026-08-21T18:42:38Z,celmis-postgres,0.11,39.78,6928.38,0.57,24.7,14.0,43.2,47.9,13
2026-08-21T18:42:38Z,celmis-sandbox,0.03,52.77,3072.0,1.72,0.0,0.0,18.0,0.0,3
2026-08-21T18:42:38Z,celmis-qdrant,0.13,178.2,6928.38,2.57,0.04,0.03,71.3,0.0,25
2026-08-21T18:42:45Z,celmis-web,2.52,77.7,6928.38,1.12,0.27,0.54,10.3,0.0,12
2026-08-21T18:42:45Z,celmis-api,0.47,322.2,6928.38,4.65,12.2,10.4,25.2,451.0,18
2026-08-21T18:42:45Z,celmis-postgres,0.10,39.78,6928.38,0.57,24.7,14.0,43.2,47.9,13
2026-08-21T18:42:45Z,celmis-sandbox,0.03,52.77,3072.0,1.72,0.0,0.0,18.0,0.0,3
2026-08-21T18:42:45Z,celmis-qdrant,0.12,178.2,6928.38,2.57,0.04,0.03,71.3,0.0,25
2026-08-21T18:42:53Z,celmis-web,0.00,77.57,6928.38,1.12,0.27,0.54,10.3,0.0,12
2026-08-21T18:42:53Z,celmis-api,1.55,322.7,6928.38,4.66,12.2,10.4,25.2,451.0,18
2026-08-21T18:42:53Z,celmis-postgres,0.00,39.79,6928.38,0.57,24.7,14.0,43.2,48.0,13
2026-08-21T18:42:53Z,celmis-sandbox,0.03,52.94,3072.0,1.72,0.0,0.0,18.0,0.0,3
2026-08-21T18:42:53Z,celmis-qdrant,1.21,178.3,6928.38,2.57,0.04,0.03,71.3,0.0,25
2026-08-21T18:43:00Z,celmis-web,0.04,77.57,6928.38,1.12,0.27,0.54,10.3,0.0,12
2026-08-21T18:43:00Z,celmis-api,0.25,322.6,6928.38,4.66,12.2,10.4,25.2,451.0,18
2026-08-21T18:43:00Z,celmis-postgres,0.07,39.79,6928.38,0.57,24.7,14.0,43.2,48.0,13
2026-08-21T18:43:00Z,celmis-sandbox,0.02,52.94,3072.0,1.72,0.0,0.0,18.0,0.0,3
2026-08-21T18:43:00Z,celmis-qdrant,0.07,178.3,6928.38,2.57,0.04,0.03,71.3,0.0,25
2026-08-21T18:43:08Z,celmis-web,0.01,77.28,6928.38,1.12,0.27,0.54,10.3,0.0,12
2026-08-21T18:43:08Z,celmis-api,0.26,322.6,6928.38,4.66,12.2,10.4,25.2,451.0,18
2026-08-21T18:43:08Z,celmis-postgres,0.13,40.05,6928.38,0.58,24.7,14.0,43.2,48.0,13
2026-08-21T18:43:08Z,celmis-sandbox,0.02,52.94,3072.0,1.72,0.0,0.0,18.0,0.0,3
2026-08-21T18:43:08Z,celmis-qdrant,1.42,178.5,6928.38,2.58,0.04,0.03,71.3,0.0,25
2026-08-21T18:43:15Z,celmis-web,2.36,77.41,6928.38,1.12,0.27,0.54,10.3,0.0,12
2026-08-21T18:43:15Z,celmis-api,0.48,322.2,6928.38,4.65,12.2,10.4,25.2,451.0,18
2026-08-21T18:43:15Z,celmis-postgres,0.13,39.88,6928.38,0.58,24.7,14.0,43.2,48.0,13
2026-08-21T18:43:15Z,celmis-sandbox,0.38,52.94,3072.0,1.72,0.0,0.0,18.0,0.0,3
2026-08-21T18:43:15Z,celmis-qdrant,0.17,178.5,6928.38,2.58,0.04,0.03,71.3,0.0,25
2026-08-21T18:43:23Z,celmis-web,0.01,77.31,6928.38,1.12,0.27,0.54,10.3,0.0,12
2026-08-21T18:43:23Z,celmis-api,3.00,322.4,6928.38,4.65,12.2,10.4,25.2,451.0,18
2026-08-21T18:43:23Z,celmis-postgres,0.00,39.88,6928.38,0.58,24.7,14.0,43.2,48.0,13
2026-08-21T18:43:23Z,celmis-sandbox,0.03,52.85,3072.0,1.72,0.0,0.0,18.0,0.0,3
2026-08-21T18:43:23Z,celmis-qdrant,1.36,178.4,6928.38,2.57,0.04,0.03,71.3,0.0,25
2026-08-21T18:43:30Z,celmis-web,3.91,77.82,6928.38,1.12,0.27,0.54,10.3,0.0,12
2026-08-21T18:43:30Z,celmis-api,0.48,322.3,6928.38,4.65,12.2,10.4,25.2,451.0,18
2026-08-21T18:43:30Z,celmis-postgres,1.44,40.21,6928.38,0.58,24.7,14.0,43.2,48.0,13
2026-08-21T18:43:30Z,celmis-sandbox,0.03,52.85,3072.0,1.72,0.0,0.0,18.0,0.0,3
2026-08-21T18:43:30Z,celmis-qdrant,0.09,178.4,6928.38,2.57,0.04,0.03,71.3,0.0,25
2026-08-21T18:43:38Z,celmis-web,0.01,77.59,6928.38,1.12,0.27,0.54,10.3,0.0,12
2026-08-21T18:43:38Z,celmis-api,2.01,322.6,6928.38,4.66,12.2,10.4,25.2,451.0,18
2026-08-21T18:43:38Z,celmis-postgres,0.03,39.86,6928.38,0.58,24.7,14.0,43.2,48.0,13
2026-08-21T18:43:38Z,celmis-sandbox,0.02,52.85,3072.0,1.72,0.0,0.0,18.0,0.0,3
2026-08-21T18:43:38Z,celmis-qdrant,1.37,178.5,6928.38,2.58,0.04,0.03,71.3,0.0,25
2026-08-21T18:43:45Z,celmis-web,2.17,77.65,6928.38,1.12,0.27,0.54,10.3,0.0,12
2026-08-21T18:43:45Z,celmis-api,0.51,322.5,6928.38,4.65,12.2,10.4,25.2,451.0,18
2026-08-21T18:43:45Z,celmis-postgres,0.09,39.58,6928.38,0.57,24.7,14.0,43.2,48.0,13
2026-08-21T18:43:45Z,celmis-sandbox,0.04,52.85,3072.0,1.72,0.0,0.0,18.0,0.0,3
2026-08-21T18:43:45Z,celmis-qdrant,0.09,178.5,6928.38,2.58,0.04,0.03,71.3,0.0,25
2026-08-21T18:43:53Z,celmis-web,0.01,77.62,6928.38,1.12,0.27,0.54,10.3,0.0,12
2026-08-21T18:43:53Z,celmis-api,1.99,322.6,6928.38,4.66,12.2,10.4,25.2,451.0,18
2026-08-21T18:43:53Z,celmis-postgres,0.00,39.91,6928.38,0.58,24.7,14.0,43.2,48.0,13
2026-08-21T18:43:53Z,celmis-sandbox,0.03,53.02,3072.0,1.73,0.0,0.0,18.0,0.0,3
2026-08-21T18:43:53Z,celmis-qdrant,1.22,178.5,6928.38,2.58,0.04,0.03,71.3,0.0,25
2026-08-21T18:44:00Z,celmis-web,2.66,77.51,6928.38,1.12,0.27,0.54,10.3,0.0,12
2026-08-21T18:44:00Z,celmis-api,0.25,322.5,6928.38,4.65,12.2,10.4,25.2,451.0,18
2026-08-21T18:44:00Z,celmis-postgres,0.08,40.03,6928.38,0.58,24.7,14.0,43.2,48.0,13
2026-08-21T18:44:00Z,celmis-sandbox,0.03,53.02,3072.0,1.73,0.0,0.0,18.0,0.0,3
2026-08-21T18:44:00Z,celmis-qdrant,0.08,178.5,6928.38,2.58,0.04,0.03,71.3,0.0,25
2026-08-21T18:44:08Z,celmis-web,0.00,77.48,6928.38,1.12,0.27,0.54,10.3,0.0,12
2026-08-21T18:44:08Z,celmis-api,2.12,322.5,6928.38,4.65,12.2,10.4,25.2,451.0,18
2026-08-21T18:44:08Z,celmis-postgres,0.03,39.64,6928.38,0.57,24.7,14.0,43.2,48.0,13
2026-08-21T18:44:08Z,celmis-sandbox,0.04,53.02,3072.0,1.73,0.0,0.0,18.0,0.0,3
2026-08-21T18:44:08Z,celmis-qdrant,1.28,178.7,6928.38,2.58,0.04,0.03,71.3,0.0,25
2026-08-21T18:44:15Z,celmis-web,2.13,77.25,6928.38,1.11,0.27,0.54,10.3,0.0,12
2026-08-21T18:44:15Z,celmis-api,0.53,322.4,6928.38,4.65,12.2,10.4,25.2,451.0,18
2026-08-21T18:44:15Z,celmis-postgres,0.10,39.85,6928.38,0.58,24.7,14.0,43.2,48.0,13
2026-08-21T18:44:15Z,celmis-sandbox,0.03,53.02,3072.0,1.73,0.0,0.0,18.0,0.0,3
2026-08-21T18:44:15Z,celmis-qdrant,0.09,178.6,6928.38,2.58,0.04,0.03,71.3,0.0,25
2026-08-21T18:44:23Z,celmis-web,0.00,77.23,6928.38,1.11,0.27,0.54,10.3,0.0,12
2026-08-21T18:44:23Z,celmis-api,2.14,322.6,6928.38,4.66,12.2,10.4,25.2,451.0,18
2026-08-21T18:44:23Z,celmis-postgres,0.25,39.84,6928.38,0.57,24.7,14.0,43.2,48.0,13
2026-08-21T18:44:23Z,celmis-sandbox,0.02,52.94,3072.0,1.72,0.0,0.0,18.0,0.0,3
2026-08-21T18:44:23Z,celmis-qdrant,0.07,178.6,6928.38,2.58,0.04,0.03,71.3,0.0,25
2026-08-21T18:44:30Z,celmis-web,2.22,77.5,6928.38,1.12,0.27,0.54,10.3,0.0,12
2026-08-21T18:44:30Z,celmis-api,0.59,322.5,6928.38,4.66,12.2,10.4,25.2,451.0,18
2026-08-21T18:44:30Z,celmis-postgres,0.81,39.95,6928.38,0.58,24.7,14.0,43.2,48.2,13
2026-08-21T18:44:30Z,celmis-sandbox,0.03,52.94,3072.0,1.72,0.0,0.0,18.0,0.0,3
2026-08-21T18:44:30Z,celmis-qdrant,0.05,178.5,6928.38,2.58,0.04,0.03,71.3,0.0,25
2026-08-21T18:44:38Z,celmis-web,0.01,77.41,6928.38,1.12,0.27,0.54,10.3,0.0,12
2026-08-21T18:44:38Z,celmis-api,1.93,322.6,6928.38,4.66,12.2,10.4,25.2,451.0,18
2026-08-21T18:44:38Z,celmis-postgres,0.00,39.88,6928.38,0.58,24.7,14.0,43.2,48.2,13
2026-08-21T18:44:38Z,celmis-sandbox,0.03,52.94,3072.0,1.72,0.0,0.0,18.0,0.0,3
2026-08-21T18:44:38Z,celmis-qdrant,1.04,178.4,6928.38,2.58,0.04,0.03,71.3,0.0,25
2026-08-21T18:44:45Z,celmis-web,2.50,77.47,6928.38,1.12,0.27,0.54,10.3,0.0,12
2026-08-21T18:44:45Z,celmis-api,0.55,322.5,6928.38,4.65,12.2,10.4,25.2,451.0,18
2026-08-21T18:44:45Z,celmis-postgres,0.10,39.86,6928.38,0.58,24.7,14.0,43.2,48.3,13
2026-08-21T18:44:45Z,celmis-sandbox,0.02,52.94,3072.0,1.72,0.0,0.0,18.0,0.0,3
2026-08-21T18:44:45Z,celmis-qdrant,0.05,178.4,6928.38,2.58,0.04,0.03,71.3,0.0,25
2026-08-21T18:44:53Z,celmis-web,0.01,77.44,6928.38,1.12,0.27,0.54,10.3,0.0,12
2026-08-21T18:44:53Z,celmis-api,0.25,322.5,6928.38,4.65,12.2,10.4,25.2,451.0,18
2026-08-21T18:44:53Z,celmis-postgres,0.03,39.68,6928.38,0.57,24.7,14.0,43.2,48.3,13
2026-08-21T18:44:53Z,celmis-sandbox,0.02,52.86,3072.0,1.72,0.0,0.0,18.0,0.0,3
2026-08-21T18:44:53Z,celmis-qdrant,1.15,178.4,6928.38,2.57,0.04,0.03,71.3,0.0,25
2026-08-21T18:45:00Z,celmis-web,2.15,77.27,6928.38,1.12,0.27,0.54,10.3,0.0,12
2026-08-21T18:45:00Z,celmis-api,0.50,322.3,6928.38,4.65,12.3,10.4,25.2,451.0,18
2026-08-21T18:45:00Z,celmis-postgres,0.08,39.91,6928.38,0.58,24.7,14.1,43.2,48.3,13
2026-08-21T18:45:00Z,celmis-sandbox,0.04,52.86,3072.0,1.72,0.0,0.0,18.0,0.0,3
2026-08-21T18:45:00Z,celmis-qdrant,0.09,178.1,6928.38,2.57,0.04,0.03,71.3,0.0,25
2026-08-21T18:45:08Z,celmis-web,0.01,77.18,6928.38,1.11,0.27,0.54,10.3,0.0,12
2026-08-21T18:45:08Z,celmis-api,1.81,322.4,6928.38,4.65,12.3,10.4,25.2,451.0,18
2026-08-21T18:45:08Z,celmis-postgres,0.02,39.9,6928.38,0.58,24.7,14.1,43.2,48.3,13
2026-08-21T18:45:08Z,celmis-sandbox,0.03,52.86,3072.0,1.72,0.0,0.0,18.0,0.0,3
2026-08-21T18:45:08Z,celmis-qdrant,0.07,178.1,6928.38,2.57,0.04,0.03,71.3,0.0,25
2026-08-21T18:45:15Z,celmis-web,2.58,77.27,6928.38,1.12,0.27,0.54,10.3,0.0,12
2026-08-21T18:45:15Z,celmis-api,0.45,322.3,6928.38,4.65,12.3,10.4,25.2,451.0,18
2026-08-21T18:45:15Z,celmis-postgres,1.71,39.96,6928.38,0.58,24.7,14.1,43.2,48.3,13
2026-08-21T18:45:15Z,celmis-sandbox,0.03,52.86,3072.0,1.72,0.0,0.0,18.0,0.0,3
2026-08-21T18:45:15Z,celmis-qdrant,0.13,178.3,6928.38,2.57,0.04,0.03,71.3,0.0,25
2026-08-21T18:45:23Z,celmis-web,0.00,77.27,6928.38,1.12,0.27,0.54,10.3,0.0,12
2026-08-21T18:45:23Z,celmis-api,0.26,322.7,6928.38,4.66,12.3,10.4,25.2,451.0,18
2026-08-21T18:45:23Z,celmis-postgres,0.03,39.95,6928.38,0.58,24.7,14.1,43.2,48.3,13
2026-08-21T18:45:23Z,celmis-sandbox,0.08,53.04,3072.0,1.73,0.0,0.0,18.0,0.0,3
2026-08-21T18:45:23Z,celmis-qdrant,1.32,178.5,6928.38,2.58,0.04,0.03,71.3,0.0,25
2026-08-21T18:45:30Z,celmis-web,3.82,77.53,6928.38,1.12,0.27,0.54,10.3,0.0,12
2026-08-21T18:45:30Z,celmis-api,0.29,322.4,6928.38,4.65,12.3,10.4,25.2,451.0,18
2026-08-21T18:45:30Z,celmis-postgres,0.80,40.03,6928.38,0.58,24.7,14.1,43.2,48.3,13
2026-08-21T18:45:30Z,celmis-sandbox,0.02,53.04,3072.0,1.73,0.0,0.0,18.0,0.0,3
2026-08-21T18:45:30Z,celmis-qdrant,0.07,178.4,6928.38,2.57,0.04,0.03,71.3,0.0,25
2026-08-21T18:45:38Z,celmis-web,0.01,77.51,6928.38,1.12,0.27,0.54,10.3,0.0,12
2026-08-21T18:45:38Z,celmis-api,0.26,322.4,6928.38,4.65,12.3,10.4,25.2,451.0,18
2026-08-21T18:45:38Z,celmis-postgres,0.00,39.99,6928.38,0.58,24.7,14.1,43.2,48.3,13
2026-08-21T18:45:38Z,celmis-sandbox,0.03,53.04,3072.0,1.73,0.0,0.0,18.0,0.0,3
2026-08-21T18:45:38Z,celmis-qdrant,1.17,178.4,6928.38,2.57,0.04,0.03,71.3,0.0,25
2026-08-21T18:45:45Z,celmis-web,0.10,77.51,6928.38,1.12,0.27,0.54,10.3,0.0,18
2026-08-21T18:45:45Z,celmis-api,0.36,322.4,6928.38,4.65,12.3,10.4,25.2,451.0,18
2026-08-21T18:45:45Z,celmis-postgres,1.78,40.02,6928.38,0.58,24.7,14.1,43.2,48.3,13
2026-08-21T18:45:45Z,celmis-sandbox,0.03,53.04,3072.0,1.73,0.0,0.0,18.0,0.0,3
2026-08-21T18:45:45Z,celmis-qdrant,0.09,178.3,6928.38,2.57,0.04,0.03,71.3,0.0,25
2026-08-21T18:45:53Z,celmis-web,0.00,77.45,6928.38,1.12,0.27,0.54,10.3,0.0,12
2026-08-21T18:45:53Z,celmis-api,2.33,322.3,6928.38,4.65,12.3,10.4,25.2,451.0,18
2026-08-21T18:45:53Z,celmis-postgres,0.05,39.55,6928.38,0.57,24.7,14.1,43.2,48.3,13
2026-08-21T18:45:53Z,celmis-sandbox,0.04,53.16,3072.0,1.73,0.0,0.0,18.0,0.0,3
2026-08-21T18:45:53Z,celmis-qdrant,0.07,178.3,6928.38,2.57,0.04,0.03,71.3,0.0,25
2026-08-21T18:46:00Z,celmis-web,0.03,77.45,6928.38,1.12,0.27,0.54,10.3,0.0,12
2026-08-21T18:46:00Z,celmis-api,0.27,322.2,6928.38,4.65,12.3,10.4,25.2,451.0,18
2026-08-21T18:46:00Z,celmis-postgres,1.68,40.03,6928.38,0.58,24.7,14.1,43.2,48.3,13
2026-08-21T18:46:00Z,celmis-sandbox,0.03,53.16,3072.0,1.73,0.0,0.0,18.0,0.0,3
2026-08-21T18:46:00Z,celmis-qdrant,0.06,178.2,6928.38,2.57,0.04,0.03,71.3,0.0,25
2026-08-21T18:46:08Z,celmis-web,0.02,77.6,6928.38,1.12,0.27,0.54,10.3,0.0,12
2026-08-21T18:46:08Z,celmis-api,1.68,322.6,6928.38,4.66,12.3,10.5,25.2,451.0,18
2026-08-21T18:46:08Z,celmis-postgres,0.03,39.77,6928.38,0.57,24.7,14.1,43.2,48.3,13
2026-08-21T18:46:08Z,celmis-sandbox,0.03,53.16,3072.0,1.73,0.0,0.0,18.0,0.0,3
2026-08-21T18:46:08Z,celmis-qdrant,1.35,178.1,6928.38,2.57,0.04,0.03,71.3,0.0,25
2026-08-21T18:46:15Z,celmis-web,0.00,77.6,6928.38,1.12,0.27,0.54,10.3,0.0,12
2026-08-21T18:46:15Z,celmis-api,0.50,322.4,6928.38,4.65,12.3,10.5,25.2,451.0,18
2026-08-21T18:46:15Z,celmis-postgres,1.90,40.21,6928.38,0.58,24.7,14.1,43.2,48.3,13
2026-08-21T18:46:15Z,celmis-sandbox,0.03,53.16,3072.0,1.73,0.0,0.0,18.0,0.0,3
2026-08-21T18:46:15Z,celmis-qdrant,0.08,178.1,6928.38,2.57,0.04,0.03,71.3,0.0,25
2026-08-21T18:46:23Z,celmis-web,0.02,77.56,6928.38,1.12,0.27,0.54,10.3,0.0,12
2026-08-21T18:46:23Z,celmis-api,1.98,322.7,6928.38,4.66,12.3,10.5,25.2,451.0,18
2026-08-21T18:46:23Z,celmis-postgres,0.00,39.83,6928.38,0.57,24.7,14.1,43.2,48.3,13
2026-08-21T18:46:23Z,celmis-sandbox,0.03,53.33,3072.0,1.74,0.0,0.0,18.0,0.0,3
2026-08-21T18:46:23Z,celmis-qdrant,0.10,178.1,6928.38,2.57,0.04,0.03,71.3,0.0,25
2026-08-21T18:46:30Z,celmis-web,2.44,77.42,6928.38,1.12,0.27,0.54,10.3,0.0,12
2026-08-21T18:46:30Z,celmis-api,0.27,322.6,6928.38,4.66,12.3,10.5,25.2,451.0,18
2026-08-21T18:46:30Z,celmis-postgres,0.06,39.82,6928.38,0.57,24.7,14.1,43.2,48.3,13
2026-08-21T18:46:30Z,celmis-sandbox,0.02,53.33,3072.0,1.74,0.0,0.0,18.0,0.0,3
2026-08-21T18:46:30Z,celmis-qdrant,0.07,178.3,6928.38,2.57,0.04,0.03,71.3,0.0,25
2026-08-21T18:46:38Z,celmis-web,0.01,77.26,6928.38,1.12,0.27,0.54,10.3,0.0,12
2026-08-21T18:46:38Z,celmis-api,1.98,322.4,6928.38,4.65,12.3,10.5,25.2,451.0,18
2026-08-21T18:46:38Z,celmis-postgres,0.04,39.69,6928.38,0.57,24.7,14.1,43.2,48.3,13
2026-08-21T18:46:38Z,celmis-sandbox,0.03,53.33,3072.0,1.74,0.0,0.0,18.0,0.0,3
2026-08-21T18:46:38Z,celmis-qdrant,1.16,178.2,6928.38,2.57,0.04,0.03,71.3,0.0,25
2026-08-21T18:46:45Z,celmis-web,0.01,77.26,6928.38,1.12,0.27,0.54,10.3,0.0,12
2026-08-21T18:46:45Z,celmis-api,0.55,322.3,6928.38,4.65,12.3,10.5,25.2,451.0,18
2026-08-21T18:46:45Z,celmis-postgres,1.74,39.9,6928.38,0.58,24.7,14.1,43.2,48.3,13
2026-08-21T18:46:45Z,celmis-sandbox,0.03,53.33,3072.0,1.74,0.0,0.0,18.0,0.0,3
2026-08-21T18:46:45Z,celmis-qdrant,0.07,178.2,6928.38,2.57,0.04,0.03,71.3,0.0,25
2026-08-21T18:46:53Z,celmis-web,0.03,77.5,6928.38,1.12,0.27,0.54,10.3,0.0,12
2026-08-21T18:46:53Z,celmis-api,2.08,322.4,6928.38,4.65,12.3,10.5,25.2,451.0,18
2026-08-21T18:46:53Z,celmis-postgres,0.00,39.89,6928.38,0.58,24.7,14.1,43.2,48.3,13
2026-08-21T18:46:53Z,celmis-sandbox,0.03,53.26,3072.0,1.73,0.0,0.0,18.0,0.0,3
2026-08-21T18:46:53Z,celmis-qdrant,1.26,178.4,6928.38,2.57,0.04,0.03,71.3,0.0,25
2026-08-21T18:47:00Z,celmis-web,0.03,77.5,6928.38,1.12,0.27,0.54,10.3,0.0,12
2026-08-21T18:47:00Z,celmis-api,0.57,322.6,6928.38,4.66,12.3,10.5,25.2,451.0,18
2026-08-21T18:47:00Z,celmis-postgres,1.82,40.11,6928.38,0.58,24.7,14.1,43.2,48.3,13
2026-08-21T18:47:00Z,celmis-sandbox,0.03,53.26,3072.0,1.73,0.0,0.0,18.0,0.0,3
2026-08-21T18:47:00Z,celmis-qdrant,0.06,178.4,6928.38,2.57,0.04,0.03,71.3,0.0,25
2026-08-21T18:47:08Z,celmis-web,0.01,77.86,6928.38,1.12,0.27,0.54,10.3,0.0,12
2026-08-21T18:47:08Z,celmis-api,1.96,322.3,6928.38,4.65,12.3,10.5,25.2,451.0,18
2026-08-21T18:47:08Z,celmis-postgres,0.03,40.1,6928.38,0.58,24.7,14.1,43.2,48.4,13
2026-08-21T18:47:08Z,celmis-sandbox,0.02,53.26,3072.0,1.73,0.0,0.0,18.0,0.0,3
2026-08-21T18:47:08Z,celmis-qdrant,0.10,178.4,6928.38,2.57,0.04,0.03,71.3,0.0,25
2026-08-21T18:47:15Z,celmis-web,0.01,77.86,6928.38,1.12,0.27,0.54,10.3,0.0,12
2026-08-21T18:47:15Z,celmis-api,0.56,322.3,6928.38,4.65,12.3,10.5,25.2,451.0,18
2026-08-21T18:47:15Z,celmis-postgres,0.14,39.93,6928.38,0.58,24.7,14.1,43.2,48.4,13
2026-08-21T18:47:15Z,celmis-sandbox,0.03,53.26,3072.0,1.73,0.0,0.0,18.0,0.0,3
2026-08-21T18:47:15Z,celmis-qdrant,0.09,178.0,6928.38,2.57,0.04,0.03,71.3,0.0,25
2026-08-21T18:47:23Z,celmis-web,0.01,77.79,6928.38,1.12,0.27,0.54,10.3,0.0,12
2026-08-21T18:47:23Z,celmis-api,2.60,322.3,6928.38,4.65,12.3,10.5,25.2,451.0,18
2026-08-21T18:47:23Z,celmis-postgres,0.00,39.89,6928.38,0.58,24.7,14.1,43.2,48.4,13
2026-08-21T18:47:23Z,celmis-sandbox,0.03,53.18,3072.0,1.73,0.0,0.0,18.0,0.0,3
2026-08-21T18:47:23Z,celmis-qdrant,0.08,178.0,6928.38,2.57,0.04,0.03,71.3,0.0,25
2026-08-21T18:47:30Z,celmis-web,1.22,77.66,6928.38,1.12,0.27,0.54,10.3,0.0,12
2026-08-21T18:47:30Z,celmis-api,0.55,322.2,6928.38,4.65,12.3,10.5,25.2,451.0,18
2026-08-21T18:47:30Z,celmis-postgres,0.00,40.11,6928.38,0.58,24.7,14.1,43.2,48.4,13
2026-08-21T18:47:30Z,celmis-sandbox,0.02,53.18,3072.0,1.73,0.0,0.0,18.0,0.0,3
2026-08-21T18:47:30Z,celmis-qdrant,0.06,178.2,6928.38,2.57,0.04,0.03,71.3,0.0,25
2026-08-21T18:47:38Z,celmis-web,0.02,77.52,6928.38,1.12,0.27,0.54,10.3,0.0,12
2026-08-21T18:47:38Z,celmis-api,2.06,322.7,6928.38,4.66,12.3,10.5,25.2,451.0,18
2026-08-21T18:47:38Z,celmis-postgres,0.02,39.65,6928.38,0.57,24.7,14.1,43.2,48.4,13
2026-08-21T18:47:38Z,celmis-sandbox,0.02,53.18,3072.0,1.73,0.0,0.0,18.0,0.0,3
2026-08-21T18:47:38Z,celmis-qdrant,1.26,178.1,6928.38,2.57,0.04,0.03,71.3,0.0,25
2026-08-21T18:47:45Z,celmis-web,0.01,77.52,6928.38,1.12,0.27,0.54,10.3,0.0,12
2026-08-21T18:47:45Z,celmis-api,0.79,322.7,6928.38,4.66,12.3,10.5,25.2,451.0,18
2026-08-21T18:47:45Z,celmis-postgres,0.17,39.89,6928.38,0.58,24.7,14.1,43.2,48.4,13
2026-08-21T18:47:45Z,celmis-sandbox,0.08,53.18,3072.0,1.73,0.0,0.0,18.0,0.0,3
2026-08-21T18:47:45Z,celmis-qdrant,0.08,178.1,6928.38,2.57,0.04,0.03,71.3,0.0,25
2026-08-21T18:47:53Z,celmis-web,0.01,77.8,6928.38,1.12,0.27,0.54,10.3,0.0,12
2026-08-21T18:47:53Z,celmis-api,0.80,322.9,6928.38,4.66,12.3,10.5,25.2,451.0,24
2026-08-21T18:47:53Z,celmis-postgres,0.00,39.98,6928.38,0.58,24.7,14.1,43.2,48.4,13
2026-08-21T18:47:53Z,celmis-sandbox,0.03,53.31,3072.0,1.74,0.0,0.0,18.0,0.0,3
2026-08-21T18:47:53Z,celmis-qdrant,0.09,178.1,6928.38,2.57,0.04,0.03,71.3,0.0,25
2026-08-21T18:48:00Z,celmis-web,0.00,77.8,6928.38,1.12,0.27,0.54,10.3,0.0,12
2026-08-21T18:48:00Z,celmis-api,1.25,322.4,6928.38,4.65,12.3,10.5,25.2,451.0,18
2026-08-21T18:48:00Z,celmis-postgres,0.27,40.01,6928.38,0.58,24.7,14.1,43.2,48.4,13
2026-08-21T18:48:00Z,celmis-sandbox,0.46,53.31,3072.0,1.74,0.0,0.0,18.0,0.0,3
2026-08-21T18:48:00Z,celmis-qdrant,0.15,178.2,6928.38,2.57,0.04,0.03,71.3,0.0,25
2026-08-21T18:48:08Z,celmis-web,0.01,77.55,6928.38,1.12,0.27,0.54,10.3,0.0,12
2026-08-21T18:48:08Z,celmis-api,0.27,322.3,6928.38,4.65,12.3,10.5,25.2,451.0,18
2026-08-21T18:48:08Z,celmis-postgres,0.03,39.96,6928.38,0.58,24.7,14.1,43.2,48.4,13
2026-08-21T18:48:08Z,celmis-sandbox,0.03,53.31,3072.0,1.74,0.0,0.0,18.0,0.0,3
2026-08-21T18:48:08Z,celmis-qdrant,1.23,178.1,6928.38,2.57,0.04,0.03,71.3,0.0,25
2026-08-21T18:48:16Z,celmis-web,0.01,77.55,6928.38,1.12,0.27,0.54,10.3,0.0,12
2026-08-21T18:48:16Z,celmis-api,0.52,322.6,6928.38,4.66,12.3,10.5,25.2,451.0,18
2026-08-21T18:48:16Z,celmis-postgres,0.09,39.79,6928.38,0.57,24.8,14.1,43.2,48.4,13
2026-08-21T18:48:16Z,celmis-sandbox,0.04,53.31,3072.0,1.74,0.0,0.0,18.0,0.0,3
2026-08-21T18:48:16Z,celmis-qdrant,0.08,178.1,6928.38,2.57,0.04,0.03,71.3,0.0,25
2026-08-21T18:48:23Z,celmis-web,0.02,77.53,6928.38,1.12,0.27,0.54,10.3,0.0,12
2026-08-21T18:48:23Z,celmis-api,0.29,322.6,6928.38,4.66,12.3,10.5,25.2,451.0,18
2026-08-21T18:48:23Z,celmis-postgres,0.00,39.91,6928.38,0.58,24.8,14.1,43.2,48.4,13
2026-08-21T18:48:23Z,celmis-sandbox,0.04,53.47,3072.0,1.74,0.0,0.0,18.0,0.0,3
2026-08-21T18:48:23Z,celmis-qdrant,0.10,178.1,6928.38,2.57,0.04,0.03,71.3,0.0,25
2026-08-21T18:48:30Z,celmis-web,0.01,77.53,6928.38,1.12,0.27,0.54,10.3,0.0,12
2026-08-21T18:48:30Z,celmis-api,0.58,322.7,6928.38,4.66,12.3,10.5,25.2,451.0,18
2026-08-21T18:48:30Z,celmis-postgres,0.00,39.85,6928.38,0.58,24.8,14.1,43.2,48.4,13
2026-08-21T18:48:30Z,celmis-sandbox,0.03,53.47,3072.0,1.74,0.0,0.0,18.0,0.0,3
2026-08-21T18:48:30Z,celmis-qdrant,0.11,178.3,6928.38,2.57,0.04,0.03,71.3,0.0,25
2026-08-21T18:48:38Z,celmis-web,0.01,77.79,6928.38,1.12,0.27,0.54,10.3,0.0,12
2026-08-21T18:48:38Z,celmis-api,2.14,322.4,6928.38,4.65,12.3,10.5,25.2,451.0,18
2026-08-21T18:48:38Z,celmis-postgres,0.04,39.61,6928.38,0.57,24.8,14.1,43.2,48.4,13
2026-08-21T18:48:38Z,celmis-sandbox,0.02,53.47,3072.0,1.74,0.0,0.0,18.0,0.0,3
2026-08-21T18:48:38Z,celmis-qdrant,0.11,178.3,6928.38,2.57,0.04,0.03,71.3,0.0,25
2026-08-21T18:48:45Z,celmis-web,0.01,77.79,6928.38,1.12,0.27,0.54,10.3,0.0,12
2026-08-21T18:48:45Z,celmis-api,0.56,322.4,6928.38,4.65,12.3,10.5,25.2,451.0,18
2026-08-21T18:48:45Z,celmis-postgres,0.13,40.12,6928.38,0.58,24.8,14.1,43.2,48.4,13
2026-08-21T18:48:45Z,celmis-sandbox,0.03,53.47,3072.0,1.74,0.0,0.0,18.0,0.0,3
2026-08-21T18:48:45Z,celmis-qdrant,0.10,178.3,6928.38,2.57,0.04,0.03,71.3,0.0,25
2026-08-21T18:48:53Z,celmis-web,0.01,77.57,6928.38,1.12,0.27,0.54,10.3,0.0,12
2026-08-21T18:48:53Z,celmis-api,0.26,322.4,6928.38,4.65,12.3,10.5,25.2,451.0,18
2026-08-21T18:48:53Z,celmis-postgres,1.59,40.02,6928.38,0.58,24.8,14.1,43.2,48.4,13
2026-08-21T18:48:53Z,celmis-sandbox,0.03,53.39,3072.0,1.74,0.0,0.0,18.0,0.0,3
2026-08-21T18:48:53Z,celmis-qdrant,0.07,178.3,6928.38,2.57,0.04,0.03,71.3,0.0,25
2026-08-21T18:49:00Z,celmis-web,0.00,77.57,6928.38,1.12,0.27,0.54,10.3,0.0,12
2026-08-21T18:49:00Z,celmis-api,0.27,322.6,6928.38,4.66,12.3,10.5,25.2,451.0,18
2026-08-21T18:49:00Z,celmis-postgres,0.08,40.07,6928.38,0.58,24.8,14.1,43.2,48.4,13
2026-08-21T18:49:00Z,celmis-sandbox,0.03,53.39,3072.0,1.74,0.0,0.0,18.0,0.0,3
2026-08-21T18:49:00Z,celmis-qdrant,0.09,178.2,6928.38,2.57,0.04,0.03,71.3,0.0,25
2026-08-21T18:49:08Z,celmis-web,0.01,77.57,6928.38,1.12,0.27,0.54,10.3,0.0,12
2026-08-21T18:49:08Z,celmis-api,3.69,322.6,6928.38,4.66,12.3,10.5,25.2,451.0,18
2026-08-21T18:49:08Z,celmis-postgres,0.92,39.75,6928.38,0.57,24.8,14.1,43.2,48.4,13
2026-08-21T18:49:08Z,celmis-sandbox,0.05,53.39,3072.0,1.74,0.0,0.0,18.0,0.0,3
2026-08-21T18:49:08Z,celmis-qdrant,1.31,178.3,6928.38,2.57,0.04,0.03,71.3,0.0,25
2026-08-21T18:49:16Z,celmis-web,0.01,77.57,6928.38,1.12,0.27,0.54,10.3,0.0,12
2026-08-21T18:49:16Z,celmis-api,0.58,322.4,6928.38,4.65,12.3,10.5,25.2,451.0,18
2026-08-21T18:49:16Z,celmis-postgres,0.18,39.84,6928.38,0.58,24.8,14.1,43.2,48.4,13
2026-08-21T18:49:16Z,celmis-sandbox,0.02,53.39,3072.0,1.74,0.0,0.0,18.0,0.0,3
2026-08-21T18:49:16Z,celmis-qdrant,0.14,178.3,6928.38,2.57,0.04,0.03,71.3,0.0,25
2026-08-21T18:49:23Z,celmis-web,0.01,77.52,6928.38,1.12,0.27,0.54,10.3,0.0,12
2026-08-21T18:49:23Z,celmis-api,0.27,322.4,6928.38,4.65,12.3,10.5,25.2,451.0,18
2026-08-21T18:49:23Z,celmis-postgres,0.03,39.59,6928.38,0.57,24.8,14.1,43.2,48.5,13
2026-08-21T18:49:23Z,celmis-sandbox,0.05,53.57,3072.0,1.74,0.0,0.0,18.0,0.0,3
2026-08-21T18:49:23Z,celmis-qdrant,0.12,178.3,6928.38,2.57,0.04,0.03,71.3,0.0,25
2026-08-21T18:49:30Z,celmis-web,0.05,77.52,6928.38,1.12,0.27,0.54,10.3,0.0,12
2026-08-21T18:49:30Z,celmis-api,0.27,322.6,6928.38,4.66,12.3,10.5,25.2,451.0,18
2026-08-21T18:49:30Z,celmis-postgres,0.06,39.75,6928.38,0.57,24.8,14.1,43.2,48.5,13
2026-08-21T18:49:30Z,celmis-sandbox,0.03,53.57,3072.0,1.74,0.0,0.0,18.0,0.0,3
2026-08-21T18:49:30Z,celmis-qdrant,0.10,178.2,6928.38,2.57,0.04,0.03,71.3,0.0,25
2026-08-21T18:49:37Z,celmis-web,0.02,77.71,6928.38,1.12,0.27,0.54,10.3,0.0,12
2026-08-21T18:49:37Z,celmis-api,0.28,322.6,6928.38,4.66,12.3,10.5,25.2,451.0,18
2026-08-21T18:49:37Z,celmis-postgres,1.86,40.07,6928.38,0.58,24.8,14.1,43.2,48.5,13
2026-08-21T18:49:37Z,celmis-sandbox,0.02,53.57,3072.0,1.74,0.0,0.0,18.0,0.0,3
2026-08-21T18:49:37Z,celmis-qdrant,0.11,178.2,6928.38,2.57,0.04,0.03,71.3,0.0,25
2026-08-21T18:49:45Z,celmis-web,0.01,77.71,6928.38,1.12,0.27,0.54,10.3,0.0,12
2026-08-21T18:49:45Z,celmis-api,0.69,322.3,6928.38,4.65,12.3,10.5,25.2,451.0,18
2026-08-21T18:49:45Z,celmis-postgres,0.16,39.86,6928.38,0.58,24.8,14.1,43.2,48.5,13
2026-08-21T18:49:45Z,celmis-sandbox,0.03,53.57,3072.0,1.74,0.0,0.0,18.0,0.0,3
2026-08-21T18:49:45Z,celmis-qdrant,0.09,178.5,6928.38,2.58,0.04,0.03,71.3,0.0,25
2026-08-21T18:49:52Z,celmis-web,0.10,77.38,6928.38,1.12,0.27,0.54,10.3,0.0,12
2026-08-21T18:49:52Z,celmis-api,0.26,322.6,6928.38,4.66,12.3,10.5,25.2,451.0,18
2026-08-21T18:49:52Z,celmis-postgres,0.54,39.86,6928.38,0.58,24.8,14.1,43.2,48.5,13
2026-08-21T18:49:52Z,celmis-sandbox,0.03,53.49,3072.0,1.74,0.0,0.0,18.0,0.0,3
2026-08-21T18:49:52Z,celmis-qdrant,0.07,178.5,6928.38,2.58,0.04,0.03,71.3,0.0,25
2026-08-21T18:49:59Z,celmis-web,0.13,77.38,6928.38,1.12,0.27,0.54,10.3,0.0,12
2026-08-21T18:49:59Z,celmis-api,0.26,322.2,6928.38,4.65,12.3,10.5,25.2,451.0,18
2026-08-21T18:49:59Z,celmis-postgres,0.47,39.88,6928.38,0.58,24.8,14.1,43.2,48.5,13
2026-08-21T18:49:59Z,celmis-sandbox,0.03,53.49,3072.0,1.74,0.0,0.0,18.0,0.0,3
2026-08-21T18:49:59Z,celmis-qdrant,0.10,178.4,6928.38,2.58,0.04,0.03,71.3,0.0,25
2026-08-21T18:50:07Z,celmis-web,0.03,77.61,6928.38,1.12,0.27,0.54,10.3,0.0,12
2026-08-21T18:50:07Z,celmis-api,0.24,322.2,6928.38,4.65,12.3,10.5,25.2,451.0,18
2026-08-21T18:50:07Z,celmis-postgres,2.19,40.32,6928.38,0.58,24.8,14.1,43.2,48.5,13
2026-08-21T18:50:07Z,celmis-sandbox,0.05,53.49,3072.0,1.74,0.0,0.0,18.0,0.0,3
2026-08-21T18:50:07Z,celmis-qdrant,0.07,178.4,6928.38,2.58,0.04,0.03,71.3,0.0,25
2026-08-21T18:50:15Z,celmis-web,0.00,77.61,6928.38,1.12,0.27,0.54,10.3,0.0,12
2026-08-21T18:50:15Z,celmis-api,0.66,322.7,6928.38,4.66,12.3,10.5,25.2,451.0,18
2026-08-21T18:50:15Z,celmis-postgres,0.11,40.22,6928.38,0.58,24.8,14.1,43.2,48.5,13
2026-08-21T18:50:15Z,celmis-sandbox,0.02,53.49,3072.0,1.74,0.0,0.0,18.0,0.0,3
2026-08-21T18:50:15Z,celmis-qdrant,0.11,178.1,6928.38,2.57,0.04,0.03,71.3,0.0,25
2026-08-21T18:50:22Z,celmis-web,0.01,77.49,6928.38,1.12,0.27,0.54,10.3,0.0,12
2026-08-21T18:50:22Z,celmis-api,0.21,322.7,6928.38,4.66,12.3,10.5,25.2,451.0,18
2026-08-21T18:50:22Z,celmis-postgres,1.89,40.49,6928.38,0.58,24.8,14.1,43.2,48.5,13
2026-08-21T18:50:22Z,celmis-sandbox,14.73,53.69,3072.0,1.75,0.0,0.0,18.0,0.0,3
2026-08-21T18:50:22Z,celmis-qdrant,0.12,178.1,6928.38,2.57,0.04,0.03,71.3,0.0,25
2026-08-21T18:50:29Z,celmis-web,0.12,77.49,6928.38,1.12,0.27,0.54,10.3,0.0,12
2026-08-21T18:50:29Z,celmis-api,0.28,322.6,6928.38,4.66,12.3,10.5,25.2,451.0,18
2026-08-21T18:50:29Z,celmis-postgres,0.53,39.91,6928.38,0.58,24.8,14.1,43.2,48.5,13
2026-08-21T18:50:29Z,celmis-sandbox,0.03,53.68,3072.0,1.75,0.0,0.0,18.0,0.0,3
2026-08-21T18:50:29Z,celmis-qdrant,0.09,178.0,6928.38,2.57,0.04,0.03,71.3,0.0,25
2026-08-21T18:50:37Z,celmis-web,0.01,77.48,6928.38,1.12,0.27,0.54,10.3,0.0,12
2026-08-21T18:50:37Z,celmis-api,0.28,322.6,6928.38,4.66,12.3,10.5,25.2,451.0,18
2026-08-21T18:50:37Z,celmis-postgres,2.20,39.88,6928.38,0.58,24.8,14.1,43.2,48.5,13
2026-08-21T18:50:37Z,celmis-sandbox,0.03,53.68,3072.0,1.75,0.0,0.0,18.0,0.0,3
2026-08-21T18:50:37Z,celmis-qdrant,0.09,178.0,6928.38,2.57,0.04,0.03,71.3,0.0,25
2026-08-21T18:50:45Z,celmis-web,0.01,77.48,6928.38,1.12,0.27,0.54,10.3,0.0,12
2026-08-21T18:50:45Z,celmis-api,0.55,322.3,6928.38,4.65,12.3,10.5,25.2,451.0,18
2026-08-21T18:50:45Z,celmis-postgres,0.10,39.77,6928.38,0.57,24.8,14.1,43.2,48.5,13
2026-08-21T18:50:45Z,celmis-sandbox,0.03,53.68,3072.0,1.75,0.0,0.0,18.0,0.0,3
2026-08-21T18:50:45Z,celmis-qdrant,0.13,178.1,6928.38,2.57,0.04,0.03,71.3,0.0,25
2026-08-21T18:50:52Z,celmis-web,0.00,77.38,6928.38,1.12,0.27,0.54,10.3,0.0,12
2026-08-21T18:50:52Z,celmis-api,0.47,322.3,6928.38,4.65,12.3,10.5,25.2,451.0,18
2026-08-21T18:50:52Z,celmis-postgres,1.26,39.82,6928.38,0.57,24.8,14.1,43.2,48.5,13
2026-08-21T18:50:52Z,celmis-sandbox,0.67,54.43,3072.0,1.77,0.0,0.0,18.0,0.0,9
2026-08-21T18:50:52Z,celmis-qdrant,0.08,178.1,6928.38,2.57,0.04,0.03,71.3,0.0,25
2026-08-21T18:50:59Z,celmis-web,0.23,77.38,6928.38,1.12,0.27,0.54,10.3,0.0,12
2026-08-21T18:50:59Z,celmis-api,0.93,322.5,6928.38,4.65,12.3,10.5,25.2,451.0,18
2026-08-21T18:50:59Z,celmis-postgres,0.08,39.73,6928.38,0.57,24.8,14.1,43.2,48.6,13
2026-08-21T18:50:59Z,celmis-sandbox,0.03,53.6,3072.0,1.74,0.0,0.0,18.0,0.0,3
2026-08-21T18:50:59Z,celmis-qdrant,0.08,178.3,6928.38,2.57,0.04,0.03,71.3,0.0,25
2026-08-21T18:51:07Z,celmis-web,0.00,77.61,6928.38,1.12,0.27,0.54,10.3,0.0,12
2026-08-21T18:51:07Z,celmis-api,0.27,322.5,6928.38,4.65,12.4,10.5,25.2,451.0,18
2026-08-21T18:51:07Z,celmis-postgres,0.03,39.99,6928.38,0.58,24.8,14.1,43.2,48.6,13
2026-08-21T18:51:07Z,celmis-sandbox,0.03,53.6,3072.0,1.74,0.0,0.0,18.0,0.0,3
2026-08-21T18:51:07Z,celmis-qdrant,0.09,178.3,6928.38,2.57,0.04,0.03,71.3,0.0,25
2026-08-21T18:51:15Z,celmis-web,0.01,77.61,6928.38,1.12,0.27,0.54,10.3,0.0,12
2026-08-21T18:51:15Z,celmis-api,0.87,322.5,6928.38,4.65,12.4,10.5,25.2,451.0,18
2026-08-21T18:51:15Z,celmis-postgres,0.22,39.84,6928.38,0.57,24.8,14.1,43.2,48.6,13
2026-08-21T18:51:15Z,celmis-sandbox,0.03,53.6,3072.0,1.74,0.0,0.0,18.0,0.0,3
2026-08-21T18:51:15Z,celmis-qdrant,0.11,178.3,6928.38,2.57,0.04,0.03,71.3,0.0,25
2026-08-21T18:51:22Z,celmis-web,0.00,77.57,6928.38,1.12,0.27,0.54,10.3,0.0,12
2026-08-21T18:51:22Z,celmis-api,0.23,322.5,6928.38,4.65,12.4,10.5,25.2,451.0,18
2026-08-21T18:51:22Z,celmis-postgres,0.09,39.93,6928.38,0.58,24.8,14.2,43.2,48.6,13
2026-08-21T18:51:22Z,celmis-sandbox,13.25,53.57,3072.0,1.74,0.0,0.0,18.0,0.0,3
2026-08-21T18:51:22Z,celmis-qdrant,0.13,178.3,6928.38,2.57,0.04,0.03,71.3,0.0,25
2026-08-21T18:51:29Z,celmis-web,0.01,77.57,6928.38,1.12,0.27,0.54,10.3,0.0,12
2026-08-21T18:51:29Z,celmis-api,0.55,322.7,6928.38,4.66,12.4,10.5,25.2,451.0,18
2026-08-21T18:51:29Z,celmis-postgres,0.45,40.19,6928.38,0.58,24.8,14.2,43.2,48.6,13
2026-08-21T18:51:29Z,celmis-sandbox,0.03,53.52,3072.0,1.74,0.0,0.0,18.0,0.0,3
2026-08-21T18:51:29Z,celmis-qdrant,0.18,178.0,6928.38,2.57,0.04,0.03,71.3,0.0,25
2026-08-21T18:51:37Z,celmis-web,0.01,77.61,6928.38,1.12,0.27,0.54,10.3,0.0,12
2026-08-21T18:51:37Z,celmis-api,0.32,322.7,6928.38,4.66,12.4,10.6,25.2,451.0,18
2026-08-21T18:51:37Z,celmis-postgres,0.03,40.0,6928.38,0.58,24.8,14.2,43.2,48.6,13
2026-08-21T18:51:37Z,celmis-sandbox,0.03,53.52,3072.0,1.74,0.0,0.0,18.0,0.0,3
2026-08-21T18:51:37Z,celmis-qdrant,0.10,178.0,6928.38,2.57,0.04,0.03,71.3,0.0,25
2026-08-21T18:51:45Z,celmis-web,0.01,77.61,6928.38,1.12,0.27,0.54,10.3,0.0,12
2026-08-21T18:51:45Z,celmis-api,0.47,322.4,6928.38,4.65,12.4,10.6,25.2,451.0,18
2026-08-21T18:51:45Z,celmis-postgres,0.09,39.85,6928.38,0.58,24.8,14.2,43.2,48.6,13
2026-08-21T18:51:45Z,celmis-sandbox,0.03,53.52,3072.0,1.74,0.0,0.0,18.0,0.0,3
2026-08-21T18:51:45Z,celmis-qdrant,0.10,178.1,6928.38,2.57,0.04,0.03,71.3,0.0,25
2026-08-21T18:51:52Z,celmis-web,0.01,77.63,6928.38,1.12,0.27,0.54,10.3,0.0,12
2026-08-21T18:51:52Z,celmis-api,0.56,322.4,6928.38,4.65,12.4,10.6,25.2,451.0,18
2026-08-21T18:51:52Z,celmis-postgres,0.02,39.97,6928.38,0.58,24.8,14.2,43.2,48.6,13
2026-08-21T18:51:52Z,celmis-sandbox,13.63,53.78,3072.0,1.75,0.0,0.0,18.0,0.0,3
2026-08-21T18:51:52Z,celmis-qdrant,0.11,178.1,6928.38,2.57,0.04,0.03,71.3,0.0,25
2026-08-21T18:51:59Z,celmis-web,0.05,77.63,6928.38,1.12,0.27,0.54,10.3,0.0,12
2026-08-21T18:51:59Z,celmis-api,0.56,322.5,6928.38,4.65,12.4,10.6,25.2,451.0,18
2026-08-21T18:51:59Z,celmis-postgres,0.13,40.25,6928.38,0.58,24.8,14.2,43.2,48.6,13
2026-08-21T18:51:59Z,celmis-sandbox,0.04,53.69,3072.0,1.75,0.0,0.0,18.0,0.0,3
2026-08-21T18:51:59Z,celmis-qdrant,0.13,178.5,6928.38,2.58,0.04,0.03,71.3,0.0,25
2026-08-21T18:52:07Z,celmis-web,0.01,77.85,6928.38,1.12,0.27,0.54,10.3,0.0,12
2026-08-21T18:52:07Z,celmis-api,0.28,322.5,6928.38,4.65,12.4,10.6,25.2,451.0,18
2026-08-21T18:52:07Z,celmis-postgres,0.03,40.19,6928.38,0.58,24.8,14.2,43.2,48.6,13
2026-08-21T18:52:07Z,celmis-sandbox,0.03,53.69,3072.0,1.75,0.0,0.0,18.0,0.0,3
2026-08-21T18:52:07Z,celmis-qdrant,0.09,178.5,6928.38,2.58,0.04,0.03,71.3,0.0,25
2026-08-21T18:52:15Z,celmis-web,0.00,77.84,6928.38,1.12,0.27,0.54,10.3,0.0,12
2026-08-21T18:52:15Z,celmis-api,0.56,322.5,6928.38,4.65,12.4,10.6,25.2,451.0,18
2026-08-21T18:52:15Z,celmis-postgres,0.09,39.88,6928.38,0.58,24.8,14.2,43.2,48.6,13
2026-08-21T18:52:15Z,celmis-sandbox,0.03,53.69,3072.0,1.75,0.0,0.0,18.0,0.0,3
2026-08-21T18:52:15Z,celmis-qdrant,0.17,178.2,6928.38,2.57,0.04,0.03,71.3,0.0,25
2026-08-21T18:52:22Z,celmis-web,0.00,77.86,6928.38,1.12,0.27,0.54,10.3,0.0,12
2026-08-21T18:52:22Z,celmis-api,0.20,322.5,6928.38,4.65,12.4,10.6,25.2,451.0,18
2026-08-21T18:52:22Z,celmis-postgres,0.02,39.75,6928.38,0.57,24.8,14.2,43.2,48.6,13
2026-08-21T18:52:22Z,celmis-sandbox,12.07,53.63,3072.0,1.75,0.0,0.0,18.0,0.0,3
2026-08-21T18:52:22Z,celmis-qdrant,0.08,178.2,6928.38,2.57,0.04,0.03,71.3,0.0,25
2026-08-21T18:52:29Z,celmis-web,0.01,77.86,6928.38,1.12,0.27,0.54,10.3,0.0,12
2026-08-21T18:52:29Z,celmis-api,0.55,322.6,6928.38,4.66,12.4,10.6,25.2,451.0,18
2026-08-21T18:52:29Z,celmis-postgres,0.15,40.01,6928.38,0.58,24.8,14.2,43.2,48.6,13
2026-08-21T18:52:29Z,celmis-sandbox,0.02,53.62,3072.0,1.75,0.0,0.0,18.0,0.0,3
2026-08-21T18:52:29Z,celmis-qdrant,0.05,178.1,6928.38,2.57,0.04,0.03,71.3,0.0,25
2026-08-21T18:52:37Z,celmis-web,0.00,77.61,6928.38,1.12,0.27,0.54,10.3,0.0,12
2026-08-21T18:52:37Z,celmis-api,0.29,322.6,6928.38,4.66,12.4,10.6,25.2,451.0,18
2026-08-21T18:52:37Z,celmis-postgres,0.03,40.16,6928.38,0.58,24.8,14.2,43.2,48.6,13
2026-08-21T18:52:37Z,celmis-sandbox,0.03,53.62,3072.0,1.75,0.0,0.0,18.0,0.0,3
2026-08-21T18:52:37Z,celmis-qdrant,0.13,178.1,6928.38,2.57,0.04,0.03,71.3,0.0,25
2026-08-21T18:52:45Z,celmis-web,0.00,77.61,6928.38,1.12,0.27,0.54,10.3,0.0,12
2026-08-21T18:52:45Z,celmis-api,0.62,322.5,6928.38,4.65,12.4,10.6,25.2,451.0,18
2026-08-21T18:52:45Z,celmis-postgres,0.10,40.1,6928.38,0.58,24.8,14.2,43.2,48.6,13
2026-08-21T18:52:45Z,celmis-sandbox,0.03,53.62,3072.0,1.75,0.0,0.0,18.0,0.0,3
2026-08-21T18:52:45Z,celmis-qdrant,0.08,178.2,6928.38,2.57,0.04,0.03,71.3,0.0,25
2026-08-21T18:52:52Z,celmis-web,0.01,77.74,6928.38,1.12,0.27,0.54,10.3,0.0,12
2026-08-21T18:52:52Z,celmis-api,0.17,322.5,6928.38,4.65,12.4,10.6,25.2,451.0,18
2026-08-21T18:52:52Z,celmis-postgres,0.81,40.02,6928.38,0.58,24.8,14.2,43.2,48.6,13
2026-08-21T18:52:52Z,celmis-sandbox,13.98,53.54,3072.0,1.74,0.0,0.0,18.0,0.0,3
2026-08-21T18:52:52Z,celmis-qdrant,0.05,178.2,6928.38,2.57,0.04,0.03,71.3,0.0,25
2026-08-21T18:52:59Z,celmis-web,0.01,77.74,6928.38,1.12,0.27,0.54,10.3,0.0,12
2026-08-21T18:52:59Z,celmis-api,0.49,322.7,6928.38,4.66,12.4,10.6,25.2,451.0,18
2026-08-21T18:52:59Z,celmis-postgres,0.09,39.91,6928.38,0.58,24.8,14.2,43.2,48.6,13
2026-08-21T18:52:59Z,celmis-sandbox,0.03,53.54,3072.0,1.74,0.0,0.0,18.0,0.0,3
2026-08-21T18:52:59Z,celmis-qdrant,0.10,178.1,6928.38,2.57,0.04,0.03,71.3,0.0,25
2026-08-21T18:53:07Z,celmis-web,0.01,77.72,6928.38,1.12,0.27,0.54,10.3,0.0,12
2026-08-21T18:53:07Z,celmis-api,0.27,322.7,6928.38,4.66,12.4,10.6,25.2,451.0,18
2026-08-21T18:53:07Z,celmis-postgres,0.03,39.64,6928.38,0.57,24.8,14.2,43.2,48.6,13
2026-08-21T18:53:07Z,celmis-sandbox,0.03,53.54,3072.0,1.74,0.0,0.0,18.0,0.0,3
2026-08-21T18:53:07Z,celmis-qdrant,0.15,178.1,6928.38,2.57,0.04,0.03,71.3,0.0,25
2026-08-21T18:53:15Z,celmis-web,0.01,77.72,6928.38,1.12,0.27,0.54,10.3,0.0,12
2026-08-21T18:53:15Z,celmis-api,0.51,322.5,6928.38,4.65,12.4,10.6,25.2,451.0,18
2026-08-21T18:53:15Z,celmis-postgres,0.09,39.83,6928.38,0.57,24.8,14.2,43.2,48.6,13
2026-08-21T18:53:15Z,celmis-sandbox,0.02,53.54,3072.0,1.74,0.0,0.0,18.0,0.0,3
2026-08-21T18:53:15Z,celmis-qdrant,0.14,178.4,6928.38,2.58,0.04,0.03,71.3,0.0,25
2026-08-21T18:53:22Z,celmis-web,0.01,78.0,6928.38,1.13,0.27,0.54,10.3,0.0,12
2026-08-21T18:53:22Z,celmis-api,0.16,322.5,6928.38,4.65,12.4,10.6,25.2,451.0,18
2026-08-21T18:53:22Z,celmis-postgres,0.23,39.75,6928.38,0.57,24.8,14.2,43.2,48.6,13
2026-08-21T18:53:22Z,celmis-sandbox,14.51,53.73,3072.0,1.75,0.0,0.0,18.0,0.0,3
2026-08-21T18:53:22Z,celmis-qdrant,0.11,178.4,6928.38,2.58,0.04,0.03,71.3,0.0,25
2026-08-21T18:53:29Z,celmis-web,0.09,78.0,6928.38,1.13,0.27,0.54,10.3,0.0,12
2026-08-21T18:53:29Z,celmis-api,0.66,322.5,6928.38,4.66,12.4,10.6,25.2,451.0,18
2026-08-21T18:53:29Z,celmis-postgres,0.19,40.05,6928.38,0.58,24.8,14.2,43.2,48.6,13
2026-08-21T18:53:29Z,celmis-sandbox,0.07,53.7,3072.0,1.75,0.0,0.0,18.0,0.0,3
2026-08-21T18:53:29Z,celmis-qdrant,0.13,178.3,6928.38,2.57,0.04,0.03,71.3,0.0,25
2026-08-21T18:53:37Z,celmis-web,0.00,77.74,6928.38,1.12,0.27,0.54,10.3,0.0,12
2026-08-21T18:53:37Z,celmis-api,0.26,322.5,6928.38,4.66,12.4,10.6,25.2,451.0,18
2026-08-21T18:53:37Z,celmis-postgres,0.03,40.09,6928.38,0.58,24.8,14.2,43.2,48.7,13
2026-08-21T18:53:37Z,celmis-sandbox,0.03,53.7,3072.0,1.75,0.0,0.0,18.0,0.0,3
2026-08-21T18:53:37Z,celmis-qdrant,0.14,178.3,6928.38,2.57,0.04,0.03,71.3,0.0,25
2026-08-21T18:53:45Z,celmis-web,0.00,77.74,6928.38,1.12,0.27,0.54,10.3,0.0,12
2026-08-21T18:53:45Z,celmis-api,0.53,322.4,6928.38,4.65,12.4,10.6,25.2,451.0,18
2026-08-21T18:53:45Z,celmis-postgres,1.45,40.07,6928.38,0.58,24.8,14.2,43.2,48.7,13
2026-08-21T18:53:45Z,celmis-sandbox,0.02,53.7,3072.0,1.75,0.0,0.0,18.0,0.0,3
2026-08-21T18:53:45Z,celmis-qdrant,0.13,178.2,6928.38,2.57,0.04,0.03,71.3,0.0,25
2026-08-21T18:53:52Z,celmis-web,0.00,77.38,6928.38,1.12,0.27,0.54,10.3,0.0,12
2026-08-21T18:53:52Z,celmis-api,0.54,322.4,6928.38,4.65,12.4,10.6,25.2,451.0,18
2026-08-21T18:53:52Z,celmis-postgres,0.00,39.82,6928.38,0.57,24.9,14.2,43.2,48.7,13
2026-08-21T18:53:52Z,celmis-sandbox,6.91,61.84,3072.0,2.01,0.0,0.0,18.0,0.0,4
2026-08-21T18:53:52Z,celmis-qdrant,0.07,178.2,6928.38,2.57,0.04,0.03,71.3,0.0,25
2026-08-21T18:53:59Z,celmis-web,0.03,77.38,6928.38,1.12,0.27,0.54,10.3,0.0,12
2026-08-21T18:53:59Z,celmis-api,0.62,322.3,6928.38,4.65,12.4,10.6,25.2,451.0,18
2026-08-21T18:53:59Z,celmis-postgres,1.96,40.05,6928.38,0.58,24.9,14.2,43.2,48.7,13
2026-08-21T18:53:59Z,celmis-sandbox,0.02,53.62,3072.0,1.75,0.0,0.0,18.0,0.0,3
2026-08-21T18:53:59Z,celmis-qdrant,0.09,178.4,6928.38,2.57,0.04,0.03,71.3,0.0,25
2026-08-21T18:54:07Z,celmis-web,0.01,77.45,6928.38,1.12,0.27,0.54,10.3,0.0,12
2026-08-21T18:54:07Z,celmis-api,0.30,322.5,6928.38,4.65,12.4,10.6,25.2,451.0,18
2026-08-21T18:54:07Z,celmis-postgres,0.03,40.06,6928.38,0.58,24.9,14.2,43.2,48.7,13
2026-08-21T18:54:07Z,celmis-sandbox,0.02,53.62,3072.0,1.75,0.0,0.0,18.0,0.0,3
2026-08-21T18:54:07Z,celmis-qdrant,0.13,178.4,6928.38,2.57,0.04,0.03,71.3,0.0,25
2026-08-21T18:54:15Z,celmis-web,0.00,77.45,6928.38,1.12,0.27,0.54,10.3,0.0,12
2026-08-21T18:54:15Z,celmis-api,1.15,322.2,6928.38,4.65,12.4,10.6,25.2,451.0,18
2026-08-21T18:54:15Z,celmis-postgres,1.93,40.11,6928.38,0.58,24.9,14.2,43.2,48.7,13
2026-08-21T18:54:15Z,celmis-sandbox,0.03,53.62,3072.0,1.75,0.0,0.0,18.0,0.0,3
2026-08-21T18:54:15Z,celmis-qdrant,0.11,178.3,6928.38,2.57,0.04,0.03,71.3,0.0,25
2026-08-21T18:54:22Z,celmis-web,0.01,77.45,6928.38,1.12,0.27,0.54,10.3,0.0,12
2026-08-21T18:54:22Z,celmis-api,0.69,322.2,6928.38,4.65,12.4,10.6,25.2,451.0,18
2026-08-21T18:54:22Z,celmis-postgres,0.55,39.96,6928.38,0.58,24.9,14.2,43.2,48.7,13
2026-08-21T18:54:22Z,celmis-sandbox,0.03,53.62,3072.0,1.75,0.0,0.0,18.0,0.0,3
2026-08-21T18:54:22Z,celmis-qdrant,0.11,178.3,6928.38,2.57,0.04,0.03,71.3,0.0,25
2026-08-21T18:54:29Z,celmis-web,0.12,77.45,6928.38,1.12,0.27,0.54,10.3,0.0,12
2026-08-21T18:54:29Z,celmis-api,3.48,322.6,6928.38,4.66,12.4,10.6,25.2,451.0,18
2026-08-21T18:54:29Z,celmis-postgres,1.44,40.09,6928.38,0.58,24.9,14.2,43.2,48.8,13
2026-08-21T18:54:29Z,celmis-sandbox,0.03,53.55,3072.0,1.74,0.0,0.0,18.0,0.0,3
2026-08-21T18:54:29Z,celmis-qdrant,0.13,178.2,6928.38,2.57,0.04,0.03,71.3,0.0,25
2026-08-21T18:54:37Z,celmis-web,0.03,77.55,6928.38,1.12,0.27,0.54,10.3,0.0,12
2026-08-21T18:54:37Z,celmis-api,0.25,322.5,6928.38,4.65,12.4,10.6,25.2,451.0,18
2026-08-21T18:54:37Z,celmis-postgres,0.00,39.75,6928.38,0.57,24.9,14.2,43.2,48.8,13
2026-08-21T18:54:37Z,celmis-sandbox,0.04,53.55,3072.0,1.74,0.0,0.0,18.0,0.0,3
2026-08-21T18:54:37Z,celmis-qdrant,0.10,178.2,6928.38,2.57,0.04,0.03,71.3,0.0,25
2026-08-21T18:54:45Z,celmis-web,0.03,77.55,6928.38,1.12,0.27,0.54,10.3,0.0,12
2026-08-21T18:54:45Z,celmis-api,0.39,322.5,6928.38,4.65,12.4,10.6,25.2,451.0,18
2026-08-21T18:54:45Z,celmis-postgres,1.96,40.19,6928.38,0.58,24.9,14.2,43.2,48.8,13
2026-08-21T18:54:45Z,celmis-sandbox,0.02,53.55,3072.0,1.74,0.0,0.0,18.0,0.0,3
2026-08-21T18:54:45Z,celmis-qdrant,0.10,178.1,6928.38,2.57,0.04,0.03,71.3,0.0,25
2026-08-21T18:54:52Z,celmis-web,0.07,77.79,6928.38,1.12,0.27,0.54,10.3,0.0,12
2026-08-21T18:54:52Z,celmis-api,0.84,322.5,6928.38,4.65,12.4,10.6,25.2,451.0,18
2026-08-21T18:54:52Z,celmis-postgres,1.22,40.02,6928.38,0.58,24.9,14.2,43.2,48.8,13
2026-08-21T18:54:52Z,celmis-sandbox,0.04,53.55,3072.0,1.74,0.0,0.0,18.0,0.0,3
2026-08-21T18:54:52Z,celmis-qdrant,0.13,178.1,6928.38,2.57,0.04,0.03,71.3,0.0,25
2026-08-21T18:54:59Z,celmis-web,0.21,77.79,6928.38,1.12,0.27,0.54,10.3,0.0,12
2026-08-21T18:54:59Z,celmis-api,2.41,322.4,6928.38,4.65,12.4,10.6,25.2,451.0,18
2026-08-21T18:54:59Z,celmis-postgres,2.30,39.8,6928.38,0.57,24.9,14.2,43.2,48.8,13
2026-08-21T18:54:59Z,celmis-sandbox,0.03,53.73,3072.0,1.75,0.0,0.0,18.0,0.0,3
2026-08-21T18:54:59Z,celmis-qdrant,0.09,178.2,6928.38,2.57,0.04,0.03,71.3,0.0,25
2026-08-21T18:55:07Z,celmis-web,0.01,77.77,6928.38,1.12,0.27,0.54,10.3,0.0,12
2026-08-21T18:55:07Z,celmis-api,0.25,322.4,6928.38,4.65,12.4,10.6,25.2,451.0,18
2026-08-21T18:55:07Z,celmis-postgres,0.02,39.75,6928.38,0.57,24.9,14.2,43.2,48.8,13
2026-08-21T18:55:07Z,celmis-sandbox,0.03,53.73,3072.0,1.75,0.0,0.0,18.0,0.0,3
2026-08-21T18:55:07Z,celmis-qdrant,0.08,178.2,6928.38,2.57,0.04,0.03,71.3,0.0,25
2026-08-21T18:55:15Z,celmis-web,0.01,77.77,6928.38,1.12,0.27,0.54,10.3,0.0,12
2026-08-21T18:55:15Z,celmis-api,0.46,322.3,6928.38,4.65,12.4,10.6,25.2,451.0,18
2026-08-21T18:55:15Z,celmis-postgres,1.76,39.88,6928.38,0.58,24.9,14.2,43.2,48.8,13
2026-08-21T18:55:15Z,celmis-sandbox,0.03,53.73,3072.0,1.75,0.0,0.0,18.0,0.0,3
2026-08-21T18:55:15Z,celmis-qdrant,0.10,178.1,6928.38,2.57,0.04,0.03,71.3,0.0,25
2026-08-21T18:55:22Z,celmis-web,0.01,77.48,6928.38,1.12,0.27,0.54,10.3,0.0,12
2026-08-21T18:55:22Z,celmis-api,0.26,322.3,6928.38,4.65,12.4,10.6,25.2,451.0,18
2026-08-21T18:55:22Z,celmis-postgres,0.09,40.1,6928.38,0.58,24.9,14.2,43.2,48.8,13
2026-08-21T18:55:22Z,celmis-sandbox,0.02,53.73,3072.0,1.75,0.0,0.0,18.0,0.0,3
2026-08-21T18:55:22Z,celmis-qdrant,0.08,178.1,6928.38,2.57,0.04,0.03,71.3,0.0,25
2026-08-21T18:55:29Z,celmis-web,0.04,77.48,6928.38,1.12,0.27,0.54,10.3,0.0,12
2026-08-21T18:55:29Z,celmis-api,0.55,322.5,6928.38,4.66,12.4,10.6,25.2,451.0,18
2026-08-21T18:55:29Z,celmis-postgres,1.82,39.95,6928.38,0.58,24.9,14.2,43.2,48.8,13
2026-08-21T18:55:29Z,celmis-sandbox,0.02,53.91,3072.0,1.75,0.0,0.0,18.0,0.0,3
2026-08-21T18:55:29Z,celmis-qdrant,0.07,178.1,6928.38,2.57,0.04,0.03,71.3,0.0,25
2026-08-21T18:55:37Z,celmis-web,0.01,68.96,6928.38,1.00,0.27,0.54,10.3,0.0,12
2026-08-21T18:55:37Z,celmis-api,0.26,322.5,6928.38,4.66,12.4,10.6,25.2,451.0,18
2026-08-21T18:55:37Z,celmis-postgres,0.03,40.09,6928.38,0.58,24.9,14.2,43.2,48.8,13
2026-08-21T18:55:37Z,celmis-sandbox,0.03,53.91,3072.0,1.75,0.0,0.0,18.0,0.0,3
2026-08-21T18:55:37Z,celmis-qdrant,0.09,178.1,6928.38,2.57,0.04,0.03,71.3,0.0,25
2026-08-21T18:55:44Z,celmis-web,0.01,68.96,6928.38,1.00,0.27,0.54,10.3,0.0,12
2026-08-21T18:55:44Z,celmis-api,0.93,322.2,6928.38,4.65,12.4,10.6,25.2,451.0,18
2026-08-21T18:55:44Z,celmis-postgres,0.18,39.59,6928.38,0.57,24.9,14.2,43.2,48.8,13
2026-08-21T18:55:44Z,celmis-sandbox,0.02,53.91,3072.0,1.75,0.0,0.0,18.0,0.0,3
2026-08-21T18:55:44Z,celmis-qdrant,0.08,178.2,6928.38,2.57,0.04,0.03,71.3,0.0,25
2026-08-21T18:55:52Z,celmis-web,0.01,69.29,6928.38,1.00,0.27,0.54,10.3,0.0,12
2026-08-21T18:55:52Z,celmis-api,0.25,322.2,6928.38,4.65,12.4,10.6,25.2,451.0,18
2026-08-21T18:55:52Z,celmis-postgres,0.77,40.07,6928.38,0.58,24.9,14.2,43.2,48.8,13
2026-08-21T18:55:52Z,celmis-sandbox,0.03,53.91,3072.0,1.75,0.0,0.0,18.0,0.0,3
2026-08-21T18:55:52Z,celmis-qdrant,0.08,178.2,6928.38,2.57,0.04,0.03,71.3,0.0,25
2026-08-21T18:55:59Z,celmis-web,0.01,69.29,6928.38,1.00,0.27,0.54,10.3,0.0,12
2026-08-21T18:55:59Z,celmis-api,0.55,322.3,6928.38,4.65,12.4,10.6,25.2,451.0,18
2026-08-21T18:55:59Z,celmis-postgres,1.80,40.12,6928.38,0.58,24.9,14.2,43.2,48.8,13
2026-08-21T18:55:59Z,celmis-sandbox,0.03,54.08,3072.0,1.76,0.0,0.0,18.0,0.0,3
2026-08-21T18:55:59Z,celmis-qdrant,0.09,178.4,6928.38,2.57,0.04,0.03,71.3,0.0,25
2026-08-21T18:56:07Z,celmis-web,0.01,69.73,6928.38,1.01,0.27,0.54,10.3,0.0,12
2026-08-21T18:56:07Z,celmis-api,0.26,322.3,6928.38,4.65,12.4,10.6,25.2,451.0,18
2026-08-21T18:56:07Z,celmis-postgres,0.09,40.06,6928.38,0.58,24.9,14.2,43.2,48.8,13
2026-08-21T18:56:07Z,celmis-sandbox,0.03,54.08,3072.0,1.76,0.0,0.0,18.0,0.0,3
2026-08-21T18:56:07Z,celmis-qdrant,0.13,178.4,6928.38,2.57,0.04,0.03,71.3,0.0,25
2026-08-21T18:56:14Z,celmis-web,0.03,69.73,6928.38,1.01,0.27,0.54,10.3,0.0,12
2026-08-21T18:56:14Z,celmis-api,0.53,322.9,6928.38,4.66,12.4,10.6,25.2,451.0,18
2026-08-21T18:56:14Z,celmis-postgres,0.12,39.83,6928.38,0.57,24.9,14.2,43.2,48.8,13
2026-08-21T18:56:14Z,celmis-sandbox,0.03,54.08,3072.0,1.76,0.0,0.0,18.0,0.0,3
2026-08-21T18:56:14Z,celmis-qdrant,0.08,178.5,6928.38,2.58,0.04,0.03,71.3,0.0,25
2026-08-21T18:56:22Z,celmis-web,0.03,70.0,6928.38,1.01,0.27,0.54,10.3,0.0,12
2026-08-21T18:56:22Z,celmis-api,0.25,322.9,6928.38,4.66,12.4,10.6,25.2,451.0,18
2026-08-21T18:56:22Z,celmis-postgres,0.01,39.85,6928.38,0.58,24.9,14.2,43.2,48.8,13
2026-08-21T18:56:22Z,celmis-sandbox,0.03,54.08,3072.0,1.76,0.0,0.0,18.0,0.0,3
2026-08-21T18:56:22Z,celmis-qdrant,0.07,178.5,6928.38,2.58,0.04,0.03,71.3,0.0,25
2026-08-21T18:56:29Z,celmis-web,0.12,70.0,6928.38,1.01,0.27,0.54,10.3,0.0,12
2026-08-21T18:56:29Z,celmis-api,0.64,322.6,6928.38,4.66,12.4,10.6,25.2,451.0,18
2026-08-21T18:56:29Z,celmis-postgres,0.12,40.06,6928.38,0.58,24.9,14.2,43.2,48.8,13
2026-08-21T18:56:29Z,celmis-sandbox,0.03,54.0,3072.0,1.76,0.0,0.0,18.0,0.0,3
2026-08-21T18:56:29Z,celmis-qdrant,0.10,178.4,6928.38,2.58,0.04,0.03,71.3,0.0,25
2026-08-21T18:56:37Z,celmis-web,0.01,70.19,6928.38,1.01,0.27,0.54,10.3,0.0,12
2026-08-21T18:56:37Z,celmis-api,0.58,322.8,6928.38,4.66,12.4,10.6,25.2,451.0,18
2026-08-21T18:56:37Z,celmis-postgres,0.01,39.88,6928.38,0.58,24.9,14.2,43.2,48.8,13
2026-08-21T18:56:37Z,celmis-sandbox,0.03,54.0,3072.0,1.76,0.0,0.0,18.0,0.0,3
2026-08-21T18:56:37Z,celmis-qdrant,0.14,178.4,6928.38,2.58,0.04,0.03,71.3,0.0,25
2026-08-21T18:56:44Z,celmis-web,0.00,70.19,6928.38,1.01,0.27,0.54,10.3,0.0,12
2026-08-21T18:56:44Z,celmis-api,0.47,322.5,6928.38,4.65,12.4,10.6,25.2,451.0,18
2026-08-21T18:56:44Z,celmis-postgres,0.13,39.84,6928.38,0.57,24.9,14.2,43.2,48.8,13
2026-08-21T18:56:44Z,celmis-sandbox,0.04,54.0,3072.0,1.76,0.0,0.0,18.0,0.0,3
2026-08-21T18:56:44Z,celmis-qdrant,0.18,178.3,6928.38,2.57,0.04,0.03,71.3,0.0,25
2026-08-21T18:58:51Z,celmis-web,0.01,70.09,6928.38,1.01,0.27,0.54,10.3,0.0,12
2026-08-21T18:58:51Z,celmis-api,0.47,322.5,6928.38,4.65,12.4,10.6,25.2,451.0,18
2026-08-21T18:58:51Z,celmis-postgres,0.00,39.85,6928.38,0.58,24.9,14.2,43.2,48.8,13
2026-08-21T18:58:51Z,celmis-sandbox,0.02,54.0,3072.0,1.76,0.0,0.0,18.0,0.0,3
2026-08-21T18:58:51Z,celmis-qdrant,0.07,178.3,6928.38,2.57,0.04,0.03,71.3,0.0,25
2026-08-21T18:59:24Z,celmis-web,0.01,70.09,6928.38,1.01,0.27,0.54,10.3,0.0,12
2026-08-21T18:59:24Z,celmis-api,1.43,322.4,6928.38,4.65,12.4,10.6,25.2,451.0,18
2026-08-21T18:59:24Z,celmis-postgres,0.23,39.97,6928.38,0.58,24.9,14.2,43.2,48.8,13
2026-08-21T18:59:24Z,celmis-sandbox,0.02,53.41,3072.0,1.74,0.0,0.0,18.0,0.0,3
2026-08-21T18:59:24Z,celmis-qdrant,0.07,178.2,6928.38,2.57,0.04,0.03,71.3,0.0,25
2026-08-21T18:59:31Z,celmis-web,0.01,70.73,6928.38,1.02,0.27,0.54,10.3,0.0,12
2026-08-21T18:59:31Z,celmis-api,0.30,322.4,6928.38,4.65,12.4,10.7,25.2,451.0,18
2026-08-21T18:59:31Z,celmis-postgres,0.00,39.98,6928.38,0.58,24.9,14.2,43.2,48.8,13
2026-08-21T18:59:31Z,celmis-sandbox,0.04,53.41,3072.0,1.74,0.0,0.0,18.0,0.0,3
2026-08-21T18:59:31Z,celmis-qdrant,0.07,178.2,6928.38,2.57,0.04,0.03,71.3,0.0,25
2026-08-21T19:17:24Z,celmis-web,0.01,70.73,6928.38,1.02,0.27,0.54,10.3,0.0,12
2026-08-21T19:17:24Z,celmis-api,0.26,322.2,6928.38,4.65,12.4,10.7,25.2,451.0,18
2026-08-21T19:17:24Z,celmis-postgres,0.03,40.05,6928.38,0.58,24.9,14.2,43.2,48.9,13
2026-08-21T19:17:24Z,celmis-sandbox,0.03,53.41,3072.0,1.74,0.0,0.0,18.0,0.0,3
2026-08-21T19:17:24Z,celmis-qdrant,0.11,178.0,6928.38,2.57,0.04,0.03,71.3,0.0,25
2026-08-21T19:32:59Z,celmis-web,0.01,68.75,6928.38,0.99,0.27,0.54,10.3,0.0,12
2026-08-21T19:32:59Z,celmis-api,0.45,322.2,6928.38,4.65,12.5,10.7,25.2,451.0,18
2026-08-21T19:32:59Z,celmis-postgres,1.33,40.15,6928.38,0.58,24.9,14.2,43.2,48.9,13
2026-08-21T19:32:59Z,celmis-sandbox,0.04,53.41,3072.0,1.74,0.0,0.0,18.0,0.0,3
2026-08-21T19:32:59Z,celmis-qdrant,0.12,178.0,6928.38,2.57,0.04,0.03,71.3,0.0,25
2026-08-21T19:50:11Z,celmis-web,0.01,68.75,6928.38,0.99,0.27,0.54,10.3,0.0,12
2026-08-21T19:50:11Z,celmis-api,0.25,322.2,6928.38,4.65,12.5,10.7,25.2,451.0,18
2026-08-21T19:50:11Z,celmis-postgres,0.01,40.11,6928.38,0.58,24.9,14.2,43.2,48.9,13
2026-08-21T19:50:11Z,celmis-sandbox,0.03,53.84,3072.0,1.75,0.0,0.0,18.0,0.0,3
2026-08-21T19:50:11Z,celmis-qdrant,0.12,178.2,6928.38,2.57,0.04,0.03,71.3,0.0,25
2026-08-21T19:51:46Z,celmis-web,0.01,69.06,6928.38,1.00,0.27,0.54,10.3,0.0,12
2026-08-21T19:51:46Z,celmis-api,0.44,322.2,6928.38,4.65,12.5,10.7,25.2,451.0,18
2026-08-21T19:51:46Z,celmis-postgres,1.54,39.12,6928.38,0.56,24.9,14.3,43.2,48.9,13
2026-08-21T19:51:46Z,celmis-sandbox,0.03,53.84,3072.0,1.75,0.0,0.0,18.0,0.0,3
2026-08-21T19:51:46Z,celmis-qdrant,0.08,178.2,6928.38,2.57,0.04,0.03,71.3,0.0,25
2026-08-21T19:52:42Z,celmis-web,0.01,69.06,6928.38,1.00,0.27,0.54,10.3,0.0,12
2026-08-21T19:52:42Z,celmis-api,0.25,322.6,6928.38,4.66,12.5,10.7,25.2,451.0,18
2026-08-21T19:52:42Z,celmis-postgres,0.00,39.56,6928.38,0.57,24.9,14.3,43.2,48.9,13
2026-08-21T19:52:42Z,celmis-sandbox,0.04,53.84,3072.0,1.75,0.0,0.0,18.0,0.0,3
2026-08-21T19:52:42Z,celmis-qdrant,0.09,178.1,6928.38,2.57,0.04,0.03,71.3,0.0,25
2026-08-21T19:57:59Z,celmis-web,0.02,69.62,6928.38,1.00,0.27,0.54,10.3,0.0,12
2026-08-21T19:57:59Z,celmis-api,0.53,322.6,6928.38,4.66,12.5,10.7,25.2,451.0,18
2026-08-21T19:57:59Z,celmis-postgres,1.71,39.54,6928.38,0.57,24.9,14.3,43.2,48.9,13
2026-08-21T19:57:59Z,celmis-sandbox,0.04,53.84,3072.0,1.75,0.0,0.0,18.0,0.0,3
2026-08-21T19:57:59Z,celmis-qdrant,0.15,178.1,6928.38,2.57,0.04,0.03,71.3,0.0,25
2026-08-21T19:58:06Z,celmis-web,0.01,69.62,6928.38,1.00,0.27,0.54,10.3,0.0,12
2026-08-21T19:58:06Z,celmis-api,0.51,322.5,6928.38,4.65,12.5,10.7,25.2,451.0,18
2026-08-21T19:58:06Z,celmis-postgres,0.00,39.48,6928.38,0.57,24.9,14.3,43.2,48.9,13
2026-08-21T19:58:06Z,celmis-sandbox,0.03,53.96,3072.0,1.76,0.0,0.0,18.0,0.0,3
2026-08-21T19:58:06Z,celmis-qdrant,0.08,178.4,6928.38,2.57,0.04,0.03,71.3,0.0,25
2026-08-21T19:58:57Z,celmis-web,0.01,69.85,6928.38,1.01,0.27,0.54,10.3,0.0,12
2026-08-21T19:58:57Z,celmis-api,0.45,322.5,6928.38,4.65,12.5,10.7,25.2,451.0,18
2026-08-21T19:58:57Z,celmis-postgres,1.66,39.75,6928.38,0.57,24.9,14.3,43.2,48.9,13
2026-08-21T19:58:57Z,celmis-sandbox,0.03,53.96,3072.0,1.76,0.0,0.0,18.0,0.0,3
2026-08-21T19:58:57Z,celmis-qdrant,0.08,178.4,6928.38,2.57,0.04,0.03,71.3,0.0,25
2026-08-21T20:01:11Z,celmis-web,0.01,69.72,6928.38,1.01,0.27,0.54,10.3,0.0,12
2026-08-21T20:01:11Z,celmis-api,0.73,322.5,6928.38,4.65,12.5,10.7,25.2,451.0,18
2026-08-21T20:01:11Z,celmis-postgres,0.00,39.91,6928.38,0.58,25.0,14.3,43.2,48.9,13
2026-08-21T20:01:11Z,celmis-sandbox,0.03,53.96,3072.0,1.76,0.0,0.0,18.0,0.0,3
2026-08-21T20:01:11Z,celmis-qdrant,0.14,178.0,6928.38,2.57,0.04,0.03,71.3,0.0,25
2026-08-21T20:01:18Z,celmis-web,0.02,69.91,6928.38,1.01,0.27,0.54,10.3,0.0,12
2026-08-21T20:01:18Z,celmis-api,0.27,322.5,6928.38,4.65,12.5,10.7,25.2,451.0,18
2026-08-21T20:01:18Z,celmis-postgres,0.18,40.12,6928.38,0.58,25.0,14.3,43.2,48.9,13
2026-08-21T20:01:18Z,celmis-sandbox,0.03,53.96,3072.0,1.76,0.0,0.0,18.0,0.0,3
2026-08-21T20:01:18Z,celmis-qdrant,0.09,178.0,6928.38,2.57,0.04,0.03,71.3,0.0,25
2026-08-21T20:01:26Z,celmis-web,0.00,69.91,6928.38,1.01,0.27,0.54,10.3,0.0,12
2026-08-21T20:01:26Z,celmis-api,0.29,322.4,6928.38,4.65,12.5,10.7,25.2,451.0,18
2026-08-21T20:01:26Z,celmis-postgres,0.00,40.27,6928.38,0.58,25.0,14.3,43.2,48.9,13
2026-08-21T20:01:26Z,celmis-sandbox,0.02,53.62,3072.0,1.75,0.0,0.0,18.0,0.0,3
2026-08-21T20:01:26Z,celmis-qdrant,0.09,178.2,6928.38,2.57,0.04,0.03,71.3,0.0,25
2026-08-21T20:01:34Z,celmis-web,0.00,69.87,6928.38,1.01,0.27,0.54,10.3,0.0,12
2026-08-21T20:01:34Z,celmis-api,0.53,322.4,6928.38,4.65,12.5,10.7,25.2,451.0,18
2026-08-21T20:01:34Z,celmis-postgres,1.89,40.09,6928.38,0.58,25.0,14.3,43.2,48.9,13
2026-08-21T20:01:34Z,celmis-sandbox,0.03,53.62,3072.0,1.75,0.0,0.0,18.0,0.0,3
2026-08-21T20:01:34Z,celmis-qdrant,0.15,178.2,6928.38,2.57,0.04,0.03,71.3,0.0,25
2026-08-21T20:01:41Z,celmis-web,0.01,69.87,6928.38,1.01,0.27,0.54,10.3,0.0,12
2026-08-21T20:01:41Z,celmis-api,0.27,322.3,6928.38,4.65,12.5,10.7,25.2,451.0,18
2026-08-21T20:01:41Z,celmis-postgres,0.00,40.24,6928.38,0.58,25.0,14.3,43.2,48.9,13
2026-08-21T20:01:41Z,celmis-sandbox,0.02,53.62,3072.0,1.75,0.0,0.0,18.0,0.0,3
2026-08-21T20:01:41Z,celmis-qdrant,0.08,178.3,6928.38,2.57,0.04,0.03,71.3,0.0,25
2026-08-21T20:01:48Z,celmis-web,0.01,69.62,6928.38,1.00,0.27,0.54,10.3,0.0,12
2026-08-21T20:01:48Z,celmis-api,0.55,322.3,6928.38,4.65,12.5,10.7,25.2,451.0,18
2026-08-21T20:01:48Z,celmis-postgres,0.10,40.18,6928.38,0.58,25.0,14.3,43.2,48.9,13
2026-08-21T20:01:48Z,celmis-sandbox,0.02,53.62,3072.0,1.75,0.0,0.0,18.0,0.0,3
2026-08-21T20:01:48Z,celmis-qdrant,0.07,178.3,6928.38,2.57,0.04,0.03,71.3,0.0,25
2026-08-21T20:01:56Z,celmis-web,0.01,69.62,6928.38,1.00,0.27,0.54,10.3,0.0,12
2026-08-21T20:01:56Z,celmis-api,0.33,322.4,6928.38,4.65,12.5,10.7,25.2,451.0,18
2026-08-21T20:01:56Z,celmis-postgres,1.16,40.34,6928.38,0.58,25.0,14.3,43.2,48.9,13
2026-08-21T20:01:56Z,celmis-sandbox,0.03,53.79,3072.0,1.75,0.0,0.0,18.0,0.0,3
2026-08-21T20:01:56Z,celmis-qdrant,0.10,178.3,6928.38,2.57,0.04,0.03,71.3,0.0,25
2026-08-21T20:02:03Z,celmis-web,0.02,69.85,6928.38,1.01,0.27,0.54,10.3,0.0,12
2026-08-21T20:02:03Z,celmis-api,0.26,322.4,6928.38,4.65,12.5,10.7,25.2,451.0,18
2026-08-21T20:02:03Z,celmis-postgres,0.03,40.25,6928.38,0.58,25.0,14.3,43.2,48.9,13
2026-08-21T20:02:03Z,celmis-sandbox,0.03,53.79,3072.0,1.75,0.0,0.0,18.0,0.0,3
2026-08-21T20:02:03Z,celmis-qdrant,0.08,178.3,6928.38,2.57,0.04,0.03,71.3,0.0,25
2026-08-21T20:02:11Z,celmis-web,0.01,69.77,6928.38,1.01,0.27,0.54,10.3,0.0,12
2026-08-21T20:02:11Z,celmis-api,0.23,322.6,6928.38,4.66,12.5,10.7,25.2,451.0,18
2026-08-21T20:02:11Z,celmis-postgres,0.00,40.1,6928.38,0.58,25.0,14.3,43.2,48.9,13
2026-08-21T20:02:11Z,celmis-sandbox,0.02,53.79,3072.0,1.75,0.0,0.0,18.0,0.0,3
2026-08-21T20:02:11Z,celmis-qdrant,0.13,178.4,6928.38,2.58,0.04,0.03,71.3,0.0,25
2026-08-21T20:02:18Z,celmis-web,0.01,69.8,6928.38,1.01,0.27,0.54,10.3,0.0,12
2026-08-21T20:02:18Z,celmis-api,0.29,322.6,6928.38,4.66,12.5,10.7,25.2,451.0,18
2026-08-21T20:02:18Z,celmis-postgres,0.00,40.29,6928.38,0.58,25.0,14.3,43.2,48.9,13
2026-08-21T20:02:18Z,celmis-sandbox,0.06,53.79,3072.0,1.75,0.0,0.0,18.0,0.0,3
2026-08-21T20:02:18Z,celmis-qdrant,0.18,178.4,6928.38,2.58,0.04,0.03,71.3,0.0,25
2026-08-21T20:02:26Z,celmis-web,0.01,69.76,6928.38,1.01,0.27,0.54,10.3,0.0,12
2026-08-21T20:02:26Z,celmis-api,0.26,322.6,6928.38,4.66,12.5,10.7,25.2,451.0,18
2026-08-21T20:02:26Z,celmis-postgres,1.30,40.46,6928.38,0.58,25.0,14.3,43.2,49.0,13
2026-08-21T20:02:26Z,celmis-sandbox,0.04,53.7,3072.0,1.75,0.0,0.0,18.0,0.0,3
2026-08-21T20:02:26Z,celmis-qdrant,0.12,178.1,6928.38,2.57,0.04,0.03,71.3,0.0,25
2026-08-21T20:02:34Z,celmis-web,0.01,70.02,6928.38,1.01,0.27,0.54,10.3,0.0,12
2026-08-21T20:02:34Z,celmis-api,0.64,322.6,6928.38,4.66,12.5,10.7,25.2,451.0,18
2026-08-21T20:02:34Z,celmis-postgres,0.24,40.34,6928.38,0.58,25.0,14.3,43.2,49.0,13
2026-08-21T20:02:34Z,celmis-sandbox,0.05,53.7,3072.0,1.75,0.0,0.0,18.0,0.0,3
2026-08-21T20:02:34Z,celmis-qdrant,0.11,178.1,6928.38,2.57,0.04,0.03,71.3,0.0,25
2026-08-21T20:02:41Z,celmis-web,0.01,70.0,6928.38,1.01,0.27,0.54,10.3,0.0,12
2026-08-21T20:02:41Z,celmis-api,0.26,322.7,6928.38,4.66,12.5,10.7,25.2,451.0,18
2026-08-21T20:02:41Z,celmis-postgres,0.00,40.33,6928.38,0.58,25.0,14.3,43.2,49.0,13
2026-08-21T20:02:41Z,celmis-sandbox,0.04,53.7,3072.0,1.75,0.0,0.0,18.0,0.0,3
2026-08-21T20:02:41Z,celmis-qdrant,0.07,178.2,6928.38,2.57,0.04,0.03,71.3,0.0,25
2026-08-21T20:02:48Z,celmis-web,0.01,70.43,6928.38,1.02,0.27,0.54,10.3,0.0,12
2026-08-21T20:02:48Z,celmis-api,0.45,322.7,6928.38,4.66,12.5,10.7,25.2,451.0,18
2026-08-21T20:02:48Z,celmis-postgres,0.00,40.58,6928.38,0.59,25.0,14.3,43.2,49.0,13
2026-08-21T20:02:48Z,celmis-sandbox,0.05,53.7,3072.0,1.75,0.0,0.0,18.0,0.0,3
2026-08-21T20:02:48Z,celmis-qdrant,0.12,178.2,6928.38,2.57,0.04,0.03,71.3,0.0,25
2026-08-21T20:02:56Z,celmis-web,0.00,70.37,6928.38,1.02,0.27,0.54,10.3,0.0,12
2026-08-21T20:02:56Z,celmis-api,0.35,322.6,6928.38,4.66,12.5,10.7,25.2,451.0,18
2026-08-21T20:02:56Z,celmis-postgres,1.93,40.17,6928.38,0.58,25.0,14.3,43.2,49.0,13
2026-08-21T20:02:56Z,celmis-sandbox,0.07,53.87,3072.0,1.75,0.0,0.0,18.0,0.0,3
2026-08-21T20:02:56Z,celmis-qdrant,0.12,177.9,6928.38,2.57,0.04,0.03,71.3,0.0,25
2026-08-21T20:03:03Z,celmis-web,0.02,69.93,6928.38,1.01,0.27,0.54,10.3,0.0,12
2026-08-21T20:03:03Z,celmis-api,0.34,322.5,6928.38,4.66,12.5,10.7,25.2,451.0,18
2026-08-21T20:03:03Z,celmis-postgres,0.15,40.14,6928.38,0.58,25.0,14.3,43.2,49.0,13
2026-08-21T20:03:03Z,celmis-sandbox,0.04,53.87,3072.0,1.75,0.0,0.0,18.0,0.0,3
2026-08-21T20:03:03Z,celmis-qdrant,0.12,177.9,6928.38,2.57,0.04,0.03,71.3,0.0,25
2026-08-21T20:03:11Z,celmis-web,0.00,69.93,6928.38,1.01,0.27,0.54,10.3,0.0,12
2026-08-21T20:03:11Z,celmis-api,0.27,322.4,6928.38,4.65,12.5,10.7,25.2,451.0,18
2026-08-21T20:03:11Z,celmis-postgres,0.04,40.5,6928.38,0.58,25.0,14.3,43.2,49.0,13
2026-08-21T20:03:11Z,celmis-sandbox,0.03,53.87,3072.0,1.75,0.0,0.0,18.0,0.0,3
2026-08-21T20:03:11Z,celmis-qdrant,0.08,178.0,6928.38,2.57,0.04,0.03,71.3,0.0,25
2026-08-21T20:03:18Z,celmis-web,2.19,70.61,6928.38,1.02,0.27,0.54,10.3,0.0,12
2026-08-21T20:03:18Z,celmis-api,0.59,322.4,6928.38,4.65,12.5,10.7,25.2,451.0,18
2026-08-21T20:03:18Z,celmis-postgres,0.10,40.22,6928.38,0.58,25.0,14.3,43.2,49.0,13
2026-08-21T20:03:18Z,celmis-sandbox,0.03,53.87,3072.0,1.75,0.0,0.0,18.0,0.0,3
2026-08-21T20:03:18Z,celmis-qdrant,0.08,178.0,6928.38,2.57,0.04,0.03,71.3,0.0,25
2026-08-21T20:03:26Z,celmis-web,0.01,70.13,6928.38,1.01,0.27,0.54,10.3,0.0,12
2026-08-21T20:03:26Z,celmis-api,0.29,322.6,6928.38,4.66,12.5,10.7,25.2,451.0,18
2026-08-21T20:03:26Z,celmis-postgres,0.00,40.57,6928.38,0.59,25.0,14.3,43.2,49.0,13
2026-08-21T20:03:26Z,celmis-sandbox,0.02,54.05,3072.0,1.76,0.0,0.0,18.0,0.0,3
2026-08-21T20:03:26Z,celmis-qdrant,0.07,178.2,6928.38,2.57,0.04,0.03,71.3,0.0,25
2026-08-21T20:03:34Z,celmis-web,0.01,70.45,6928.38,1.02,0.27,0.54,10.3,0.0,12
2026-08-21T20:03:34Z,celmis-api,0.28,322.6,6928.38,4.66,12.5,10.8,25.2,451.0,18
2026-08-21T20:03:34Z,celmis-postgres,0.09,40.57,6928.38,0.59,25.0,14.3,43.2,49.0,13
2026-08-21T20:03:34Z,celmis-sandbox,0.02,54.05,3072.0,1.76,0.0,0.0,18.0,0.0,3
2026-08-21T20:03:34Z,celmis-qdrant,0.09,178.2,6928.38,2.57,0.04,0.03,71.3,0.0,25
2026-08-21T20:03:41Z,celmis-web,0.01,70.4,6928.38,1.02,0.27,0.54,10.3,0.0,12
2026-08-21T20:03:41Z,celmis-api,0.24,322.6,6928.38,4.66,12.5,10.8,25.2,451.0,18
2026-08-21T20:03:41Z,celmis-postgres,1.73,40.36,6928.38,0.58,25.0,14.3,43.2,49.0,13
2026-08-21T20:03:41Z,celmis-sandbox,0.01,54.05,3072.0,1.76,0.0,0.0,18.0,0.0,3
2026-08-21T20:03:41Z,celmis-qdrant,0.12,178.1,6928.38,2.57,0.04,0.03,71.3,0.0,25
2026-08-21T20:03:48Z,celmis-web,1.60,70.19,6928.38,1.01,0.27,0.54,10.3,0.0,12
2026-08-21T20:03:48Z,celmis-api,0.23,322.6,6928.38,4.66,12.5,10.8,25.2,451.0,18
2026-08-21T20:03:48Z,celmis-postgres,0.00,40.28,6928.38,0.58,25.0,14.3,43.2,49.0,13
2026-08-21T20:03:48Z,celmis-sandbox,0.03,54.05,3072.0,1.76,0.0,0.0,18.0,0.0,3
2026-08-21T20:03:48Z,celmis-qdrant,0.08,178.1,6928.38,2.57,0.04,0.03,71.3,0.0,25
2026-08-21T20:03:56Z,celmis-web,0.00,70.04,6928.38,1.01,0.27,0.54,10.3,0.0,12
2026-08-21T20:03:56Z,celmis-api,0.26,322.5,6928.38,4.65,12.5,10.8,25.2,451.0,18
2026-08-21T20:03:56Z,celmis-postgres,0.00,40.33,6928.38,0.58,25.0,14.3,43.2,49.0,13
2026-08-21T20:03:56Z,celmis-sandbox,0.03,53.97,3072.0,1.76,0.0,0.0,18.0,0.0,3
2026-08-21T20:03:56Z,celmis-qdrant,0.09,178.2,6928.38,2.57,0.04,0.03,71.3,0.0,25
2026-08-21T20:04:03Z,celmis-web,0.00,70.48,6928.38,1.02,0.27,0.54,10.3,0.0,12
2026-08-21T20:04:03Z,celmis-api,0.28,322.7,6928.38,4.66,12.5,10.8,25.2,451.0,18
2026-08-21T20:04:03Z,celmis-postgres,0.03,40.27,6928.38,0.58,25.0,14.3,43.2,49.1,13
2026-08-21T20:04:03Z,celmis-sandbox,0.03,53.97,3072.0,1.76,0.0,0.0,18.0,0.0,3
2026-08-21T20:04:03Z,celmis-qdrant,0.07,178.2,6928.38,2.57,0.04,0.03,71.3,0.0,25
2026-08-21T20:04:11Z,celmis-web,0.00,70.48,6928.38,1.02,0.27,0.54,10.3,0.0,12
2026-08-21T20:04:11Z,celmis-api,0.23,322.7,6928.38,4.66,12.5,10.8,25.2,451.0,18
2026-08-21T20:04:11Z,celmis-postgres,2.12,40.37,6928.38,0.58,25.0,14.3,43.2,49.1,13
2026-08-21T20:04:11Z,celmis-sandbox,0.03,53.97,3072.0,1.76,0.0,0.0,18.0,0.0,3
2026-08-21T20:04:11Z,celmis-qdrant,0.07,178.3,6928.38,2.57,0.04,0.03,71.3,0.0,25
2026-08-21T20:04:18Z,celmis-web,0.02,70.51,6928.38,1.02,0.27,0.54,10.3,0.0,12
2026-08-21T20:04:18Z,celmis-api,0.47,322.7,6928.38,4.66,12.5,10.8,25.2,451.0,18
2026-08-21T20:04:18Z,celmis-postgres,0.07,40.36,6928.38,0.58,25.0,14.3,43.2,49.1,13
2026-08-21T20:04:18Z,celmis-sandbox,0.07,53.97,3072.0,1.76,0.0,0.0,18.0,0.0,3
2026-08-21T20:04:18Z,celmis-qdrant,0.08,178.3,6928.38,2.57,0.04,0.03,71.3,0.0,25
2026-08-21T20:04:26Z,celmis-web,0.00,70.43,6928.38,1.02,0.27,0.54,10.3,0.0,12
2026-08-21T20:04:26Z,celmis-api,0.26,322.7,6928.38,4.66,12.5,10.8,25.2,451.0,18
2026-08-21T20:04:26Z,celmis-postgres,1.81,40.45,6928.38,0.58,25.0,14.3,43.2,49.1,13
2026-08-21T20:04:26Z,celmis-sandbox,0.03,53.89,3072.0,1.75,0.0,0.0,18.0,0.0,3
2026-08-21T20:04:26Z,celmis-qdrant,0.10,178.2,6928.38,2.57,0.04,0.03,71.3,0.0,25
2026-08-21T20:04:33Z,celmis-web,0.01,70.59,6928.38,1.02,0.27,0.54,10.3,0.0,12
2026-08-21T20:04:33Z,celmis-api,0.27,322.6,6928.38,4.66,12.6,10.8,25.2,451.0,18
2026-08-21T20:04:33Z,celmis-postgres,0.16,40.16,6928.38,0.58,25.0,14.3,43.2,49.1,13
2026-08-21T20:04:33Z,celmis-sandbox,0.03,53.89,3072.0,1.75,0.0,0.0,18.0,0.0,3
2026-08-21T20:04:33Z,celmis-qdrant,0.09,178.2,6928.38,2.57,0.04,0.03,71.3,0.0,25
2026-08-21T20:04:41Z,celmis-web,0.01,70.59,6928.38,1.02,0.27,0.54,10.3,0.0,12
2026-08-21T20:04:41Z,celmis-api,0.25,322.3,6928.38,4.65,12.6,10.8,25.2,451.0,18
2026-08-21T20:04:41Z,celmis-postgres,1.62,40.24,6928.38,0.58,25.0,14.3,43.2,49.1,13
2026-08-21T20:04:41Z,celmis-sandbox,0.02,53.89,3072.0,1.75,0.0,0.0,18.0,0.0,3
2026-08-21T20:04:41Z,celmis-qdrant,0.09,178.3,6928.38,2.57,0.04,0.03,71.3,0.0,25
2026-08-21T20:04:48Z,celmis-web,0.03,70.54,6928.38,1.02,0.27,0.54,10.3,0.0,12
2026-08-21T20:04:48Z,celmis-api,0.58,322.3,6928.38,4.65,12.6,10.8,25.2,451.0,18
2026-08-21T20:04:48Z,celmis-postgres,0.11,40.38,6928.38,0.58,25.0,14.3,43.2,49.1,13
2026-08-21T20:04:48Z,celmis-sandbox,0.04,53.89,3072.0,1.75,0.0,0.0,18.0,0.0,3
2026-08-21T20:04:48Z,celmis-qdrant,0.08,178.3,6928.38,2.57,0.04,0.03,71.3,0.0,25
2026-08-21T20:04:56Z,celmis-web,0.00,70.54,6928.38,1.02,0.27,0.54,10.3,0.0,12
2026-08-21T20:04:56Z,celmis-api,0.33,322.5,6928.38,4.65,12.6,10.8,25.2,451.0,18
2026-08-21T20:04:56Z,celmis-postgres,1.63,40.3,6928.38,0.58,25.0,14.3,43.2,49.1,13
2026-08-21T20:04:56Z,celmis-sandbox,0.03,54.29,3072.0,1.77,0.0,0.0,18.0,0.0,3
2026-08-21T20:04:56Z,celmis-qdrant,0.12,178.2,6928.38,2.57,0.04,0.03,71.3,0.0,25
2026-08-21T20:05:03Z,celmis-web,0.02,70.66,6928.38,1.02,0.27,0.54,10.3,0.0,12
2026-08-21T20:05:03Z,celmis-api,0.25,322.4,6928.38,4.65,12.6,10.8,25.2,451.0,18
2026-08-21T20:05:03Z,celmis-postgres,0.03,40.43,6928.38,0.58,25.0,14.3,43.2,49.1,13
2026-08-21T20:05:03Z,celmis-sandbox,0.03,54.29,3072.0,1.77,0.0,0.0,18.0,0.0,3
2026-08-21T20:05:03Z,celmis-qdrant,0.10,178.2,6928.38,2.57,0.04,0.03,71.3,0.0,25
2026-08-21T20:05:11Z,celmis-web,0.00,70.66,6928.38,1.02,0.27,0.54,10.3,0.0,12
2026-08-21T20:05:11Z,celmis-api,0.21,322.7,6928.38,4.66,12.6,10.8,25.2,451.0,18
2026-08-21T20:05:11Z,celmis-postgres,2.17,40.75,6928.38,0.59,25.0,14.3,43.2,49.1,13
2026-08-21T20:05:11Z,celmis-sandbox,0.07,54.29,3072.0,1.77,0.0,0.0,18.0,0.0,3
2026-08-21T20:05:11Z,celmis-qdrant,0.14,178.6,6928.38,2.58,0.04,0.03,71.3,0.0,25
2026-08-21T20:05:18Z,celmis-web,0.02,70.75,6928.38,1.02,0.27,0.54,10.3,0.0,12
2026-08-21T20:05:18Z,celmis-api,0.57,322.7,6928.38,4.66,12.6,10.8,25.2,451.0,18
2026-08-21T20:05:18Z,celmis-postgres,0.10,40.16,6928.38,0.58,25.0,14.3,43.2,49.1,13
2026-08-21T20:05:18Z,celmis-sandbox,0.06,54.29,3072.0,1.77,0.0,0.0,18.0,0.0,3
2026-08-21T20:05:18Z,celmis-qdrant,0.09,178.6,6928.38,2.58,0.04,0.03,71.3,0.0,25
2026-08-21T20:05:26Z,celmis-web,0.01,70.74,6928.38,1.02,0.27,0.54,10.3,0.0,12
2026-08-21T20:05:26Z,celmis-api,0.27,322.6,6928.38,4.66,12.6,10.8,25.2,451.0,18
2026-08-21T20:05:26Z,celmis-postgres,0.00,40.38,6928.38,0.58,25.0,14.4,43.2,49.1,13
2026-08-21T20:05:26Z,celmis-sandbox,0.04,54.48,3072.0,1.77,0.0,0.0,18.0,0.0,3
2026-08-21T20:05:26Z,celmis-qdrant,0.14,178.3,6928.38,2.57,0.04,0.03,71.3,0.0,25
2026-08-21T20:05:33Z,celmis-web,0.00,71.03,6928.38,1.03,0.27,0.54,10.3,0.0,12
2026-08-21T20:05:33Z,celmis-api,0.50,322.6,6928.38,4.66,12.6,10.8,25.2,451.0,18
2026-08-21T20:05:33Z,celmis-postgres,0.07,40.45,6928.38,0.58,25.0,14.4,43.2,49.1,13
2026-08-21T20:05:33Z,celmis-sandbox,0.03,54.48,3072.0,1.77,0.0,0.0,18.0,0.0,3
2026-08-21T20:05:33Z,celmis-qdrant,0.08,178.3,6928.38,2.57,0.04,0.03,71.3,0.0,25
2026-08-21T20:05:41Z,celmis-web,0.01,71.03,6928.38,1.03,0.27,0.54,10.3,0.0,12
2026-08-21T20:05:41Z,celmis-api,0.29,322.8,6928.38,4.66,12.6,10.8,25.2,451.0,18
2026-08-21T20:05:41Z,celmis-postgres,0.05,40.43,6928.38,0.58,25.0,14.4,43.2,49.1,13
2026-08-21T20:05:41Z,celmis-sandbox,0.03,54.48,3072.0,1.77,0.0,0.0,18.0,0.0,3
2026-08-21T20:05:41Z,celmis-qdrant,0.12,178.1,6928.38,2.57,0.04,0.03,71.3,0.0,25
2026-08-21T20:05:48Z,celmis-web,0.03,70.98,6928.38,1.02,0.27,0.54,10.3,0.0,12
2026-08-21T20:05:48Z,celmis-api,0.22,322.8,6928.38,4.66,12.6,10.8,25.2,451.0,18
2026-08-21T20:05:48Z,celmis-postgres,0.08,40.21,6928.38,0.58,25.0,14.4,43.2,49.1,13
2026-08-21T20:05:48Z,celmis-sandbox,0.04,54.48,3072.0,1.77,0.0,0.0,18.0,0.0,3
2026-08-21T20:05:48Z,celmis-qdrant,0.07,178.1,6928.38,2.57,0.04,0.03,71.3,0.0,25
2026-08-21T20:05:56Z,celmis-web,0.01,70.95,6928.38,1.02,0.27,0.54,10.3,0.0,12
2026-08-21T20:05:56Z,celmis-api,0.48,322.6,6928.38,4.66,12.6,10.8,25.2,451.0,18
2026-08-21T20:05:56Z,celmis-postgres,0.05,40.01,6928.38,0.58,25.0,14.4,43.2,49.1,13
2026-08-21T20:05:56Z,celmis-sandbox,0.47,54.14,3072.0,1.76,0.0,0.0,18.0,0.0,3
2026-08-21T20:05:56Z,celmis-qdrant,0.12,178.3,6928.38,2.57,0.04,0.03,71.3,0.0,25
2026-08-21T20:06:03Z,celmis-web,0.02,71.21,6928.38,1.03,0.27,0.54,10.3,0.0,12
2026-08-21T20:06:03Z,celmis-api,0.50,322.6,6928.38,4.66,12.6,10.8,25.2,451.0,18
2026-08-21T20:06:03Z,celmis-postgres,0.17,40.5,6928.38,0.58,25.0,14.4,43.2,49.1,13
2026-08-21T20:06:03Z,celmis-sandbox,0.03,54.14,3072.0,1.76,0.0,0.0,18.0,0.0,3
2026-08-21T20:06:03Z,celmis-qdrant,0.09,178.3,6928.38,2.57,0.04,0.03,71.3,0.0,25
2026-08-21T20:06:11Z,celmis-web,0.01,71.19,6928.38,1.03,0.27,0.54,10.3,0.0,12
2026-08-21T20:06:11Z,celmis-api,0.27,322.4,6928.38,4.65,12.6,10.8,25.2,451.0,18
2026-08-21T20:06:11Z,celmis-postgres,0.03,40.37,6928.38,0.58,25.0,14.4,43.2,49.1,13
2026-08-21T20:06:11Z,celmis-sandbox,0.03,54.14,3072.0,1.76,0.0,0.0,18.0,0.0,3
2026-08-21T20:06:11Z,celmis-qdrant,0.15,178.2,6928.38,2.57,0.04,0.03,71.3,0.0,25
2026-08-21T20:06:18Z,celmis-web,0.03,71.51,6928.38,1.03,0.27,0.54,10.3,0.0,12
2026-08-21T20:06:18Z,celmis-api,0.55,322.4,6928.38,4.65,12.6,10.8,25.2,451.0,18
2026-08-21T20:06:18Z,celmis-postgres,0.08,40.08,6928.38,0.58,25.0,14.4,43.2,49.1,13
2026-08-21T20:06:18Z,celmis-sandbox,0.07,54.14,3072.0,1.76,0.0,0.0,18.0,0.0,3
2026-08-21T20:06:18Z,celmis-qdrant,0.07,178.2,6928.38,2.57,0.04,0.03,71.3,0.0,25
2026-08-21T20:06:26Z,celmis-web,0.01,71.45,6928.38,1.03,0.27,0.54,10.3,0.0,12
2026-08-21T20:06:26Z,celmis-api,0.21,322.8,6928.38,4.66,12.6,10.8,25.2,451.0,18
2026-08-21T20:06:26Z,celmis-postgres,0.00,40.3,6928.38,0.58,25.0,14.4,43.2,49.1,13
2026-08-21T20:06:26Z,celmis-sandbox,0.02,54.07,3072.0,1.76,0.0,0.0,18.0,0.0,3
2026-08-21T20:06:26Z,celmis-qdrant,0.18,178.1,6928.38,2.57,0.04,0.03,71.3,0.0,25
2026-08-21T20:06:33Z,celmis-web,0.01,71.2,6928.38,1.03,0.27,0.54,10.3,0.0,12
2026-08-21T20:06:33Z,celmis-api,0.57,322.8,6928.38,4.66,12.6,10.8,25.2,451.0,18
2026-08-21T20:06:33Z,celmis-postgres,0.00,40.15,6928.38,0.58,25.1,14.4,43.2,49.1,13
2026-08-21T20:06:33Z,celmis-sandbox,0.02,54.07,3072.0,1.76,0.0,0.0,18.0,0.0,3
2026-08-21T20:06:33Z,celmis-qdrant,0.12,178.1,6928.38,2.57,0.04,0.03,71.3,0.0,25
2026-08-21T20:06:41Z,celmis-web,0.01,71.16,6928.38,1.03,0.27,0.54,10.3,0.0,12
2026-08-21T20:06:41Z,celmis-api,0.31,322.6,6928.38,4.66,12.6,10.8,25.2,451.0,18
2026-08-21T20:06:41Z,celmis-postgres,0.03,40.37,6928.38,0.58,25.1,14.4,43.2,49.1,13
2026-08-21T20:06:41Z,celmis-sandbox,0.03,54.07,3072.0,1.76,0.0,0.0,18.0,0.0,3
2026-08-21T20:06:41Z,celmis-qdrant,0.12,178.3,6928.38,2.57,0.04,0.03,71.3,0.0,25
2026-08-21T20:06:48Z,celmis-web,2.37,71.75,6928.38,1.04,0.27,0.54,10.3,0.0,12
2026-08-21T20:06:48Z,celmis-api,0.50,322.6,6928.38,4.66,12.6,10.8,25.2,451.0,18
2026-08-21T20:06:48Z,celmis-postgres,0.09,40.38,6928.38,0.58,25.1,14.4,43.2,49.1,13
2026-08-21T20:06:48Z,celmis-sandbox,0.02,54.07,3072.0,1.76,0.0,0.0,18.0,0.0,3
2026-08-21T20:06:48Z,celmis-qdrant,0.09,178.3,6928.38,2.57,0.04,0.03,71.3,0.0,25
2026-08-21T20:06:56Z,celmis-web,0.00,71.69,6928.38,1.03,0.27,0.54,10.3,0.0,12
2026-08-21T20:06:56Z,celmis-api,0.39,322.4,6928.38,4.65,12.6,10.8,25.2,451.0,18
2026-08-21T20:06:56Z,celmis-postgres,0.00,40.43,6928.38,0.58,25.1,14.4,43.2,49.1,13
2026-08-21T20:06:56Z,celmis-sandbox,0.03,54.24,3072.0,1.77,0.0,0.0,18.0,0.0,3
2026-08-21T20:06:56Z,celmis-qdrant,0.14,178.2,6928.38,2.57,0.04,0.03,71.3,0.0,25
2026-08-21T20:07:04Z,celmis-web,0.01,71.8,6928.38,1.04,0.27,0.54,10.3,0.0,12
2026-08-21T20:07:04Z,celmis-api,0.57,322.3,6928.38,4.65,12.6,10.8,25.2,451.0,18
2026-08-21T20:07:04Z,celmis-postgres,0.00,40.16,6928.38,0.58,25.1,14.4,43.2,49.2,13
2026-08-21T20:07:04Z,celmis-sandbox,0.03,54.24,3072.0,1.77,0.0,0.0,18.0,0.0,3
2026-08-21T20:07:04Z,celmis-qdrant,0.11,178.2,6928.38,2.57,0.04,0.03,71.3,0.0,25
2026-08-21T20:07:11Z,celmis-web,0.01,71.8,6928.38,1.04,0.27,0.54,10.3,0.0,12
2026-08-21T20:07:11Z,celmis-api,0.30,322.5,6928.38,4.65,12.6,10.8,25.2,451.0,18
2026-08-21T20:07:11Z,celmis-postgres,0.03,40.01,6928.38,0.58,25.1,14.4,43.2,49.2,13
2026-08-21T20:07:11Z,celmis-sandbox,0.03,54.24,3072.0,1.77,0.0,0.0,18.0,0.0,3
2026-08-21T20:07:11Z,celmis-qdrant,0.12,177.9,6928.38,2.57,0.04,0.03,71.3,0.0,25
2026-08-21T20:07:18Z,celmis-web,5.46,71.81,6928.38,1.04,0.27,0.54,10.3,0.0,12
2026-08-21T20:07:18Z,celmis-api,0.18,322.4,6928.38,4.65,12.6,10.8,25.2,451.0,18
2026-08-21T20:07:18Z,celmis-postgres,0.95,40.59,6928.38,0.59,25.1,14.4,43.2,49.2,13
2026-08-21T20:07:18Z,celmis-sandbox,0.06,54.24,3072.0,1.77,0.0,0.0,18.0,0.0,3
2026-08-21T20:07:18Z,celmis-qdrant,0.10,177.9,6928.38,2.57,0.04,0.03,71.3,0.0,25
2026-08-21T20:07:26Z,celmis-web,0.01,71.63,6928.38,1.03,0.27,0.54,10.3,0.0,12
2026-08-21T20:07:26Z,celmis-api,0.30,322.7,6928.38,4.66,12.6,10.8,25.2,451.0,18
2026-08-21T20:07:26Z,celmis-postgres,0.08,40.23,6928.38,0.58,25.1,14.4,43.2,49.2,13
2026-08-21T20:07:26Z,celmis-sandbox,0.03,54.41,3072.0,1.77,0.0,0.0,18.0,0.0,3
2026-08-21T20:07:26Z,celmis-qdrant,0.14,178.1,6928.38,2.57,0.05,0.03,71.3,0.0,26
2026-08-21T20:07:33Z,celmis-web,2.47,72.31,6928.38,1.04,0.27,0.54,10.3,0.0,12
2026-08-21T20:07:33Z,celmis-api,0.25,322.7,6928.38,4.66,12.6,10.8,25.2,451.0,18
2026-08-21T20:07:33Z,celmis-postgres,0.12,40.05,6928.38,0.58,25.1,14.4,43.2,49.3,13
2026-08-21T20:07:33Z,celmis-sandbox,0.03,54.41,3072.0,1.77,0.0,0.0,18.0,0.0,3
2026-08-21T20:07:33Z,celmis-qdrant,0.15,178.1,6928.38,2.57,0.05,0.03,71.3,0.0,25
2026-08-21T20:07:41Z,celmis-web,0.01,72.27,6928.38,1.04,0.27,0.54,10.3,0.0,12
2026-08-21T20:07:41Z,celmis-api,0.27,322.4,6928.38,4.65,12.6,10.8,25.2,451.0,18
2026-08-21T20:07:41Z,celmis-postgres,0.01,40.28,6928.38,0.58,25.1,14.4,43.2,49.3,13
2026-08-21T20:07:41Z,celmis-sandbox,0.03,54.41,3072.0,1.77,0.0,0.0,18.0,0.0,3
2026-08-21T20:07:41Z,celmis-qdrant,0.11,178.2,6928.38,2.57,0.05,0.03,71.3,0.0,25
2026-08-21T20:07:48Z,celmis-web,2.45,72.11,6928.38,1.04,0.27,0.54,10.3,0.0,12
2026-08-21T20:07:48Z,celmis-api,0.61,322.4,6928.38,4.65,12.6,10.8,25.2,451.0,18
2026-08-21T20:07:48Z,celmis-postgres,0.15,40.3,6928.38,0.58,25.1,14.4,43.2,49.3,13
2026-08-21T20:07:48Z,celmis-sandbox,0.03,54.41,3072.0,1.77,0.0,0.0,18.0,0.0,3
2026-08-21T20:07:48Z,celmis-qdrant,0.12,178.2,6928.38,2.57,0.05,0.03,71.3,0.0,25
2026-08-21T20:07:56Z,celmis-web,0.01,72.08,6928.38,1.04,0.27,0.54,10.3,0.0,12
2026-08-21T20:07:56Z,celmis-api,0.30,322.4,6928.38,4.65,12.6,10.8,25.2,451.0,18
2026-08-21T20:07:56Z,celmis-postgres,0.04,40.35,6928.38,0.58,25.1,14.4,43.2,49.3,13
2026-08-21T20:07:56Z,celmis-sandbox,0.04,54.43,3072.0,1.77,0.0,0.0,18.0,0.0,3
2026-08-21T20:07:56Z,celmis-qdrant,0.15,177.9,6928.38,2.57,0.05,0.03,71.3,0.0,25
2026-08-21T20:08:03Z,celmis-web,0.02,72.16,6928.38,1.04,0.27,0.54,10.3,0.0,12
2026-08-21T20:08:03Z,celmis-api,0.50,322.4,6928.38,4.65,12.6,10.8,25.2,451.0,18
2026-08-21T20:08:03Z,celmis-postgres,0.08,40.34,6928.38,0.58,25.1,14.4,43.2,49.3,13
2026-08-21T20:08:03Z,celmis-sandbox,0.03,54.33,3072.0,1.77,0.0,0.0,18.0,0.0,3
2026-08-21T20:08:03Z,celmis-qdrant,0.10,177.9,6928.38,2.57,0.05,0.03,71.3,0.0,25
2026-08-21T20:08:11Z,celmis-web,0.01,71.85,6928.38,1.04,0.27,0.54,10.3,0.0,12
2026-08-21T20:08:11Z,celmis-api,0.31,322.5,6928.38,4.65,12.6,10.8,25.2,451.0,18
2026-08-21T20:08:11Z,celmis-postgres,0.05,40.74,6928.38,0.59,25.1,14.4,43.2,49.3,13
2026-08-21T20:08:11Z,celmis-sandbox,0.08,54.33,3072.0,1.77,0.0,0.0,18.0,0.0,3
2026-08-21T20:08:11Z,celmis-qdrant,0.16,178.1,6928.38,2.57,0.05,0.03,71.3,0.0,25
2026-08-21T20:08:18Z,celmis-web,2.43,72.05,6928.38,1.04,0.27,0.54,10.3,0.0,12
2026-08-21T20:08:18Z,celmis-api,0.48,322.5,6928.38,4.65,12.6,10.8,25.2,451.0,18
2026-08-21T20:08:18Z,celmis-postgres,0.07,40.43,6928.38,0.58,25.1,14.4,43.2,49.3,13
2026-08-21T20:08:18Z,celmis-sandbox,0.02,54.33,3072.0,1.77,0.0,0.0,18.0,0.0,3
2026-08-21T20:08:18Z,celmis-qdrant,0.09,178.1,6928.38,2.57,0.05,0.03,71.3,0.0,25
2026-08-21T20:08:26Z,celmis-web,0.00,72.03,6928.38,1.04,0.27,0.54,10.3,0.0,12
2026-08-21T20:08:26Z,celmis-api,0.25,322.5,6928.38,4.65,12.6,10.8,25.2,451.0,18
2026-08-21T20:08:26Z,celmis-postgres,0.00,40.41,6928.38,0.58,25.1,14.4,43.2,49.3,13
2026-08-21T20:08:26Z,celmis-sandbox,0.02,54.3,3072.0,1.77,0.0,0.0,18.0,0.0,3
2026-08-21T20:08:26Z,celmis-qdrant,0.06,178.0,6928.38,2.57,0.05,0.03,71.3,0.0,25
2026-08-21T20:08:33Z,celmis-web,0.01,72.03,6928.38,1.04,0.27,0.54,10.3,0.0,12
2026-08-21T20:08:33Z,celmis-api,0.36,322.5,6928.38,4.65,12.6,10.8,25.2,451.0,18
2026-08-21T20:08:33Z,celmis-postgres,1.69,40.28,6928.38,0.58,25.1,14.4,43.2,49.3,13
2026-08-21T20:08:33Z,celmis-sandbox,0.04,54.25,3072.0,1.77,0.0,0.0,18.0,0.0,3
2026-08-21T20:08:33Z,celmis-qdrant,0.18,178.0,6928.38,2.57,0.05,0.03,71.3,0.0,25
2026-08-21T20:08:41Z,celmis-web,0.02,71.79,6928.38,1.04,0.27,0.54,10.3,0.0,12
2026-08-21T20:08:41Z,celmis-api,0.27,322.4,6928.38,4.65,12.6,10.8,25.2,451.0,18
2026-08-21T20:08:41Z,celmis-postgres,0.04,40.48,6928.38,0.58,25.1,14.4,43.2,49.3,13
2026-08-21T20:08:41Z,celmis-sandbox,0.02,54.25,3072.0,1.77,0.0,0.0,18.0,0.0,3
2026-08-21T20:08:41Z,celmis-qdrant,0.14,178.1,6928.38,2.57,0.05,0.03,71.3,0.0,25
2026-08-21T20:08:48Z,celmis-web,3.11,72.05,6928.38,1.04,0.27,0.54,10.3,0.0,12
2026-08-21T20:08:48Z,celmis-api,0.39,322.4,6928.38,4.65,12.6,10.8,25.2,451.0,18
2026-08-21T20:08:48Z,celmis-postgres,1.75,40.52,6928.38,0.58,25.1,14.4,43.2,49.3,13
2026-08-21T20:08:48Z,celmis-sandbox,0.02,54.25,3072.0,1.77,0.0,0.0,18.0,0.0,3
2026-08-21T20:08:48Z,celmis-qdrant,0.09,178.1,6928.38,2.57,0.05,0.03,71.3,0.0,25
2026-08-21T20:08:56Z,celmis-web,0.01,72.05,6928.38,1.04,0.27,0.54,10.3,0.0,12
2026-08-21T20:08:56Z,celmis-api,0.31,322.3,6928.38,4.65,12.6,10.8,25.2,451.0,18
2026-08-21T20:08:56Z,celmis-postgres,0.00,40.3,6928.38,0.58,25.1,14.4,43.2,49.3,13
2026-08-21T20:08:56Z,celmis-sandbox,7.52,54.8,3072.0,1.78,0.0,0.0,18.0,0.0,3
2026-08-21T20:08:56Z,celmis-qdrant,0.16,178.3,6928.38,2.57,0.05,0.03,71.3,0.0,25
2026-08-21T20:09:03Z,celmis-web,0.02,72.05,6928.38,1.04,0.27,0.54,10.3,0.0,12
2026-08-21T20:09:03Z,celmis-api,0.45,322.3,6928.38,4.65,12.6,10.8,25.2,451.0,18
2026-08-21T20:09:03Z,celmis-postgres,0.11,40.53,6928.38,0.58,25.1,14.4,43.2,49.3,13
2026-08-21T20:09:03Z,celmis-sandbox,0.03,54.68,3072.0,1.78,0.0,0.0,18.0,0.0,3
2026-08-21T20:09:03Z,celmis-qdrant,0.14,178.3,6928.38,2.57,0.05,0.03,71.3,0.0,25
2026-08-21T20:09:11Z,celmis-web,0.01,72.15,6928.38,1.04,0.27,0.54,10.3,0.0,12
2026-08-21T20:09:11Z,celmis-api,0.28,322.5,6928.38,4.66,12.6,10.9,25.2,451.0,18
2026-08-21T20:09:11Z,celmis-postgres,0.00,40.36,6928.38,0.58,25.1,14.4,43.2,49.3,13
2026-08-21T20:09:11Z,celmis-sandbox,0.03,54.68,3072.0,1.78,0.0,0.0,18.0,0.0,3
2026-08-21T20:09:11Z,celmis-qdrant,0.11,178.2,6928.38,2.57,0.05,0.03,71.3,0.0,25
2026-08-21T20:09:18Z,celmis-web,0.01,72.15,6928.38,1.04,0.27,0.54,10.3,0.0,12
2026-08-21T20:09:18Z,celmis-api,0.25,322.3,6928.38,4.65,12.6,10.9,25.2,451.0,18
2026-08-21T20:09:18Z,celmis-postgres,0.00,40.11,6928.38,0.58,25.1,14.4,43.2,49.3,13
2026-08-21T20:09:18Z,celmis-sandbox,0.02,54.68,3072.0,1.78,0.0,0.0,18.0,0.0,3
2026-08-21T20:09:18Z,celmis-qdrant,0.10,178.2,6928.38,2.57,0.05,0.03,71.3,0.0,25
2026-08-21T20:09:25Z,celmis-web,0.00,72.56,6928.38,1.05,0.27,0.54,10.3,0.0,12
2026-08-21T20:09:25Z,celmis-api,0.29,322.5,6928.38,4.65,12.6,10.9,25.2,451.0,18
2026-08-21T20:09:25Z,celmis-postgres,0.02,40.59,6928.38,0.59,25.1,14.4,43.2,49.3,13
2026-08-21T20:09:25Z,celmis-sandbox,0.03,54.68,3072.0,1.78,0.0,0.0,18.0,0.0,3
2026-08-21T20:09:25Z,celmis-qdrant,0.07,178.3,6928.38,2.57,0.05,0.03,71.3,0.0,25
2026-08-21T20:09:32Z,celmis-web,0.00,72.56,6928.38,1.05,0.27,0.54,10.3,0.0,12
2026-08-21T20:09:32Z,celmis-api,0.27,322.5,6928.38,4.65,12.6,10.9,25.2,451.0,18
2026-08-21T20:09:32Z,celmis-postgres,1.76,40.57,6928.38,0.59,25.1,14.4,43.2,49.3,13
2026-08-21T20:09:32Z,celmis-sandbox,0.03,54.6,3072.0,1.78,0.0,0.0,18.0,0.0,3
2026-08-21T20:09:32Z,celmis-qdrant,0.09,178.3,6928.38,2.57,0.05,0.03,71.3,0.0,25
2026-08-21T20:09:40Z,celmis-web,0.03,72.8,6928.38,1.05,0.27,0.54,10.3,0.0,12
2026-08-21T20:09:40Z,celmis-api,1.78,322.7,6928.38,4.66,12.6,10.9,25.2,451.0,18
2026-08-21T20:09:40Z,celmis-postgres,0.12,40.13,6928.38,0.58,25.1,14.4,43.2,49.3,13
2026-08-21T20:09:40Z,celmis-sandbox,0.02,54.6,3072.0,1.78,0.0,0.0,18.0,0.0,3
2026-08-21T20:09:40Z,celmis-qdrant,0.92,178.0,6928.38,2.57,0.05,0.03,71.3,0.0,25
2026-08-21T20:09:47Z,celmis-web,0.01,72.8,6928.38,1.05,0.27,0.54,10.3,0.0,12
2026-08-21T20:09:47Z,celmis-api,0.23,322.7,6928.38,4.66,12.6,10.9,25.2,451.0,18
2026-08-21T20:09:47Z,celmis-postgres,0.00,40.13,6928.38,0.58,25.1,14.4,43.2,49.3,13
2026-08-21T20:09:47Z,celmis-sandbox,0.03,54.6,3072.0,1.78,0.0,0.0,18.0,0.0,3
2026-08-21T20:09:47Z,celmis-qdrant,0.06,178.0,6928.38,2.57,0.05,0.03,71.3,0.0,25
2026-08-21T20:09:55Z,celmis-web,0.00,73.11,6928.38,1.06,0.27,0.54,10.3,0.0,12
2026-08-21T20:09:55Z,celmis-api,0.58,322.6,6928.38,4.66,12.6,10.9,25.2,451.0,18
2026-08-21T20:09:55Z,celmis-postgres,0.08,40.21,6928.38,0.58,25.1,14.4,43.2,49.3,13
2026-08-21T20:09:55Z,celmis-sandbox,0.02,54.6,3072.0,1.78,0.0,0.0,18.0,0.0,3
2026-08-21T20:09:55Z,celmis-qdrant,0.11,177.9,6928.38,2.57,0.05,0.03,71.3,0.0,25
2026-08-21T20:10:02Z,celmis-web,0.01,73.11,6928.38,1.06,0.27,0.54,10.3,0.0,12
2026-08-21T20:10:02Z,celmis-api,0.25,322.5,6928.38,4.66,12.6,10.9,25.2,451.0,18
2026-08-21T20:10:02Z,celmis-postgres,0.03,40.2,6928.38,0.58,25.1,14.4,43.2,49.4,13
2026-08-21T20:10:02Z,celmis-sandbox,0.03,54.53,3072.0,1.77,0.0,0.0,18.0,0.0,3
2026-08-21T20:10:02Z,celmis-qdrant,0.10,177.9,6928.38,2.57,0.05,0.03,71.3,0.0,25
2026-08-21T20:10:10Z,celmis-web,0.05,72.99,6928.38,1.05,0.27,0.54,10.3,0.0,12
2026-08-21T20:10:10Z,celmis-api,2.62,322.5,6928.38,4.65,12.6,10.9,25.2,451.0,18
2026-08-21T20:10:10Z,celmis-postgres,0.52,40.48,6928.38,0.58,25.1,14.4,43.2,49.4,13
2026-08-21T20:10:10Z,celmis-sandbox,0.16,54.53,3072.0,1.77,0.0,0.0,18.0,0.0,3
2026-08-21T20:10:10Z,celmis-qdrant,1.15,178.1,6928.38,2.57,0.05,0.03,71.3,0.0,25
2026-08-21T20:10:17Z,celmis-web,0.00,72.99,6928.38,1.05,0.27,0.54,10.3,0.0,12
2026-08-21T20:10:17Z,celmis-api,0.23,322.4,6928.38,4.65,12.6,10.9,25.2,451.0,18
2026-08-21T20:10:17Z,celmis-postgres,0.00,40.27,6928.38,0.58,25.1,14.4,43.2,49.4,13
2026-08-21T20:10:17Z,celmis-sandbox,0.02,54.53,3072.0,1.77,0.0,0.0,18.0,0.0,3
2026-08-21T20:10:17Z,celmis-qdrant,0.14,178.1,6928.38,2.57,0.05,0.03,71.3,0.0,25
2026-08-21T20:10:25Z,celmis-web,0.02,73.26,6928.38,1.06,0.27,0.54,10.3,0.0,12
2026-08-21T20:10:25Z,celmis-api,0.51,322.5,6928.38,4.65,12.6,10.9,25.2,451.0,18
2026-08-21T20:10:25Z,celmis-postgres,0.10,40.17,6928.38,0.58,25.1,14.4,43.2,49.4,13
2026-08-21T20:10:25Z,celmis-sandbox,0.03,54.53,3072.0,1.77,0.0,0.0,18.0,0.0,3
2026-08-21T20:10:25Z,celmis-qdrant,0.06,178.2,6928.38,2.57,0.05,0.03,71.3,0.0,25
2026-08-21T20:10:32Z,celmis-web,0.01,73.26,6928.38,1.06,0.27,0.54,10.3,0.0,12
2026-08-21T20:10:32Z,celmis-api,0.26,322.5,6928.38,4.65,12.6,10.9,25.2,451.0,18
2026-08-21T20:10:32Z,celmis-postgres,0.03,40.26,6928.38,0.58,25.1,14.4,43.2,49.4,13
2026-08-21T20:10:32Z,celmis-sandbox,0.03,54.7,3072.0,1.78,0.0,0.0,18.0,0.0,3
2026-08-21T20:10:32Z,celmis-qdrant,0.10,178.2,6928.38,2.57,0.05,0.03,71.3,0.0,25
2026-08-21T20:10:40Z,celmis-web,0.03,72.98,6928.38,1.05,0.27,0.54,10.3,0.0,12
2026-08-21T20:10:40Z,celmis-api,2.20,322.4,6928.38,4.65,12.7,10.9,25.2,451.0,18
2026-08-21T20:10:40Z,celmis-postgres,0.18,40.28,6928.38,0.58,25.1,14.4,43.2,49.4,13
2026-08-21T20:10:40Z,celmis-sandbox,0.02,54.7,3072.0,1.78,0.0,0.0,18.0,0.0,3
2026-08-21T20:10:40Z,celmis-qdrant,1.20,178.1,6928.38,2.57,0.05,0.03,71.3,0.0,25
2026-08-21T20:10:47Z,celmis-web,0.01,72.98,6928.38,1.05,0.27,0.54,10.3,0.0,12
2026-08-21T20:10:47Z,celmis-api,0.27,322.4,6928.38,4.65,12.7,10.9,25.2,451.0,18
2026-08-21T20:10:47Z,celmis-postgres,0.00,40.52,6928.38,0.58,25.1,14.4,43.2,49.4,13
2026-08-21T20:10:47Z,celmis-sandbox,0.02,54.7,3072.0,1.78,0.0,0.0,18.0,0.0,3
2026-08-21T20:10:47Z,celmis-qdrant,0.08,178.1,6928.38,2.57,0.05,0.03,71.3,0.0,25
2026-08-21T20:10:55Z,celmis-web,0.02,73.25,6928.38,1.06,0.27,0.54,10.3,0.0,12
2026-08-21T20:10:55Z,celmis-api,0.43,322.4,6928.38,4.65,12.7,10.9,25.2,451.0,18
2026-08-21T20:10:55Z,celmis-postgres,0.08,40.3,6928.38,0.58,25.1,14.4,43.2,49.4,13
2026-08-21T20:10:55Z,celmis-sandbox,0.03,54.7,3072.0,1.78,0.0,0.0,18.0,0.0,3
2026-08-21T20:10:55Z,celmis-qdrant,0.06,178.3,6928.38,2.57,0.05,0.03,71.3,0.0,25
2026-08-21T20:11:02Z,celmis-web,0.01,73.25,6928.38,1.06,0.27,0.54,10.3,0.0,12
2026-08-21T20:11:02Z,celmis-api,0.25,322.3,6928.38,4.65,12.7,10.9,25.2,451.0,18
2026-08-21T20:11:02Z,celmis-postgres,0.03,40.29,6928.38,0.58,25.1,14.4,43.2,49.4,13
2026-08-21T20:11:02Z,celmis-sandbox,0.03,54.62,3072.0,1.78,0.0,0.0,18.0,0.0,3
2026-08-21T20:11:02Z,celmis-qdrant,0.14,178.3,6928.38,2.57,0.05,0.03,71.3,0.0,25
2026-08-21T20:11:10Z,celmis-web,0.24,73.49,6928.38,1.06,0.27,0.54,10.3,0.0,12
2026-08-21T20:11:10Z,celmis-api,4.08,322.4,6928.38,4.65,12.7,10.9,25.2,451.0,18
2026-08-21T20:11:10Z,celmis-postgres,0.66,40.66,6928.38,0.59,25.1,14.4,43.2,49.4,13
2026-08-21T20:11:10Z,celmis-sandbox,0.03,54.62,3072.0,1.78,0.0,0.0,18.0,0.0,3
2026-08-21T20:11:10Z,celmis-qdrant,1.45,178.5,6928.38,2.58,0.05,0.03,71.3,0.0,25
2026-08-21T20:11:17Z,celmis-web,0.00,73.49,6928.38,1.06,0.27,0.54,10.3,0.0,12
2026-08-21T20:11:17Z,celmis-api,0.23,322.3,6928.38,4.65,12.7,10.9,25.2,451.0,18
2026-08-21T20:11:17Z,celmis-postgres,0.00,40.19,6928.38,0.58,25.1,14.4,43.2,49.4,13
2026-08-21T20:11:17Z,celmis-sandbox,0.02,54.62,3072.0,1.78,0.0,0.0,18.0,0.0,3
2026-08-21T20:11:17Z,celmis-qdrant,0.07,178.4,6928.38,2.58,0.05,0.03,71.3,0.0,25
2026-08-21T20:11:25Z,celmis-web,0.02,73.52,6928.38,1.06,0.27,0.54,10.3,0.0,12
2026-08-21T20:11:25Z,celmis-api,2.18,322.4,6928.38,4.65,12.7,10.9,25.2,451.0,18
2026-08-21T20:11:25Z,celmis-postgres,0.09,40.58,6928.38,0.59,25.1,14.4,43.2,49.4,13
2026-08-21T20:11:25Z,celmis-sandbox,13.72,54.84,3072.0,1.79,0.0,0.0,18.0,0.0,3
2026-08-21T20:11:25Z,celmis-qdrant,0.14,178.4,6928.38,2.58,0.05,0.03,71.3,0.0,25
2026-08-21T20:11:32Z,celmis-web,0.01,73.52,6928.38,1.06,0.27,0.54,10.3,0.0,12
2026-08-21T20:11:32Z,celmis-api,0.27,322.4,6928.38,4.65,12.7,10.9,25.2,451.0,18
2026-08-21T20:11:32Z,celmis-postgres,0.04,40.16,6928.38,0.58,25.1,14.4,43.2,49.4,13
2026-08-21T20:11:32Z,celmis-sandbox,0.03,54.8,3072.0,1.78,0.0,0.0,18.0,0.0,3
2026-08-21T20:11:32Z,celmis-qdrant,0.11,178.4,6928.38,2.57,0.05,0.03,71.3,0.0,25
2026-08-21T20:11:40Z,celmis-web,0.02,73.54,6928.38,1.06,0.27,0.54,10.3,0.0,12
2026-08-21T20:11:40Z,celmis-api,2.43,322.4,6928.38,4.65,12.7,10.9,25.2,451.0,18
2026-08-21T20:11:40Z,celmis-postgres,0.11,40.12,6928.38,0.58,25.1,14.5,43.2,49.4,13
2026-08-21T20:11:40Z,celmis-sandbox,0.03,54.8,3072.0,1.78,0.0,0.0,18.0,0.0,3
2026-08-21T20:11:40Z,celmis-qdrant,1.16,178.3,6928.38,2.57,0.05,0.03,71.3,0.0,25
2026-08-21T20:11:47Z,celmis-web,0.01,73.54,6928.38,1.06,0.27,0.54,10.3,0.0,12
2026-08-21T20:11:47Z,celmis-api,0.24,322.4,6928.38,4.65,12.7,10.9,25.2,451.0,18
2026-08-21T20:11:47Z,celmis-postgres,0.00,40.35,6928.38,0.58,25.1,14.5,43.2,49.4,13
2026-08-21T20:11:47Z,celmis-sandbox,0.02,54.8,3072.0,1.78,0.0,0.0,18.0,0.0,3
2026-08-21T20:11:47Z,celmis-qdrant,0.10,178.3,6928.38,2.57,0.05,0.03,71.3,0.0,25
2026-08-21T20:11:55Z,celmis-web,0.03,73.82,6928.38,1.07,0.27,0.54,10.3,0.0,12
2026-08-21T20:11:55Z,celmis-api,2.18,322.2,6928.38,4.65,12.7,10.9,25.2,451.0,18
2026-08-21T20:11:55Z,celmis-postgres,0.06,40.41,6928.38,0.58,25.1,14.5,43.2,49.4,13
2026-08-21T20:11:55Z,celmis-sandbox,0.02,54.8,3072.0,1.78,0.0,0.0,18.0,0.0,3
2026-08-21T20:11:55Z,celmis-qdrant,1.19,178.2,6928.38,2.57,0.05,0.03,71.3,0.0,25
2026-08-21T20:12:02Z,celmis-web,0.01,73.82,6928.38,1.07,0.27,0.54,10.3,0.0,12
2026-08-21T20:12:02Z,celmis-api,0.34,322.5,6928.38,4.65,12.7,10.9,25.2,451.0,18
2026-08-21T20:12:02Z,celmis-postgres,0.07,40.48,6928.38,0.58,25.2,14.5,43.2,49.4,13
2026-08-21T20:12:02Z,celmis-sandbox,0.03,54.46,3072.0,1.77,0.0,0.0,18.0,0.0,3
2026-08-21T20:12:02Z,celmis-qdrant,0.12,178.2,6928.38,2.57,0.05,0.03,71.3,0.0,25
2026-08-21T20:12:10Z,celmis-web,0.12,73.9,6928.38,1.07,0.27,0.54,10.3,0.0,12
2026-08-21T20:12:10Z,celmis-api,2.78,322.6,6928.38,4.66,12.7,10.9,25.2,451.0,18
2026-08-21T20:12:10Z,celmis-postgres,1.67,40.43,6928.38,0.58,25.2,14.5,43.2,49.4,13
2026-08-21T20:12:10Z,celmis-sandbox,0.08,54.46,3072.0,1.77,0.0,0.0,18.0,0.0,3
2026-08-21T20:12:10Z,celmis-qdrant,1.25,178.1,6928.38,2.57,0.05,0.03,71.3,0.0,25
2026-08-21T20:12:17Z,celmis-web,0.01,73.9,6928.38,1.07,0.27,0.54,10.3,0.0,12
2026-08-21T20:12:17Z,celmis-api,0.24,322.6,6928.38,4.66,12.7,10.9,25.2,451.0,18
2026-08-21T20:12:17Z,celmis-postgres,0.00,40.43,6928.38,0.58,25.2,14.5,43.2,49.4,13
2026-08-21T20:12:17Z,celmis-sandbox,0.03,54.46,3072.0,1.77,0.0,0.0,18.0,0.0,3
2026-08-21T20:12:17Z,celmis-qdrant,0.06,178.1,6928.38,2.57,0.05,0.03,71.3,0.0,25
2026-08-21T20:12:25Z,celmis-web,0.01,73.93,6928.38,1.07,0.27,0.54,10.3,0.0,12
2026-08-21T20:12:25Z,celmis-api,0.58,322.6,6928.38,4.66,12.7,10.9,25.2,451.0,18
2026-08-21T20:12:25Z,celmis-postgres,0.16,40.39,6928.38,0.58,25.2,14.5,43.2,49.5,13
2026-08-21T20:12:25Z,celmis-sandbox,0.04,54.46,3072.0,1.77,0.0,0.0,18.0,0.0,3
2026-08-21T20:12:25Z,celmis-qdrant,0.09,178.1,6928.38,2.57,0.05,0.03,71.3,0.0,25
2026-08-21T20:12:32Z,celmis-web,0.02,73.93,6928.38,1.07,0.27,0.54,10.3,0.0,12
2026-08-21T20:12:32Z,celmis-api,0.25,322.5,6928.38,4.65,12.7,10.9,25.2,451.0,18
2026-08-21T20:12:32Z,celmis-postgres,0.03,40.53,6928.38,0.58,25.2,14.5,43.2,49.5,13
2026-08-21T20:12:32Z,celmis-sandbox,0.03,54.39,3072.0,1.77,0.0,0.0,18.0,0.0,3
2026-08-21T20:12:32Z,celmis-qdrant,0.08,178.2,6928.38,2.57,0.05,0.03,71.3,0.0,25
2026-08-21T20:12:40Z,celmis-web,0.03,74.16,6928.38,1.07,0.27,0.54,10.3,0.0,12
2026-08-21T20:12:40Z,celmis-api,3.67,322.7,6928.38,4.66,12.7,10.9,25.2,451.0,18
2026-08-21T20:12:40Z,celmis-postgres,1.74,40.45,6928.38,0.58,25.2,14.5,43.2,49.5,13
2026-08-21T20:12:40Z,celmis-sandbox,0.02,54.39,3072.0,1.77,0.0,0.0,18.0,0.0,3
2026-08-21T20:12:40Z,celmis-qdrant,1.97,178.1,6928.38,2.57,0.05,0.03,71.3,0.0,25
2026-08-21T20:12:47Z,celmis-web,0.00,74.16,6928.38,1.07,0.27,0.54,10.3,0.0,12
2026-08-21T20:12:47Z,celmis-api,0.21,322.7,6928.38,4.66,12.7,10.9,25.2,451.0,18
2026-08-21T20:12:47Z,celmis-postgres,0.03,40.45,6928.38,0.58,25.2,14.5,43.2,49.5,13
2026-08-21T20:12:47Z,celmis-sandbox,0.03,54.39,3072.0,1.77,0.0,0.0,18.0,0.0,3
2026-08-21T20:12:47Z,celmis-qdrant,0.06,178.1,6928.38,2.57,0.05,0.03,71.3,0.0,25
2026-08-21T20:12:55Z,celmis-web,0.05,74.33,6928.38,1.07,0.27,0.54,10.3,0.0,12
2026-08-21T20:12:55Z,celmis-api,2.16,322.4,6928.38,4.65,12.7,10.9,25.2,451.0,18
2026-08-21T20:12:55Z,celmis-postgres,0.18,40.25,6928.38,0.58,25.2,14.5,43.2,49.5,13
2026-08-21T20:12:55Z,celmis-sandbox,0.03,54.39,3072.0,1.77,0.0,0.0,18.0,0.0,3
2026-08-21T20:12:55Z,celmis-qdrant,1.20,178.1,6928.38,2.57,0.05,0.03,71.3,0.0,25
2026-08-21T20:13:03Z,celmis-web,0.00,74.33,6928.38,1.07,0.27,0.54,10.3,0.0,12
2026-08-21T20:13:03Z,celmis-api,0.30,322.6,6928.38,4.66,12.7,10.9,25.2,451.0,18
2026-08-21T20:13:03Z,celmis-postgres,0.06,40.51,6928.38,0.58,25.2,14.5,43.2,49.5,13
2026-08-21T20:13:03Z,celmis-sandbox,0.03,54.52,3072.0,1.77,0.0,0.0,18.0,0.0,3
2026-08-21T20:13:03Z,celmis-qdrant,0.08,178.0,6928.38,2.57,0.05,0.03,71.3,0.0,25
2026-08-21T20:13:10Z,celmis-web,0.04,74.46,6928.38,1.07,0.27,0.54,10.3,0.0,12
2026-08-21T20:13:10Z,celmis-api,2.07,322.4,6928.38,4.65,12.7,10.9,25.2,451.0,18
2026-08-21T20:13:10Z,celmis-postgres,2.79,40.3,6928.38,0.58,25.2,14.5,43.2,49.5,13
2026-08-21T20:13:10Z,celmis-sandbox,0.03,54.52,3072.0,1.77,0.0,0.0,18.0,0.0,3
2026-08-21T20:13:10Z,celmis-qdrant,0.98,178.2,6928.38,2.57,0.05,0.03,71.3,0.0,25
2026-08-21T20:13:17Z,celmis-web,0.01,74.46,6928.38,1.07,0.27,0.54,10.3,0.0,12
2026-08-21T20:13:17Z,celmis-api,0.28,322.4,6928.38,4.65,12.7,10.9,25.2,451.0,18
2026-08-21T20:13:17Z,celmis-postgres,0.00,40.56,6928.38,0.59,25.2,14.5,43.2,49.5,13
2026-08-21T20:13:17Z,celmis-sandbox,0.03,54.52,3072.0,1.77,0.0,0.0,18.0,0.0,3
2026-08-21T20:13:17Z,celmis-qdrant,0.11,178.2,6928.38,2.57,0.05,0.03,71.3,0.0,25
2026-08-21T20:13:25Z,celmis-web,0.02,74.42,6928.38,1.07,0.27,0.54,10.3,0.0,12
2026-08-21T20:13:25Z,celmis-api,1.66,322.4,6928.38,4.65,12.7,10.9,25.2,451.0,18
2026-08-21T20:13:25Z,celmis-postgres,1.76,40.27,6928.38,0.58,25.2,14.5,43.2,49.5,13
2026-08-21T20:13:25Z,celmis-sandbox,0.03,54.52,3072.0,1.77,0.0,0.0,18.0,0.0,3
2026-08-21T20:13:25Z,celmis-qdrant,0.10,178.2,6928.38,2.57,0.05,0.03,71.3,0.0,25
2026-08-21T20:13:33Z,celmis-web,0.01,74.42,6928.38,1.07,0.27,0.54,10.3,0.0,12
2026-08-21T20:13:33Z,celmis-api,0.27,322.4,6928.38,4.65,12.7,10.9,25.2,451.0,18
2026-08-21T20:13:33Z,celmis-postgres,0.00,40.41,6928.38,0.58,25.2,14.5,43.2,49.5,13
2026-08-21T20:13:33Z,celmis-sandbox,0.02,54.69,3072.0,1.78,0.0,0.0,18.0,0.0,3
2026-08-21T20:13:33Z,celmis-qdrant,0.07,178.1,6928.38,2.57,0.05,0.03,71.3,0.0,25
2026-08-21T20:13:40Z,celmis-web,0.03,74.65,6928.38,1.08,0.27,0.54,10.3,0.0,12
2026-08-21T20:13:40Z,celmis-api,3.06,322.6,6928.38,4.66,12.7,10.9,25.2,451.0,18
2026-08-21T20:13:40Z,celmis-postgres,0.98,40.32,6928.38,0.58,25.2,14.5,43.2,49.6,13
2026-08-21T20:13:40Z,celmis-sandbox,0.03,54.69,3072.0,1.78,0.0,0.0,18.0,0.0,3
2026-08-21T20:13:40Z,celmis-qdrant,1.30,178.5,6928.38,2.58,0.05,0.03,71.3,0.0,25
2026-08-21T20:13:47Z,celmis-web,0.01,74.65,6928.38,1.08,0.27,0.54,10.3,0.0,12
2026-08-21T20:13:47Z,celmis-api,0.23,322.6,6928.38,4.66,12.7,10.9,25.2,451.0,18
2026-08-21T20:13:47Z,celmis-postgres,0.00,40.07,6928.38,0.58,25.2,14.5,43.2,49.6,13
2026-08-21T20:13:47Z,celmis-sandbox,0.03,54.69,3072.0,1.78,0.0,0.0,18.0,0.0,3
2026-08-21T20:13:47Z,celmis-qdrant,0.09,178.5,6928.38,2.58,0.05,0.03,71.3,0.0,25
2026-08-21T20:13:55Z,celmis-web,0.08,74.46,6928.38,1.07,0.27,0.54,10.3,0.0,12
2026-08-21T20:13:55Z,celmis-api,0.46,322.6,6928.38,4.66,12.7,10.9,25.2,451.0,18
2026-08-21T20:13:55Z,celmis-postgres,1.19,40.28,6928.38,0.58,25.2,14.5,43.2,49.6,13
2026-08-21T20:13:55Z,celmis-sandbox,0.03,54.69,3072.0,1.78,0.0,0.0,18.0,0.0,3
2026-08-21T20:13:55Z,celmis-qdrant,1.06,178.4,6928.38,2.57,0.05,0.03,71.3,0.0,25
2026-08-21T20:14:02Z,celmis-web,0.00,74.46,6928.38,1.07,0.27,0.54,10.3,0.0,12
2026-08-21T20:14:02Z,celmis-api,0.25,322.5,6928.38,4.65,12.7,10.9,25.2,451.0,18
2026-08-21T20:14:02Z,celmis-postgres,0.00,40.17,6928.38,0.58,25.2,14.5,43.2,49.6,13
2026-08-21T20:14:02Z,celmis-sandbox,0.02,54.86,3072.0,1.79,0.0,0.0,18.0,0.0,3
2026-08-21T20:14:02Z,celmis-qdrant,0.09,178.4,6928.38,2.57,0.05,0.03,71.3,0.0,25
2026-08-21T20:14:10Z,celmis-web,0.00,74.69,6928.38,1.08,0.27,0.54,10.3,0.0,12
2026-08-21T20:14:10Z,celmis-api,2.26,322.7,6928.38,4.66,12.7,10.9,25.2,451.0,18
2026-08-21T20:14:10Z,celmis-postgres,2.19,40.61,6928.38,0.59,25.2,14.5,43.2,49.6,13
2026-08-21T20:14:10Z,celmis-sandbox,0.05,54.86,3072.0,1.79,0.0,0.0,18.0,0.0,3
2026-08-21T20:14:10Z,celmis-qdrant,1.29,178.1,6928.38,2.57,0.05,0.03,71.3,0.0,25
2026-08-21T20:14:17Z,celmis-web,0.00,74.69,6928.38,1.08,0.27,0.54,10.3,0.0,12
2026-08-21T20:14:17Z,celmis-api,0.26,322.7,6928.38,4.66,12.7,10.9,25.2,451.0,18
2026-08-21T20:14:17Z,celmis-postgres,0.00,40.44,6928.38,0.58,25.2,14.5,43.2,49.6,13
2026-08-21T20:14:17Z,celmis-sandbox,0.03,54.86,3072.0,1.79,0.0,0.0,18.0,0.0,3
2026-08-21T20:14:17Z,celmis-qdrant,0.09,178.1,6928.38,2.57,0.05,0.03,71.3,0.0,25
2026-08-21T20:14:25Z,celmis-web,0.01,74.75,6928.38,1.08,0.27,0.54,10.3,0.0,12
2026-08-21T20:14:25Z,celmis-api,2.08,322.4,6928.38,4.65,12.7,10.9,25.2,451.0,18
2026-08-21T20:14:25Z,celmis-postgres,1.80,40.61,6928.38,0.59,25.2,14.5,43.2,49.6,13
2026-08-21T20:14:25Z,celmis-sandbox,0.03,54.86,3072.0,1.79,0.0,0.0,18.0,0.0,3
2026-08-21T20:14:25Z,celmis-qdrant,1.15,178.2,6928.38,2.57,0.05,0.03,71.3,0.0,25
2026-08-21T20:14:32Z,celmis-web,0.01,74.75,6928.38,1.08,0.27,0.54,10.3,0.0,12
2026-08-21T20:14:32Z,celmis-api,0.29,322.6,6928.38,4.66,12.7,10.9,25.2,451.0,18
2026-08-21T20:14:32Z,celmis-postgres,0.00,40.36,6928.38,0.58,25.2,14.5,43.2,49.6,13
2026-08-21T20:14:32Z,celmis-sandbox,0.03,54.78,3072.0,1.78,0.0,0.0,18.0,0.0,3
2026-08-21T20:14:32Z,celmis-qdrant,0.09,178.2,6928.38,2.57,0.05,0.03,71.3,0.0,25
2026-08-21T20:14:40Z,celmis-web,0.00,75.12,6928.38,1.08,0.27,0.54,10.3,0.0,12
2026-08-21T20:14:40Z,celmis-api,1.79,322.6,6928.38,4.66,12.7,10.9,25.2,451.0,18
2026-08-21T20:14:40Z,celmis-postgres,0.05,40.27,6928.38,0.58,25.2,14.5,43.2,49.6,13
2026-08-21T20:14:40Z,celmis-sandbox,0.03,54.78,3072.0,1.78,0.0,0.0,18.0,0.0,3
2026-08-21T20:14:40Z,celmis-qdrant,1.05,178.1,6928.38,2.57,0.05,0.03,71.3,0.0,25
2026-08-21T20:14:47Z,celmis-web,0.01,75.12,6928.38,1.08,0.27,0.54,10.3,0.0,12
2026-08-21T20:14:47Z,celmis-api,0.26,322.6,6928.38,4.66,12.7,11.0,25.2,451.0,18
2026-08-21T20:14:47Z,celmis-postgres,0.00,40.27,6928.38,0.58,25.2,14.5,43.2,49.6,13
2026-08-21T20:14:47Z,celmis-sandbox,0.03,54.78,3072.0,1.78,0.0,0.0,18.0,0.0,3
2026-08-21T20:14:47Z,celmis-qdrant,0.13,178.1,6928.38,2.57,0.05,0.03,71.3,0.0,25
2026-08-21T20:14:55Z,celmis-web,0.08,75.19,6928.38,1.09,0.27,0.54,10.3,0.0,12
2026-08-21T20:14:55Z,celmis-api,1.78,322.5,6928.38,4.65,12.7,11.0,25.2,451.0,18
2026-08-21T20:14:55Z,celmis-postgres,0.05,40.3,6928.38,0.58,25.2,14.5,43.2,49.6,13
2026-08-21T20:14:55Z,celmis-sandbox,0.03,54.78,3072.0,1.78,0.0,0.0,18.0,0.0,3
2026-08-21T20:14:55Z,celmis-qdrant,0.08,178.1,6928.38,2.57,0.05,0.03,71.3,0.0,25
2026-08-21T20:15:02Z,celmis-web,0.00,75.19,6928.38,1.09,0.27,0.54,10.3,0.0,12
2026-08-21T20:15:02Z,celmis-api,0.26,322.5,6928.38,4.65,12.7,11.0,25.2,451.0,18
2026-08-21T20:15:02Z,celmis-postgres,0.00,40.39,6928.38,0.58,25.2,14.5,43.2,49.6,13
2026-08-21T20:15:02Z,celmis-sandbox,0.04,54.94,3072.0,1.79,0.0,0.0,18.0,0.0,3
2026-08-21T20:15:02Z,celmis-qdrant,0.07,178.3,6928.38,2.57,0.05,0.03,71.3,0.0,25
2026-08-21T20:15:10Z,celmis-web,0.01,75.72,6928.38,1.09,0.27,0.54,10.3,0.0,12
2026-08-21T20:15:10Z,celmis-api,1.52,322.5,6928.38,4.65,12.7,11.0,25.2,451.0,18
2026-08-21T20:15:10Z,celmis-postgres,0.64,40.12,6928.38,0.58,25.2,14.5,43.2,49.6,13
2026-08-21T20:15:10Z,celmis-sandbox,0.03,54.94,3072.0,1.79,0.0,0.0,18.0,0.0,3
2026-08-21T20:15:10Z,celmis-qdrant,0.79,178.5,6928.38,2.58,0.05,0.03,71.3,0.0,25
2026-08-21T20:15:17Z,celmis-web,0.00,75.72,6928.38,1.09,0.27,0.54,10.3,0.0,12
2026-08-21T20:15:17Z,celmis-api,0.24,322.5,6928.38,4.65,12.7,11.0,25.2,451.0,18
2026-08-21T20:15:17Z,celmis-postgres,0.01,40.5,6928.38,0.58,25.2,14.5,43.2,49.6,13
2026-08-21T20:15:17Z,celmis-sandbox,0.03,54.94,3072.0,1.79,0.0,0.0,18.0,0.0,3
2026-08-21T20:15:17Z,celmis-qdrant,0.08,178.5,6928.38,2.58,0.05,0.03,71.3,0.0,25
2026-08-21T20:15:25Z,celmis-web,0.01,75.28,6928.38,1.09,0.27,0.54,10.3,0.0,12
2026-08-21T20:15:25Z,celmis-api,2.28,322.6,6928.38,4.66,12.7,11.0,25.2,451.0,18
2026-08-21T20:15:25Z,celmis-postgres,0.05,40.12,6928.38,0.58,25.2,14.5,43.2,49.6,13
2026-08-21T20:15:25Z,celmis-sandbox,0.02,54.94,3072.0,1.79,0.0,0.0,18.0,0.0,3
2026-08-21T20:15:25Z,celmis-qdrant,0.89,178.4,6928.38,2.58,0.05,0.03,71.3,0.0,25
2026-08-21T20:15:32Z,celmis-web,0.00,75.28,6928.38,1.09,0.27,0.54,10.3,0.0,12
2026-08-21T20:15:32Z,celmis-api,0.24,322.6,6928.38,4.66,12.7,11.0,25.2,451.0,18
2026-08-21T20:15:32Z,celmis-postgres,0.00,40.08,6928.38,0.58,25.2,14.5,43.2,49.6,13
2026-08-21T20:15:32Z,celmis-sandbox,0.03,54.88,3072.0,1.79,0.0,0.0,18.0,0.0,3
2026-08-21T20:15:32Z,celmis-qdrant,0.08,178.4,6928.38,2.57,0.05,0.03,71.3,0.0,25
2026-08-21T20:15:40Z,celmis-web,0.00,75.71,6928.38,1.09,0.27,0.54,10.3,0.0,12
2026-08-21T20:15:40Z,celmis-api,1.73,322.5,6928.38,4.65,12.7,11.0,25.2,451.0,18
2026-08-21T20:15:40Z,celmis-postgres,0.08,39.92,6928.38,0.58,25.2,14.5,43.2,49.6,13
2026-08-21T20:15:40Z,celmis-sandbox,0.02,54.88,3072.0,1.79,0.0,0.0,18.0,0.0,3
2026-08-21T20:15:40Z,celmis-qdrant,0.79,178.3,6928.38,2.57,0.05,0.03,71.3,0.0,25
2026-08-21T20:15:47Z,celmis-web,0.01,75.71,6928.38,1.09,0.27,0.54,10.3,0.0,12
2026-08-21T20:15:47Z,celmis-api,0.22,322.5,6928.38,4.65,12.7,11.0,25.2,451.0,18
2026-08-21T20:15:47Z,celmis-postgres,0.00,40.44,6928.38,0.58,25.2,14.5,43.2,49.6,13
2026-08-21T20:15:47Z,celmis-sandbox,0.03,54.88,3072.0,1.79,0.0,0.0,18.0,0.0,3
2026-08-21T20:15:47Z,celmis-qdrant,0.09,178.3,6928.38,2.57,0.05,0.03,71.3,0.0,25
2026-08-21T20:15:55Z,celmis-web,0.01,75.7,6928.38,1.09,0.27,0.54,10.3,0.0,12
2026-08-21T20:15:55Z,celmis-api,1.94,322.5,6928.38,4.65,12.7,11.0,25.2,451.0,18
2026-08-21T20:15:55Z,celmis-postgres,0.05,40.48,6928.38,0.58,25.2,14.5,43.2,49.6,13
2026-08-21T20:15:55Z,celmis-sandbox,0.02,54.88,3072.0,1.79,0.0,0.0,18.0,0.0,3
2026-08-21T20:15:55Z,celmis-qdrant,0.12,178.3,6928.38,2.57,0.05,0.03,71.3,0.0,25
2026-08-21T20:16:02Z,celmis-web,0.01,75.7,6928.38,1.09,0.27,0.54,10.3,0.0,12
2026-08-21T20:16:02Z,celmis-api,0.24,322.4,6928.38,4.65,12.7,11.0,25.2,451.0,18
2026-08-21T20:16:02Z,celmis-postgres,0.00,40.25,6928.38,0.58,25.2,14.5,43.2,49.6,13
2026-08-21T20:16:02Z,celmis-sandbox,0.04,54.8,3072.0,1.78,0.0,0.0,18.0,0.0,3
2026-08-21T20:16:02Z,celmis-qdrant,0.08,178.2,6928.38,2.57,0.05,0.03,71.3,0.0,25
2026-08-21T20:16:10Z,celmis-web,0.01,75.38,6928.38,1.09,0.27,0.54,10.3,0.0,12
2026-08-21T20:16:10Z,celmis-api,0.65,322.4,6928.38,4.65,12.7,11.0,25.2,451.0,18
2026-08-21T20:16:10Z,celmis-postgres,0.75,40.39,6928.38,0.58,25.2,14.5,43.2,49.6,13
2026-08-21T20:16:10Z,celmis-sandbox,0.02,54.8,3072.0,1.78,0.0,0.0,18.0,0.0,3
2026-08-21T20:16:10Z,celmis-qdrant,0.19,178.2,6928.38,2.57,0.05,0.03,71.3,0.0,25
2026-08-21T20:16:17Z,celmis-web,0.01,75.38,6928.38,1.09,0.27,0.54,10.3,0.0,12
2026-08-21T20:16:17Z,celmis-api,0.23,322.6,6928.38,4.66,12.7,11.0,25.2,451.0,18
2026-08-21T20:16:17Z,celmis-postgres,0.02,40.39,6928.38,0.58,25.2,14.5,43.2,49.6,13
2026-08-21T20:16:17Z,celmis-sandbox,0.03,54.8,3072.0,1.78,0.0,0.0,18.0,0.0,3
2026-08-21T20:16:17Z,celmis-qdrant,0.08,178.1,6928.38,2.57,0.05,0.03,71.3,0.0,25
2026-08-21T20:16:25Z,celmis-web,0.00,75.53,6928.38,1.09,0.27,0.54,10.3,0.0,12
2026-08-21T20:16:25Z,celmis-api,2.04,322.6,6928.38,4.66,12.7,11.0,25.2,451.0,18
2026-08-21T20:16:25Z,celmis-postgres,0.06,40.57,6928.38,0.59,25.2,14.5,43.2,49.6,13
2026-08-21T20:16:25Z,celmis-sandbox,0.03,54.8,3072.0,1.78,0.0,0.0,18.0,0.0,3
2026-08-21T20:16:25Z,celmis-qdrant,0.08,178.1,6928.38,2.57,0.05,0.03,71.3,0.0,25
2026-08-21T20:16:32Z,celmis-web,0.00,75.53,6928.38,1.09,0.27,0.54,10.3,0.0,12
2026-08-21T20:16:32Z,celmis-api,0.29,322.5,6928.38,4.65,12.7,11.0,25.2,451.0,18
2026-08-21T20:16:32Z,celmis-postgres,0.03,40.13,6928.38,0.58,25.2,14.5,43.2,49.7,13
2026-08-21T20:16:32Z,celmis-sandbox,0.02,54.73,3072.0,1.78,0.0,0.0,18.0,0.0,3
2026-08-21T20:16:32Z,celmis-qdrant,0.08,178.2,6928.38,2.57,0.05,0.03,71.3,0.0,25
2026-08-21T20:16:40Z,celmis-web,0.01,75.7,6928.38,1.09,0.27,0.54,10.3,0.0,12
2026-08-21T20:16:40Z,celmis-api,0.46,322.5,6928.38,4.65,12.7,11.0,25.2,451.0,18
2026-08-21T20:16:40Z,celmis-postgres,0.09,40.34,6928.38,0.58,25.2,14.5,43.2,49.7,13
2026-08-21T20:16:40Z,celmis-sandbox,0.03,54.73,3072.0,1.78,0.0,0.0,18.0,0.0,3
2026-08-21T20:16:40Z,celmis-qdrant,0.11,178.2,6928.38,2.57,0.05,0.03,71.3,0.0,25
2026-08-21T20:16:47Z,celmis-web,0.00,75.7,6928.38,1.09,0.27,0.54,10.3,0.0,12
2026-08-21T20:16:47Z,celmis-api,0.23,322.2,6928.38,4.65,12.7,11.0,25.2,451.0,18
2026-08-21T20:16:47Z,celmis-postgres,0.02,40.3,6928.38,0.58,25.2,14.5,43.2,49.7,13
2026-08-21T20:16:47Z,celmis-sandbox,0.03,54.73,3072.0,1.78,0.0,0.0,18.0,0.0,3
2026-08-21T20:16:47Z,celmis-qdrant,0.11,178.1,6928.38,2.57,0.05,0.03,71.3,0.0,25
2026-08-21T20:16:55Z,celmis-web,0.01,75.72,6928.38,1.09,0.27,0.54,10.3,0.0,12
2026-08-21T20:16:55Z,celmis-api,2.30,322.3,6928.38,4.65,12.7,11.0,25.2,451.0,18
2026-08-21T20:16:55Z,celmis-postgres,0.09,40.29,6928.38,0.58,25.2,14.5,43.2,49.7,13
2026-08-21T20:16:55Z,celmis-sandbox,0.02,54.73,3072.0,1.78,0.0,0.0,18.0,0.0,3
2026-08-21T20:16:55Z,celmis-qdrant,0.07,178.1,6928.38,2.57,0.05,0.03,71.3,0.0,25
2026-08-21T20:17:02Z,celmis-web,0.01,75.72,6928.38,1.09,0.27,0.54,10.3,0.0,12
2026-08-21T20:17:02Z,celmis-api,0.25,322.4,6928.38,4.65,12.8,11.0,25.2,451.0,18
2026-08-21T20:17:02Z,celmis-postgres,1.75,40.56,6928.38,0.59,25.2,14.5,43.2,49.7,13
2026-08-21T20:17:02Z,celmis-sandbox,0.03,54.89,3072.0,1.79,0.0,0.0,18.0,0.0,3
2026-08-21T20:17:02Z,celmis-qdrant,0.07,178.4,6928.38,2.58,0.05,0.03,71.3,0.0,25
2026-08-21T20:17:10Z,celmis-web,0.00,75.57,6928.38,1.09,0.27,0.54,10.3,0.0,12
2026-08-21T20:17:10Z,celmis-api,0.43,574.5,6928.38,8.29,12.9,11.1,25.2,451.0,24
2026-08-21T20:17:10Z,celmis-postgres,0.57,43.82,6928.38,0.63,25.3,14.6,43.2,49.7,15
2026-08-21T20:17:10Z,celmis-sandbox,0.07,54.89,3072.0,1.79,0.0,0.0,18.0,0.0,3
2026-08-21T20:17:10Z,celmis-qdrant,0.12,178.4,6928.38,2.58,0.05,0.03,71.3,0.0,25
2026-08-21T20:17:17Z,celmis-web,0.00,75.57,6928.38,1.09,0.27,0.54,10.3,0.0,12
2026-08-21T20:17:17Z,celmis-api,0.26,574.7,6928.38,8.30,12.9,11.1,25.2,451.0,24
2026-08-21T20:17:17Z,celmis-postgres,1.85,43.88,6928.38,0.63,25.3,14.6,43.2,49.7,15
2026-08-21T20:17:17Z,celmis-sandbox,0.02,54.89,3072.0,1.79,0.0,0.0,18.0,0.0,3
2026-08-21T20:17:17Z,celmis-qdrant,0.08,178.1,6928.38,2.57,0.05,0.03,71.3,0.0,25
2026-08-21T20:17:25Z,celmis-web,0.00,75.77,6928.38,1.09,0.27,0.54,10.3,0.0,12
2026-08-21T20:17:25Z,celmis-api,3.37,575.3,6928.38,8.30,12.9,11.1,25.2,451.0,25
2026-08-21T20:17:25Z,celmis-postgres,0.21,45.44,6928.38,0.66,25.3,14.6,43.2,49.8,16
2026-08-21T20:17:25Z,celmis-sandbox,0.03,54.89,3072.0,1.79,0.0,0.0,18.0,0.0,3
2026-08-21T20:17:25Z,celmis-qdrant,0.09,178.1,6928.38,2.57,0.05,0.03,71.3,0.0,25
2026-08-21T20:17:32Z,celmis-web,0.01,75.77,6928.38,1.09,0.27,0.54,10.3,0.0,12
2026-08-21T20:17:32Z,celmis-api,1.34,575.2,6928.38,8.30,13.0,11.1,25.2,451.0,25
2026-08-21T20:17:32Z,celmis-postgres,1.67,45.51,6928.38,0.66,25.3,14.6,43.2,49.8,16
2026-08-21T20:17:32Z,celmis-sandbox,0.03,54.82,3072.0,1.78,0.0,0.0,18.0,0.0,3
2026-08-21T20:17:32Z,celmis-qdrant,0.07,178.3,6928.38,2.57,0.05,0.03,71.3,0.0,25
2026-08-21T20:17:40Z,celmis-web,0.01,75.72,6928.38,1.09,0.27,0.54,10.3,0.0,12
2026-08-21T20:17:40Z,celmis-api,0.49,575.4,6928.38,8.30,13.0,11.1,25.2,452.0,20
2026-08-21T20:17:40Z,celmis-postgres,0.00,45.75,6928.38,0.66,25.3,14.6,43.2,49.8,16
2026-08-21T20:17:40Z,celmis-sandbox,0.03,54.82,3072.0,1.78,0.0,0.0,18.0,0.0,3
2026-08-21T20:17:40Z,celmis-qdrant,0.15,178.3,6928.38,2.57,0.05,0.03,71.3,0.0,25
2026-08-21T20:17:47Z,celmis-web,0.01,75.72,6928.38,1.09,0.27,0.54,10.3,0.0,12
2026-08-21T20:17:47Z,celmis-api,0.26,575.3,6928.38,8.30,13.0,11.1,25.2,452.0,20
2026-08-21T20:17:47Z,celmis-postgres,0.00,45.46,6928.38,0.66,25.3,14.6,43.2,49.8,16
2026-08-21T20:17:47Z,celmis-sandbox,0.03,54.82,3072.0,1.78,0.0,0.0,18.0,0.0,3
2026-08-21T20:17:47Z,celmis-qdrant,0.09,178.4,6928.38,2.57,0.05,0.03,71.3,0.0,25
2026-08-21T20:17:55Z,celmis-web,0.01,75.96,6928.38,1.10,0.27,0.54,10.3,0.0,12
2026-08-21T20:17:55Z,celmis-api,0.50,575.3,6928.38,8.30,13.0,11.1,25.2,452.0,20
2026-08-21T20:17:55Z,celmis-postgres,0.12,45.47,6928.38,0.66,25.3,14.6,43.2,49.9,16
2026-08-21T20:17:55Z,celmis-sandbox,0.02,54.82,3072.0,1.78,0.0,0.0,18.0,0.0,3
2026-08-21T20:17:55Z,celmis-qdrant,1.45,178.1,6928.38,2.57,0.05,0.03,71.3,0.0,25
2026-08-21T20:18:02Z,celmis-web,0.01,75.96,6928.38,1.10,0.27,0.54,10.3,0.0,12
2026-08-21T20:18:02Z,celmis-api,0.28,575.4,6928.38,8.31,13.0,11.1,25.2,452.0,20
2026-08-21T20:18:02Z,celmis-postgres,0.00,45.8,6928.38,0.66,25.3,14.6,43.2,49.9,16
2026-08-21T20:18:02Z,celmis-sandbox,0.03,54.74,3072.0,1.78,0.0,0.0,18.0,0.0,3
2026-08-21T20:18:02Z,celmis-qdrant,0.09,178.1,6928.38,2.57,0.05,0.03,71.3,0.0,25
2026-08-21T20:18:10Z,celmis-web,0.01,75.68,6928.38,1.09,0.27,0.54,10.3,0.0,12
2026-08-21T20:18:10Z,celmis-api,9.12,575.4,6928.38,8.31,13.0,11.1,25.2,452.0,20
2026-08-21T20:18:10Z,celmis-postgres,8.73,46.11,6928.38,0.67,25.3,14.6,43.2,49.9,16
2026-08-21T20:18:10Z,celmis-sandbox,0.02,54.74,3072.0,1.78,0.0,0.0,18.0,0.0,3
2026-08-21T20:18:10Z,celmis-qdrant,0.09,178.1,6928.38,2.57,0.05,0.03,71.3,0.0,25
2026-08-21T20:18:17Z,celmis-web,0.01,75.68,6928.38,1.09,0.27,0.54,10.3,0.0,12
2026-08-21T20:18:17Z,celmis-api,45.93,331.4,6928.38,4.78,13.1,11.1,25.2,452.0,19
2026-08-21T20:18:17Z,celmis-postgres,0.39,40.34,6928.38,0.58,25.3,14.6,43.2,49.9,13
2026-08-21T20:18:17Z,celmis-sandbox,0.02,54.74,3072.0,1.78,0.0,0.0,18.0,0.0,3
2026-08-21T20:18:17Z,celmis-qdrant,0.06,178.2,6928.38,2.57,0.05,0.03,71.3,0.0,25
2026-08-21T20:18:25Z,celmis-web,0.01,75.71,6928.38,1.09,0.27,0.54,10.3,0.0,12
2026-08-21T20:18:25Z,celmis-api,0.53,575.7,6928.38,8.31,13.3,11.3,25.2,452.0,24
2026-08-21T20:18:25Z,celmis-postgres,0.10,44.1,6928.38,0.64,25.3,14.6,43.2,49.9,15
2026-08-21T20:18:25Z,celmis-sandbox,0.03,54.74,3072.0,1.78,0.0,0.0,18.0,0.0,3
2026-08-21T20:18:25Z,celmis-qdrant,0.07,178.2,6928.38,2.57,0.05,0.03,71.3,0.0,25
2026-08-21T20:18:32Z,celmis-web,0.01,75.71,6928.38,1.09,0.27,0.54,10.3,0.0,12
2026-08-21T20:18:32Z,celmis-api,0.28,575.8,6928.38,8.31,13.3,11.3,25.2,452.0,24
2026-08-21T20:18:32Z,celmis-postgres,1.63,43.87,6928.38,0.63,25.3,14.6,43.2,49.9,15
2026-08-21T20:18:32Z,celmis-sandbox,0.03,54.9,3072.0,1.79,0.0,0.0,18.0,0.0,3
2026-08-21T20:18:32Z,celmis-qdrant,0.09,178.4,6928.38,2.57,0.05,0.03,71.3,0.0,25
2026-08-21T20:18:40Z,celmis-web,0.00,75.36,6928.38,1.09,0.27,0.54,10.3,0.0,12
2026-08-21T20:18:40Z,celmis-api,0.26,576.3,6928.38,8.32,13.3,11.4,25.2,452.0,25
2026-08-21T20:18:40Z,celmis-postgres,0.03,45.57,6928.38,0.66,25.3,14.6,43.2,49.9,16
2026-08-21T20:18:40Z,celmis-sandbox,0.03,54.9,3072.0,1.79,0.0,0.0,18.0,0.0,3
2026-08-21T20:18:40Z,celmis-qdrant,0.08,178.4,6928.38,2.57,0.05,0.03,71.3,0.0,25
2026-08-21T20:18:47Z,celmis-web,0.00,75.36,6928.38,1.09,0.27,0.54,10.3,0.0,12
2026-08-21T20:18:47Z,celmis-api,0.25,576.3,6928.38,8.32,13.3,11.4,25.2,452.0,25
2026-08-21T20:18:47Z,celmis-postgres,0.99,45.92,6928.38,0.66,25.3,14.6,43.2,49.9,16
2026-08-21T20:18:47Z,celmis-sandbox,0.03,54.9,3072.0,1.79,0.0,0.0,18.0,0.0,3
2026-08-21T20:18:47Z,celmis-qdrant,0.07,178.3,6928.38,2.57,0.05,0.03,71.3,0.0,25
2026-08-21T20:18:55Z,celmis-web,0.00,75.62,6928.38,1.09,0.27,0.54,10.3,0.0,12
2026-08-21T20:18:55Z,celmis-api,0.61,576.2,6928.38,8.32,13.3,11.4,25.2,452.0,25
2026-08-21T20:18:55Z,celmis-postgres,0.27,45.71,6928.38,0.66,25.3,14.6,43.2,49.9,16
2026-08-21T20:18:55Z,celmis-sandbox,0.03,54.9,3072.0,1.79,0.0,0.0,18.0,0.0,3
2026-08-21T20:18:55Z,celmis-qdrant,0.10,178.3,6928.38,2.57,0.05,0.03,71.3,0.0,25
2026-08-21T20:19:02Z,celmis-web,0.01,75.62,6928.38,1.09,0.27,0.54,10.3,0.0,12
2026-08-21T20:19:02Z,celmis-api,0.25,576.6,6928.38,8.32,13.4,11.5,25.2,452.0,25
2026-08-21T20:19:02Z,celmis-postgres,0.00,45.68,6928.38,0.66,25.3,14.6,43.2,50.0,16
2026-08-21T20:19:02Z,celmis-sandbox,0.03,54.82,3072.0,1.78,0.0,0.0,18.0,0.0,3
2026-08-21T20:19:02Z,celmis-qdrant,0.07,178.2,6928.38,2.57,0.05,0.03,71.3,0.0,25
2026-08-21T20:19:10Z,celmis-web,0.00,75.23,6928.38,1.09,0.27,0.54,10.3,0.0,12
2026-08-21T20:19:10Z,celmis-api,0.41,576.6,6928.38,8.32,13.4,11.5,25.2,452.0,25
2026-08-21T20:19:10Z,celmis-postgres,0.73,45.89,6928.38,0.66,25.3,14.6,43.2,50.0,16
2026-08-21T20:19:10Z,celmis-sandbox,0.03,54.82,3072.0,1.78,0.0,0.0,18.0,0.0,3
2026-08-21T20:19:10Z,celmis-qdrant,0.16,178.2,6928.38,2.57,0.05,0.03,71.3,0.0,25
2026-08-21T20:19:17Z,celmis-web,0.01,75.23,6928.38,1.09,0.27,0.54,10.3,0.0,12
2026-08-21T20:19:17Z,celmis-api,0.23,576.5,6928.38,8.32,13.4,11.5,25.2,452.0,25
2026-08-21T20:19:17Z,celmis-postgres,1.85,45.78,6928.38,0.66,25.3,14.6,43.2,50.0,16
2026-08-21T20:19:17Z,celmis-sandbox,0.02,54.82,3072.0,1.78,0.0,0.0,18.0,0.0,3
2026-08-21T20:19:17Z,celmis-qdrant,0.09,178.4,6928.38,2.57,0.05,0.03,71.3,0.0,25
2026-08-21T20:19:25Z,celmis-web,0.01,75.4,6928.38,1.09,0.27,0.54,10.3,0.0,12
2026-08-21T20:19:25Z,celmis-api,0.49,576.5,6928.38,8.32,13.4,11.5,25.2,452.0,20
2026-08-21T20:19:25Z,celmis-postgres,0.09,45.52,6928.38,0.66,25.3,14.6,43.2,50.0,16
2026-08-21T20:19:25Z,celmis-sandbox,0.02,54.82,3072.0,1.78,0.0,0.0,18.0,0.0,3
2026-08-21T20:19:25Z,celmis-qdrant,0.08,178.4,6928.38,2.57,0.05,0.03,71.3,0.0,25
2026-08-21T20:19:32Z,celmis-web,0.01,75.4,6928.38,1.09,0.27,0.54,10.3,0.0,12
2026-08-21T20:19:32Z,celmis-api,0.99,576.8,6928.38,8.32,13.5,11.5,25.2,452.0,20
2026-08-21T20:19:32Z,celmis-postgres,0.03,45.55,6928.38,0.66,25.4,14.7,43.2,50.0,16
2026-08-21T20:19:32Z,celmis-sandbox,0.03,55.0,3072.0,1.79,0.0,0.0,18.0,0.0,3
2026-08-21T20:19:32Z,celmis-qdrant,0.07,178.0,6928.38,2.57,0.05,0.03,71.3,0.0,25
2026-08-21T20:19:40Z,celmis-web,0.00,75.61,6928.38,1.09,0.27,0.54,10.3,0.0,12
2026-08-21T20:19:40Z,celmis-api,0.28,573.3,6928.38,8.27,13.7,11.7,25.2,452.0,24
2026-08-21T20:19:40Z,celmis-postgres,0.03,43.9,6928.38,0.63,25.4,14.7,43.2,50.0,15
2026-08-21T20:19:40Z,celmis-sandbox,0.03,55.0,3072.0,1.79,0.0,0.0,18.0,0.0,3
2026-08-21T20:19:40Z,celmis-qdrant,0.08,178.0,6928.38,2.57,0.05,0.03,71.3,0.0,25
2026-08-21T20:19:47Z,celmis-web,0.01,75.61,6928.38,1.09,0.27,0.54,10.3,0.0,12
2026-08-21T20:19:47Z,celmis-api,0.18,573.7,6928.38,8.28,13.7,11.7,25.2,452.0,24
2026-08-21T20:19:47Z,celmis-postgres,0.00,43.9,6928.38,0.63,25.4,14.7,43.2,50.0,15
2026-08-21T20:19:47Z,celmis-sandbox,0.02,55.0,3072.0,1.79,0.0,0.0,18.0,0.0,3
2026-08-21T20:19:47Z,celmis-qdrant,0.07,178.2,6928.38,2.57,0.05,0.03,71.3,0.0,25
2026-08-21T20:19:55Z,celmis-web,0.01,75.36,6928.38,1.09,0.27,0.54,10.3,0.0,12
2026-08-21T20:19:55Z,celmis-api,1.13,573.7,6928.38,8.28,13.7,11.7,25.2,452.0,24
2026-08-21T20:19:55Z,celmis-postgres,0.09,43.71,6928.38,0.63,25.4,14.7,43.2,50.0,15
2026-08-21T20:19:55Z,celmis-sandbox,0.03,55.0,3072.0,1.79,0.0,0.0,18.0,0.0,3
2026-08-21T20:19:55Z,celmis-qdrant,0.09,178.2,6928.38,2.57,0.05,0.03,71.3,0.0,25
2026-08-21T20:20:02Z,celmis-web,0.01,75.36,6928.38,1.09,0.27,0.54,10.3,0.0,12
2026-08-21T20:20:02Z,celmis-api,0.24,573.6,6928.38,8.28,13.7,11.7,25.2,452.0,24
2026-08-21T20:20:02Z,celmis-postgres,1.71,44.03,6928.38,0.64,25.4,14.7,43.2,50.0,15
2026-08-21T20:20:02Z,celmis-sandbox,0.03,54.94,3072.0,1.79,0.0,0.0,18.0,0.0,3
2026-08-21T20:20:02Z,celmis-qdrant,0.06,178.1,6928.38,2.57,0.05,0.03,71.3,0.0,25
2026-08-21T20:20:10Z,celmis-web,0.01,75.44,6928.38,1.09,0.27,0.54,10.3,0.0,12
2026-08-21T20:20:10Z,celmis-api,0.23,574.1,6928.38,8.29,13.7,11.8,25.2,452.0,25
2026-08-21T20:20:10Z,celmis-postgres,0.51,46.14,6928.38,0.67,25.4,14.7,43.2,50.1,16
2026-08-21T20:20:10Z,celmis-sandbox,0.03,54.92,3072.0,1.79,0.0,0.0,18.0,0.0,3
2026-08-21T20:20:10Z,celmis-qdrant,0.09,178.1,6928.38,2.57,0.05,0.03,71.3,0.0,25
2026-08-21T20:20:17Z,celmis-web,0.01,75.44,6928.38,1.09,0.27,0.54,10.3,0.0,12
2026-08-21T20:20:17Z,celmis-api,0.24,573.8,6928.38,8.28,13.7,11.8,25.2,452.0,25
2026-08-21T20:20:17Z,celmis-postgres,1.64,45.89,6928.38,0.66,25.4,14.7,43.2,50.1,16
2026-08-21T20:20:17Z,celmis-sandbox,0.02,54.92,3072.0,1.79,0.0,0.0,18.0,0.0,3
2026-08-21T20:20:17Z,celmis-qdrant,0.07,178.2,6928.38,2.57,0.05,0.03,71.3,0.0,25
2026-08-21T20:20:25Z,celmis-web,0.03,75.49,6928.38,1.09,0.27,0.54,10.3,0.0,12
2026-08-21T20:20:25Z,celmis-api,1.34,574.0,6928.38,8.28,13.8,11.8,25.2,452.0,25
2026-08-21T20:20:25Z,celmis-postgres,0.12,46.01,6928.38,0.66,25.4,14.7,43.2,50.1,16
2026-08-21T20:20:25Z,celmis-sandbox,0.03,54.92,3072.0,1.79,0.0,0.0,18.0,0.0,3
2026-08-21T20:20:25Z,celmis-qdrant,0.08,178.2,6928.38,2.57,0.05,0.03,71.3,0.0,25
2026-08-21T20:20:33Z,celmis-web,0.01,75.49,6928.38,1.09,0.27,0.54,10.3,0.0,12
2026-08-21T20:20:33Z,celmis-api,0.27,574.2,6928.38,8.29,13.8,11.8,25.2,452.0,25
2026-08-21T20:20:33Z,celmis-postgres,1.48,45.65,6928.38,0.66,25.4,14.7,43.2,50.1,16
2026-08-21T20:20:33Z,celmis-sandbox,0.03,54.59,3072.0,1.78,0.0,0.0,18.0,0.0,3
2026-08-21T20:20:33Z,celmis-qdrant,0.11,178.4,6928.38,2.57,0.05,0.03,71.3,0.0,25
2026-08-21T20:20:40Z,celmis-web,0.01,75.43,6928.38,1.09,0.27,0.54,10.3,0.0,12
2026-08-21T20:20:40Z,celmis-api,0.27,574.1,6928.38,8.29,13.8,11.8,25.2,452.0,20
2026-08-21T20:20:40Z,celmis-postgres,0.00,45.82,6928.38,0.66,25.4,14.7,43.2,50.1,16
2026-08-21T20:20:40Z,celmis-sandbox,0.05,54.58,3072.0,1.78,0.0,0.0,18.0,0.0,3
2026-08-21T20:20:40Z,celmis-qdrant,0.12,178.4,6928.38,2.57,0.05,0.03,71.3,0.0,25
2026-08-21T20:20:47Z,celmis-web,0.00,75.43,6928.38,1.09,0.27,0.54,10.3,0.0,12
2026-08-21T20:20:47Z,celmis-api,0.26,574.3,6928.38,8.29,13.8,11.8,25.2,452.0,20
2026-08-21T20:20:47Z,celmis-postgres,0.03,45.77,6928.38,0.66,25.4,14.7,43.2,50.1,16
2026-08-21T20:20:47Z,celmis-sandbox,0.03,54.58,3072.0,1.78,0.0,0.0,18.0,0.0,3
2026-08-21T20:20:47Z,celmis-qdrant,0.05,178.3,6928.38,2.57,0.05,0.03,71.3,0.0,25
2026-08-21T20:20:55Z,celmis-web,0.02,75.33,6928.38,1.09,0.27,0.54,10.3,0.0,12
2026-08-21T20:20:55Z,celmis-api,33.72,322.9,6928.38,4.66,13.9,11.9,25.2,452.0,18
2026-08-21T20:20:55Z,celmis-postgres,0.10,45.86,6928.38,0.66,25.5,14.8,43.2,50.1,16
2026-08-21T20:20:55Z,celmis-sandbox,0.02,54.58,3072.0,1.78,0.0,0.0,18.0,0.0,3
2026-08-21T20:20:55Z,celmis-qdrant,0.04,178.3,6928.38,2.57,0.05,0.03,71.3,0.0,25
2026-08-21T20:21:03Z,celmis-web,0.01,75.33,6928.38,1.09,0.27,0.54,10.3,0.0,12
2026-08-21T20:21:03Z,celmis-api,0.32,573.9,6928.38,8.28,14.1,12.1,25.2,452.0,24
2026-08-21T20:21:03Z,celmis-postgres,1.63,44.31,6928.38,0.64,25.5,14.8,43.2,50.1,15
2026-08-21T20:21:03Z,celmis-sandbox,0.03,55.0,3072.0,1.79,0.0,0.0,18.0,0.0,3
2026-08-21T20:21:03Z,celmis-qdrant,0.12,178.5,6928.38,2.58,0.05,0.03,71.3,0.0,25
2026-08-21T20:21:10Z,celmis-web,0.01,75.58,6928.38,1.09,0.27,0.54,10.3,0.0,12
2026-08-21T20:21:10Z,celmis-api,0.32,573.9,6928.38,8.28,14.1,12.1,25.2,452.0,24
2026-08-21T20:21:10Z,celmis-postgres,0.64,44.01,6928.38,0.64,25.5,14.8,43.2,50.1,15
2026-08-21T20:21:10Z,celmis-sandbox,0.03,55.0,3072.0,1.79,0.0,0.0,18.0,0.0,3
2026-08-21T20:21:10Z,celmis-qdrant,0.09,178.5,6928.38,2.58,0.05,0.03,71.3,0.0,25
2026-08-21T20:21:17Z,celmis-web,0.01,75.58,6928.38,1.09,0.27,0.54,10.3,0.0,12
2026-08-21T20:21:17Z,celmis-api,0.25,573.8,6928.38,8.28,14.1,12.1,25.2,452.0,24
2026-08-21T20:21:17Z,celmis-postgres,0.00,43.99,6928.38,0.63,25.5,14.8,43.2,50.1,15
2026-08-21T20:21:17Z,celmis-sandbox,0.03,55.0,3072.0,1.79,0.0,0.0,18.0,0.0,3
2026-08-21T20:21:17Z,celmis-qdrant,0.11,178.4,6928.38,2.57,0.05,0.03,71.3,0.0,25
2026-08-21T20:21:25Z,celmis-web,0.01,75.34,6928.38,1.09,0.27,0.54,10.3,0.0,12
2026-08-21T20:21:25Z,celmis-api,0.52,573.8,6928.38,8.28,14.1,12.1,25.2,452.0,24
2026-08-21T20:21:25Z,celmis-postgres,0.08,43.83,6928.38,0.63,25.5,14.8,43.2,50.1,15
2026-08-21T20:21:25Z,celmis-sandbox,0.03,55.0,3072.0,1.79,0.0,0.0,18.0,0.0,3
2026-08-21T20:21:25Z,celmis-qdrant,0.08,178.4,6928.38,2.57,0.05,0.03,71.3,0.0,25
2026-08-21T20:21:33Z,celmis-web,0.01,75.34,6928.38,1.09,0.27,0.54,10.3,0.0,12
2026-08-21T20:21:33Z,celmis-api,0.28,573.9,6928.38,8.28,14.1,12.1,25.2,452.0,24
2026-08-21T20:21:33Z,celmis-postgres,0.04,44.11,6928.38,0.64,25.5,14.8,43.2,50.1,15
2026-08-21T20:21:33Z,celmis-sandbox,0.03,55.05,3072.0,1.79,0.0,0.0,18.0,0.0,3
2026-08-21T20:21:33Z,celmis-qdrant,0.07,178.3,6928.38,2.57,0.05,0.03,71.3,0.0,25
2026-08-21T20:21:40Z,celmis-web,0.00,75.45,6928.38,1.09,0.27,0.54,10.3,0.0,12
2026-08-21T20:21:40Z,celmis-api,1.52,574.4,6928.38,8.29,14.2,12.1,25.2,452.0,25
2026-08-21T20:21:40Z,celmis-postgres,0.29,46.13,6928.38,0.67,25.5,14.8,43.2,50.2,16
2026-08-21T20:21:40Z,celmis-sandbox,0.03,55.05,3072.0,1.79,0.0,0.0,18.0,0.0,3
2026-08-21T20:21:40Z,celmis-qdrant,0.13,178.3,6928.38,2.57,0.05,0.03,71.3,0.0,25
2026-08-21T20:21:47Z,celmis-web,0.01,75.45,6928.38,1.09,0.27,0.54,10.3,0.0,12
2026-08-21T20:21:47Z,celmis-api,0.30,574.6,6928.38,8.29,14.2,12.1,25.2,452.0,25
2026-08-21T20:21:47Z,celmis-postgres,0.01,45.76,6928.38,0.66,25.5,14.8,43.2,50.2,16
2026-08-21T20:21:47Z,celmis-sandbox,0.03,55.05,3072.0,1.79,0.0,0.0,18.0,0.0,3
2026-08-21T20:21:47Z,celmis-qdrant,0.10,178.2,6928.38,2.57,0.05,0.03,71.3,0.0,25
2026-08-21T20:21:55Z,celmis-web,0.03,75.81,6928.38,1.09,0.27,0.54,10.3,0.0,12
2026-08-21T20:21:55Z,celmis-api,0.33,574.6,6928.38,8.29,14.2,12.1,25.2,452.0,25
2026-08-21T20:21:55Z,celmis-postgres,0.10,45.95,6928.38,0.66,25.5,14.8,43.2,50.2,16
2026-08-21T20:21:55Z,celmis-sandbox,0.04,55.05,3072.0,1.79,0.0,0.0,18.0,0.0,3
2026-08-21T20:21:55Z,celmis-qdrant,0.13,178.2,6928.38,2.57,0.05,0.03,71.3,0.0,25
2026-08-21T20:22:03Z,celmis-web,0.01,75.81,6928.38,1.09,0.27,0.54,10.3,0.0,12
2026-08-21T20:22:03Z,celmis-api,0.26,574.6,6928.38,8.29,14.2,12.2,25.2,452.0,20
2026-08-21T20:22:03Z,celmis-postgres,0.04,45.86,6928.38,0.66,25.5,14.8,43.2,50.2,16
2026-08-21T20:22:03Z,celmis-sandbox,0.02,54.98,3072.0,1.79,0.0,0.0,18.0,0.0,3
2026-08-21T20:22:03Z,celmis-qdrant,0.08,178.1,6928.38,2.57,0.05,0.03,71.3,0.0,25
2026-08-21T20:22:10Z,celmis-web,0.00,75.52,6928.38,1.09,0.27,0.54,10.3,0.0,12
2026-08-21T20:22:10Z,celmis-api,0.45,574.6,6928.38,8.29,14.2,12.2,25.2,452.0,20
2026-08-21T20:22:10Z,celmis-postgres,0.84,46.04,6928.38,0.66,25.5,14.8,43.2,50.2,16
2026-08-21T20:22:10Z,celmis-sandbox,0.03,54.98,3072.0,1.79,0.0,0.0,18.0,0.0,3
2026-08-21T20:22:10Z,celmis-qdrant,0.13,178.1,6928.38,2.57,0.05,0.03,71.3,0.0,25
2026-08-21T20:22:17Z,celmis-web,0.00,75.52,6928.38,1.09,0.27,0.54,10.3,0.0,12
2026-08-21T20:22:17Z,celmis-api,0.24,574.3,6928.38,8.29,14.3,12.2,25.2,452.0,20
2026-08-21T20:22:17Z,celmis-postgres,0.03,45.42,6928.38,0.66,25.5,14.8,43.2,50.2,16
2026-08-21T20:22:17Z,celmis-sandbox,0.03,54.98,3072.0,1.79,0.0,0.0,18.0,0.0,3
2026-08-21T20:22:17Z,celmis-qdrant,0.09,178.2,6928.38,2.57,0.05,0.03,71.3,0.0,25
2026-08-21T20:22:25Z,celmis-web,0.00,75.28,6928.38,1.09,0.27,0.54,10.3,0.0,12
2026-08-21T20:22:25Z,celmis-api,0.86,574.3,6928.38,8.29,14.3,12.2,25.2,452.0,20
2026-08-21T20:22:25Z,celmis-postgres,0.04,45.77,6928.38,0.66,25.5,14.8,43.2,50.4,16
2026-08-21T20:22:25Z,celmis-sandbox,0.03,54.98,3072.0,1.79,0.0,0.0,18.0,0.0,3
2026-08-21T20:22:25Z,celmis-qdrant,0.10,178.2,6928.38,2.57,0.05,0.03,71.3,0.0,25
2026-08-21T20:22:33Z,celmis-web,0.01,75.28,6928.38,1.09,0.27,0.54,10.3,0.0,12
2026-08-21T20:22:33Z,celmis-api,0.25,574.2,6928.38,8.29,14.3,12.2,25.2,452.0,20
2026-08-21T20:22:33Z,celmis-postgres,0.03,45.78,6928.38,0.66,25.5,14.8,43.2,50.4,16
2026-08-21T20:22:33Z,celmis-sandbox,0.02,55.15,3072.0,1.80,0.0,0.0,18.0,0.0,3
2026-08-21T20:22:33Z,celmis-qdrant,0.09,178.4,6928.38,2.57,0.05,0.03,71.3,0.0,25
2026-08-21T20:22:40Z,celmis-web,0.01,75.47,6928.38,1.09,0.27,0.54,10.3,0.0,12
2026-08-21T20:22:40Z,celmis-api,0.53,575.0,6928.38,8.30,14.4,12.3,25.2,452.0,20
2026-08-21T20:22:40Z,celmis-postgres,0.08,45.73,6928.38,0.66,25.7,15.0,43.2,50.4,16
2026-08-21T20:22:40Z,celmis-sandbox,0.03,55.15,3072.0,1.80,0.0,0.0,18.0,0.0,3
2026-08-21T20:22:40Z,celmis-qdrant,0.11,178.4,6928.38,2.57,0.05,0.03,71.3,0.0,25
2026-08-21T20:22:47Z,celmis-web,0.01,75.47,6928.38,1.09,0.27,0.54,10.3,0.0,12
2026-08-21T20:22:47Z,celmis-api,0.25,575.5,6928.38,8.31,14.6,12.5,25.2,453.0,24
2026-08-21T20:22:47Z,celmis-postgres,0.00,44.02,6928.38,0.64,25.7,15.0,43.2,50.4,15
2026-08-21T20:22:47Z,celmis-sandbox,0.03,55.15,3072.0,1.80,0.0,0.0,18.0,0.0,3
2026-08-21T20:22:47Z,celmis-qdrant,0.09,178.3,6928.38,2.57,0.05,0.03,71.3,0.0,25
2026-08-21T20:22:55Z,celmis-web,0.01,75.41,6928.38,1.09,0.27,0.54,10.3,0.0,12
2026-08-21T20:22:55Z,celmis-api,0.40,575.4,6928.38,8.31,14.6,12.5,25.2,453.0,24
2026-08-21T20:22:55Z,celmis-postgres,1.77,43.93,6928.38,0.63,25.7,15.0,43.2,50.5,15
2026-08-21T20:22:55Z,celmis-sandbox,0.03,55.15,3072.0,1.80,0.0,0.0,18.0,0.0,3
2026-08-21T20:22:55Z,celmis-qdrant,0.13,178.3,6928.38,2.57,0.05,0.03,71.3,0.0,25
2026-08-21T20:23:02Z,celmis-web,0.01,75.41,6928.38,1.09,0.27,0.54,10.3,0.0,12
2026-08-21T20:23:02Z,celmis-api,0.28,575.4,6928.38,8.30,14.6,12.5,25.2,453.0,24
2026-08-21T20:23:02Z,celmis-postgres,0.03,43.84,6928.38,0.63,25.7,15.0,43.2,50.5,15
2026-08-21T20:23:02Z,celmis-sandbox,0.03,55.32,3072.0,1.80,0.0,0.0,18.0,0.0,3
2026-08-21T20:23:02Z,celmis-qdrant,0.06,178.4,6928.38,2.58,0.05,0.03,71.3,0.0,25
2026-08-21T20:23:10Z,celmis-web,0.01,75.29,6928.38,1.09,0.27,0.54,10.3,0.0,12
2026-08-21T20:23:10Z,celmis-api,0.47,575.9,6928.38,8.31,14.7,12.6,25.2,453.0,25
2026-08-21T20:23:10Z,celmis-postgres,0.77,45.73,6928.38,0.66,25.7,15.0,43.2,50.5,16
2026-08-21T20:23:10Z,celmis-sandbox,0.03,55.32,3072.0,1.80,0.0,0.0,18.0,0.0,3
2026-08-21T20:23:10Z,celmis-qdrant,0.08,178.4,6928.38,2.58,0.05,0.03,71.3,0.0,25
2026-08-21T20:23:17Z,celmis-web,0.01,75.29,6928.38,1.09,0.27,0.54,10.3,0.0,12
2026-08-21T20:23:17Z,celmis-api,0.24,576.6,6928.38,8.32,14.7,12.6,26.0,453.0,25
2026-08-21T20:23:17Z,celmis-postgres,0.03,45.83,6928.38,0.66,25.7,15.0,43.2,50.5,16
2026-08-21T20:23:17Z,celmis-sandbox,0.01,55.32,3072.0,1.80,0.0,0.0,18.0,0.0,3
2026-08-21T20:23:17Z,celmis-qdrant,0.08,178.0,6928.38,2.57,0.05,0.03,71.3,0.0,25
2026-08-21T20:23:25Z,celmis-web,0.01,75.29,6928.38,1.09,0.27,0.54,10.3,0.0,12
2026-08-21T20:23:25Z,celmis-api,0.26,576.6,6928.38,8.32,14.7,12.6,26.0,453.0,25
2026-08-21T20:23:25Z,celmis-postgres,0.04,45.54,6928.38,0.66,25.7,15.0,43.2,50.5,16
2026-08-21T20:23:25Z,celmis-sandbox,0.03,55.32,3072.0,1.80,0.0,0.0,18.0,0.0,3
2026-08-21T20:23:25Z,celmis-qdrant,0.09,178.0,6928.38,2.57,0.05,0.03,71.3,0.0,25
2026-08-21T20:23:33Z,celmis-web,0.01,75.29,6928.38,1.09,0.27,0.54,10.3,0.0,12
2026-08-21T20:23:33Z,celmis-api,0.28,576.7,6928.38,8.32,14.7,12.6,26.0,453.0,25
2026-08-21T20:23:33Z,celmis-postgres,0.00,45.86,6928.38,0.66,25.7,15.0,43.2,50.5,16
2026-08-21T20:23:33Z,celmis-sandbox,0.02,55.24,3072.0,1.80,0.0,0.0,18.0,0.0,3
2026-08-21T20:23:33Z,celmis-qdrant,0.06,178.2,6928.38,2.57,0.05,0.03,71.3,0.0,25
2026-08-21T20:23:40Z,celmis-web,0.01,75.5,6928.38,1.09,0.27,0.54,10.3,0.0,12
2026-08-21T20:23:40Z,celmis-api,4.54,687.4,6928.38,9.92,14.7,12.6,26.0,453.0,26
2026-08-21T20:23:40Z,celmis-postgres,1.44,45.62,6928.38,0.66,25.7,15.0,43.2,50.5,16
2026-08-21T20:23:40Z,celmis-sandbox,0.03,55.24,3072.0,1.80,0.0,0.0,18.0,0.0,3
2026-08-21T20:23:40Z,celmis-qdrant,0.13,178.2,6928.38,2.57,0.05,0.03,71.3,0.0,25
2026-08-21T20:23:47Z,celmis-web,0.01,75.5,6928.38,1.09,0.27,0.54,10.3,0.0,12
2026-08-21T20:23:47Z,celmis-api,0.26,890.6,6928.38,12.85,14.9,12.7,26.0,453.0,31
2026-08-21T20:23:47Z,celmis-postgres,0.03,49.29,6928.38,0.71,25.7,15.0,43.2,50.5,18
2026-08-21T20:23:47Z,celmis-sandbox,0.06,55.24,3072.0,1.80,0.0,0.0,18.0,0.0,3
2026-08-21T20:23:47Z,celmis-qdrant,0.16,178.4,6928.38,2.57,0.05,0.03,71.3,0.0,25
2026-08-21T20:23:55Z,celmis-web,0.00,75.4,6928.38,1.09,0.27,0.54,10.3,0.0,12
2026-08-21T20:23:55Z,celmis-api,0.24,890.8,6928.38,12.86,14.9,12.7,26.0,453.0,31
2026-08-21T20:23:55Z,celmis-postgres,0.00,49.67,6928.38,0.72,25.7,15.0,43.2,50.5,18
2026-08-21T20:23:55Z,celmis-sandbox,0.03,55.24,3072.0,1.80,0.0,0.0,18.0,0.0,3
2026-08-21T20:23:55Z,celmis-qdrant,0.13,178.4,6928.38,2.57,0.05,0.03,71.3,0.0,25
2026-08-21T20:24:03Z,celmis-web,0.01,75.4,6928.38,1.09,0.27,0.54,10.3,0.0,12
2026-08-21T20:24:03Z,celmis-api,0.26,891.1,6928.38,12.86,14.9,12.7,26.0,453.0,26
2026-08-21T20:24:03Z,celmis-postgres,0.04,49.19,6928.38,0.71,25.7,15.0,43.2,50.6,18
2026-08-21T20:24:03Z,celmis-sandbox,0.03,55.37,3072.0,1.80,0.0,0.0,18.0,0.0,3
2026-08-21T20:24:03Z,celmis-qdrant,0.14,178.3,6928.38,2.57,0.05,0.03,71.3,0.0,25
2026-08-21T20:24:10Z,celmis-web,0.01,75.76,6928.38,1.09,0.27,0.54,10.3,0.0,12
2026-08-21T20:24:10Z,celmis-api,1.92,891.9,6928.38,12.87,15.1,12.8,26.0,453.0,27
2026-08-21T20:24:10Z,celmis-postgres,2.20,50.9,6928.38,0.73,25.8,15.1,43.2,50.6,19
2026-08-21T20:24:10Z,celmis-sandbox,0.03,55.37,3072.0,1.80,0.0,0.0,18.0,0.0,3
2026-08-21T20:24:10Z,celmis-qdrant,0.10,178.3,6928.38,2.57,0.05,0.03,71.3,0.0,25
2026-08-21T20:24:17Z,celmis-web,0.01,75.76,6928.38,1.09,0.27,0.54,10.3,0.0,12
2026-08-21T20:24:17Z,celmis-api,0.25,889.1,6928.38,12.83,15.3,13.0,26.0,453.0,31
2026-08-21T20:24:17Z,celmis-postgres,0.05,49.5,6928.38,0.71,25.8,15.1,43.2,50.6,18
2026-08-21T20:24:17Z,celmis-sandbox,0.05,55.37,3072.0,1.80,0.0,0.0,18.0,0.0,3
2026-08-21T20:24:17Z,celmis-qdrant,0.11,178.2,6928.38,2.57,0.05,0.03,71.3,0.0,25
2026-08-21T20:24:25Z,celmis-web,0.01,75.51,6928.38,1.09,0.27,0.54,10.3,0.0,12
2026-08-21T20:24:25Z,celmis-api,0.25,888.7,6928.38,12.83,15.3,13.0,26.0,453.0,26
2026-08-21T20:24:25Z,celmis-postgres,1.80,49.36,6928.38,0.71,25.8,15.1,43.2,50.6,18
2026-08-21T20:24:25Z,celmis-sandbox,0.05,55.37,3072.0,1.80,0.0,0.0,18.0,0.0,3
2026-08-21T20:24:25Z,celmis-qdrant,0.13,178.2,6928.38,2.57,0.05,0.03,71.3,0.0,25
2026-08-21T20:24:33Z,celmis-web,0.01,75.51,6928.38,1.09,0.27,0.54,10.3,0.0,12
2026-08-21T20:24:33Z,celmis-api,0.31,888.9,6928.38,12.83,15.3,13.0,26.0,453.0,26
2026-08-21T20:24:33Z,celmis-postgres,0.00,49.39,6928.38,0.71,25.8,15.1,43.2,50.6,18
2026-08-21T20:24:33Z,celmis-sandbox,0.03,55.29,3072.0,1.80,0.0,0.0,18.0,0.0,3
2026-08-21T20:24:33Z,celmis-qdrant,0.12,178.6,6928.38,2.58,0.05,0.03,71.3,0.0,25
2026-08-21T20:24:40Z,celmis-web,0.01,75.47,6928.38,1.09,0.27,0.54,10.3,0.0,12
2026-08-21T20:24:40Z,celmis-api,0.48,889.4,6928.38,12.84,15.3,13.0,26.0,453.0,27
2026-08-21T20:24:40Z,celmis-postgres,1.78,51.51,6928.38,0.74,25.8,15.1,43.2,50.7,19
2026-08-21T20:24:40Z,celmis-sandbox,0.03,55.29,3072.0,1.80,0.0,0.0,18.0,0.0,3
2026-08-21T20:24:40Z,celmis-qdrant,0.13,178.6,6928.38,2.58,0.05,0.03,71.3,0.0,25
2026-08-21T20:24:47Z,celmis-web,0.01,75.47,6928.38,1.09,0.27,0.54,10.3,0.0,12
2026-08-21T20:24:47Z,celmis-api,0.32,894.7,6928.38,12.91,15.4,13.0,26.0,468.0,27
2026-08-21T20:24:47Z,celmis-postgres,0.04,51.38,6928.38,0.74,25.8,15.1,43.2,50.7,19
2026-08-21T20:24:47Z,celmis-sandbox,0.02,55.29,3072.0,1.80,0.0,0.0,18.0,0.0,3
2026-08-21T20:24:47Z,celmis-qdrant,0.06,178.2,6928.38,2.57,0.05,0.03,71.3,0.0,25
2026-08-21T20:24:55Z,celmis-web,0.01,75.38,6928.38,1.09,0.27,0.54,10.3,0.0,12
2026-08-21T20:24:55Z,celmis-api,1.86,894.7,6928.38,12.91,15.4,13.0,26.0,497.0,27
2026-08-21T20:24:55Z,celmis-postgres,0.36,51.14,6928.38,0.74,25.8,15.1,43.2,50.7,19
2026-08-21T20:24:55Z,celmis-sandbox,0.03,55.29,3072.0,1.80,0.0,0.0,18.0,0.0,3
2026-08-21T20:24:55Z,celmis-qdrant,0.22,178.2,6928.38,2.57,0.05,0.03,71.3,0.0,25
2026-08-21T20:25:03Z,celmis-web,0.00,75.38,6928.38,1.09,0.27,0.54,10.3,0.0,12
2026-08-21T20:25:03Z,celmis-api,2.11,899.0,6928.38,12.97,15.5,13.2,26.0,497.0,32
2026-08-21T20:25:03Z,celmis-postgres,0.04,50.79,6928.38,0.73,25.8,15.1,43.2,50.7,19
2026-08-21T20:25:03Z,celmis-sandbox,0.02,55.22,3072.0,1.80,0.0,0.0,18.0,0.0,3
2026-08-21T20:25:03Z,celmis-qdrant,0.14,177.9,6928.38,2.57,0.05,0.03,71.3,0.0,25
2026-08-21T20:25:10Z,celmis-web,0.00,75.59,6928.38,1.09,0.27,0.54,10.3,0.0,12
2026-08-21T20:25:10Z,celmis-api,5.70,899.0,6928.38,12.97,15.5,13.2,26.0,497.0,27
2026-08-21T20:25:10Z,celmis-postgres,2.67,51.13,6928.38,0.74,25.9,15.1,43.2,50.7,19
2026-08-21T20:25:10Z,celmis-sandbox,0.03,55.22,3072.0,1.80,0.0,0.0,18.0,0.0,3
2026-08-21T20:25:10Z,celmis-qdrant,0.17,177.9,6928.38,2.57,0.05,0.03,71.3,0.0,25
2026-08-21T20:25:17Z,celmis-web,0.01,75.59,6928.38,1.09,0.27,0.54,10.3,0.0,12
2026-08-21T20:25:17Z,celmis-api,0.24,899.5,6928.38,12.98,15.6,13.2,26.0,497.0,27
2026-08-21T20:25:17Z,celmis-postgres,0.00,51.25,6928.38,0.74,25.9,15.2,43.2,50.7,19
2026-08-21T20:25:17Z,celmis-sandbox,0.03,55.22,3072.0,1.80,0.0,0.0,18.0,0.0,3
2026-08-21T20:25:17Z,celmis-qdrant,0.14,178.0,6928.38,2.57,0.05,0.03,71.3,0.0,25
2026-08-21T20:25:25Z,celmis-web,0.00,75.58,6928.38,1.09,0.27,0.54,10.3,0.0,12
2026-08-21T20:25:25Z,celmis-api,59.56,765.5,6928.38,11.05,15.7,13.3,26.0,497.0,31
2026-08-21T20:25:25Z,celmis-postgres,0.79,49.44,6928.38,0.71,25.9,15.2,43.2,50.7,18
2026-08-21T20:25:25Z,celmis-sandbox,0.05,55.22,3072.0,1.80,0.0,0.0,18.0,0.0,3
2026-08-21T20:25:25Z,celmis-qdrant,0.05,178.0,6928.38,2.57,0.05,0.03,71.3,0.0,25
2026-08-21T20:25:33Z,celmis-web,0.00,75.58,6928.38,1.09,0.27,0.54,10.3,0.0,12
2026-08-21T20:25:33Z,celmis-api,0.24,900.0,6928.38,12.99,15.7,13.3,26.0,497.0,31
2026-08-21T20:25:33Z,celmis-postgres,0.00,49.52,6928.38,0.71,25.9,15.2,43.2,50.7,18
2026-08-21T20:25:33Z,celmis-sandbox,0.03,55.46,3072.0,1.81,0.0,0.0,18.0,0.0,3
2026-08-21T20:25:33Z,celmis-qdrant,0.11,178.2,6928.38,2.57,0.05,0.03,71.3,0.0,25
2026-08-21T20:25:40Z,celmis-web,0.00,75.8,6928.38,1.09,0.27,0.54,10.3,0.0,12
2026-08-21T20:25:40Z,celmis-api,1.47,900.4,6928.38,13.00,15.8,13.3,26.0,497.0,32
2026-08-21T20:25:40Z,celmis-postgres,2.33,51.27,6928.38,0.74,25.9,15.2,43.2,50.8,19
2026-08-21T20:25:40Z,celmis-sandbox,0.03,55.46,3072.0,1.81,0.0,0.0,18.0,0.0,3
2026-08-21T20:25:40Z,celmis-qdrant,0.09,178.2,6928.38,2.57,0.05,0.03,71.3,0.0,25
2026-08-21T20:25:47Z,celmis-web,0.01,75.8,6928.38,1.09,0.27,0.54,10.3,0.0,12
2026-08-21T20:25:47Z,celmis-api,1.25,900.6,6928.38,13.00,15.8,13.3,26.0,497.0,32
2026-08-21T20:25:47Z,celmis-postgres,0.12,51.23,6928.38,0.74,25.9,15.2,43.2,50.8,19
2026-08-21T20:25:47Z,celmis-sandbox,0.02,55.46,3072.0,1.81,0.0,0.0,18.0,0.0,3
2026-08-21T20:25:47Z,celmis-qdrant,0.10,178.3,6928.38,2.57,0.05,0.03,71.3,0.0,25
2026-08-21T20:25:55Z,celmis-web,0.00,75.31,6928.38,1.09,0.27,0.54,10.3,0.0,12
2026-08-21T20:25:55Z,celmis-api,0.54,900.8,6928.38,13.00,15.8,13.3,26.0,497.0,32
2026-08-21T20:25:55Z,celmis-postgres,1.71,51.4,6928.38,0.74,25.9,15.2,43.2,50.9,19
2026-08-21T20:25:55Z,celmis-sandbox,0.03,55.46,3072.0,1.81,0.0,0.0,18.0,0.0,3
2026-08-21T20:25:55Z,celmis-qdrant,0.09,178.3,6928.38,2.57,0.05,0.03,71.3,0.0,25
2026-08-21T20:26:03Z,celmis-web,0.01,75.31,6928.38,1.09,0.27,0.54,10.3,0.0,12
2026-08-21T20:26:03Z,celmis-api,0.26,900.5,6928.38,13.00,15.8,13.4,26.0,498.0,27
2026-08-21T20:26:03Z,celmis-postgres,0.03,51.26,6928.38,0.74,25.9,15.2,43.2,50.9,19
2026-08-21T20:26:03Z,celmis-sandbox,0.03,55.38,3072.0,1.80,0.0,0.0,18.0,0.0,3
2026-08-21T20:26:03Z,celmis-qdrant,0.09,178.5,6928.38,2.58,0.05,0.03,71.3,0.0,25
2026-08-21T20:26:10Z,celmis-web,0.00,75.27,6928.38,1.09,0.27,0.54,10.3,0.0,12
2026-08-21T20:26:10Z,celmis-api,50.88,648.0,6928.38,9.35,15.8,13.4,26.0,498.0,25
2026-08-21T20:26:10Z,celmis-postgres,1.35,45.58,6928.38,0.66,25.9,15.2,43.2,50.9,16
2026-08-21T20:26:10Z,celmis-sandbox,0.02,55.38,3072.0,1.80,0.0,0.0,18.0,0.0,3
2026-08-21T20:26:10Z,celmis-qdrant,0.05,178.5,6928.38,2.58,0.05,0.03,71.3,0.0,25
2026-08-21T20:26:17Z,celmis-web,0.00,75.27,6928.38,1.09,0.27,0.54,10.3,0.0,12
2026-08-21T20:26:17Z,celmis-api,0.26,900.4,6928.38,12.99,16.0,13.4,26.0,498.0,31
2026-08-21T20:26:17Z,celmis-postgres,0.21,49.79,6928.38,0.72,25.9,15.2,43.2,50.9,18
2026-08-21T20:26:17Z,celmis-sandbox,0.04,55.38,3072.0,1.80,0.0,0.0,18.0,0.0,3
2026-08-21T20:26:17Z,celmis-qdrant,0.16,178.4,6928.38,2.57,0.05,0.03,71.3,0.0,25
2026-08-21T20:26:25Z,celmis-web,0.01,75.21,6928.38,1.09,0.27,0.54,10.3,0.0,12
2026-08-21T20:26:25Z,celmis-api,0.56,900.4,6928.38,12.99,16.0,13.4,26.0,498.0,31
2026-08-21T20:26:25Z,celmis-postgres,1.41,49.37,6928.38,0.71,25.9,15.2,43.2,50.9,18
2026-08-21T20:26:25Z,celmis-sandbox,0.03,55.38,3072.0,1.80,0.0,0.0,18.0,0.0,3
2026-08-21T20:26:25Z,celmis-qdrant,0.09,178.4,6928.38,2.57,0.05,0.03,71.3,0.0,25
2026-08-21T20:26:33Z,celmis-web,0.00,75.21,6928.38,1.09,0.27,0.54,10.3,0.0,12
2026-08-21T20:26:33Z,celmis-api,0.27,900.3,6928.38,12.99,16.1,13.5,26.0,498.0,32
2026-08-21T20:26:33Z,celmis-postgres,0.00,51.43,6928.38,0.74,26.0,15.2,43.2,51.0,19
2026-08-21T20:26:33Z,celmis-sandbox,0.03,55.43,3072.0,1.80,0.0,0.0,18.0,0.0,3
2026-08-21T20:26:33Z,celmis-qdrant,0.07,177.9,6928.38,2.57,0.05,0.03,71.3,0.0,25
2026-08-21T20:26:40Z,celmis-web,0.01,75.54,6928.38,1.09,0.27,0.54,10.3,0.0,12
2026-08-21T20:26:40Z,celmis-api,0.44,900.5,6928.38,13.00,16.1,13.5,26.0,498.0,32
2026-08-21T20:26:40Z,celmis-postgres,0.09,51.29,6928.38,0.74,26.0,15.2,43.2,51.0,19
2026-08-21T20:26:40Z,celmis-sandbox,0.03,55.43,3072.0,1.80,0.0,0.0,18.0,0.0,3
2026-08-21T20:26:40Z,celmis-qdrant,0.08,177.9,6928.38,2.57,0.05,0.03,71.3,0.0,25
2026-08-21T20:26:47Z,celmis-web,0.00,75.5,6928.38,1.09,0.27,0.54,10.3,0.0,12
2026-08-21T20:26:47Z,celmis-api,0.21,900.9,6928.38,13.00,16.1,13.5,26.0,498.0,27
2026-08-21T20:26:47Z,celmis-postgres,0.05,51.3,6928.38,0.74,26.0,15.2,43.2,51.0,19
2026-08-21T20:26:47Z,celmis-sandbox,0.02,55.43,3072.0,1.80,0.0,0.0,18.0,0.0,3
2026-08-21T20:26:47Z,celmis-qdrant,0.13,178.1,6928.38,2.57,0.05,0.03,71.3,0.0,25
2026-08-21T20:26:55Z,celmis-web,0.01,75.21,6928.38,1.09,0.27,0.54,10.3,0.0,12
2026-08-21T20:26:55Z,celmis-api,0.78,908.5,6928.38,13.11,16.1,13.5,26.9,527.0,22
2026-08-21T20:26:55Z,celmis-postgres,0.06,51.35,6928.38,0.74,26.0,15.2,43.2,51.0,19
2026-08-21T20:26:55Z,celmis-sandbox,0.03,55.43,3072.0,1.80,0.0,0.0,18.0,0.0,3
2026-08-21T20:26:55Z,celmis-qdrant,0.04,178.1,6928.38,2.57,0.05,0.03,71.3,0.0,25
2026-08-21T20:27:03Z,celmis-web,0.00,75.21,6928.38,1.09,0.27,0.54,10.3,0.0,12
2026-08-21T20:27:03Z,celmis-api,0.31,910.5,6928.38,13.14,16.1,13.5,28.5,542.0,22
2026-08-21T20:27:03Z,celmis-postgres,0.02,51.08,6928.38,0.74,26.0,15.2,43.2,51.0,19
2026-08-21T20:27:03Z,celmis-sandbox,0.02,55.35,3072.0,1.80,0.0,0.0,18.0,0.0,3
2026-08-21T20:27:03Z,celmis-qdrant,0.04,178.2,6928.38,2.57,0.05,0.03,71.3,0.0,25
2026-08-21T20:27:10Z,celmis-web,0.00,75.59,6928.38,1.09,0.27,0.54,10.3,0.0,12
2026-08-21T20:27:10Z,celmis-api,0.58,911.1,6928.38,13.15,16.1,13.5,28.5,571.0,22
2026-08-21T20:27:10Z,celmis-postgres,0.90,51.19,6928.38,0.74,26.0,15.2,43.2,51.0,19
2026-08-21T20:27:10Z,celmis-sandbox,0.04,55.35,3072.0,1.80,0.0,0.0,18.0,0.0,3
2026-08-21T20:27:10Z,celmis-qdrant,0.10,178.2,6928.38,2.57,0.05,0.03,71.3,0.0,25
2026-08-21T20:27:17Z,celmis-web,0.01,75.57,6928.38,1.09,0.27,0.54,10.3,0.0,12
2026-08-21T20:27:17Z,celmis-api,0.90,911.3,6928.38,13.15,16.2,13.5,28.5,571.0,22
2026-08-21T20:27:17Z,celmis-postgres,0.00,51.43,6928.38,0.74,26.0,15.3,43.2,51.0,19
2026-08-21T20:27:17Z,celmis-sandbox,0.02,55.35,3072.0,1.80,0.0,0.0,18.0,0.0,3
2026-08-21T20:27:17Z,celmis-qdrant,0.07,178.1,6928.38,2.57,0.05,0.03,71.3,0.0,25
2026-08-21T20:27:25Z,celmis-web,0.01,75.33,6928.38,1.09,0.27,0.54,10.3,0.0,12
2026-08-21T20:27:25Z,celmis-api,0.44,325.3,6928.38,4.69,16.2,13.5,28.5,571.0,18
2026-08-21T20:27:25Z,celmis-postgres,0.32,40.32,6928.38,0.58,26.0,15.3,43.2,51.4,13
2026-08-21T20:27:25Z,celmis-sandbox,0.03,55.35,3072.0,1.80,0.0,0.0,18.0,0.0,3
2026-08-21T20:27:25Z,celmis-qdrant,0.07,178.1,6928.38,2.57,0.05,0.03,71.3,0.0,25
2026-08-21T20:27:33Z,celmis-web,0.01,75.31,6928.38,1.09,0.27,0.54,10.3,0.0,12
2026-08-21T20:27:33Z,celmis-api,0.26,325.5,6928.38,4.70,16.2,13.5,28.5,571.0,18
2026-08-21T20:27:33Z,celmis-postgres,0.04,40.76,6928.38,0.59,26.0,15.3,43.2,51.4,13
2026-08-21T20:27:33Z,celmis-sandbox,0.03,55.52,3072.0,1.81,0.0,0.0,18.0,0.0,3
2026-08-21T20:27:33Z,celmis-qdrant,0.12,178.3,6928.38,2.57,0.05,0.03,71.3,0.0,25
2026-08-21T20:27:40Z,celmis-web,0.00,75.56,6928.38,1.09,0.27,0.54,10.3,0.0,12
2026-08-21T20:27:40Z,celmis-api,79.15,642.8,6928.38,9.28,16.4,13.6,31.8,571.0,24
2026-08-21T20:27:40Z,celmis-postgres,0.03,43.76,6928.38,0.63,26.0,15.3,43.2,51.4,15
2026-08-21T20:27:40Z,celmis-sandbox,0.02,55.52,3072.0,1.81,0.0,0.0,18.0,0.0,3
2026-08-21T20:27:40Z,celmis-qdrant,0.03,178.3,6928.38,2.57,0.05,0.03,71.3,0.0,25
2026-08-21T20:27:47Z,celmis-web,0.01,75.56,6928.38,1.09,0.27,0.54,10.3,0.0,12
2026-08-21T20:27:47Z,celmis-api,0.36,642.4,6928.38,9.27,16.4,13.6,31.8,571.0,24
2026-08-21T20:27:47Z,celmis-postgres,0.03,44.36,6928.38,0.64,26.0,15.3,43.2,51.4,15
2026-08-21T20:27:47Z,celmis-sandbox,0.02,55.52,3072.0,1.81,0.0,0.0,18.0,0.0,3
2026-08-21T20:27:47Z,celmis-qdrant,0.14,178.2,6928.38,2.57,0.05,0.03,71.3,0.0,25
2026-08-21T20:27:55Z,celmis-web,0.01,75.62,6928.38,1.09,0.27,0.54,10.3,0.0,12
2026-08-21T20:27:55Z,celmis-api,1.16,642.7,6928.38,9.28,16.4,13.6,31.8,571.0,24
2026-08-21T20:27:55Z,celmis-postgres,0.20,43.82,6928.38,0.63,26.0,15.3,43.2,51.4,15
2026-08-21T20:27:55Z,celmis-sandbox,0.18,55.52,3072.0,1.81,0.0,0.0,18.0,0.0,3
2026-08-21T20:27:55Z,celmis-qdrant,0.15,178.2,6928.38,2.57,0.05,0.03,71.3,0.0,25
2026-08-21T20:28:03Z,celmis-web,0.01,75.56,6928.38,1.09,0.27,0.54,10.3,0.0,12
2026-08-21T20:28:03Z,celmis-api,0.28,643.5,6928.38,9.29,16.4,13.7,31.8,571.0,25
2026-08-21T20:28:03Z,celmis-postgres,0.00,45.81,6928.38,0.66,26.0,15.3,43.2,51.5,16
2026-08-21T20:28:03Z,celmis-sandbox,0.03,55.45,3072.0,1.80,0.0,0.0,18.0,0.0,3
2026-08-21T20:28:03Z,celmis-qdrant,0.15,178.4,6928.38,2.57,0.05,0.03,71.3,0.0,25
2026-08-21T20:28:10Z,celmis-web,0.01,75.49,6928.38,1.09,0.27,0.54,10.3,0.0,12
2026-08-21T20:28:10Z,celmis-api,0.59,643.5,6928.38,9.29,16.4,13.7,31.8,571.0,25
2026-08-21T20:28:10Z,celmis-postgres,0.93,45.8,6928.38,0.66,26.0,15.3,43.2,51.5,16
2026-08-21T20:28:10Z,celmis-sandbox,0.03,55.45,3072.0,1.80,0.0,0.0,18.0,0.0,3
2026-08-21T20:28:10Z,celmis-qdrant,0.12,178.4,6928.38,2.57,0.05,0.03,71.3,0.0,25
2026-08-21T20:28:17Z,celmis-web,0.00,75.47,6928.38,1.09,0.27,0.54,10.3,0.0,12
2026-08-21T20:28:17Z,celmis-api,0.28,643.7,6928.38,9.29,16.5,13.7,31.8,571.0,25
2026-08-21T20:28:17Z,celmis-postgres,1.72,46.06,6928.38,0.66,26.0,15.3,43.2,51.5,16
2026-08-21T20:28:17Z,celmis-sandbox,0.04,55.45,3072.0,1.80,0.0,0.0,18.0,0.0,3
2026-08-21T20:28:17Z,celmis-qdrant,0.12,178.2,6928.38,2.57,0.05,0.03,71.3,0.0,25
2026-08-21T20:28:25Z,celmis-web,0.01,75.54,6928.38,1.09,0.27,0.54,10.3,0.0,12
2026-08-21T20:28:25Z,celmis-api,1.04,643.6,6928.38,9.29,16.5,13.7,31.8,571.0,20
2026-08-21T20:28:25Z,celmis-postgres,0.20,45.68,6928.38,0.66,26.0,15.3,43.2,51.5,16
2026-08-21T20:28:25Z,celmis-sandbox,0.03,55.45,3072.0,1.80,0.0,0.0,18.0,0.0,3
2026-08-21T20:28:25Z,celmis-qdrant,0.12,178.2,6928.38,2.57,0.05,0.03,71.3,0.0,25
2026-08-21T20:28:33Z,celmis-web,0.00,75.5,6928.38,1.09,0.27,0.54,10.3,0.0,12
2026-08-21T20:28:33Z,celmis-api,0.29,648.9,6928.38,9.36,16.5,13.7,31.8,586.0,20
2026-08-21T20:28:33Z,celmis-postgres,1.49,45.89,6928.38,0.66,26.0,15.3,43.2,51.5,16
2026-08-21T20:28:33Z,celmis-sandbox,0.03,55.87,3072.0,1.82,0.0,0.0,18.0,0.0,3
2026-08-21T20:28:33Z,celmis-qdrant,0.12,178.4,6928.38,2.57,0.05,0.03,71.3,0.0,25
2026-08-21T20:28:39Z,celmis-web,0.00,75.5,6928.38,1.09,0.27,0.54,10.3,0.0,12
2026-08-21T20:28:39Z,celmis-api,8.56,649.0,6928.38,9.37,16.5,13.7,31.8,615.0,20
2026-08-21T20:28:39Z,celmis-postgres,0.00,46.07,6928.38,0.66,26.0,15.3,43.2,51.5,16
2026-08-21T20:28:39Z,celmis-sandbox,0.02,55.87,3072.0,1.82,0.0,0.0,18.0,0.0,3
2026-08-21T20:28:39Z,celmis-qdrant,0.11,178.4,6928.38,2.57,0.05,0.03,71.3,0.0,25
2026-08-21T20:28:46Z,celmis-web,0.00,75.5,6928.38,1.09,0.27,0.54,10.3,0.0,12
2026-08-21T20:28:46Z,celmis-api,7.37,670.1,6928.38,9.67,16.6,13.8,31.8,615.0,25
2026-08-21T20:28:46Z,celmis-postgres,2.29,46.02,6928.38,0.66,26.1,15.3,43.2,51.5,16
2026-08-21T20:28:46Z,celmis-sandbox,0.03,55.87,3072.0,1.82,0.0,0.0,18.0,0.0,3
2026-08-21T20:28:46Z,celmis-qdrant,0.09,178.3,6928.38,2.57,0.05,0.03,71.3,0.0,25
2026-08-21T20:28:54Z,celmis-web,0.02,75.65,6928.38,1.09,0.27,0.54,10.3,0.0,12
2026-08-21T20:28:54Z,celmis-api,0.29,670.1,6928.38,9.67,16.6,13.8,31.8,615.0,25
2026-08-21T20:28:54Z,celmis-postgres,0.02,45.88,6928.38,0.66,26.1,15.3,43.2,51.5,16
2026-08-21T20:28:54Z,celmis-sandbox,0.03,55.87,3072.0,1.82,0.0,0.0,18.0,0.0,3
2026-08-21T20:28:54Z,celmis-qdrant,0.16,178.3,6928.38,2.57,0.05,0.03,71.3,0.0,25
2026-08-21T20:29:02Z,celmis-web,0.00,75.57,6928.38,1.09,0.27,0.54,10.3,0.0,12
2026-08-21T20:29:02Z,celmis-api,0.27,671.3,6928.38,9.69,16.6,13.8,31.8,615.0,25
2026-08-21T20:29:02Z,celmis-postgres,1.84,45.91,6928.38,0.66,26.1,15.3,43.2,51.6,16
2026-08-21T20:29:02Z,celmis-sandbox,0.03,55.29,3072.0,1.80,0.0,0.0,18.0,0.0,3
2026-08-21T20:29:02Z,celmis-qdrant,0.12,178.5,6928.38,2.58,0.05,0.03,71.3,0.0,25
2026-08-21T20:29:09Z,celmis-web,0.01,75.55,6928.38,1.09,0.27,0.54,10.3,0.0,12
2026-08-21T20:29:09Z,celmis-api,0.27,671.3,6928.38,9.69,16.6,13.8,31.8,615.0,25
2026-08-21T20:29:09Z,celmis-postgres,0.03,45.7,6928.38,0.66,26.1,15.3,43.2,51.6,16
2026-08-21T20:29:09Z,celmis-sandbox,0.04,55.29,3072.0,1.80,0.0,0.0,18.0,0.0,3
2026-08-21T20:29:09Z,celmis-qdrant,0.13,178.5,6928.38,2.58,0.05,0.03,71.3,0.0,25
2026-08-21T20:29:16Z,celmis-web,0.01,75.54,6928.38,1.09,0.27,0.54,10.3,0.0,12
2026-08-21T20:29:16Z,celmis-api,0.55,671.2,6928.38,9.69,16.6,13.9,31.8,615.0,25
2026-08-21T20:29:16Z,celmis-postgres,1.89,45.91,6928.38,0.66,26.1,15.3,43.2,51.6,16
2026-08-21T20:29:16Z,celmis-sandbox,0.04,55.29,3072.0,1.80,0.0,0.0,18.0,0.0,3
2026-08-21T20:29:16Z,celmis-qdrant,0.14,178.4,6928.38,2.57,0.05,0.03,71.3,0.0,25
2026-08-21T20:29:24Z,celmis-web,0.02,75.6,6928.38,1.09,0.27,0.54,10.3,0.0,12
2026-08-21T20:29:24Z,celmis-api,0.27,671.2,6928.38,9.69,16.6,13.9,31.8,615.0,25
2026-08-21T20:29:24Z,celmis-postgres,0.00,45.61,6928.38,0.66,26.1,15.3,43.2,51.6,16
2026-08-21T20:29:24Z,celmis-sandbox,0.04,55.29,3072.0,1.80,0.0,0.0,18.0,0.0,3
2026-08-21T20:29:24Z,celmis-qdrant,0.13,178.4,6928.38,2.57,0.05,0.03,71.3,0.0,25
2026-08-21T20:29:32Z,celmis-web,0.02,75.58,6928.38,1.09,0.27,0.54,10.3,0.0,12
2026-08-21T20:29:32Z,celmis-api,0.44,671.3,6928.38,9.69,16.6,13.9,31.8,615.0,25
2026-08-21T20:29:32Z,celmis-postgres,0.09,45.98,6928.38,0.66,26.1,15.3,43.2,51.6,16
2026-08-21T20:29:32Z,celmis-sandbox,13.41,55.57,3072.0,1.81,0.0,0.0,18.0,0.0,3
2026-08-21T20:29:32Z,celmis-qdrant,0.07,178.1,6928.38,2.57,0.05,0.03,71.3,0.0,25
2026-08-21T20:29:38Z,celmis-web,15.03,75.6,6928.38,1.09,0.27,0.54,10.3,0.0,12
2026-08-21T20:29:38Z,celmis-api,0.29,671.3,6928.38,9.69,16.6,13.9,31.8,615.0,25
2026-08-21T20:29:38Z,celmis-postgres,0.00,45.79,6928.38,0.66,26.1,15.3,43.2,51.6,16
2026-08-21T20:29:38Z,celmis-sandbox,0.02,55.47,3072.0,1.81,0.0,0.0,18.0,0.0,3
2026-08-21T20:29:38Z,celmis-qdrant,0.07,178.1,6928.38,2.57,0.05,0.03,71.3,0.0,25
2026-08-21T20:29:46Z,celmis-web,0.01,75.48,6928.38,1.09,0.27,0.54,10.3,0.0,12
2026-08-21T20:29:46Z,celmis-api,0.57,671.4,6928.38,9.69,16.6,13.9,31.8,615.0,25
2026-08-21T20:29:46Z,celmis-postgres,0.13,45.79,6928.38,0.66,26.1,15.3,43.2,51.6,16
2026-08-21T20:29:46Z,celmis-sandbox,0.23,55.47,3072.0,1.81,0.0,0.0,18.0,0.0,3
2026-08-21T20:29:46Z,celmis-qdrant,0.14,178.3,6928.38,2.57,0.05,0.03,71.3,0.0,25
2026-08-21T20:29:54Z,celmis-web,0.00,75.78,6928.38,1.09,0.27,0.54,10.3,0.0,12
2026-08-21T20:29:54Z,celmis-api,0.29,671.3,6928.38,9.69,16.7,13.9,31.8,615.0,25
2026-08-21T20:29:54Z,celmis-postgres,0.03,45.97,6928.38,0.66,26.1,15.3,43.2,51.6,16
2026-08-21T20:29:54Z,celmis-sandbox,0.02,55.47,3072.0,1.81,0.0,0.0,18.0,0.0,3
2026-08-21T20:29:54Z,celmis-qdrant,0.09,178.3,6928.38,2.57,0.05,0.03,71.3,0.0,25
2026-08-21T20:30:01Z,celmis-web,0.01,75.77,6928.38,1.09,0.27,0.54,10.3,0.0,12
2026-08-21T20:30:01Z,celmis-api,0.33,671.2,6928.38,9.69,16.7,13.9,31.8,615.0,25
2026-08-21T20:30:01Z,celmis-postgres,0.02,45.99,6928.38,0.66,26.1,15.3,43.2,51.6,16
2026-08-21T20:30:01Z,celmis-sandbox,14.16,55.73,3072.0,1.81,0.0,0.0,18.0,0.0,3
2026-08-21T20:30:01Z,celmis-qdrant,0.06,178.4,6928.38,2.58,0.05,0.03,71.3,0.0,25
2026-08-21T20:30:08Z,celmis-web,0.02,75.39,6928.38,1.09,0.27,0.54,10.3,0.0,12
2026-08-21T20:30:08Z,celmis-api,0.23,671.4,6928.38,9.69,16.7,13.9,31.8,615.0,20
2026-08-21T20:30:08Z,celmis-postgres,0.03,46.07,6928.38,0.66,26.1,15.3,43.2,51.7,16
2026-08-21T20:30:08Z,celmis-sandbox,0.02,55.64,3072.0,1.81,0.0,0.0,18.0,0.0,3
2026-08-21T20:30:08Z,celmis-qdrant,0.07,178.4,6928.38,2.58,0.05,0.03,71.3,0.0,25
2026-08-21T20:30:16Z,celmis-web,0.01,75.39,6928.38,1.09,0.27,0.54,10.3,0.0,12
2026-08-21T20:30:16Z,celmis-api,0.62,328.4,6928.38,4.74,16.7,13.9,31.8,615.0,18
2026-08-21T20:30:16Z,celmis-postgres,0.17,40.27,6928.38,0.58,26.1,15.4,43.2,51.7,13
2026-08-21T20:30:16Z,celmis-sandbox,0.03,55.64,3072.0,1.81,0.0,0.0,18.0,0.0,3
2026-08-21T20:30:16Z,celmis-qdrant,0.06,178.4,6928.38,2.57,0.05,0.03,71.3,0.0,25
2026-08-21T20:30:23Z,celmis-web,0.01,75.84,6928.38,1.09,0.27,0.54,10.3,0.0,12
2026-08-21T20:30:23Z,celmis-api,0.24,328.7,6928.38,4.74,16.7,13.9,31.8,615.0,18
2026-08-21T20:30:23Z,celmis-postgres,0.00,40.24,6928.38,0.58,26.1,15.4,43.2,51.7,13
2026-08-21T20:30:23Z,celmis-sandbox,0.03,55.64,3072.0,1.81,0.0,0.0,18.0,0.0,3
2026-08-21T20:30:23Z,celmis-qdrant,0.05,178.4,6928.38,2.57,0.05,0.03,71.3,0.0,25
2026-08-21T20:30:31Z,celmis-web,0.01,75.64,6928.38,1.09,0.27,0.54,10.3,0.0,12
2026-08-21T20:30:31Z,celmis-api,0.52,328.4,6928.38,4.74,16.7,13.9,31.8,615.0,18
2026-08-21T20:30:31Z,celmis-postgres,0.10,40.56,6928.38,0.59,26.1,15.4,43.2,51.7,13
2026-08-21T20:30:31Z,celmis-sandbox,6.98,64.28,3072.0,2.09,0.0,0.0,18.0,0.0,4
2026-08-21T20:30:31Z,celmis-qdrant,0.07,178.3,6928.38,2.57,0.05,0.03,71.3,0.0,25
2026-08-21T20:30:38Z,celmis-web,0.02,75.86,6928.38,1.09,0.27,0.54,10.3,0.0,12
2026-08-21T20:30:38Z,celmis-api,0.21,328.4,6928.38,4.74,16.7,13.9,31.8,615.0,18
2026-08-21T20:30:38Z,celmis-postgres,0.00,40.32,6928.38,0.58,26.1,15.4,43.2,51.7,13
2026-08-21T20:30:38Z,celmis-sandbox,0.03,55.82,3072.0,1.82,0.0,0.0,18.0,0.0,3
2026-08-21T20:30:38Z,celmis-qdrant,0.07,178.3,6928.38,2.57,0.05,0.03,71.3,0.0,25
2026-08-21T20:30:46Z,celmis-web,0.01,75.86,6928.38,1.09,0.27,0.54,10.3,0.0,12
2026-08-21T20:30:46Z,celmis-api,0.49,328.5,6928.38,4.74,16.7,13.9,31.8,615.0,18
2026-08-21T20:30:46Z,celmis-postgres,0.13,40.55,6928.38,0.59,26.1,15.4,43.2,51.7,13
2026-08-21T20:30:46Z,celmis-sandbox,0.03,55.82,3072.0,1.82,0.0,0.0,18.0,0.0,3
2026-08-21T20:30:46Z,celmis-qdrant,0.06,178.2,6928.38,2.57,0.05,0.03,71.3,0.0,25
2026-08-21T20:30:53Z,celmis-web,0.01,75.82,6928.38,1.09,0.27,0.54,10.3,0.0,12
2026-08-21T20:30:53Z,celmis-api,0.30,328.4,6928.38,4.74,16.7,13.9,31.8,615.0,18
2026-08-21T20:30:53Z,celmis-postgres,0.02,40.25,6928.38,0.58,26.1,15.4,43.2,51.7,13
2026-08-21T20:30:53Z,celmis-sandbox,0.03,55.82,3072.0,1.82,0.0,0.0,18.0,0.0,3
2026-08-21T20:30:53Z,celmis-qdrant,0.10,178.2,6928.38,2.57,0.05,0.03,71.3,0.0,25
2026-08-21T20:31:01Z,celmis-web,0.01,75.82,6928.38,1.09,0.27,0.54,10.3,0.0,12
2026-08-21T20:31:01Z,celmis-api,0.55,328.5,6928.38,4.74,16.8,13.9,31.8,615.0,18
2026-08-21T20:31:01Z,celmis-postgres,0.08,40.47,6928.38,0.58,26.1,15.4,43.2,51.7,13
2026-08-21T20:31:01Z,celmis-sandbox,0.04,55.82,3072.0,1.82,0.0,0.0,18.0,0.0,3
2026-08-21T20:31:01Z,celmis-qdrant,0.10,178.3,6928.38,2.57,0.05,0.03,71.3,0.0,25
2026-08-21T20:31:08Z,celmis-web,0.02,76.24,6928.38,1.10,0.27,0.54,10.3,0.0,12
2026-08-21T20:31:08Z,celmis-api,0.23,328.5,6928.38,4.74,16.8,13.9,31.8,615.0,18
2026-08-21T20:31:08Z,celmis-postgres,1.69,40.47,6928.38,0.58,26.1,15.4,43.2,51.7,13
2026-08-21T20:31:08Z,celmis-sandbox,0.02,55.74,3072.0,1.81,0.0,0.0,18.0,0.0,3
2026-08-21T20:31:08Z,celmis-qdrant,0.10,178.3,6928.38,2.57,0.05,0.03,71.3,0.0,25
2026-08-21T20:31:16Z,celmis-web,0.00,76.09,6928.38,1.10,0.27,0.54,10.3,0.0,12
2026-08-21T20:31:16Z,celmis-api,0.94,329.0,6928.38,4.75,16.8,13.9,31.8,615.0,18
2026-08-21T20:31:16Z,celmis-postgres,0.19,40.31,6928.38,0.58,26.1,15.4,43.2,51.7,13
2026-08-21T20:31:16Z,celmis-sandbox,0.22,55.74,3072.0,1.81,0.0,0.0,18.0,0.0,3
2026-08-21T20:31:16Z,celmis-qdrant,0.20,178.5,6928.38,2.58,0.05,0.03,71.3,0.0,25
2026-08-21T20:31:24Z,celmis-web,0.00,76.21,6928.38,1.10,0.27,0.54,10.3,0.0,12
2026-08-21T20:31:24Z,celmis-api,0.29,328.8,6928.38,4.75,16.8,13.9,31.8,615.0,18
2026-08-21T20:31:24Z,celmis-postgres,0.00,40.59,6928.38,0.59,26.1,15.4,43.2,51.7,13
2026-08-21T20:31:24Z,celmis-sandbox,0.03,55.74,3072.0,1.81,0.0,0.0,18.0,0.0,3
2026-08-21T20:31:24Z,celmis-qdrant,0.11,178.5,6928.38,2.58,0.05,0.03,71.3,0.0,25
2026-08-21T20:31:31Z,celmis-web,0.01,76.18,6928.38,1.10,0.27,0.54,10.3,0.0,12
2026-08-21T20:31:31Z,celmis-api,0.62,328.6,6928.38,4.74,16.8,13.9,31.8,615.0,18
2026-08-21T20:31:31Z,celmis-postgres,0.10,40.38,6928.38,0.58,26.1,15.4,43.2,51.7,13
2026-08-21T20:31:31Z,celmis-sandbox,0.06,55.74,3072.0,1.81,0.0,0.0,18.0,0.0,3
2026-08-21T20:31:31Z,celmis-qdrant,0.10,178.1,6928.38,2.57,0.05,0.03,71.3,0.0,25
2026-08-21T20:31:38Z,celmis-web,0.02,76.54,6928.38,1.10,0.27,0.54,10.3,0.0,12
2026-08-21T20:31:38Z,celmis-api,0.27,328.6,6928.38,4.74,16.8,13.9,31.8,615.0,18
2026-08-21T20:31:38Z,celmis-postgres,1.01,41.8,6928.38,0.60,26.1,15.4,43.2,51.7,13
2026-08-21T20:31:38Z,celmis-sandbox,0.02,55.91,3072.0,1.82,0.0,0.0,18.0,0.0,3
2026-08-21T20:31:38Z,celmis-qdrant,0.08,178.1,6928.38,2.57,0.05,0.03,71.3,0.0,25
2026-08-21T20:31:46Z,celmis-web,0.00,76.54,6928.38,1.10,0.27,0.54,10.3,0.0,12
2026-08-21T20:31:46Z,celmis-api,0.60,328.6,6928.38,4.74,16.8,13.9,31.8,615.0,18
2026-08-21T20:31:46Z,celmis-postgres,0.17,40.16,6928.38,0.58,26.1,15.4,43.2,51.7,13
2026-08-21T20:31:46Z,celmis-sandbox,0.03,55.91,3072.0,1.82,0.0,0.0,18.0,0.0,3
2026-08-21T20:31:46Z,celmis-qdrant,0.09,178.0,6928.38,2.57,0.05,0.03,71.3,0.0,25
2026-08-21T20:31:54Z,celmis-web,0.01,76.52,6928.38,1.10,0.27,0.54,10.3,0.0,12
2026-08-21T20:31:54Z,celmis-api,0.69,328.6,6928.38,4.74,16.8,13.9,31.8,615.0,18
2026-08-21T20:31:54Z,celmis-postgres,0.00,40.52,6928.38,0.58,26.1,15.4,43.2,51.7,13
2026-08-21T20:31:54Z,celmis-sandbox,0.03,55.91,3072.0,1.82,0.0,0.0,18.0,0.0,3
2026-08-21T20:31:54Z,celmis-qdrant,0.08,178.0,6928.38,2.57,0.05,0.03,71.3,0.0,25
2026-08-21T20:32:01Z,celmis-web,0.01,76.52,6928.38,1.10,0.27,0.54,10.3,0.0,12
2026-08-21T20:32:01Z,celmis-api,1.23,328.6,6928.38,4.74,16.8,13.9,31.8,615.0,18
2026-08-21T20:32:01Z,celmis-postgres,0.12,40.67,6928.38,0.59,26.1,15.4,43.2,51.7,13
2026-08-21T20:32:01Z,celmis-sandbox,0.05,55.91,3072.0,1.82,0.0,0.0,18.0,0.0,3
2026-08-21T20:32:01Z,celmis-qdrant,0.07,177.9,6928.38,2.57,0.05,0.03,71.3,0.0,25
2026-08-21T20:32:08Z,celmis-web,0.01,76.52,6928.38,1.10,0.27,0.54,10.3,0.0,12
2026-08-21T20:32:08Z,celmis-api,0.24,328.6,6928.38,4.74,16.8,13.9,31.8,615.0,18
2026-08-21T20:32:08Z,celmis-postgres,1.68,40.43,6928.38,0.58,26.1,15.4,43.2,51.7,13
2026-08-21T20:32:08Z,celmis-sandbox,0.03,55.84,3072.0,1.82,0.0,0.0,18.0,0.0,3
2026-08-21T20:32:08Z,celmis-qdrant,0.09,177.9,6928.38,2.57,0.05,0.03,71.3,0.0,25
2026-08-21T20:32:16Z,celmis-web,0.01,76.49,6928.38,1.10,0.27,0.54,10.3,0.0,12
2026-08-21T20:32:16Z,celmis-api,0.56,328.5,6928.38,4.74,16.8,14.0,31.8,615.0,18
2026-08-21T20:32:16Z,celmis-postgres,0.09,40.52,6928.38,0.58,26.1,15.4,43.2,51.7,13
2026-08-21T20:32:16Z,celmis-sandbox,0.03,55.84,3072.0,1.82,0.0,0.0,18.0,0.0,3
2026-08-21T20:32:16Z,celmis-qdrant,0.09,178.1,6928.38,2.57,0.05,0.03,71.3,0.0,25
2026-08-21T20:32:24Z,celmis-web,0.00,76.73,6928.38,1.11,0.27,0.54,10.3,0.0,12
2026-08-21T20:32:24Z,celmis-api,0.27,328.4,6928.38,4.74,16.8,14.0,31.8,615.0,18
2026-08-21T20:32:24Z,celmis-postgres,0.31,39.99,6928.38,0.58,26.1,15.4,43.2,51.9,13
2026-08-21T20:32:24Z,celmis-sandbox,0.03,55.84,3072.0,1.82,0.0,0.0,18.0,0.0,3
2026-08-21T20:32:24Z,celmis-qdrant,0.07,178.1,6928.38,2.57,0.05,0.03,71.3,0.0,25
2026-08-21T20:32:31Z,celmis-web,0.01,76.73,6928.38,1.11,0.27,0.54,10.3,0.0,12
2026-08-21T20:32:31Z,celmis-api,0.56,328.6,6928.38,4.74,16.8,14.0,31.8,615.0,18
2026-08-21T20:32:31Z,celmis-postgres,0.10,40.57,6928.38,0.59,26.1,15.4,43.2,51.9,13
2026-08-21T20:32:31Z,celmis-sandbox,0.03,55.84,3072.0,1.82,0.0,0.0,18.0,0.0,3
2026-08-21T20:32:31Z,celmis-qdrant,0.07,178.0,6928.38,2.57,0.05,0.03,71.3,0.0,25
2026-08-21T20:32:38Z,celmis-web,3.37,76.44,6928.38,1.10,0.27,0.54,10.3,0.0,12
2026-08-21T20:32:38Z,celmis-api,0.24,328.6,6928.38,4.74,16.8,14.0,31.8,615.0,18
2026-08-21T20:32:38Z,celmis-postgres,1.74,40.43,6928.38,0.58,26.1,15.4,43.2,51.9,13
2026-08-21T20:32:38Z,celmis-sandbox,0.03,56.02,3072.0,1.82,0.0,0.0,18.0,0.0,3
2026-08-21T20:32:38Z,celmis-qdrant,0.06,178.0,6928.38,2.57,0.05,0.03,71.3,0.0,25
2026-08-21T20:32:46Z,celmis-web,0.01,76.44,6928.38,1.10,0.27,0.54,10.3,0.0,12
2026-08-21T20:32:46Z,celmis-api,0.55,328.5,6928.38,4.74,16.8,14.0,31.8,615.0,18
2026-08-21T20:32:46Z,celmis-postgres,0.08,40.66,6928.38,0.59,26.1,15.4,43.2,51.9,13
2026-08-21T20:32:46Z,celmis-sandbox,0.03,56.02,3072.0,1.82,0.0,0.0,18.0,0.0,3
2026-08-21T20:32:46Z,celmis-qdrant,0.13,178.1,6928.38,2.57,0.05,0.03,71.3,0.0,25
2026-08-21T20:32:54Z,celmis-web,3.06,76.5,6928.38,1.10,0.27,0.54,10.3,0.0,12
2026-08-21T20:32:54Z,celmis-api,0.26,328.7,6928.38,4.74,16.8,14.0,31.8,615.0,18
2026-08-21T20:32:54Z,celmis-postgres,1.66,40.39,6928.38,0.58,26.1,15.4,43.2,51.9,13
2026-08-21T20:32:54Z,celmis-sandbox,0.02,56.02,3072.0,1.82,0.0,0.0,18.0,0.0,3
2026-08-21T20:32:54Z,celmis-qdrant,0.10,178.1,6928.38,2.57,0.05,0.03,71.3,0.0,25
2026-08-21T20:33:01Z,celmis-web,0.01,76.37,6928.38,1.10,0.27,0.54,10.3,0.0,12
2026-08-21T20:33:01Z,celmis-api,0.57,328.5,6928.38,4.74,16.8,14.0,31.8,615.0,18
2026-08-21T20:33:01Z,celmis-postgres,0.06,40.36,6928.38,0.58,26.1,15.4,43.2,51.9,13
2026-08-21T20:33:01Z,celmis-sandbox,0.03,56.02,3072.0,1.82,0.0,0.0,18.0,0.0,3
2026-08-21T20:33:01Z,celmis-qdrant,0.08,178.1,6928.38,2.57,0.05,0.03,71.3,0.0,25
2026-08-21T20:33:08Z,celmis-web,2.12,76.64,6928.38,1.11,0.27,0.54,10.3,0.0,12
2026-08-21T20:33:08Z,celmis-api,0.25,328.6,6928.38,4.74,16.8,14.0,31.8,615.0,18
2026-08-21T20:33:08Z,celmis-postgres,1.96,40.62,6928.38,0.59,26.1,15.4,43.2,51.9,13
2026-08-21T20:33:08Z,celmis-sandbox,0.02,55.68,3072.0,1.81,0.0,0.0,18.0,0.0,3
2026-08-21T20:33:08Z,celmis-qdrant,0.11,178.1,6928.38,2.57,0.05,0.03,71.3,0.0,25
2026-08-21T20:33:16Z,celmis-web,0.00,76.64,6928.38,1.11,0.27,0.54,10.3,0.0,12
2026-08-21T20:33:16Z,celmis-api,0.39,328.6,6928.38,4.74,16.8,14.0,31.8,615.0,18
2026-08-21T20:33:16Z,celmis-postgres,0.10,40.38,6928.38,0.58,26.1,15.4,43.2,51.9,13
2026-08-21T20:33:16Z,celmis-sandbox,0.03,55.68,3072.0,1.81,0.0,0.0,18.0,0.0,3
2026-08-21T20:33:16Z,celmis-qdrant,0.07,178.2,6928.38,2.57,0.05,0.03,71.3,0.0,25
2026-08-21T20:33:24Z,celmis-web,1.06,77.39,6928.38,1.12,0.27,0.54,10.3,0.0,16
2026-08-21T20:33:24Z,celmis-api,0.25,328.7,6928.38,4.74,16.8,14.0,31.8,615.0,18
2026-08-21T20:33:24Z,celmis-postgres,1.82,40.4,6928.38,0.58,26.1,15.4,43.2,51.9,13
2026-08-21T20:33:24Z,celmis-sandbox,0.03,55.68,3072.0,1.81,0.0,0.0,18.0,0.0,3
2026-08-21T20:33:24Z,celmis-qdrant,0.08,178.2,6928.38,2.57,0.05,0.03,71.3,0.0,25
2026-08-21T20:33:31Z,celmis-web,0.00,76.64,6928.38,1.11,0.27,0.54,10.3,0.0,12
2026-08-21T20:33:31Z,celmis-api,0.32,328.4,6928.38,4.74,16.8,14.0,31.8,615.0,18
2026-08-21T20:33:31Z,celmis-postgres,0.03,40.58,6928.38,0.59,26.1,15.4,43.2,52.0,13
2026-08-21T20:33:31Z,celmis-sandbox,0.04,55.68,3072.0,1.81,0.0,0.0,18.0,0.0,3
2026-08-21T20:33:31Z,celmis-qdrant,0.09,178.1,6928.38,2.57,0.05,0.03,71.3,0.0,25
2026-08-21T20:33:38Z,celmis-web,3.99,76.58,6928.38,1.11,0.27,0.54,10.3,0.0,12
2026-08-21T20:33:38Z,celmis-api,0.24,328.4,6928.38,4.74,16.8,14.0,31.8,615.0,18
2026-08-21T20:33:38Z,celmis-postgres,1.76,40.81,6928.38,0.59,26.1,15.4,43.2,52.0,13
2026-08-21T20:33:38Z,celmis-sandbox,0.01,55.6,3072.0,1.81,0.0,0.0,18.0,0.0,3
2026-08-21T20:33:38Z,celmis-qdrant,0.08,178.1,6928.38,2.57,0.05,0.03,71.3,0.0,25
2026-08-21T20:33:46Z,celmis-web,0.00,76.3,6928.38,1.10,0.27,0.54,10.3,0.0,12
2026-08-21T20:33:46Z,celmis-api,0.49,328.5,6928.38,4.74,16.8,14.0,31.8,615.0,18
2026-08-21T20:33:46Z,celmis-postgres,0.08,40.51,6928.38,0.58,26.2,15.4,43.2,52.0,13
2026-08-21T20:33:46Z,celmis-sandbox,0.04,55.6,3072.0,1.81,0.0,0.0,18.0,0.0,3
2026-08-21T20:33:46Z,celmis-qdrant,0.07,178.0,6928.38,2.57,0.05,0.03,71.3,0.0,25
2026-08-21T20:33:54Z,celmis-web,3.06,76.42,6928.38,1.10,0.27,0.54,10.3,0.0,12
2026-08-21T20:33:54Z,celmis-api,0.27,328.5,6928.38,4.74,16.8,14.0,31.8,615.0,18
2026-08-21T20:33:54Z,celmis-postgres,1.65,40.59,6928.38,0.59,26.2,15.4,43.2,52.0,13
2026-08-21T20:33:54Z,celmis-sandbox,0.04,55.6,3072.0,1.81,0.0,0.0,18.0,0.0,3
2026-08-21T20:33:54Z,celmis-qdrant,0.11,178.0,6928.38,2.57,0.05,0.03,71.3,0.0,25
2026-08-21T20:34:01Z,celmis-web,0.01,76.41,6928.38,1.10,0.27,0.54,10.3,0.0,12
2026-08-21T20:34:01Z,celmis-api,0.27,328.7,6928.38,4.74,16.8,14.0,31.8,615.0,18
2026-08-21T20:34:01Z,celmis-postgres,0.09,40.75,6928.38,0.59,26.2,15.4,43.2,52.0,13
2026-08-21T20:34:01Z,celmis-sandbox,0.04,55.6,3072.0,1.81,0.0,0.0,18.0,0.0,3
2026-08-21T20:34:01Z,celmis-qdrant,0.07,178.2,6928.38,2.57,0.05,0.03,71.3,0.0,25
2026-08-21T20:34:08Z,celmis-web,2.29,76.24,6928.38,1.10,0.27,0.54,10.3,0.0,12
2026-08-21T20:34:08Z,celmis-api,0.21,328.5,6928.38,4.74,16.8,14.0,31.8,615.0,18
2026-08-21T20:34:08Z,celmis-postgres,0.03,40.27,6928.38,0.58,26.2,15.4,43.2,52.0,13
2026-08-21T20:34:08Z,celmis-sandbox,0.02,55.77,3072.0,1.82,0.0,0.0,18.0,0.0,3
2026-08-21T20:34:08Z,celmis-qdrant,0.07,178.2,6928.38,2.57,0.05,0.03,71.3,0.0,25
2026-08-21T20:34:16Z,celmis-web,0.01,76.14,6928.38,1.10,0.27,0.54,10.3,0.0,12
2026-08-21T20:34:16Z,celmis-api,0.51,328.5,6928.38,4.74,16.8,14.0,31.8,615.0,18
2026-08-21T20:34:16Z,celmis-postgres,0.09,40.38,6928.38,0.58,26.2,15.4,43.2,52.0,13
2026-08-21T20:34:16Z,celmis-sandbox,0.03,55.77,3072.0,1.82,0.0,0.0,18.0,0.0,3
2026-08-21T20:34:16Z,celmis-qdrant,0.12,178.1,6928.38,2.57,0.05,0.03,71.3,0.0,25
2026-08-21T20:34:24Z,celmis-web,3.87,76.1,6928.38,1.10,0.27,0.54,10.3,0.0,12
2026-08-21T20:34:24Z,celmis-api,0.23,328.6,6928.38,4.74,16.8,14.0,31.8,615.0,18
2026-08-21T20:34:24Z,celmis-postgres,0.00,40.34,6928.38,0.58,26.2,15.4,43.2,52.0,13
2026-08-21T20:34:24Z,celmis-sandbox,0.02,55.77,3072.0,1.82,0.0,0.0,18.0,0.0,3
2026-08-21T20:34:24Z,celmis-qdrant,0.12,178.1,6928.38,2.57,0.05,0.03,71.3,0.0,25
2026-08-21T20:34:31Z,celmis-web,0.00,76.1,6928.38,1.10,0.27,0.54,10.3,0.0,12
2026-08-21T20:34:31Z,celmis-api,0.27,328.6,6928.38,4.74,16.8,14.0,31.8,615.0,18
2026-08-21T20:34:31Z,celmis-postgres,0.09,40.34,6928.38,0.58,26.2,15.4,43.2,52.0,13
2026-08-21T20:34:31Z,celmis-sandbox,0.03,55.77,3072.0,1.82,0.0,0.0,18.0,0.0,3
2026-08-21T20:34:31Z,celmis-qdrant,0.08,178.0,6928.38,2.57,0.05,0.03,71.3,0.0,25
2026-08-21T20:34:38Z,celmis-web,2.21,76.45,6928.38,1.10,0.27,0.54,10.3,0.0,12
2026-08-21T20:34:38Z,celmis-api,0.25,328.6,6928.38,4.74,16.8,14.0,31.8,615.0,18
2026-08-21T20:34:38Z,celmis-postgres,0.02,40.59,6928.38,0.59,26.2,15.4,43.2,52.0,13
2026-08-21T20:34:38Z,celmis-sandbox,0.02,55.94,3072.0,1.82,0.0,0.0,18.0,0.0,3
2026-08-21T20:34:38Z,celmis-qdrant,0.09,178.0,6928.38,2.57,0.05,0.03,71.3,0.0,25
2026-08-21T20:34:46Z,celmis-web,0.00,76.38,6928.38,1.10,0.27,0.54,10.3,0.0,12
2026-08-21T20:34:46Z,celmis-api,0.51,328.4,6928.38,4.74,16.8,14.0,31.8,615.0,18
2026-08-21T20:34:46Z,celmis-postgres,0.14,40.62,6928.38,0.59,26.2,15.4,43.2,52.0,13
2026-08-21T20:34:46Z,celmis-sandbox,0.03,55.94,3072.0,1.82,0.0,0.0,18.0,0.0,3
2026-08-21T20:34:46Z,celmis-qdrant,0.13,178.1,6928.38,2.57,0.05,0.03,71.3,0.0,25
2026-08-21T20:34:54Z,celmis-web,4.03,76.37,6928.38,1.10,0.27,0.54,10.3,0.0,12
2026-08-21T20:34:54Z,celmis-api,0.27,328.8,6928.38,4.75,16.8,14.0,31.8,615.0,18
2026-08-21T20:34:54Z,celmis-postgres,0.00,40.52,6928.38,0.58,26.2,15.4,43.2,52.0,13
2026-08-21T20:34:54Z,celmis-sandbox,0.03,55.94,3072.0,1.82,0.0,0.0,18.0,0.0,3
2026-08-21T20:34:54Z,celmis-qdrant,0.12,178.1,6928.38,2.57,0.05,0.03,71.3,0.0,25
2026-08-21T20:35:01Z,celmis-web,0.01,76.26,6928.38,1.10,0.27,0.54,10.3,0.0,12
2026-08-21T20:35:01Z,celmis-api,0.29,328.7,6928.38,4.74,16.8,14.0,31.8,615.0,18
2026-08-21T20:35:01Z,celmis-postgres,0.01,40.39,6928.38,0.58,26.2,15.4,43.2,52.0,13
2026-08-21T20:35:01Z,celmis-sandbox,0.03,55.94,3072.0,1.82,0.0,0.0,18.0,0.0,3
2026-08-21T20:35:01Z,celmis-qdrant,0.15,178.3,6928.38,2.57,0.05,0.03,71.3,0.0,25
2026-08-21T20:35:08Z,celmis-web,3.08,77.08,6928.38,1.11,0.27,0.54,10.3,0.0,12
2026-08-21T20:35:08Z,celmis-api,0.27,328.8,6928.38,4.75,16.8,14.0,31.8,615.0,18
2026-08-21T20:35:08Z,celmis-postgres,0.05,40.32,6928.38,0.58,26.2,15.4,43.2,52.0,13
2026-08-21T20:35:08Z,celmis-sandbox,0.04,55.87,3072.0,1.82,0.0,0.0,18.0,0.0,3
2026-08-21T20:35:08Z,celmis-qdrant,0.09,178.3,6928.38,2.57,0.05,0.03,71.3,0.0,25
2026-08-21T20:35:16Z,celmis-web,0.01,76.71,6928.38,1.11,0.27,0.54,10.3,0.0,12
2026-08-21T20:35:16Z,celmis-api,0.59,329.0,6928.38,4.75,16.8,14.0,31.8,615.0,18
2026-08-21T20:35:16Z,celmis-postgres,0.10,40.42,6928.38,0.58,26.2,15.4,43.2,52.0,13
2026-08-21T20:35:16Z,celmis-sandbox,0.04,55.87,3072.0,1.82,0.0,0.0,18.0,0.0,3
2026-08-21T20:35:16Z,celmis-qdrant,0.10,178.2,6928.38,2.57,0.05,0.03,71.3,0.0,25
2026-08-21T20:35:24Z,celmis-web,2.98,76.79,6928.38,1.11,0.27,0.54,10.3,0.0,12
2026-08-21T20:35:24Z,celmis-api,0.23,328.7,6928.38,4.74,16.8,14.0,31.8,615.0,18
2026-08-21T20:35:24Z,celmis-postgres,0.00,40.41,6928.38,0.58,26.2,15.4,43.2,52.0,13
2026-08-21T20:35:24Z,celmis-sandbox,0.04,55.87,3072.0,1.82,0.0,0.0,18.0,0.0,3
2026-08-21T20:35:24Z,celmis-qdrant,0.09,178.2,6928.38,2.57,0.05,0.03,71.3,0.0,25
2026-08-21T20:35:31Z,celmis-web,0.01,76.71,6928.38,1.11,0.27,0.54,10.3,0.0,12
2026-08-21T20:35:31Z,celmis-api,0.28,328.5,6928.38,4.74,16.8,14.0,31.8,615.0,18
2026-08-21T20:35:31Z,celmis-postgres,0.00,40.27,6928.38,0.58,26.2,15.4,43.2,52.0,13
2026-08-21T20:35:31Z,celmis-sandbox,0.03,55.87,3072.0,1.82,0.0,0.0,18.0,0.0,3
2026-08-21T20:35:31Z,celmis-qdrant,0.11,178.1,6928.38,2.57,0.05,0.03,71.3,0.0,25
2026-08-21T20:35:38Z,celmis-web,3.33,76.18,6928.38,1.10,0.27,0.54,10.3,0.0,12
2026-08-21T20:35:38Z,celmis-api,0.23,328.5,6928.38,4.74,16.8,14.0,31.8,615.0,18
2026-08-21T20:35:38Z,celmis-postgres,0.02,40.48,6928.38,0.58,26.2,15.4,43.2,52.0,13
2026-08-21T20:35:38Z,celmis-sandbox,0.04,55.79,3072.0,1.82,0.0,0.0,18.0,0.0,3
2026-08-21T20:35:38Z,celmis-qdrant,0.10,178.1,6928.38,2.57,0.05,0.03,71.3,0.0,25
2026-08-21T20:35:46Z,celmis-web,0.00,76.0,6928.38,1.10,0.27,0.54,10.3,0.0,12
2026-08-21T20:35:46Z,celmis-api,0.45,328.5,6928.38,4.74,16.8,14.0,31.8,615.0,18
2026-08-21T20:35:46Z,celmis-postgres,1.56,40.62,6928.38,0.59,26.2,15.4,43.2,52.0,13
2026-08-21T20:35:46Z,celmis-sandbox,0.02,55.79,3072.0,1.82,0.0,0.0,18.0,0.0,3
2026-08-21T20:35:46Z,celmis-qdrant,0.13,178.3,6928.38,2.57,0.05,0.03,71.3,0.0,25
2026-08-21T20:35:54Z,celmis-web,0.01,76.0,6928.38,1.10,0.27,0.54,10.3,0.0,12
2026-08-21T20:35:54Z,celmis-api,0.27,328.7,6928.38,4.74,16.8,14.0,31.8,615.0,18
2026-08-21T20:35:54Z,celmis-postgres,0.02,40.57,6928.38,0.59,26.2,15.4,43.2,52.0,13
2026-08-21T20:35:54Z,celmis-sandbox,0.02,55.79,3072.0,1.82,0.0,0.0,18.0,0.0,3
2026-08-21T20:35:54Z,celmis-qdrant,0.11,178.3,6928.38,2.57,0.05,0.03,71.3,0.0,25
2026-08-21T20:36:01Z,celmis-web,0.01,76.3,6928.38,1.10,0.27,0.54,10.3,0.0,12
2026-08-21T20:36:01Z,celmis-api,0.25,328.8,6928.38,4.75,16.8,14.0,31.8,615.0,18
2026-08-21T20:36:01Z,celmis-postgres,0.00,40.35,6928.38,0.58,26.2,15.4,43.2,52.0,13
2026-08-21T20:36:01Z,celmis-sandbox,0.03,55.79,3072.0,1.82,0.0,0.0,18.0,0.0,3
2026-08-21T20:36:01Z,celmis-qdrant,0.10,178.2,6928.38,2.57,0.05,0.03,71.3,0.0,25
2026-08-21T20:36:08Z,celmis-web,2.15,76.53,6928.38,1.10,0.27,0.54,10.3,0.0,12
2026-08-21T20:36:08Z,celmis-api,0.23,328.7,6928.38,4.74,16.8,14.0,31.8,615.0,18
2026-08-21T20:36:08Z,celmis-postgres,0.02,40.54,6928.38,0.59,26.2,15.4,43.2,52.0,13
2026-08-21T20:36:08Z,celmis-sandbox,0.03,55.7,3072.0,1.81,0.0,0.0,18.0,0.0,3
2026-08-21T20:36:08Z,celmis-qdrant,0.09,178.2,6928.38,2.57,0.05,0.03,71.3,0.0,25
2026-08-21T20:36:16Z,celmis-web,0.01,76.49,6928.38,1.10,0.27,0.54,10.3,0.0,12
2026-08-21T20:36:16Z,celmis-api,0.51,328.7,6928.38,4.74,16.8,14.0,31.8,615.0,18
2026-08-21T20:36:16Z,celmis-postgres,0.08,40.71,6928.38,0.59,26.2,15.5,43.2,52.0,13
2026-08-21T20:36:16Z,celmis-sandbox,0.03,55.7,3072.0,1.81,0.0,0.0,18.0,0.0,3
2026-08-21T20:36:16Z,celmis-qdrant,0.07,178.3,6928.38,2.57,0.05,0.03,71.3,0.0,25
2026-08-21T20:36:24Z,celmis-web,2.26,76.7,6928.38,1.11,0.27,0.54,10.3,0.0,12
2026-08-21T20:36:24Z,celmis-api,0.27,328.7,6928.38,4.74,16.8,14.0,31.8,615.0,18
2026-08-21T20:36:24Z,celmis-postgres,0.01,40.35,6928.38,0.58,26.2,15.5,43.2,52.0,13
2026-08-21T20:36:24Z,celmis-sandbox,0.04,55.7,3072.0,1.81,0.0,0.0,18.0,0.0,3
2026-08-21T20:36:24Z,celmis-qdrant,0.10,178.3,6928.38,2.57,0.05,0.03,71.3,0.0,25
2026-08-21T20:36:31Z,celmis-web,0.01,76.65,6928.38,1.11,0.27,0.54,10.3,0.0,12
2026-08-21T20:36:31Z,celmis-api,0.25,328.4,6928.38,4.74,16.8,14.0,31.8,615.0,18
2026-08-21T20:36:31Z,celmis-postgres,0.00,40.44,6928.38,0.58,26.2,15.5,43.2,52.0,13
2026-08-21T20:36:31Z,celmis-sandbox,0.03,55.7,3072.0,1.81,0.0,0.0,18.0,0.0,3
2026-08-21T20:36:31Z,celmis-qdrant,0.11,178.5,6928.38,2.58,0.05,0.03,71.3,0.0,25
2026-08-21T20:36:38Z,celmis-web,0.00,76.65,6928.38,1.11,0.27,0.54,10.3,0.0,12
2026-08-21T20:36:38Z,celmis-api,0.25,328.4,6928.38,4.74,16.8,14.0,31.8,615.0,18
2026-08-21T20:36:38Z,celmis-postgres,0.03,40.13,6928.38,0.58,26.2,15.5,43.2,52.1,13
2026-08-21T20:36:38Z,celmis-sandbox,0.03,55.83,3072.0,1.82,0.0,0.0,18.0,0.0,3
2026-08-21T20:36:38Z,celmis-qdrant,0.10,178.5,6928.38,2.58,0.05,0.03,71.3,0.0,25
2026-08-21T20:36:46Z,celmis-web,0.01,76.4,6928.38,1.10,0.27,0.54,10.3,0.0,12
2026-08-21T20:36:46Z,celmis-api,0.57,328.5,6928.38,4.74,16.8,14.0,31.8,615.0,18
2026-08-21T20:36:46Z,celmis-postgres,0.10,40.36,6928.38,0.58,26.2,15.5,43.2,52.1,13
2026-08-21T20:36:46Z,celmis-sandbox,0.03,55.83,3072.0,1.82,0.0,0.0,18.0,0.0,3
2026-08-21T20:36:46Z,celmis-qdrant,0.08,178.7,6928.38,2.58,0.05,0.03,71.3,0.0,25
2026-08-21T20:36:54Z,celmis-web,2.98,77.0,6928.38,1.11,0.27,0.54,10.3,0.0,12
2026-08-21T20:36:54Z,celmis-api,0.26,328.7,6928.38,4.74,16.8,14.0,31.8,615.0,18
2026-08-21T20:36:54Z,celmis-postgres,0.00,40.19,6928.38,0.58,26.2,15.5,43.2,52.1,13
2026-08-21T20:36:54Z,celmis-sandbox,0.03,55.83,3072.0,1.82,0.0,0.0,18.0,0.0,3
2026-08-21T20:36:54Z,celmis-qdrant,0.09,178.7,6928.38,2.58,0.05,0.03,71.3,0.0,25
2026-08-21T20:37:01Z,celmis-web,0.01,76.86,6928.38,1.11,0.27,0.54,10.3,0.0,12
2026-08-21T20:37:01Z,celmis-api,0.25,328.6,6928.38,4.74,16.8,14.0,31.8,615.0,18
2026-08-21T20:37:01Z,celmis-postgres,0.15,40.55,6928.38,0.59,26.2,15.5,43.2,52.1,13
2026-08-21T20:37:01Z,celmis-sandbox,0.02,55.83,3072.0,1.82,0.0,0.0,18.0,0.0,3
2026-08-21T20:37:01Z,celmis-qdrant,0.10,178.3,6928.38,2.57,0.05,0.03,71.3,0.0,25
2026-08-21T20:37:08Z,celmis-web,0.00,76.86,6928.38,1.11,0.27,0.54,10.3,0.0,12
2026-08-21T20:37:08Z,celmis-api,0.25,328.5,6928.38,4.74,16.8,14.0,31.8,615.0,18
2026-08-21T20:37:08Z,celmis-postgres,0.03,40.41,6928.38,0.58,26.2,15.5,43.2,52.1,13
2026-08-21T20:37:08Z,celmis-sandbox,0.03,55.75,3072.0,1.81,0.0,0.0,18.0,0.0,3
2026-08-21T20:37:08Z,celmis-qdrant,0.08,178.3,6928.38,2.57,0.05,0.03,71.3,0.0,25
2026-08-21T20:37:16Z,celmis-web,0.03,76.63,6928.38,1.11,0.27,0.54,10.3,0.0,12
2026-08-21T20:37:16Z,celmis-api,0.45,328.6,6928.38,4.74,16.8,14.0,31.8,615.0,18
2026-08-21T20:37:16Z,celmis-postgres,0.00,40.3,6928.38,0.58,26.2,15.5,43.2,52.1,13
2026-08-21T20:37:16Z,celmis-sandbox,0.09,55.75,3072.0,1.81,0.0,0.0,18.0,0.0,3
2026-08-21T20:37:16Z,celmis-qdrant,0.08,178.7,6928.38,2.58,0.05,0.03,71.3,0.0,25
2026-08-21T20:37:24Z,celmis-web,1.52,76.49,6928.38,1.10,0.27,0.54,10.3,0.0,12
2026-08-21T20:37:24Z,celmis-api,0.94,328.5,6928.38,4.74,16.9,14.0,31.8,615.0,18
2026-08-21T20:37:24Z,celmis-postgres,0.03,40.43,6928.38,0.58,26.2,15.5,43.2,52.2,13
2026-08-21T20:37:24Z,celmis-sandbox,0.03,55.75,3072.0,1.81,0.0,0.0,18.0,0.0,3
2026-08-21T20:37:24Z,celmis-qdrant,0.08,178.7,6928.38,2.58,0.05,0.03,71.3,0.0,25
2026-08-21T20:37:31Z,celmis-web,0.01,76.34,6928.38,1.10,0.27,0.54,10.3,0.0,12
2026-08-21T20:37:31Z,celmis-api,0.24,328.4,6928.38,4.74,16.9,14.0,31.8,615.0,18
2026-08-21T20:37:31Z,celmis-postgres,1.68,40.79,6928.38,0.59,26.2,15.5,43.2,52.2,13
2026-08-21T20:37:31Z,celmis-sandbox,0.02,55.75,3072.0,1.81,0.0,0.0,18.0,0.0,3
2026-08-21T20:37:31Z,celmis-qdrant,0.08,178.3,6928.38,2.57,0.05,0.03,71.3,0.0,25
2026-08-21T20:37:38Z,celmis-web,0.01,76.34,6928.38,1.10,0.27,0.54,10.3,0.0,12
2026-08-21T20:37:38Z,celmis-api,0.27,328.4,6928.38,4.74,16.9,14.0,31.8,615.0,18
2026-08-21T20:37:38Z,celmis-postgres,0.00,40.36,6928.38,0.58,26.2,15.5,43.2,52.2,13
2026-08-21T20:37:38Z,celmis-sandbox,0.03,55.93,3072.0,1.82,0.0,0.0,18.0,0.0,3
2026-08-21T20:37:38Z,celmis-qdrant,0.08,178.3,6928.38,2.57,0.05,0.03,71.3,0.0,25
2026-08-21T20:37:46Z,celmis-web,0.03,76.1,6928.38,1.10,0.27,0.54,10.3,0.0,12
2026-08-21T20:37:46Z,celmis-api,0.56,328.5,6928.38,4.74,16.9,14.1,31.8,615.0,18
2026-08-21T20:37:46Z,celmis-postgres,1.59,40.66,6928.38,0.59,26.2,15.5,43.2,52.2,13
2026-08-21T20:37:46Z,celmis-sandbox,0.04,55.93,3072.0,1.82,0.0,0.0,18.0,0.0,3
2026-08-21T20:37:46Z,celmis-qdrant,0.09,178.2,6928.38,2.57,0.05,0.03,71.3,0.0,25
2026-08-21T20:37:54Z,celmis-web,2.26,76.33,6928.38,1.10,0.27,0.54,10.3,0.0,12
2026-08-21T20:37:54Z,celmis-api,0.26,328.5,6928.38,4.74,16.9,14.1,31.8,615.0,18
2026-08-21T20:37:54Z,celmis-postgres,0.03,40.47,6928.38,0.58,26.2,15.5,43.2,52.2,13
2026-08-21T20:37:54Z,celmis-sandbox,0.03,55.93,3072.0,1.82,0.0,0.0,18.0,0.0,3
2026-08-21T20:37:54Z,celmis-qdrant,0.06,178.2,6928.38,2.57,0.05,0.03,71.3,0.0,25
2026-08-21T20:38:01Z,celmis-web,0.01,76.21,6928.38,1.10,0.27,0.54,10.3,0.0,12
2026-08-21T20:38:01Z,celmis-api,0.27,328.7,6928.38,4.74,16.9,14.1,31.8,615.0,18
2026-08-21T20:38:01Z,celmis-postgres,1.98,40.68,6928.38,0.59,26.2,15.5,43.2,52.2,13
2026-08-21T20:38:01Z,celmis-sandbox,0.03,55.93,3072.0,1.82,0.0,0.0,18.0,0.0,3
2026-08-21T20:38:01Z,celmis-qdrant,0.09,178.1,6928.38,2.57,0.05,0.03,71.3,0.0,25
2026-08-21T20:38:08Z,celmis-web,0.01,76.21,6928.38,1.10,0.27,0.54,10.3,0.0,12
2026-08-21T20:38:08Z,celmis-api,0.24,328.3,6928.38,4.74,16.9,14.1,31.8,615.0,18
2026-08-21T20:38:08Z,celmis-postgres,0.03,40.45,6928.38,0.58,26.2,15.5,43.2,52.2,13
2026-08-21T20:38:08Z,celmis-sandbox,0.02,56.09,3072.0,1.83,0.0,0.0,18.0,0.0,3
2026-08-21T20:38:08Z,celmis-qdrant,0.11,178.1,6928.38,2.57,0.05,0.03,71.3,0.0,25
2026-08-21T20:38:16Z,celmis-web,0.00,76.39,6928.38,1.10,0.27,0.54,10.3,0.0,12
2026-08-21T20:38:16Z,celmis-api,0.26,328.5,6928.38,4.74,16.9,14.1,31.8,615.0,18
2026-08-21T20:38:16Z,celmis-postgres,1.63,40.58,6928.38,0.59,26.2,15.5,43.2,52.2,13
2026-08-21T20:38:16Z,celmis-sandbox,0.03,56.09,3072.0,1.83,0.0,0.0,18.0,0.0,3
2026-08-21T20:38:16Z,celmis-qdrant,0.08,178.0,6928.38,2.57,0.05,0.03,71.3,0.0,25
2026-08-21T20:38:24Z,celmis-web,2.90,76.45,6928.38,1.10,0.27,0.54,10.3,0.0,12
2026-08-21T20:38:24Z,celmis-api,0.28,328.5,6928.38,4.74,16.9,14.1,31.8,615.0,18
2026-08-21T20:38:24Z,celmis-postgres,0.00,40.22,6928.38,0.58,26.2,15.5,43.2,52.2,13
2026-08-21T20:38:24Z,celmis-sandbox,0.03,56.09,3072.0,1.83,0.0,0.0,18.0,0.0,3
2026-08-21T20:38:24Z,celmis-qdrant,0.08,178.0,6928.38,2.57,0.05,0.03,71.3,0.0,25
2026-08-21T20:38:31Z,celmis-web,0.01,76.33,6928.38,1.10,0.27,0.54,10.3,0.0,12
2026-08-21T20:38:31Z,celmis-api,0.27,328.6,6928.38,4.74,16.9,14.1,31.8,615.0,18
2026-08-21T20:38:31Z,celmis-postgres,1.66,40.13,6928.38,0.58,26.2,15.5,43.2,52.2,13
2026-08-21T20:38:31Z,celmis-sandbox,0.03,56.09,3072.0,1.83,0.0,0.0,18.0,0.0,3
2026-08-21T20:38:31Z,celmis-qdrant,0.06,178.2,6928.38,2.57,0.05,0.03,71.3,0.0,25
2026-08-21T20:38:38Z,celmis-web,0.00,76.33,6928.38,1.10,0.27,0.54,10.3,0.0,12
2026-08-21T20:38:38Z,celmis-api,0.27,328.6,6928.38,4.74,16.9,14.1,31.8,615.0,18
2026-08-21T20:38:38Z,celmis-postgres,0.03,40.35,6928.38,0.58,26.2,15.5,43.2,52.2,13
2026-08-21T20:38:38Z,celmis-sandbox,0.04,56.0,3072.0,1.82,0.0,0.0,18.0,0.0,3
2026-08-21T20:38:38Z,celmis-qdrant,0.11,178.2,6928.38,2.57,0.05,0.03,71.3,0.0,25
2026-08-21T20:38:46Z,celmis-web,0.01,76.59,6928.38,1.11,0.27,0.54,10.3,0.0,12
2026-08-21T20:38:46Z,celmis-api,0.26,328.5,6928.38,4.74,16.9,14.1,31.8,615.0,18
2026-08-21T20:38:46Z,celmis-postgres,0.12,40.52,6928.38,0.58,26.2,15.5,43.2,52.2,13
2026-08-21T20:38:46Z,celmis-sandbox,0.03,56.0,3072.0,1.82,0.0,0.0,18.0,0.0,3
2026-08-21T20:38:46Z,celmis-qdrant,0.07,178.1,6928.38,2.57,0.05,0.03,71.3,0.0,25
2026-08-21T20:38:54Z,celmis-web,0.01,76.59,6928.38,1.11,0.27,0.54,10.3,0.0,12
2026-08-21T20:38:54Z,celmis-api,0.29,328.5,6928.38,4.74,16.9,14.1,31.8,615.0,18
2026-08-21T20:38:54Z,celmis-postgres,0.00,40.41,6928.38,0.58,26.2,15.5,43.2,52.2,13
2026-08-21T20:38:54Z,celmis-sandbox,0.02,56.0,3072.0,1.82,0.0,0.0,18.0,0.0,3
2026-08-21T20:38:54Z,celmis-qdrant,0.09,178.1,6928.38,2.57,0.05,0.03,71.3,0.0,25
2026-08-21T20:39:01Z,celmis-web,0.00,76.55,6928.38,1.10,0.27,0.54,10.3,0.0,12
2026-08-21T20:39:01Z,celmis-api,0.55,328.5,6928.38,4.74,16.9,14.1,31.8,615.0,18
2026-08-21T20:39:01Z,celmis-postgres,1.67,40.46,6928.38,0.58,26.2,15.5,43.2,52.2,13
2026-08-21T20:39:01Z,celmis-sandbox,0.03,56.0,3072.0,1.82,0.0,0.0,18.0,0.0,3
2026-08-21T20:39:01Z,celmis-qdrant,0.08,178.2,6928.38,2.57,0.05,0.03,71.3,0.0,25
2026-08-21T20:39:08Z,celmis-web,0.01,76.55,6928.38,1.10,0.27,0.54,10.3,0.0,12
2026-08-21T20:39:08Z,celmis-api,0.27,328.6,6928.38,4.74,16.9,14.1,31.8,615.0,18
2026-08-21T20:39:08Z,celmis-postgres,0.03,40.38,6928.38,0.58,26.2,15.5,43.2,52.2,13
2026-08-21T20:39:08Z,celmis-sandbox,0.02,56.18,3072.0,1.83,0.0,0.0,18.0,0.0,3
2026-08-21T20:39:08Z,celmis-qdrant,0.09,178.2,6928.38,2.57,0.05,0.03,71.3,0.0,25
2026-08-21T20:39:16Z,celmis-web,0.02,76.57,6928.38,1.11,0.27,0.54,10.3,0.0,12
2026-08-21T20:39:16Z,celmis-api,0.59,328.4,6928.38,4.74,16.9,14.1,31.8,615.0,18
2026-08-21T20:39:16Z,celmis-postgres,0.13,40.65,6928.38,0.59,26.3,15.5,43.2,52.2,13
2026-08-21T20:39:16Z,celmis-sandbox,0.06,56.18,3072.0,1.83,0.0,0.0,18.0,0.0,3
2026-08-21T20:39:16Z,celmis-qdrant,0.11,178.4,6928.38,2.57,0.05,0.03,71.3,0.0,25
2026-08-21T20:39:24Z,celmis-web,0.01,76.57,6928.38,1.11,0.27,0.54,10.3,0.0,12
2026-08-21T20:39:24Z,celmis-api,0.26,328.3,6928.38,4.74,16.9,14.1,31.8,615.0,18
2026-08-21T20:39:24Z,celmis-postgres,0.00,40.14,6928.38,0.58,26.3,15.5,43.2,52.2,13
2026-08-21T20:39:24Z,celmis-sandbox,0.03,56.18,3072.0,1.83,0.0,0.0,18.0,0.0,3
2026-08-21T20:39:24Z,celmis-qdrant,0.12,178.4,6928.38,2.57,0.05,0.03,71.3,0.0,25
2026-08-21T20:39:31Z,celmis-web,0.01,76.78,6928.38,1.11,0.27,0.54,10.3,0.0,12
2026-08-21T20:39:31Z,celmis-api,0.45,328.5,6928.38,4.74,16.9,14.1,31.8,615.0,18
2026-08-21T20:39:31Z,celmis-postgres,0.15,40.51,6928.38,0.58,26.3,15.5,43.2,52.3,13
2026-08-21T20:39:31Z,celmis-sandbox,0.02,56.18,3072.0,1.83,0.0,0.0,18.0,0.0,3
2026-08-21T20:39:31Z,celmis-qdrant,0.10,178.1,6928.38,2.57,0.05,0.03,71.3,0.0,25
2026-08-21T20:39:38Z,celmis-web,0.01,76.78,6928.38,1.11,0.27,0.54,10.3,0.0,12
2026-08-21T20:39:38Z,celmis-api,0.29,328.4,6928.38,4.74,16.9,14.1,31.8,615.0,18
2026-08-21T20:39:38Z,celmis-postgres,0.08,40.79,6928.38,0.59,26.3,15.5,43.2,52.3,13
2026-08-21T20:39:38Z,celmis-sandbox,0.02,56.35,3072.0,1.83,0.0,0.0,18.0,0.0,3
2026-08-21T20:39:38Z,celmis-qdrant,0.10,178.1,6928.38,2.57,0.05,0.03,71.3,0.0,25
2026-08-21T20:39:46Z,celmis-web,0.00,76.28,6928.38,1.10,0.27,0.54,10.3,0.0,12
2026-08-21T20:39:46Z,celmis-api,1.23,328.3,6928.38,4.74,16.9,14.1,31.8,615.0,18
2026-08-21T20:39:46Z,celmis-postgres,1.65,40.26,6928.38,0.58,26.3,15.5,43.2,52.3,13
2026-08-21T20:39:46Z,celmis-sandbox,0.03,56.35,3072.0,1.83,0.0,0.0,18.0,0.0,3
2026-08-21T20:39:46Z,celmis-qdrant,0.08,178.2,6928.38,2.57,0.05,0.03,71.3,0.0,25
2026-08-21T20:39:54Z,celmis-web,0.01,76.28,6928.38,1.10,0.27,0.54,10.3,0.0,12
2026-08-21T20:39:54Z,celmis-api,0.25,328.2,6928.38,4.74,16.9,14.1,31.8,615.0,18
2026-08-21T20:39:54Z,celmis-postgres,0.01,40.44,6928.38,0.58,26.3,15.5,43.2,52.3,13
2026-08-21T20:39:54Z,celmis-sandbox,0.03,56.35,3072.0,1.83,0.0,0.0,18.0,0.0,3
2026-08-21T20:39:54Z,celmis-qdrant,0.07,178.2,6928.38,2.57,0.05,0.03,71.3,0.0,25
2026-08-21T20:40:01Z,celmis-web,0.02,76.48,6928.38,1.10,0.27,0.54,10.3,0.0,12
2026-08-21T20:40:01Z,celmis-api,0.65,328.3,6928.38,4.74,16.9,14.1,31.8,615.0,18
2026-08-21T20:40:01Z,celmis-postgres,0.12,40.17,6928.38,0.58,26.3,15.5,43.2,52.3,13
2026-08-21T20:40:01Z,celmis-sandbox,0.03,56.35,3072.0,1.83,0.0,0.0,18.0,0.0,3
2026-08-21T20:40:01Z,celmis-qdrant,0.09,178.1,6928.38,2.57,0.05,0.03,71.3,0.0,25
2026-08-21T20:40:08Z,celmis-web,0.01,76.48,6928.38,1.10,0.27,0.54,10.3,0.0,12
2026-08-21T20:40:08Z,celmis-api,0.31,328.4,6928.38,4.74,16.9,14.1,31.8,615.0,18
2026-08-21T20:40:08Z,celmis-postgres,0.03,40.52,6928.38,0.58,26.3,15.5,43.2,52.3,13
2026-08-21T20:40:08Z,celmis-sandbox,0.03,56.52,3072.0,1.84,0.0,0.0,18.0,0.0,3
2026-08-21T20:40:08Z,celmis-qdrant,0.07,178.1,6928.38,2.57,0.05,0.03,71.3,0.0,25
2026-08-21T20:40:16Z,celmis-web,0.01,76.5,6928.38,1.10,0.27,0.54,10.3,0.0,12
2026-08-21T20:40:16Z,celmis-api,0.26,328.7,6928.38,4.74,16.9,14.1,31.8,615.0,18
2026-08-21T20:40:16Z,celmis-postgres,0.00,40.22,6928.38,0.58,26.3,15.5,43.2,52.3,13
2026-08-21T20:40:16Z,celmis-sandbox,0.04,56.52,3072.0,1.84,0.0,0.0,18.0,0.0,3
2026-08-21T20:40:16Z,celmis-qdrant,0.08,178.0,6928.38,2.57,0.05,0.03,71.3,0.0,25
2026-08-21T20:40:24Z,celmis-web,0.01,76.5,6928.38,1.10,0.27,0.54,10.3,0.0,12
2026-08-21T20:40:24Z,celmis-api,0.31,328.6,6928.38,4.74,16.9,14.1,31.8,615.0,18
2026-08-21T20:40:24Z,celmis-postgres,0.01,40.43,6928.38,0.58,26.3,15.5,43.2,52.3,13
2026-08-21T20:40:24Z,celmis-sandbox,0.03,56.52,3072.0,1.84,0.0,0.0,18.0,0.0,3
2026-08-21T20:40:24Z,celmis-qdrant,0.10,178.0,6928.38,2.57,0.05,0.03,71.3,0.0,25
2026-08-21T20:40:31Z,celmis-web,0.02,76.45,6928.38,1.10,0.27,0.54,10.3,0.0,12
2026-08-21T20:40:31Z,celmis-api,0.53,328.5,6928.38,4.74,16.9,14.1,31.8,615.0,18
2026-08-21T20:40:31Z,celmis-postgres,0.11,40.58,6928.38,0.59,26.3,15.5,43.2,52.3,13
2026-08-21T20:40:31Z,celmis-sandbox,0.03,56.52,3072.0,1.84,0.0,0.0,18.0,0.0,3
2026-08-21T20:40:31Z,celmis-qdrant,0.07,177.9,6928.38,2.57,0.05,0.03,71.3,0.0,25
2026-08-21T20:40:38Z,celmis-web,0.00,76.45,6928.38,1.10,0.27,0.54,10.3,0.0,12
2026-08-21T20:40:38Z,celmis-api,0.26,328.5,6928.38,4.74,16.9,14.1,31.8,615.0,18
2026-08-21T20:40:38Z,celmis-postgres,0.05,40.52,6928.38,0.58,26.3,15.5,43.2,52.3,13
2026-08-21T20:40:38Z,celmis-sandbox,0.02,56.18,3072.0,1.83,0.0,0.0,18.0,0.0,3
2026-08-21T20:40:38Z,celmis-qdrant,0.10,177.9,6928.38,2.57,0.05,0.03,71.3,0.0,25
2026-08-21T20:40:46Z,celmis-web,0.01,76.55,6928.38,1.10,0.27,0.54,10.3,0.0,12
2026-08-21T20:40:46Z,celmis-api,0.79,328.6,6928.38,4.74,16.9,14.1,31.8,615.0,18
2026-08-21T20:40:46Z,celmis-postgres,0.07,40.26,6928.38,0.58,26.3,15.5,43.2,52.3,13
2026-08-21T20:40:46Z,celmis-sandbox,0.02,56.18,3072.0,1.83,0.0,0.0,18.0,0.0,3
2026-08-21T20:40:46Z,celmis-qdrant,0.08,178.1,6928.38,2.57,0.05,0.03,71.3,0.0,25
2026-08-21T20:40:54Z,celmis-web,0.01,76.55,6928.38,1.10,0.27,0.54,10.3,0.0,12
2026-08-21T20:40:54Z,celmis-api,0.24,328.5,6928.38,4.74,16.9,14.1,31.8,615.0,18
2026-08-21T20:40:54Z,celmis-postgres,0.01,40.33,6928.38,0.58,26.3,15.5,43.2,52.3,13
2026-08-21T20:40:54Z,celmis-sandbox,0.03,56.18,3072.0,1.83,0.0,0.0,18.0,0.0,3
2026-08-21T20:40:54Z,celmis-qdrant,0.09,178.1,6928.38,2.57,0.05,0.03,71.3,0.0,25
2026-08-21T20:41:01Z,celmis-web,0.02,76.45,6928.38,1.10,0.27,0.54,10.3,0.0,12
2026-08-21T20:41:01Z,celmis-api,0.50,328.7,6928.38,4.74,16.9,14.1,31.8,615.0,18
2026-08-21T20:41:01Z,celmis-postgres,0.11,40.56,6928.38,0.59,26.3,15.5,43.2,52.3,13
2026-08-21T20:41:01Z,celmis-sandbox,0.02,56.18,3072.0,1.83,0.0,0.0,18.0,0.0,3
2026-08-21T20:41:01Z,celmis-qdrant,0.11,178.3,6928.38,2.57,0.05,0.03,71.3,0.0,25
2026-08-21T20:41:08Z,celmis-web,0.00,76.45,6928.38,1.10,0.27,0.54,10.3,0.0,12
2026-08-21T20:41:08Z,celmis-api,0.23,328.6,6928.38,4.74,16.9,14.1,31.8,615.0,18
2026-08-21T20:41:08Z,celmis-postgres,0.03,40.29,6928.38,0.58,26.3,15.5,43.2,52.3,13
2026-08-21T20:41:08Z,celmis-sandbox,0.02,56.35,3072.0,1.83,0.0,0.0,18.0,0.0,3
2026-08-21T20:41:08Z,celmis-qdrant,0.09,178.3,6928.38,2.57,0.05,0.03,71.3,0.0,25
2026-08-21T20:41:16Z,celmis-web,0.01,76.48,6928.38,1.10,0.27,0.54,10.3,0.0,12
2026-08-21T20:41:16Z,celmis-api,0.31,328.6,6928.38,4.74,16.9,14.1,31.8,615.0,18
2026-08-21T20:41:16Z,celmis-postgres,0.00,40.34,6928.38,0.58,26.3,15.5,43.2,52.3,13
2026-08-21T20:41:16Z,celmis-sandbox,0.05,56.35,3072.0,1.83,0.0,0.0,18.0,0.0,3
2026-08-21T20:41:16Z,celmis-qdrant,0.11,178.4,6928.38,2.58,0.05,0.03,71.3,0.0,25
2026-08-21T20:41:24Z,celmis-web,0.00,76.48,6928.38,1.10,0.27,0.54,10.3,0.0,12
2026-08-21T20:41:24Z,celmis-api,0.25,328.6,6928.38,4.74,16.9,14.1,31.8,615.0,18
2026-08-21T20:41:24Z,celmis-postgres,0.00,40.36,6928.38,0.58,26.3,15.5,43.2,52.3,13
2026-08-21T20:41:24Z,celmis-sandbox,0.03,56.35,3072.0,1.83,0.0,0.0,18.0,0.0,3
2026-08-21T20:41:24Z,celmis-qdrant,0.09,178.4,6928.38,2.58,0.05,0.03,71.3,0.0,25
2026-08-21T20:41:31Z,celmis-web,0.02,76.44,6928.38,1.10,0.27,0.54,10.3,0.0,12
2026-08-21T20:41:31Z,celmis-api,0.54,328.4,6928.38,4.74,16.9,14.1,31.8,615.0,18
2026-08-21T20:41:31Z,celmis-postgres,0.12,40.24,6928.38,0.58,26.3,15.5,43.2,52.3,13
2026-08-21T20:41:31Z,celmis-sandbox,0.03,56.35,3072.0,1.83,0.0,0.0,18.0,0.0,3
2026-08-21T20:41:31Z,celmis-qdrant,0.09,178.4,6928.38,2.57,0.05,0.03,71.3,0.0,25
2026-08-21T20:41:38Z,celmis-web,0.00,76.44,6928.38,1.10,0.27,0.54,10.3,0.0,12
2026-08-21T20:41:38Z,celmis-api,0.19,328.4,6928.38,4.74,16.9,14.1,31.8,615.0,18
2026-08-21T20:41:38Z,celmis-postgres,0.03,40.54,6928.38,0.59,26.3,15.5,43.2,52.3,13
2026-08-21T20:41:38Z,celmis-sandbox,0.03,56.78,3072.0,1.85,0.0,0.0,18.0,0.0,3
2026-08-21T20:41:38Z,celmis-qdrant,0.09,178.4,6928.38,2.57,0.05,0.03,71.3,0.0,25
2026-08-21T20:41:46Z,celmis-web,0.02,76.45,6928.38,1.10,0.27,0.54,10.3,0.0,12
2026-08-21T20:41:46Z,celmis-api,1.20,328.8,6928.38,4.75,16.9,14.1,31.8,615.0,18
2026-08-21T20:41:46Z,celmis-postgres,0.10,40.14,6928.38,0.58,26.3,15.5,43.2,52.3,13
2026-08-21T20:41:46Z,celmis-sandbox,0.10,56.78,3072.0,1.85,0.0,0.0,18.0,0.0,3
2026-08-21T20:41:46Z,celmis-qdrant,0.32,178.0,6928.38,2.57,0.05,0.03,71.3,0.0,25
2026-08-21T20:41:54Z,celmis-web,0.01,76.45,6928.38,1.10,0.27,0.54,10.3,0.0,12
2026-08-21T20:41:54Z,celmis-api,0.28,328.6,6928.38,4.74,16.9,14.1,31.8,615.0,18
2026-08-21T20:41:54Z,celmis-postgres,0.00,40.58,6928.38,0.59,26.3,15.5,43.2,52.3,13
2026-08-21T20:41:54Z,celmis-sandbox,0.02,56.78,3072.0,1.85,0.0,0.0,18.0,0.0,3
2026-08-21T20:41:54Z,celmis-qdrant,0.07,178.0,6928.38,2.57,0.05,0.03,71.3,0.0,25
2026-08-21T20:42:01Z,celmis-web,0.02,76.4,6928.38,1.10,0.27,0.54,10.3,0.0,12
2026-08-21T20:42:01Z,celmis-api,0.56,328.8,6928.38,4.74,16.9,14.1,31.8,615.0,18
2026-08-21T20:42:01Z,celmis-postgres,0.16,40.45,6928.38,0.58,26.3,15.5,43.2,52.3,13
2026-08-21T20:42:01Z,celmis-sandbox,0.03,56.78,3072.0,1.85,0.0,0.0,18.0,0.0,3
2026-08-21T20:42:01Z,celmis-qdrant,0.10,178.2,6928.38,2.57,0.05,0.03,71.3,0.0,25
2026-08-21T20:42:08Z,celmis-web,0.01,76.4,6928.38,1.10,0.27,0.54,10.3,0.0,12
2026-08-21T20:42:08Z,celmis-api,0.28,328.6,6928.38,4.74,16.9,14.1,31.8,615.0,18
2026-08-21T20:42:08Z,celmis-postgres,0.03,40.46,6928.38,0.58,26.3,15.5,43.2,52.3,13
2026-08-21T20:42:08Z,celmis-sandbox,0.02,56.42,3072.0,1.84,0.0,0.0,18.0,0.0,3
2026-08-21T20:42:08Z,celmis-qdrant,0.07,178.2,6928.38,2.57,0.05,0.03,71.3,0.0,25
2026-08-21T20:42:16Z,celmis-web,0.01,76.48,6928.38,1.10,0.27,0.54,10.3,0.0,12
2026-08-21T20:42:16Z,celmis-api,0.54,328.5,6928.38,4.74,16.9,14.1,31.8,615.0,18
2026-08-21T20:42:16Z,celmis-postgres,0.07,40.51,6928.38,0.58,26.3,15.5,43.2,52.3,13
2026-08-21T20:42:16Z,celmis-sandbox,0.02,56.42,3072.0,1.84,0.0,0.0,18.0,0.0,3
2026-08-21T20:42:16Z,celmis-qdrant,0.08,178.1,6928.38,2.57,0.05,0.03,71.3,0.0,25
2026-08-21T20:42:24Z,celmis-web,0.00,76.48,6928.38,1.10,0.27,0.54,10.3,0.0,12
2026-08-21T20:42:24Z,celmis-api,0.24,328.5,6928.38,4.74,16.9,14.1,31.8,615.0,18
2026-08-21T20:42:24Z,celmis-postgres,0.03,40.58,6928.38,0.59,26.3,15.5,43.2,52.4,13
2026-08-21T20:42:24Z,celmis-sandbox,0.02,56.42,3072.0,1.84,0.0,0.0,18.0,0.0,3
2026-08-21T20:42:24Z,celmis-qdrant,0.08,178.1,6928.38,2.57,0.05,0.03,71.3,0.0,25
2026-08-21T20:42:31Z,celmis-web,0.05,76.45,6928.38,1.10,0.27,0.54,10.3,0.0,12
2026-08-21T20:42:31Z,celmis-api,0.58,328.6,6928.38,4.74,16.9,14.1,31.8,615.0,18
2026-08-21T20:42:31Z,celmis-postgres,0.54,40.62,6928.38,0.59,26.3,15.6,43.2,52.5,13
2026-08-21T20:42:31Z,celmis-sandbox,0.02,56.42,3072.0,1.84,0.0,0.0,18.0,0.0,3
2026-08-21T20:42:31Z,celmis-qdrant,0.09,178.2,6928.38,2.57,0.05,0.03,71.3,0.0,25
2026-08-21T20:42:38Z,celmis-web,0.00,76.45,6928.38,1.10,0.27,0.54,10.3,0.0,12
2026-08-21T20:42:38Z,celmis-api,0.24,328.6,6928.38,4.74,16.9,14.1,31.8,615.0,18
2026-08-21T20:42:38Z,celmis-postgres,1.68,40.77,6928.38,0.59,26.3,15.6,43.2,52.5,13
2026-08-21T20:42:38Z,celmis-sandbox,0.03,56.3,3072.0,1.83,0.0,0.0,18.0,0.0,3
2026-08-21T20:42:38Z,celmis-qdrant,0.10,178.2,6928.38,2.57,0.05,0.03,71.3,0.0,25
2026-08-21T20:42:46Z,celmis-web,0.02,76.7,6928.38,1.11,0.27,0.54,10.3,0.0,12
2026-08-21T20:42:46Z,celmis-api,0.28,328.3,6928.38,4.74,16.9,14.1,31.8,615.0,18
2026-08-21T20:42:46Z,celmis-postgres,0.08,40.84,6928.38,0.59,26.3,15.6,43.2,52.5,13
2026-08-21T20:42:46Z,celmis-sandbox,0.03,56.3,3072.0,1.83,0.0,0.0,18.0,0.0,3
2026-08-21T20:42:46Z,celmis-qdrant,0.09,178.1,6928.38,2.57,0.05,0.03,71.3,0.0,25
2026-08-21T20:42:54Z,celmis-web,0.01,76.7,6928.38,1.11,0.27,0.54,10.3,0.0,12
2026-08-21T20:42:54Z,celmis-api,0.30,328.4,6928.38,4.74,16.9,14.1,31.8,615.0,18
2026-08-21T20:42:54Z,celmis-postgres,0.00,40.58,6928.38,0.59,26.3,15.6,43.2,52.5,13
2026-08-21T20:42:54Z,celmis-sandbox,0.03,56.3,3072.0,1.83,0.0,0.0,18.0,0.0,3
2026-08-21T20:42:54Z,celmis-qdrant,0.11,178.1,6928.38,2.57,0.05,0.03,71.3,0.0,25
2026-08-21T20:43:01Z,celmis-web,0.03,76.65,6928.38,1.11,0.27,0.54,10.3,0.0,12
2026-08-21T20:43:01Z,celmis-api,0.52,328.4,6928.38,4.74,16.9,14.1,31.8,615.0,18
2026-08-21T20:43:01Z,celmis-postgres,0.09,40.4,6928.38,0.58,26.3,15.6,43.2,52.5,13
2026-08-21T20:43:01Z,celmis-sandbox,0.03,56.3,3072.0,1.83,0.0,0.0,18.0,0.0,3
2026-08-21T20:43:01Z,celmis-qdrant,0.10,178.3,6928.38,2.57,0.05,0.03,71.3,0.0,25
2026-08-21T20:43:08Z,celmis-web,0.01,76.65,6928.38,1.11,0.27,0.54,10.3,0.0,12
2026-08-21T20:43:08Z,celmis-api,0.25,329.0,6928.38,4.75,16.9,14.1,31.8,615.0,18
2026-08-21T20:43:08Z,celmis-postgres,1.83,40.53,6928.38,0.58,26.3,15.6,43.2,52.5,13
2026-08-21T20:43:08Z,celmis-sandbox,0.02,56.22,3072.0,1.83,0.0,0.0,18.0,0.0,3
2026-08-21T20:43:08Z,celmis-qdrant,0.09,178.3,6928.38,2.57,0.05,0.03,71.3,0.0,25
2026-08-21T20:43:16Z,celmis-web,0.04,76.64,6928.38,1.11,0.27,0.54,10.3,0.0,12
2026-08-21T20:43:16Z,celmis-api,0.56,328.7,6928.38,4.74,16.9,14.1,31.8,615.0,18
2026-08-21T20:43:16Z,celmis-postgres,0.00,40.46,6928.38,0.58,26.3,15.6,43.2,52.5,13
2026-08-21T20:43:16Z,celmis-sandbox,0.03,56.22,3072.0,1.83,0.0,0.0,18.0,0.0,3
2026-08-21T20:43:16Z,celmis-qdrant,0.21,178.2,6928.38,2.57,0.05,0.03,71.3,0.0,25
2026-08-21T20:43:24Z,celmis-web,0.01,76.64,6928.38,1.11,0.27,0.54,10.3,0.0,12
2026-08-21T20:43:24Z,celmis-api,0.32,328.7,6928.38,4.74,16.9,14.2,31.8,615.0,18
2026-08-21T20:43:24Z,celmis-postgres,1.64,40.32,6928.38,0.58,26.3,15.6,43.2,52.5,13
2026-08-21T20:43:24Z,celmis-sandbox,0.03,56.22,3072.0,1.83,0.0,0.0,18.0,0.0,3
2026-08-21T20:43:24Z,celmis-qdrant,0.10,178.2,6928.38,2.57,0.05,0.03,71.3,0.0,25
2026-08-21T20:43:31Z,celmis-web,0.02,76.55,6928.38,1.10,0.27,0.54,10.3,0.0,12
2026-08-21T20:43:31Z,celmis-api,0.42,328.8,6928.38,4.75,16.9,14.2,31.8,615.0,18
2026-08-21T20:43:31Z,celmis-postgres,0.05,40.56,6928.38,0.59,26.3,15.6,43.2,52.5,13
2026-08-21T20:43:31Z,celmis-sandbox,0.03,56.22,3072.0,1.83,0.0,0.0,18.0,0.0,3
2026-08-21T20:43:31Z,celmis-qdrant,0.09,178.1,6928.38,2.57,0.05,0.03,71.3,0.0,25
2026-08-21T20:43:38Z,celmis-web,0.01,76.55,6928.38,1.10,0.27,0.54,10.3,0.0,12
2026-08-21T20:43:38Z,celmis-api,0.69,328.8,6928.38,4.74,17.0,14.2,31.8,615.0,18
2026-08-21T20:43:38Z,celmis-postgres,1.68,40.33,6928.38,0.58,26.3,15.6,43.2,52.5,13
2026-08-21T20:43:38Z,celmis-sandbox,0.03,56.39,3072.0,1.84,0.0,0.0,18.0,0.0,3
2026-08-21T20:43:38Z,celmis-qdrant,0.15,178.1,6928.38,2.57,0.05,0.03,71.3,0.0,25
2026-08-21T20:43:46Z,celmis-web,0.01,76.58,6928.38,1.11,0.27,0.54,10.3,0.0,12
2026-08-21T20:43:46Z,celmis-api,4.30,328.5,6928.38,4.74,17.0,14.2,31.8,615.0,18
2026-08-21T20:43:46Z,celmis-postgres,0.37,40.5,6928.38,0.58,26.3,15.6,43.2,52.5,13
2026-08-21T20:43:46Z,celmis-sandbox,0.03,56.39,3072.0,1.84,0.0,0.0,18.0,0.0,3
2026-08-21T20:43:46Z,celmis-qdrant,0.11,178.2,6928.38,2.57,0.05,0.03,71.3,0.0,25
2026-08-21T20:43:54Z,celmis-web,0.00,76.58,6928.38,1.11,0.27,0.54,10.3,0.0,12
2026-08-21T20:43:54Z,celmis-api,0.31,328.9,6928.38,4.75,17.0,14.2,31.8,615.0,18
2026-08-21T20:43:54Z,celmis-postgres,1.88,40.8,6928.38,0.59,26.3,15.6,43.2,52.5,13
2026-08-21T20:43:54Z,celmis-sandbox,0.12,56.39,3072.0,1.84,0.0,0.0,18.0,0.0,3
2026-08-21T20:43:54Z,celmis-qdrant,0.09,178.2,6928.38,2.57,0.05,0.03,71.3,0.0,25
2026-08-21T20:44:01Z,celmis-web,0.01,76.54,6928.38,1.10,0.27,0.54,10.3,0.0,12
2026-08-21T20:44:01Z,celmis-api,0.30,328.7,6928.38,4.74,17.0,14.2,31.8,615.0,18
2026-08-21T20:44:01Z,celmis-postgres,0.00,40.54,6928.38,0.59,26.3,15.6,43.2,52.5,13
2026-08-21T20:44:01Z,celmis-sandbox,0.04,56.39,3072.0,1.84,0.0,0.0,18.0,0.0,3
2026-08-21T20:44:01Z,celmis-qdrant,0.13,178.3,6928.38,2.57,0.05,0.03,71.3,0.0,25
2026-08-21T20:44:09Z,celmis-web,0.00,76.54,6928.38,1.10,0.27,0.54,10.3,0.0,12
2026-08-21T20:44:09Z,celmis-api,0.26,328.8,6928.38,4.75,17.0,14.2,31.8,615.0,18
2026-08-21T20:44:09Z,celmis-postgres,1.76,40.62,6928.38,0.59,26.3,15.6,43.2,52.5,13
2026-08-21T20:44:09Z,celmis-sandbox,0.03,56.3,3072.0,1.83,0.0,0.0,18.0,0.0,3
2026-08-21T20:44:09Z,celmis-qdrant,0.11,178.3,6928.38,2.57,0.05,0.03,71.3,0.0,25
2026-08-21T20:44:16Z,celmis-web,0.06,76.4,6928.38,1.10,0.27,0.54,10.3,0.0,12
2026-08-21T20:44:16Z,celmis-api,10.23,328.7,6928.38,4.74,17.0,14.2,31.8,615.0,18
2026-08-21T20:44:16Z,celmis-postgres,0.03,40.34,6928.38,0.58,26.3,15.6,43.2,52.5,13
2026-08-21T20:44:16Z,celmis-sandbox,0.01,56.3,3072.0,1.83,0.0,0.0,18.0,0.0,3
2026-08-21T20:44:16Z,celmis-qdrant,0.12,178.2,6928.38,2.57,0.05,0.03,71.3,0.0,25
2026-08-21T20:44:24Z,celmis-web,0.01,76.4,6928.38,1.10,0.27,0.54,10.3,0.0,12
2026-08-21T20:44:24Z,celmis-api,0.28,328.6,6928.38,4.74,17.0,14.2,31.8,615.0,18
2026-08-21T20:44:24Z,celmis-postgres,1.80,40.42,6928.38,0.58,26.3,15.6,43.2,52.5,13
2026-08-21T20:44:24Z,celmis-sandbox,0.03,56.3,3072.0,1.83,0.0,0.0,18.0,0.0,3
2026-08-21T20:44:24Z,celmis-qdrant,0.13,178.2,6928.38,2.57,0.05,0.03,71.3,0.0,25
2026-08-21T20:44:32Z,celmis-web,0.02,76.58,6928.38,1.11,0.27,0.54,10.3,0.0,12
2026-08-21T20:44:32Z,celmis-api,0.54,328.4,6928.38,4.74,17.0,14.2,31.8,615.0,18
2026-08-21T20:44:32Z,celmis-postgres,0.10,40.88,6928.38,0.59,26.3,15.6,43.2,52.5,13
2026-08-21T20:44:32Z,celmis-sandbox,0.07,56.3,3072.0,1.83,0.0,0.0,18.0,0.0,3
2026-08-21T20:44:32Z,celmis-qdrant,0.09,178.4,6928.38,2.57,0.05,0.03,71.3,0.0,25
2026-08-21T20:44:38Z,celmis-web,0.00,76.58,6928.38,1.11,0.27,0.54,10.3,0.0,12
2026-08-21T20:44:38Z,celmis-api,0.29,328.4,6928.38,4.74,17.0,14.2,31.8,615.0,18
2026-08-21T20:44:38Z,celmis-postgres,1.76,40.63,6928.38,0.59,26.3,15.6,43.2,52.5,13
2026-08-21T20:44:38Z,celmis-sandbox,0.03,56.38,3072.0,1.84,0.0,0.0,18.0,0.0,3
2026-08-21T20:44:38Z,celmis-qdrant,0.08,178.4,6928.38,2.57,0.05,0.03,71.3,0.0,25
2026-08-21T20:44:46Z,celmis-web,0.01,76.41,6928.38,1.10,0.27,0.54,10.3,0.0,12
2026-08-21T20:44:46Z,celmis-api,50.22,328.6,6928.38,4.74,17.0,14.2,31.8,615.0,18
2026-08-21T20:44:46Z,celmis-postgres,0.14,40.41,6928.38,0.58,26.3,15.6,43.2,52.5,13
2026-08-21T20:44:46Z,celmis-sandbox,0.01,56.38,3072.0,1.84,0.0,0.0,18.0,0.0,3
2026-08-21T20:44:46Z,celmis-qdrant,0.10,178.3,6928.38,2.57,0.05,0.03,71.3,0.0,25
2026-08-21T20:44:54Z,celmis-web,0.01,76.41,6928.38,1.10,0.27,0.54,10.3,0.0,12
2026-08-21T20:44:54Z,celmis-api,0.25,329.0,6928.38,4.75,17.0,14.2,31.8,615.0,18
2026-08-21T20:44:54Z,celmis-postgres,0.00,40.45,6928.38,0.58,26.4,15.6,43.2,52.5,13
2026-08-21T20:44:54Z,celmis-sandbox,0.03,56.38,3072.0,1.84,0.0,0.0,18.0,0.0,3
2026-08-21T20:44:54Z,celmis-qdrant,0.09,178.3,6928.38,2.57,0.05,0.03,71.3,0.0,25
2026-08-21T20:45:01Z,celmis-web,0.02,76.7,6928.38,1.11,0.27,0.54,10.3,0.0,12
2026-08-21T20:45:01Z,celmis-api,0.44,328.7,6928.38,4.74,17.0,14.2,31.8,615.0,18
2026-08-21T20:45:01Z,celmis-postgres,0.05,40.16,6928.38,0.58,26.4,15.6,43.2,52.5,13
2026-08-21T20:45:01Z,celmis-sandbox,0.03,56.38,3072.0,1.84,0.0,0.0,18.0,0.0,3
2026-08-21T20:45:01Z,celmis-qdrant,0.08,178.3,6928.38,2.57,0.05,0.03,71.3,0.0,25
2026-08-21T20:45:08Z,celmis-web,0.01,76.7,6928.38,1.11,0.27,0.54,10.3,0.0,12
2026-08-21T20:45:08Z,celmis-api,0.85,328.8,6928.38,4.75,17.0,14.2,31.8,615.0,18
2026-08-21T20:45:08Z,celmis-postgres,0.02,40.37,6928.38,0.58,26.4,15.6,43.2,52.5,13
2026-08-21T20:45:08Z,celmis-sandbox,0.03,56.48,3072.0,1.84,0.0,0.0,18.0,0.0,3
2026-08-21T20:45:08Z,celmis-qdrant,0.08,178.3,6928.38,2.57,0.05,0.03,71.3,0.0,25
2026-08-21T20:45:16Z,celmis-web,0.02,76.76,6928.38,1.11,0.27,0.54,10.3,0.0,12
2026-08-21T20:45:16Z,celmis-api,0.47,328.8,6928.38,4.75,17.0,14.2,31.8,615.0,18
2026-08-21T20:45:16Z,celmis-postgres,0.07,40.47,6928.38,0.58,26.4,15.6,43.2,52.5,13
2026-08-21T20:45:16Z,celmis-sandbox,0.02,56.43,3072.0,1.84,0.0,0.0,18.0,0.0,3
2026-08-21T20:45:16Z,celmis-qdrant,0.44,178.3,6928.38,2.57,0.05,0.03,71.3,0.0,25
2026-08-21T20:45:24Z,celmis-web,0.01,76.76,6928.38,1.11,0.27,0.54,10.3,0.0,12
2026-08-21T20:45:24Z,celmis-api,0.27,328.8,6928.38,4.74,17.0,14.2,31.8,615.0,18
2026-08-21T20:45:24Z,celmis-postgres,0.00,40.67,6928.38,0.59,26.4,15.6,43.2,52.5,13
2026-08-21T20:45:24Z,celmis-sandbox,0.03,56.43,3072.0,1.84,0.0,0.0,18.0,0.0,3
2026-08-21T20:45:24Z,celmis-qdrant,0.08,178.2,6928.38,2.57,0.05,0.03,71.3,0.0,25
2026-08-21T20:45:31Z,celmis-web,0.01,76.51,6928.38,1.10,0.27,0.54,10.3,0.0,12
2026-08-21T20:45:31Z,celmis-api,0.54,328.6,6928.38,4.74,17.0,14.2,31.8,615.0,18
2026-08-21T20:45:31Z,celmis-postgres,0.09,40.23,6928.38,0.58,26.4,15.6,43.2,52.6,13
2026-08-21T20:45:31Z,celmis-sandbox,0.02,56.43,3072.0,1.84,0.0,0.0,18.0,0.0,3
2026-08-21T20:45:31Z,celmis-qdrant,0.10,178.1,6928.38,2.57,0.05,0.03,71.3,0.0,25
2026-08-21T20:45:38Z,celmis-web,0.01,76.51,6928.38,1.10,0.27,0.54,10.3,0.0,12
2026-08-21T20:45:38Z,celmis-api,0.58,328.6,6928.38,4.74,17.0,14.2,31.8,615.0,18
2026-08-21T20:45:38Z,celmis-postgres,0.03,40.46,6928.38,0.58,26.4,15.6,43.2,52.6,13
2026-08-21T20:45:38Z,celmis-sandbox,0.03,56.63,3072.0,1.84,0.0,0.0,18.0,0.0,3
2026-08-21T20:45:38Z,celmis-qdrant,0.08,178.1,6928.38,2.57,0.05,0.03,71.3,0.0,25
2026-08-21T20:45:46Z,celmis-web,0.01,76.44,6928.38,1.10,0.27,0.54,10.3,0.0,12
2026-08-21T20:45:46Z,celmis-api,0.67,328.7,6928.38,4.74,17.0,14.2,31.8,615.0,18
2026-08-21T20:45:46Z,celmis-postgres,0.09,40.21,6928.38,0.58,26.4,15.6,43.2,52.6,13
2026-08-21T20:45:46Z,celmis-sandbox,0.03,56.61,3072.0,1.84,0.0,0.0,18.0,0.0,3
2026-08-21T20:45:46Z,celmis-qdrant,1.09,178.1,6928.38,2.57,0.05,0.03,71.3,0.0,25
2026-08-21T20:45:54Z,celmis-web,0.01,76.44,6928.38,1.10,0.27,0.54,10.3,0.0,12
2026-08-21T20:45:54Z,celmis-api,0.67,328.5,6928.38,4.74,17.0,14.2,31.8,615.0,18
2026-08-21T20:45:54Z,celmis-postgres,0.00,40.45,6928.38,0.58,26.4,15.6,43.2,52.6,13
2026-08-21T20:45:54Z,celmis-sandbox,0.04,56.61,3072.0,1.84,0.0,0.0,18.0,0.0,3
2026-08-21T20:45:54Z,celmis-qdrant,0.12,178.0,6928.38,2.57,0.05,0.03,71.3,0.0,25
2026-08-21T20:46:00Z,celmis-web,0.01,76.3,6928.38,1.10,0.27,0.54,10.3,0.0,12
2026-08-21T20:46:00Z,celmis-api,2.58,328.6,6928.38,4.74,17.0,14.2,31.8,615.0,18
2026-08-21T20:46:00Z,celmis-postgres,1.25,40.41,6928.38,0.58,26.4,15.6,43.2,52.6,13
2026-08-21T20:46:00Z,celmis-sandbox,0.03,56.61,3072.0,1.84,0.0,0.0,18.0,0.0,3
2026-08-21T20:46:00Z,celmis-qdrant,1.20,178.3,6928.38,2.57,0.05,0.03,71.3,0.0,25
2026-08-21T20:46:07Z,celmis-web,0.01,76.3,6928.38,1.10,0.27,0.54,10.3,0.0,12
2026-08-21T20:46:07Z,celmis-api,0.54,328.6,6928.38,4.74,17.0,14.2,31.8,615.0,18
2026-08-21T20:46:07Z,celmis-postgres,0.12,40.39,6928.38,0.58,26.4,15.6,43.2,52.6,13
2026-08-21T20:46:07Z,celmis-sandbox,0.03,56.61,3072.0,1.84,0.0,0.0,18.0,0.0,3
2026-08-21T20:46:07Z,celmis-qdrant,0.10,178.2,6928.38,2.57,0.05,0.03,71.3,0.0,25
2026-08-21T20:46:15Z,celmis-web,0.01,76.5,6928.38,1.10,0.27,0.54,10.3,0.0,12
2026-08-21T20:46:15Z,celmis-api,1.90,328.9,6928.38,4.75,17.0,14.2,31.8,615.0,18
2026-08-21T20:46:15Z,celmis-postgres,1.50,40.8,6928.38,0.59,26.4,15.6,43.2,52.6,13
2026-08-21T20:46:15Z,celmis-sandbox,0.03,56.53,3072.0,1.84,0.0,0.0,18.0,0.0,3
2026-08-21T20:46:15Z,celmis-qdrant,0.12,178.2,6928.38,2.57,0.05,0.03,71.3,0.0,25
2026-08-21T20:46:23Z,celmis-web,0.01,76.5,6928.38,1.10,0.27,0.54,10.3,0.0,12
2026-08-21T20:46:23Z,celmis-api,0.44,328.7,6928.38,4.74,17.0,14.2,31.8,615.0,18
2026-08-21T20:46:23Z,celmis-postgres,0.00,40.44,6928.38,0.58,26.4,15.6,43.2,52.6,13
2026-08-21T20:46:23Z,celmis-sandbox,0.02,56.53,3072.0,1.84,0.0,0.0,18.0,0.0,3
2026-08-21T20:46:23Z,celmis-qdrant,0.08,178.4,6928.38,2.57,0.05,0.03,71.3,0.0,25
2026-08-21T20:46:30Z,celmis-web,0.01,76.52,6928.38,1.10,0.27,0.54,10.3,0.0,12
2026-08-21T20:46:30Z,celmis-api,1.89,328.6,6928.38,4.74,17.0,14.2,31.8,615.0,18
2026-08-21T20:46:30Z,celmis-postgres,2.70,40.3,6928.38,0.58,26.4,15.6,43.2,52.6,13
2026-08-21T20:46:30Z,celmis-sandbox,0.02,56.53,3072.0,1.84,0.0,0.0,18.0,0.0,3
2026-08-21T20:46:30Z,celmis-qdrant,1.42,178.5,6928.38,2.58,0.05,0.03,71.3,0.0,25
2026-08-21T20:46:37Z,celmis-web,0.01,76.52,6928.38,1.10,0.27,0.54,10.3,0.0,12
2026-08-21T20:46:37Z,celmis-api,0.49,328.6,6928.38,4.74,17.0,14.2,31.8,615.0,18
2026-08-21T20:46:37Z,celmis-postgres,0.13,40.21,6928.38,0.58,26.4,15.6,43.2,52.6,13
2026-08-21T20:46:37Z,celmis-sandbox,14.16,56.47,3072.0,1.84,0.0,0.0,18.0,0.0,3
2026-08-21T20:46:37Z,celmis-qdrant,0.07,178.5,6928.38,2.58,0.05,0.03,71.3,0.0,25
2026-08-21T20:46:45Z,celmis-web,0.01,76.55,6928.38,1.10,0.27,0.54,10.3,0.0,12
2026-08-21T20:46:45Z,celmis-api,2.08,328.6,6928.38,4.74,17.0,14.2,31.8,615.0,18
2026-08-21T20:46:45Z,celmis-postgres,1.21,40.77,6928.38,0.59,26.4,15.6,43.2,52.6,13
2026-08-21T20:46:45Z,celmis-sandbox,0.02,56.45,3072.0,1.84,0.0,0.0,18.0,0.0,3
2026-08-21T20:46:45Z,celmis-qdrant,0.13,178.5,6928.38,2.58,0.05,0.03,71.3,0.0,25
2026-08-21T20:46:53Z,celmis-web,0.01,76.55,6928.38,1.10,0.27,0.54,10.3,0.0,12
2026-08-21T20:46:53Z,celmis-api,1.05,328.7,6928.38,4.74,17.0,14.2,31.8,615.0,18
2026-08-21T20:46:53Z,celmis-postgres,0.09,40.55,6928.38,0.59,26.4,15.6,43.2,52.6,13
2026-08-21T20:46:53Z,celmis-sandbox,0.03,56.45,3072.0,1.84,0.0,0.0,18.0,0.0,3
2026-08-21T20:46:53Z,celmis-qdrant,0.14,178.4,6928.38,2.57,0.05,0.03,71.3,0.0,25
2026-08-21T20:47:00Z,celmis-web,0.00,76.32,6928.38,1.10,0.27,0.54,10.3,0.0,12
2026-08-21T20:47:00Z,celmis-api,4.03,328.6,6928.38,4.74,17.0,14.2,31.8,615.0,18
2026-08-21T20:47:00Z,celmis-postgres,0.92,40.49,6928.38,0.58,26.4,15.6,43.2,52.6,13
2026-08-21T20:47:00Z,celmis-sandbox,0.02,56.45,3072.0,1.84,0.0,0.0,18.0,0.0,3
2026-08-21T20:47:00Z,celmis-qdrant,0.92,178.1,6928.38,2.57,0.05,0.03,71.3,0.0,25
2026-08-21T20:47:08Z,celmis-web,0.01,76.32,6928.38,1.10,0.27,0.54,10.3,0.0,12
2026-08-21T20:47:08Z,celmis-api,0.63,328.6,6928.38,4.74,17.0,14.2,31.8,615.0,18
2026-08-21T20:47:08Z,celmis-postgres,0.12,40.54,6928.38,0.59,26.4,15.6,43.2,52.6,13
2026-08-21T20:47:08Z,celmis-sandbox,0.03,56.63,3072.0,1.84,0.0,0.0,18.0,0.0,3
2026-08-21T20:47:08Z,celmis-qdrant,0.06,178.1,6928.38,2.57,0.05,0.03,71.3,0.0,25
2026-08-21T20:47:15Z,celmis-web,0.00,76.52,6928.38,1.10,0.27,0.54,10.3,0.0,12
2026-08-21T20:47:15Z,celmis-api,0.29,328.8,6928.38,4.75,17.0,14.2,31.8,615.0,18
2026-08-21T20:47:15Z,celmis-postgres,1.22,40.45,6928.38,0.58,26.4,15.6,43.2,52.6,13
2026-08-21T20:47:15Z,celmis-sandbox,0.03,56.62,3072.0,1.84,0.0,0.0,18.0,0.0,3
2026-08-21T20:47:15Z,celmis-qdrant,1.34,178.2,6928.38,2.57,0.05,0.03,71.3,0.0,25
2026-08-21T20:47:23Z,celmis-web,0.00,76.52,6928.38,1.10,0.27,0.54,10.3,0.0,12
2026-08-21T20:47:23Z,celmis-api,0.26,328.5,6928.38,4.74,17.0,14.2,31.8,615.0,18
2026-08-21T20:47:23Z,celmis-postgres,0.53,40.37,6928.38,0.58,26.4,15.6,43.2,52.7,13
2026-08-21T20:47:23Z,celmis-sandbox,0.03,56.62,3072.0,1.84,0.0,0.0,18.0,0.0,3
2026-08-21T20:47:23Z,celmis-qdrant,0.06,178.2,6928.38,2.57,0.05,0.03,71.3,0.0,25
2026-08-21T20:47:30Z,celmis-web,0.01,76.66,6928.38,1.11,0.27,0.54,10.3,0.0,12
2026-08-21T20:47:30Z,celmis-api,2.03,328.8,6928.38,4.74,17.0,14.2,31.8,615.0,18
2026-08-21T20:47:30Z,celmis-postgres,2.13,40.57,6928.38,0.59,26.4,15.6,43.2,52.7,13
2026-08-21T20:47:30Z,celmis-sandbox,0.03,56.62,3072.0,1.84,0.0,0.0,18.0,0.0,3
2026-08-21T20:47:30Z,celmis-qdrant,1.19,178.3,6928.38,2.57,0.05,0.03,71.3,0.0,25
2026-08-21T20:47:37Z,celmis-web,0.01,76.66,6928.38,1.11,0.27,0.54,10.3,0.0,12
2026-08-21T20:47:37Z,celmis-api,0.41,328.8,6928.38,4.74,17.0,14.2,31.8,615.0,18
2026-08-21T20:47:37Z,celmis-postgres,0.11,40.65,6928.38,0.59,26.4,15.6,43.2,52.7,13
2026-08-21T20:47:37Z,celmis-sandbox,0.02,56.64,3072.0,1.84,0.0,0.0,18.0,0.0,3
2026-08-21T20:47:37Z,celmis-qdrant,0.12,178.3,6928.38,2.57,0.05,0.03,71.3,0.0,25
2026-08-21T20:47:45Z,celmis-web,0.01,76.35,6928.38,1.10,0.27,0.54,10.3,0.0,12
2026-08-21T20:47:45Z,celmis-api,2.12,328.6,6928.38,4.74,17.0,14.2,31.8,615.0,18
2026-08-21T20:47:45Z,celmis-postgres,2.04,40.44,6928.38,0.58,26.4,15.6,43.2,52.7,13
2026-08-21T20:47:45Z,celmis-sandbox,0.16,56.54,3072.0,1.84,0.0,0.0,18.0,0.0,3
2026-08-21T20:47:45Z,celmis-qdrant,0.16,178.3,6928.38,2.57,0.05,0.03,71.3,0.0,25
2026-08-21T20:47:53Z,celmis-web,0.01,76.35,6928.38,1.10,0.27,0.54,10.3,0.0,12
2026-08-21T20:47:53Z,celmis-api,0.99,328.8,6928.38,4.74,17.0,14.2,31.8,615.0,18
2026-08-21T20:47:53Z,celmis-postgres,0.03,40.23,6928.38,0.58,26.4,15.6,43.2,52.7,13
2026-08-21T20:47:53Z,celmis-sandbox,0.03,56.54,3072.0,1.84,0.0,0.0,18.0,0.0,3
2026-08-21T20:47:53Z,celmis-qdrant,0.10,178.5,6928.38,2.58,0.05,0.03,71.3,0.0,25
2026-08-21T20:48:00Z,celmis-web,0.01,76.57,6928.38,1.11,0.27,0.54,10.3,0.0,12
2026-08-21T20:48:00Z,celmis-api,1.66,328.7,6928.38,4.74,17.0,14.2,31.8,615.0,18
2026-08-21T20:48:00Z,celmis-postgres,0.00,40.43,6928.38,0.58,26.4,15.6,43.2,52.7,13
2026-08-21T20:48:00Z,celmis-sandbox,0.03,56.54,3072.0,1.84,0.0,0.0,18.0,0.0,3
2026-08-21T20:48:00Z,celmis-qdrant,0.89,178.5,6928.38,2.58,0.05,0.03,71.3,0.0,25
2026-08-21T20:48:07Z,celmis-web,0.00,76.57,6928.38,1.11,0.27,0.54,10.3,0.0,12
2026-08-21T20:48:07Z,celmis-api,0.34,328.7,6928.38,4.74,17.0,14.2,31.8,615.0,18
2026-08-21T20:48:07Z,celmis-postgres,0.04,40.42,6928.38,0.58,26.4,15.6,43.2,52.7,13
2026-08-21T20:48:07Z,celmis-sandbox,13.36,69.22,3072.0,2.25,0.0,0.0,18.0,0.0,4
2026-08-21T20:48:07Z,celmis-qdrant,0.11,178.5,6928.38,2.58,0.05,0.03,71.3,0.0,25
2026-08-21T20:48:15Z,celmis-web,0.00,76.52,6928.38,1.10,0.27,0.54,10.3,0.0,12
2026-08-21T20:48:15Z,celmis-api,0.27,328.6,6928.38,4.74,17.0,14.2,31.8,615.0,18
2026-08-21T20:48:15Z,celmis-postgres,1.60,40.67,6928.38,0.59,26.4,15.6,43.2,52.7,13
2026-08-21T20:48:15Z,celmis-sandbox,0.03,56.71,3072.0,1.85,0.0,0.0,18.0,0.0,3
2026-08-21T20:48:15Z,celmis-qdrant,0.85,178.4,6928.38,2.57,0.05,0.03,71.3,0.0,25
2026-08-21T20:48:23Z,celmis-web,0.01,76.52,6928.38,1.10,0.27,0.54,10.3,0.0,12
2026-08-21T20:48:23Z,celmis-api,0.30,328.4,6928.38,4.74,17.0,14.2,31.8,615.0,18
2026-08-21T20:48:23Z,celmis-postgres,0.00,40.5,6928.38,0.58,26.4,15.6,43.2,52.7,13
2026-08-21T20:48:23Z,celmis-sandbox,0.03,56.71,3072.0,1.85,0.0,0.0,18.0,0.0,3
2026-08-21T20:48:23Z,celmis-qdrant,0.15,178.4,6928.38,2.57,0.05,0.03,71.3,0.0,25
2026-08-21T20:48:30Z,celmis-web,0.01,76.44,6928.38,1.10,0.27,0.54,10.3,0.0,12
2026-08-21T20:48:30Z,celmis-api,3.35,328.6,6928.38,4.74,17.0,14.2,31.8,615.0,18
2026-08-21T20:48:30Z,celmis-postgres,1.26,40.23,6928.38,0.58,26.4,15.6,43.2,52.8,13
2026-08-21T20:48:30Z,celmis-sandbox,0.03,56.71,3072.0,1.85,0.0,0.0,18.0,0.0,3
2026-08-21T20:48:30Z,celmis-qdrant,1.62,178.6,6928.38,2.58,0.05,0.03,71.3,0.0,25
2026-08-21T20:48:38Z,celmis-web,0.00,76.44,6928.38,1.10,0.27,0.54,10.3,0.0,12
2026-08-21T20:48:38Z,celmis-api,0.24,328.6,6928.38,4.74,17.0,14.2,31.8,615.0,18
2026-08-21T20:48:38Z,celmis-postgres,0.07,40.25,6928.38,0.58,26.4,15.6,43.2,52.8,13
2026-08-21T20:48:38Z,celmis-sandbox,4.25,56.64,3072.0,1.84,0.0,0.0,18.0,0.0,3
2026-08-21T20:48:38Z,celmis-qdrant,0.12,178.5,6928.38,2.58,0.05,0.03,71.3,0.0,25
2026-08-21T20:48:45Z,celmis-web,0.01,76.71,6928.38,1.11,0.27,0.54,10.3,0.0,12
2026-08-21T20:48:45Z,celmis-api,1.73,329.0,6928.38,4.75,17.0,14.2,31.8,615.0,18
2026-08-21T20:48:45Z,celmis-postgres,0.00,40.3,6928.38,0.58,26.4,15.6,43.2,52.8,13
2026-08-21T20:48:45Z,celmis-sandbox,0.03,56.64,3072.0,1.84,0.0,0.0,18.0,0.0,3
2026-08-21T20:48:45Z,celmis-qdrant,0.92,178.2,6928.38,2.57,0.05,0.03,71.3,0.0,25
2026-08-21T20:48:53Z,celmis-web,0.01,76.71,6928.38,1.11,0.27,0.54,10.3,0.0,12
2026-08-21T20:48:53Z,celmis-api,0.67,328.6,6928.38,4.74,17.0,14.2,31.8,615.0,18
2026-08-21T20:48:53Z,celmis-postgres,0.00,40.37,6928.38,0.58,26.4,15.7,43.2,52.8,13
2026-08-21T20:48:53Z,celmis-sandbox,0.04,56.64,3072.0,1.84,0.0,0.0,18.0,0.0,3
2026-08-21T20:48:53Z,celmis-qdrant,0.10,178.1,6928.38,2.57,0.05,0.03,71.3,0.0,25
2026-08-21T20:49:00Z,celmis-web,0.01,76.72,6928.38,1.11,0.27,0.54,10.3,0.0,12
2026-08-21T20:49:00Z,celmis-api,3.22,328.6,6928.38,4.74,17.0,14.3,31.8,615.0,18
2026-08-21T20:49:00Z,celmis-postgres,0.07,40.59,6928.38,0.59,26.4,15.7,43.2,52.8,13
2026-08-21T20:49:00Z,celmis-sandbox,0.18,56.64,3072.0,1.84,0.0,0.0,18.0,0.0,3
2026-08-21T20:49:00Z,celmis-qdrant,1.18,178.3,6928.38,2.57,0.05,0.03,71.3,0.0,25
2026-08-21T20:49:07Z,celmis-web,0.00,76.72,6928.38,1.11,0.27,0.54,10.3,0.0,12
2026-08-21T20:49:07Z,celmis-api,0.29,328.5,6928.38,4.74,17.0,14.3,31.8,615.0,18
2026-08-21T20:49:07Z,celmis-postgres,0.05,40.58,6928.38,0.59,26.4,15.7,43.2,52.8,13
2026-08-21T20:49:07Z,celmis-sandbox,14.77,56.83,3072.0,1.85,0.0,0.0,18.0,0.0,3
2026-08-21T20:49:07Z,celmis-qdrant,0.07,178.3,6928.38,2.57,0.05,0.03,71.3,0.0,25
2026-08-21T20:49:15Z,celmis-web,0.01,76.57,6928.38,1.11,0.27,0.54,10.3,0.0,12
2026-08-21T20:49:15Z,celmis-api,2.14,328.5,6928.38,4.74,17.0,14.3,31.8,615.0,18
2026-08-21T20:49:15Z,celmis-postgres,0.00,40.41,6928.38,0.58,26.4,15.7,43.2,52.8,13
2026-08-21T20:49:15Z,celmis-sandbox,0.03,56.81,3072.0,1.85,0.0,0.0,18.0,0.0,3
2026-08-21T20:49:15Z,celmis-qdrant,1.07,178.2,6928.38,2.57,0.05,0.03,71.3,0.0,25
2026-08-21T20:49:23Z,celmis-web,0.00,76.43,6928.38,1.10,0.27,0.54,10.3,0.0,12
2026-08-21T20:49:23Z,celmis-api,0.23,328.5,6928.38,4.74,17.0,14.3,31.8,615.0,18
2026-08-21T20:49:23Z,celmis-postgres,0.06,40.21,6928.38,0.58,26.4,15.7,43.2,52.8,13
2026-08-21T20:49:23Z,celmis-sandbox,0.02,56.81,3072.0,1.85,0.0,0.0,18.0,0.0,3
2026-08-21T20:49:23Z,celmis-qdrant,0.07,178.2,6928.38,2.57,0.05,0.03,71.3,0.0,25
2026-08-21T20:49:30Z,celmis-web,0.00,76.45,6928.38,1.10,0.27,0.54,10.3,0.0,12
2026-08-21T20:49:30Z,celmis-api,2.51,328.4,6928.38,4.74,17.0,14.3,31.8,615.0,18
2026-08-21T20:49:30Z,celmis-postgres,0.88,40.46,6928.38,0.58,26.4,15.7,43.2,52.8,13
2026-08-21T20:49:30Z,celmis-sandbox,0.02,56.81,3072.0,1.85,0.0,0.0,18.0,0.0,3
2026-08-21T20:49:30Z,celmis-qdrant,1.84,178.1,6928.38,2.57,0.05,0.03,71.3,0.0,25
2026-08-21T20:49:37Z,celmis-web,0.01,76.45,6928.38,1.10,0.27,0.54,10.3,0.0,12
2026-08-21T20:49:37Z,celmis-api,0.51,328.6,6928.38,4.74,17.0,14.3,31.8,615.0,18
2026-08-21T20:49:37Z,celmis-postgres,1.21,40.27,6928.38,0.58,26.4,15.7,43.2,52.8,13
2026-08-21T20:49:37Z,celmis-sandbox,12.70,56.99,3072.0,1.86,0.0,0.0,18.0,0.0,3
2026-08-21T20:49:37Z,celmis-qdrant,0.07,178.1,6928.38,2.57,0.05,0.03,71.3,0.0,25
2026-08-21T20:49:45Z,celmis-web,0.01,76.42,6928.38,1.10,0.27,0.54,10.3,0.0,12
2026-08-21T20:49:45Z,celmis-api,4.36,328.8,6928.38,4.75,17.0,14.3,31.8,615.0,18
2026-08-21T20:49:45Z,celmis-postgres,0.03,40.41,6928.38,0.58,26.4,15.7,43.2,52.8,13
2026-08-21T20:49:45Z,celmis-sandbox,0.03,56.95,3072.0,1.85,0.0,0.0,18.0,0.0,3
2026-08-21T20:49:45Z,celmis-qdrant,1.88,178.6,6928.38,2.58,0.05,0.03,71.3,0.0,25
2026-08-21T20:49:53Z,celmis-web,0.01,76.4,6928.38,1.10,0.27,0.54,10.3,0.0,12
2026-08-21T20:49:53Z,celmis-api,0.72,328.8,6928.38,4.75,17.1,14.3,31.8,615.0,18
2026-08-21T20:49:53Z,celmis-postgres,0.00,40.55,6928.38,0.59,26.4,15.7,43.2,52.8,13
2026-08-21T20:49:53Z,celmis-sandbox,0.03,56.95,3072.0,1.85,0.0,0.0,18.0,0.0,3
2026-08-21T20:49:53Z,celmis-qdrant,0.11,178.5,6928.38,2.58,0.05,0.03,71.3,0.0,25
2026-08-21T20:50:01Z,celmis-web,0.01,76.25,6928.38,1.10,0.27,0.54,10.3,0.0,12
2026-08-21T20:50:01Z,celmis-api,1.02,332.3,6928.38,4.80,17.1,14.3,31.8,615.0,24
2026-08-21T20:50:01Z,celmis-postgres,0.01,40.46,6928.38,0.58,26.4,15.7,43.2,52.8,13
2026-08-21T20:50:01Z,celmis-sandbox,0.04,56.95,3072.0,1.85,0.0,0.0,18.0,0.0,3
2026-08-21T20:50:01Z,celmis-qdrant,1.07,179.5,6928.38,2.59,0.05,0.03,71.3,0.0,26
2026-08-21T20:50:07Z,celmis-web,0.01,76.25,6928.38,1.10,0.27,0.54,10.3,0.0,12
2026-08-21T20:50:07Z,celmis-api,0.44,328.6,6928.38,4.74,17.1,14.3,31.8,615.0,18
2026-08-21T20:50:07Z,celmis-postgres,2.02,40.46,6928.38,0.58,26.4,15.7,43.2,52.8,13
2026-08-21T20:50:07Z,celmis-sandbox,0.03,56.95,3072.0,1.85,0.0,0.0,18.0,0.0,3
2026-08-21T20:50:07Z,celmis-qdrant,0.08,178.4,6928.38,2.57,0.05,0.03,71.3,0.0,25
2026-08-21T20:50:14Z,celmis-web,0.01,76.63,6928.38,1.11,0.27,0.54,10.3,0.0,12
2026-08-21T20:50:14Z,celmis-api,0.28,328.8,6928.38,4.75,17.1,14.3,31.8,615.0,18
2026-08-21T20:50:14Z,celmis-postgres,0.00,40.3,6928.38,0.58,26.4,15.7,43.2,52.8,13
2026-08-21T20:50:14Z,celmis-sandbox,0.02,56.86,3072.0,1.85,0.0,0.0,18.0,0.0,3
2026-08-21T20:50:14Z,celmis-qdrant,0.14,178.4,6928.38,2.57,0.05,0.03,71.3,0.0,25
2026-08-21T20:50:22Z,celmis-web,0.00,76.63,6928.38,1.11,0.27,0.54,10.3,0.0,12
2026-08-21T20:50:22Z,celmis-api,0.54,328.7,6928.38,4.74,17.1,14.3,31.8,615.0,18
2026-08-21T20:50:22Z,celmis-postgres,0.11,40.28,6928.38,0.58,26.4,15.7,43.2,52.8,13
2026-08-21T20:50:22Z,celmis-sandbox,0.03,56.86,3072.0,1.85,0.0,0.0,18.0,0.0,3
2026-08-21T20:50:22Z,celmis-qdrant,0.16,178.3,6928.38,2.57,0.05,0.03,71.3,0.0,25
2026-08-21T20:50:29Z,celmis-web,0.03,76.64,6928.38,1.11,0.27,0.54,10.3,0.0,12
2026-08-21T20:50:29Z,celmis-api,3.26,328.7,6928.38,4.74,17.1,14.3,31.8,615.0,18
2026-08-21T20:50:29Z,celmis-postgres,0.08,40.51,6928.38,0.58,26.5,15.7,43.2,52.8,13
2026-08-21T20:50:29Z,celmis-sandbox,0.04,56.86,3072.0,1.85,0.0,0.0,18.0,0.0,3
2026-08-21T20:50:29Z,celmis-qdrant,0.10,178.3,6928.38,2.57,0.05,0.03,71.3,0.0,25
2026-08-21T20:50:36Z,celmis-web,0.01,76.64,6928.38,1.11,0.27,0.54,10.3,0.0,12
2026-08-21T20:50:36Z,celmis-api,1.73,328.8,6928.38,4.75,17.1,14.3,31.8,615.0,18
2026-08-21T20:50:36Z,celmis-postgres,0.03,40.47,6928.38,0.58,26.5,15.7,43.2,52.8,13
2026-08-21T20:50:36Z,celmis-sandbox,0.30,56.86,3072.0,1.85,0.0,0.0,18.0,0.0,3
2026-08-21T20:50:36Z,celmis-qdrant,0.16,178.5,6928.38,2.58,0.05,0.03,71.3,0.0,25
2026-08-21T20:50:44Z,celmis-web,0.01,76.76,6928.38,1.11,0.27,0.54,10.3,0.0,12
2026-08-21T20:50:44Z,celmis-api,0.64,328.8,6928.38,4.75,17.1,14.3,31.8,615.0,18
2026-08-21T20:50:44Z,celmis-postgres,0.00,40.08,6928.38,0.58,26.5,15.7,43.2,52.8,13
2026-08-21T20:50:44Z,celmis-sandbox,0.02,56.79,3072.0,1.85,0.0,0.0,18.0,0.0,3
2026-08-21T20:50:44Z,celmis-qdrant,0.14,178.5,6928.38,2.58,0.05,0.03,71.3,0.0,25
2026-08-21T20:50:52Z,celmis-web,0.01,76.76,6928.38,1.11,0.27,0.54,10.3,0.0,12
2026-08-21T20:50:52Z,celmis-api,0.80,328.4,6928.38,4.74,17.1,14.3,31.8,615.0,18
2026-08-21T20:50:52Z,celmis-postgres,0.10,40.23,6928.38,0.58,26.5,15.7,43.2,52.8,13
2026-08-21T20:50:52Z,celmis-sandbox,0.02,56.79,3072.0,1.85,0.0,0.0,18.0,0.0,3
2026-08-21T20:50:52Z,celmis-qdrant,0.12,178.4,6928.38,2.57,0.05,0.03,71.3,0.0,25
2026-08-21T20:50:59Z,celmis-web,0.03,76.53,6928.38,1.10,0.27,0.54,10.3,0.0,12
2026-08-21T20:50:59Z,celmis-api,5.18,328.5,6928.38,4.74,17.1,14.3,31.8,615.0,18
2026-08-21T20:50:59Z,celmis-postgres,1.70,39.73,6928.38,0.57,26.5,15.7,43.2,52.8,13
2026-08-21T20:50:59Z,celmis-sandbox,0.03,56.79,3072.0,1.85,0.0,0.0,18.0,0.0,3
2026-08-21T20:50:59Z,celmis-qdrant,0.09,178.4,6928.38,2.57,0.05,0.03,71.3,0.0,25
2026-08-21T20:51:06Z,celmis-web,0.01,76.53,6928.38,1.10,0.27,0.54,10.3,0.0,12
2026-08-21T20:51:06Z,celmis-api,0.52,328.8,6928.38,4.75,17.1,14.3,31.8,615.0,18
2026-08-21T20:51:06Z,celmis-postgres,0.11,40.0,6928.38,0.58,26.5,15.7,43.2,52.9,13
2026-08-21T20:51:06Z,celmis-sandbox,0.64,56.79,3072.0,1.85,0.0,0.0,18.0,0.0,3
2026-08-21T20:51:06Z,celmis-qdrant,0.08,178.3,6928.38,2.57,0.05,0.03,71.3,0.0,25
2026-08-21T20:51:14Z,celmis-web,0.01,76.56,6928.38,1.10,0.27,0.54,10.3,0.0,12
2026-08-21T20:51:14Z,celmis-api,0.91,328.4,6928.38,4.74,17.1,14.3,31.8,615.0,18
2026-08-21T20:51:14Z,celmis-postgres,0.00,39.86,6928.38,0.58,26.5,15.7,43.2,52.9,13
2026-08-21T20:51:14Z,celmis-sandbox,0.03,57.09,3072.0,1.86,0.0,0.0,18.0,0.0,3
2026-08-21T20:51:14Z,celmis-qdrant,0.09,178.3,6928.38,2.57,0.05,0.03,71.3,0.0,25
2026-08-21T20:51:21Z,celmis-web,0.01,76.56,6928.38,1.10,0.27,0.54,10.3,0.0,12
2026-08-21T20:51:21Z,celmis-api,0.60,328.8,6928.38,4.75,17.1,14.3,31.8,615.0,18
2026-08-21T20:51:21Z,celmis-postgres,0.08,40.04,6928.38,0.58,26.5,15.7,43.2,52.9,13
2026-08-21T20:51:21Z,celmis-sandbox,0.03,57.09,3072.0,1.86,0.0,0.0,18.0,0.0,3
2026-08-21T20:51:21Z,celmis-qdrant,0.09,178.4,6928.38,2.58,0.05,0.03,71.3,0.0,25
2026-08-21T20:51:29Z,celmis-web,0.03,76.48,6928.38,1.10,0.27,0.54,10.3,0.0,12
2026-08-21T20:51:29Z,celmis-api,2.77,328.8,6928.38,4.75,17.1,14.3,31.8,615.0,18
2026-08-21T20:51:29Z,celmis-postgres,1.25,40.08,6928.38,0.58,26.5,15.7,43.2,52.9,13
2026-08-21T20:51:29Z,celmis-sandbox,0.04,57.09,3072.0,1.86,0.0,0.0,18.0,0.0,3
2026-08-21T20:51:29Z,celmis-qdrant,0.13,178.4,6928.38,2.58,0.05,0.03,71.3,0.0,25
2026-08-21T20:51:36Z,celmis-web,0.00,76.48,6928.38,1.10,0.27,0.54,10.3,0.0,12
2026-08-21T20:51:36Z,celmis-api,0.29,328.6,6928.38,4.74,17.1,14.3,31.8,615.0,18
2026-08-21T20:51:36Z,celmis-postgres,0.16,40.73,6928.38,0.59,26.5,15.7,43.2,52.9,13
2026-08-21T20:51:36Z,celmis-sandbox,0.02,57.09,3072.0,1.86,0.0,0.0,18.0,0.0,3
2026-08-21T20:51:36Z,celmis-qdrant,0.11,178.3,6928.38,2.57,0.05,0.03,71.3,0.0,25
2026-08-21T20:51:44Z,celmis-web,0.01,76.27,6928.38,1.10,0.27,0.54,10.3,0.0,12
2026-08-21T20:51:44Z,celmis-api,0.27,328.6,6928.38,4.74,17.1,14.3,31.8,615.0,18
2026-08-21T20:51:44Z,celmis-postgres,0.00,40.42,6928.38,0.58,26.5,15.7,43.2,52.9,13
2026-08-21T20:51:44Z,celmis-sandbox,0.03,57.02,3072.0,1.86,0.0,0.0,18.0,0.0,3
2026-08-21T20:51:44Z,celmis-qdrant,0.07,178.3,6928.38,2.57,0.05,0.03,71.3,0.0,25
2026-08-21T20:51:51Z,celmis-web,0.01,76.27,6928.38,1.10,0.27,0.54,10.3,0.0,12
2026-08-21T20:51:51Z,celmis-api,0.57,328.6,6928.38,4.74,17.1,14.3,31.8,615.0,18
2026-08-21T20:51:51Z,celmis-postgres,0.12,40.59,6928.38,0.59,26.5,15.7,43.2,52.9,13
2026-08-21T20:51:51Z,celmis-sandbox,0.02,57.02,3072.0,1.86,0.0,0.0,18.0,0.0,3
2026-08-21T20:51:51Z,celmis-qdrant,0.09,178.0,6928.38,2.57,0.05,0.03,71.3,0.0,25
2026-08-21T20:51:59Z,celmis-web,0.03,76.55,6928.38,1.10,0.27,0.54,10.3,0.0,12
2026-08-21T20:51:59Z,celmis-api,2.19,328.7,6928.38,4.74,17.1,14.3,31.8,615.0,18
2026-08-21T20:51:59Z,celmis-postgres,0.46,40.4,6928.38,0.58,26.5,15.7,43.2,52.9,13
2026-08-21T20:51:59Z,celmis-sandbox,0.05,57.02,3072.0,1.86,0.0,0.0,18.0,0.0,3
2026-08-21T20:51:59Z,celmis-qdrant,0.08,178.0,6928.38,2.57,0.05,0.03,71.3,0.0,25
2026-08-21T20:52:06Z,celmis-web,0.01,76.55,6928.38,1.10,0.27,0.54,10.3,0.0,12
2026-08-21T20:52:06Z,celmis-api,0.28,328.7,6928.38,4.74,17.1,14.3,31.8,615.0,18
2026-08-21T20:52:06Z,celmis-postgres,0.13,40.1,6928.38,0.58,26.5,15.7,43.2,52.9,13
2026-08-21T20:52:06Z,celmis-sandbox,0.03,57.02,3072.0,1.86,0.0,0.0,18.0,0.0,3
2026-08-21T20:52:06Z,celmis-qdrant,0.11,178.1,6928.38,2.57,0.05,0.03,71.3,0.0,25
2026-08-21T20:52:14Z,celmis-web,0.00,76.73,6928.38,1.11,0.27,0.54,10.3,0.0,12
2026-08-21T20:52:14Z,celmis-api,0.29,328.3,6928.38,4.74,17.1,14.3,31.8,615.0,18
2026-08-21T20:52:14Z,celmis-postgres,0.03,40.46,6928.38,0.58,26.5,15.7,43.2,52.9,13
2026-08-21T20:52:14Z,celmis-sandbox,0.03,56.95,3072.0,1.85,0.0,0.0,18.0,0.0,3
2026-08-21T20:52:14Z,celmis-qdrant,0.09,178.1,6928.38,2.57,0.05,0.03,71.3,0.0,25
2026-08-21T20:52:21Z,celmis-web,0.00,76.73,6928.38,1.11,0.27,0.54,10.3,0.0,12
2026-08-21T20:52:21Z,celmis-api,0.53,328.4,6928.38,4.74,17.1,14.3,31.8,615.0,18
2026-08-21T20:52:21Z,celmis-postgres,0.50,40.44,6928.38,0.58,26.5,15.7,43.2,52.9,13
2026-08-21T20:52:21Z,celmis-sandbox,0.03,56.95,3072.0,1.85,0.0,0.0,18.0,0.0,3
2026-08-21T20:52:21Z,celmis-qdrant,0.11,178.1,6928.38,2.57,0.05,0.03,71.3,0.0,25
2026-08-21T20:52:29Z,celmis-web,0.03,76.75,6928.38,1.11,0.27,0.54,10.3,0.0,12
2026-08-21T20:52:29Z,celmis-api,1.45,328.4,6928.38,4.74,17.1,14.3,31.8,615.0,18
2026-08-21T20:52:29Z,celmis-postgres,0.77,40.18,6928.38,0.58,26.5,15.7,43.2,53.0,13
2026-08-21T20:52:29Z,celmis-sandbox,0.02,56.95,3072.0,1.85,0.0,0.0,18.0,0.0,3
2026-08-21T20:52:29Z,celmis-qdrant,0.06,178.1,6928.38,2.57,0.05,0.03,71.3,0.0,25
2026-08-21T20:52:36Z,celmis-web,0.00,76.75,6928.38,1.11,0.27,0.54,10.3,0.0,12
2026-08-21T20:52:36Z,celmis-api,0.45,328.4,6928.38,4.74,17.1,14.3,31.8,615.0,18
2026-08-21T20:52:36Z,celmis-postgres,0.08,40.5,6928.38,0.58,26.5,15.7,43.2,53.0,13
2026-08-21T20:52:36Z,celmis-sandbox,0.03,56.95,3072.0,1.85,0.0,0.0,18.0,0.0,3
2026-08-21T20:52:36Z,celmis-qdrant,0.09,178.2,6928.38,2.57,0.05,0.03,71.3,0.0,25
2026-08-21T20:52:44Z,celmis-web,0.01,76.45,6928.38,1.10,0.27,0.54,10.3,0.0,12
2026-08-21T20:52:44Z,celmis-api,0.24,328.4,6928.38,4.74,17.1,14.3,31.8,615.0,18
2026-08-21T20:52:44Z,celmis-postgres,1.83,40.13,6928.38,0.58,26.5,15.7,43.2,53.0,13
2026-08-21T20:52:44Z,celmis-sandbox,0.03,56.87,3072.0,1.85,0.0,0.0,18.0,0.0,3
2026-08-21T20:52:44Z,celmis-qdrant,0.09,178.2,6928.38,2.57,0.05,0.03,71.3,0.0,25
2026-08-21T20:52:51Z,celmis-web,0.00,76.45,6928.38,1.10,0.27,0.54,10.3,0.0,12
2026-08-21T20:52:51Z,celmis-api,0.46,328.5,6928.38,4.74,17.1,14.3,31.8,615.0,18
2026-08-21T20:52:51Z,celmis-postgres,0.10,40.29,6928.38,0.58,26.5,15.7,43.2,53.0,13
2026-08-21T20:52:51Z,celmis-sandbox,0.03,56.87,3072.0,1.85,0.0,0.0,18.0,0.0,3
2026-08-21T20:52:51Z,celmis-qdrant,0.11,178.4,6928.38,2.57,0.05,0.03,71.3,0.0,25
2026-08-21T20:52:59Z,celmis-web,0.04,76.32,6928.38,1.10,0.27,0.54,10.3,0.0,12
2026-08-21T20:52:59Z,celmis-api,2.43,328.8,6928.38,4.75,17.1,14.3,31.8,615.0,18
2026-08-21T20:52:59Z,celmis-postgres,0.32,40.55,6928.38,0.59,26.5,15.7,43.2,53.0,13
2026-08-21T20:52:59Z,celmis-sandbox,0.10,56.87,3072.0,1.85,0.0,0.0,18.0,0.0,3
2026-08-21T20:52:59Z,celmis-qdrant,0.13,178.4,6928.38,2.57,0.05,0.03,71.3,0.0,25
2026-08-21T20:53:06Z,celmis-web,0.01,76.32,6928.38,1.10,0.27,0.54,10.3,0.0,12
2026-08-21T20:53:06Z,celmis-api,0.55,328.8,6928.38,4.74,17.1,14.3,31.8,615.0,18
2026-08-21T20:53:06Z,celmis-postgres,0.12,40.3,6928.38,0.58,26.5,15.7,43.2,53.0,13
2026-08-21T20:53:06Z,celmis-sandbox,0.03,56.87,3072.0,1.85,0.0,0.0,18.0,0.0,3
2026-08-21T20:53:06Z,celmis-qdrant,0.10,178.5,6928.38,2.58,0.05,0.03,71.3,0.0,25
2026-08-21T20:53:14Z,celmis-web,0.01,76.49,6928.38,1.10,0.27,0.54,10.3,0.0,12
2026-08-21T20:53:14Z,celmis-api,0.26,328.7,6928.38,4.74,17.1,14.3,31.8,615.0,18
2026-08-21T20:53:14Z,celmis-postgres,0.03,40.11,6928.38,0.58,26.5,15.7,43.2,53.0,13
2026-08-21T20:53:14Z,celmis-sandbox,0.03,57.04,3072.0,1.86,0.0,0.0,18.0,0.0,3
2026-08-21T20:53:14Z,celmis-qdrant,0.06,178.5,6928.38,2.58,0.05,0.03,71.3,0.0,25
2026-08-21T20:53:21Z,celmis-web,0.00,76.49,6928.38,1.10,0.27,0.54,10.3,0.0,12
2026-08-21T20:53:21Z,celmis-api,0.27,328.4,6928.38,4.74,17.1,14.3,31.8,615.0,18
2026-08-21T20:53:21Z,celmis-postgres,0.00,40.36,6928.38,0.58,26.5,15.7,43.2,53.0,13
2026-08-21T20:53:21Z,celmis-sandbox,0.03,57.04,3072.0,1.86,0.0,0.0,18.0,0.0,3
2026-08-21T20:53:21Z,celmis-qdrant,0.08,178.2,6928.38,2.57,0.05,0.03,71.3,0.0,25
2026-08-21T20:53:29Z,celmis-web,0.04,76.71,6928.38,1.11,0.27,0.54,10.3,0.0,12
2026-08-21T20:53:29Z,celmis-api,1.24,328.4,6928.38,4.74,17.1,14.3,31.8,615.0,18
2026-08-21T20:53:29Z,celmis-postgres,0.39,40.1,6928.38,0.58,26.5,15.7,43.2,53.0,13
2026-08-21T20:53:29Z,celmis-sandbox,0.03,57.04,3072.0,1.86,0.0,0.0,18.0,0.0,3
2026-08-21T20:53:29Z,celmis-qdrant,0.08,178.2,6928.38,2.57,0.05,0.03,71.3,0.0,25
2026-08-21T20:53:36Z,celmis-web,0.00,76.71,6928.38,1.11,0.27,0.54,10.3,0.0,12
2026-08-21T20:53:36Z,celmis-api,0.56,328.5,6928.38,4.74,17.1,14.3,31.8,615.0,18
2026-08-21T20:53:36Z,celmis-postgres,0.08,40.17,6928.38,0.58,26.5,15.7,43.2,53.0,13
2026-08-21T20:53:36Z,celmis-sandbox,0.02,57.04,3072.0,1.86,0.0,0.0,18.0,0.0,3
2026-08-21T20:53:36Z,celmis-qdrant,0.08,178.1,6928.38,2.57,0.05,0.03,71.3,0.0,25
2026-08-21T20:53:44Z,celmis-web,2.17,76.67,6928.38,1.11,0.27,0.54,10.3,0.0,12
2026-08-21T20:53:44Z,celmis-api,0.53,328.5,6928.38,4.74,17.1,14.3,31.8,615.0,18
2026-08-21T20:53:44Z,celmis-postgres,0.03,40.55,6928.38,0.59,26.5,15.7,43.2,53.0,13
2026-08-21T20:53:44Z,celmis-sandbox,0.03,56.97,3072.0,1.85,0.0,0.0,18.0,0.0,3
2026-08-21T20:53:44Z,celmis-qdrant,0.11,178.1,6928.38,2.57,0.05,0.03,71.3,0.0,25
2026-08-21T20:53:51Z,celmis-web,0.00,76.67,6928.38,1.11,0.27,0.54,10.3,0.0,12
2026-08-21T20:53:51Z,celmis-api,0.27,328.7,6928.38,4.74,17.1,14.3,31.8,615.0,18
2026-08-21T20:53:51Z,celmis-postgres,0.00,40.01,6928.38,0.58,26.5,15.7,43.2,53.0,13
2026-08-21T20:53:51Z,celmis-sandbox,0.02,56.97,3072.0,1.85,0.0,0.0,18.0,0.0,3
2026-08-21T20:53:51Z,celmis-qdrant,0.11,178.2,6928.38,2.57,0.05,0.03,71.3,0.0,25
2026-08-21T20:53:59Z,celmis-web,2.78,76.48,6928.38,1.10,0.27,0.54,10.3,0.0,12
2026-08-21T20:53:59Z,celmis-api,0.56,328.6,6928.38,4.74,17.1,14.3,31.8,615.0,18
2026-08-21T20:53:59Z,celmis-postgres,2.56,40.25,6928.38,0.58,26.5,15.7,43.2,53.1,13
2026-08-21T20:53:59Z,celmis-sandbox,0.03,56.97,3072.0,1.85,0.0,0.0,18.0,0.0,3
2026-08-21T20:53:59Z,celmis-qdrant,0.05,178.2,6928.38,2.57,0.05,0.03,71.3,0.0,25
2026-08-21T20:54:06Z,celmis-web,0.01,76.43,6928.38,1.10,0.27,0.54,10.3,0.0,12
2026-08-21T20:54:06Z,celmis-api,0.53,328.7,6928.38,4.74,17.1,14.3,31.8,615.0,18
2026-08-21T20:54:06Z,celmis-postgres,0.02,40.33,6928.38,0.58,26.5,15.7,43.2,53.1,13
2026-08-21T20:54:06Z,celmis-sandbox,0.03,56.97,3072.0,1.85,0.0,0.0,18.0,0.0,3
2026-08-21T20:54:06Z,celmis-qdrant,0.09,178.4,6928.38,2.57,0.05,0.03,71.3,0.0,25
2026-08-21T20:54:14Z,celmis-web,0.01,76.85,6928.38,1.11,0.27,0.54,10.3,0.0,12
2026-08-21T20:54:14Z,celmis-api,0.87,328.4,6928.38,4.74,17.1,14.3,31.8,615.0,18
2026-08-21T20:54:14Z,celmis-postgres,1.86,40.32,6928.38,0.58,26.5,15.7,43.2,53.1,13
2026-08-21T20:54:14Z,celmis-sandbox,0.03,57.4,3072.0,1.87,0.0,0.0,18.0,0.0,3
2026-08-21T20:54:14Z,celmis-qdrant,0.07,178.4,6928.38,2.57,0.05,0.03,71.3,0.0,25
2026-08-21T20:54:22Z,celmis-web,0.00,76.85,6928.38,1.11,0.27,0.54,10.3,0.0,12
2026-08-21T20:54:22Z,celmis-api,0.29,328.5,6928.38,4.74,17.1,14.3,31.8,615.0,18
2026-08-21T20:54:22Z,celmis-postgres,0.01,40.3,6928.38,0.58,26.5,15.7,43.2,53.1,13
2026-08-21T20:54:22Z,celmis-sandbox,0.03,57.4,3072.0,1.87,0.0,0.0,18.0,0.0,3
2026-08-21T20:54:22Z,celmis-qdrant,0.11,178.2,6928.38,2.57,0.05,0.03,71.3,0.0,25
2026-08-21T20:54:29Z,celmis-web,4.05,76.63,6928.38,1.11,0.27,0.54,10.3,0.0,12
2026-08-21T20:54:29Z,celmis-api,2.22,328.5,6928.38,4.74,17.1,14.4,31.8,615.0,18
2026-08-21T20:54:29Z,celmis-postgres,2.87,40.14,6928.38,0.58,26.5,15.7,43.2,53.1,13
2026-08-21T20:54:29Z,celmis-sandbox,0.03,57.4,3072.0,1.87,0.0,0.0,18.0,0.0,3
2026-08-21T20:54:29Z,celmis-qdrant,0.10,178.2,6928.38,2.57,0.05,0.03,71.3,0.0,25
2026-08-21T20:54:36Z,celmis-web,0.01,76.62,6928.38,1.11,0.27,0.54,10.3,0.0,12
2026-08-21T20:54:36Z,celmis-api,0.25,328.6,6928.38,4.74,17.1,14.4,31.8,615.0,18
2026-08-21T20:54:36Z,celmis-postgres,0.15,40.11,6928.38,0.58,26.5,15.7,43.2,53.1,13
2026-08-21T20:54:36Z,celmis-sandbox,0.02,57.4,3072.0,1.87,0.0,0.0,18.0,0.0,3
2026-08-21T20:54:36Z,celmis-qdrant,0.08,178.1,6928.38,2.57,0.05,0.03,71.3,0.0,25
2026-08-21T20:54:44Z,celmis-web,0.01,76.82,6928.38,1.11,0.27,0.54,10.3,0.0,12
2026-08-21T20:54:44Z,celmis-api,0.44,328.6,6928.38,4.74,17.1,14.4,31.8,615.0,18
2026-08-21T20:54:44Z,celmis-postgres,1.70,40.25,6928.38,0.58,26.5,15.7,43.2,53.1,13
2026-08-21T20:54:44Z,celmis-sandbox,0.04,57.32,3072.0,1.87,0.0,0.0,18.0,0.0,3
2026-08-21T20:54:44Z,celmis-qdrant,0.09,178.1,6928.38,2.57,0.05,0.03,71.3,0.0,25
2026-08-21T20:54:51Z,celmis-web,0.01,76.82,6928.38,1.11,0.27,0.54,10.3,0.0,12
2026-08-21T20:54:51Z,celmis-api,0.29,328.8,6928.38,4.75,17.1,14.4,31.8,615.0,18
2026-08-21T20:54:51Z,celmis-postgres,0.00,40.45,6928.38,0.58,26.5,15.7,43.2,53.1,13
2026-08-21T20:54:51Z,celmis-sandbox,0.02,57.32,3072.0,1.87,0.0,0.0,18.0,0.0,3
2026-08-21T20:54:51Z,celmis-qdrant,0.11,178.0,6928.38,2.57,0.05,0.03,71.3,0.0,25
2026-08-21T20:54:59Z,celmis-web,0.03,76.45,6928.38,1.10,0.27,0.54,10.3,0.0,12
2026-08-21T20:54:59Z,celmis-api,0.37,328.6,6928.38,4.74,17.1,14.4,31.8,615.0,18
2026-08-21T20:54:59Z,celmis-postgres,1.94,40.32,6928.38,0.58,26.5,15.8,43.2,53.1,13
2026-08-21T20:54:59Z,celmis-sandbox,0.03,57.32,3072.0,1.87,0.0,0.0,18.0,0.0,3
2026-08-21T20:54:59Z,celmis-qdrant,0.09,178.0,6928.38,2.57,0.05,0.03,71.3,0.0,25
2026-08-21T20:55:06Z,celmis-web,0.01,76.45,6928.38,1.10,0.27,0.54,10.3,0.0,12
2026-08-21T20:55:06Z,celmis-api,0.54,328.5,6928.38,4.74,17.1,14.4,31.8,615.0,18
2026-08-21T20:55:06Z,celmis-postgres,0.09,40.11,6928.38,0.58,26.5,15.8,43.2,53.1,13
2026-08-21T20:55:06Z,celmis-sandbox,0.02,57.32,3072.0,1.87,0.0,0.0,18.0,0.0,3
2026-08-21T20:55:06Z,celmis-qdrant,0.10,178.3,6928.38,2.57,0.05,0.03,71.3,0.0,25
2026-08-21T20:55:14Z,celmis-web,0.01,76.29,6928.38,1.10,0.27,0.54,10.3,0.0,12
2026-08-21T20:55:14Z,celmis-api,0.91,328.5,6928.38,4.74,17.1,14.4,31.8,615.0,18
2026-08-21T20:55:14Z,celmis-postgres,1.93,40.1,6928.38,0.58,26.5,15.8,43.2,53.1,13
2026-08-21T20:55:14Z,celmis-sandbox,0.05,57.23,3072.0,1.86,0.0,0.0,18.0,0.0,3
2026-08-21T20:55:14Z,celmis-qdrant,0.24,178.3,6928.38,2.57,0.05,0.03,71.3,0.0,25
2026-08-21T20:55:22Z,celmis-web,0.00,76.29,6928.38,1.10,0.27,0.54,10.3,0.0,12
2026-08-21T20:55:22Z,celmis-api,0.30,328.6,6928.38,4.74,17.1,14.4,31.8,615.0,18
2026-08-21T20:55:22Z,celmis-postgres,0.00,40.4,6928.38,0.58,26.5,15.8,43.2,53.1,13
2026-08-21T20:55:22Z,celmis-sandbox,0.03,57.23,3072.0,1.86,0.0,0.0,18.0,0.0,3
2026-08-21T20:55:22Z,celmis-qdrant,0.11,178.0,6928.38,2.57,0.05,0.03,71.3,0.0,25
2026-08-21T20:55:29Z,celmis-web,4.08,76.6,6928.38,1.11,0.27,0.54,10.3,0.0,12
2026-08-21T20:55:29Z,celmis-api,2.20,328.5,6928.38,4.74,17.1,14.4,31.8,615.0,18
2026-08-21T20:55:29Z,celmis-postgres,2.23,40.5,6928.38,0.58,26.5,15.8,43.2,53.1,13
2026-08-21T20:55:29Z,celmis-sandbox,0.10,57.23,3072.0,1.86,0.0,0.0,18.0,0.0,3
2026-08-21T20:55:29Z,celmis-qdrant,0.09,178.0,6928.38,2.57,0.05,0.03,71.3,0.0,25
2026-08-21T20:55:36Z,celmis-web,0.01,76.56,6928.38,1.10,0.27,0.54,10.3,0.0,12
2026-08-21T20:55:36Z,celmis-api,0.56,328.6,6928.38,4.74,17.1,14.4,31.8,615.0,18
2026-08-21T20:55:36Z,celmis-postgres,0.09,40.11,6928.38,0.58,26.5,15.8,43.2,53.1,13
2026-08-21T20:55:36Z,celmis-sandbox,0.03,57.23,3072.0,1.86,0.0,0.0,18.0,0.0,3
2026-08-21T20:55:36Z,celmis-qdrant,0.08,178.1,6928.38,2.57,0.05,0.03,71.3,0.0,25
2026-08-21T20:55:44Z,celmis-web,0.00,76.52,6928.38,1.10,0.27,0.54,10.3,0.0,12
2026-08-21T20:55:44Z,celmis-api,0.23,328.6,6928.38,4.74,17.1,14.4,31.8,615.0,18
2026-08-21T20:55:44Z,celmis-postgres,1.85,40.36,6928.38,0.58,26.5,15.8,43.2,53.1,13
2026-08-21T20:55:44Z,celmis-sandbox,0.03,57.41,3072.0,1.87,0.0,0.0,18.0,0.0,3
2026-08-21T20:55:44Z,celmis-qdrant,0.09,178.1,6928.38,2.57,0.05,0.03,71.3,0.0,25
2026-08-21T20:55:52Z,celmis-web,0.00,76.52,6928.38,1.10,0.27,0.54,10.3,0.0,12
2026-08-21T20:55:52Z,celmis-api,0.27,328.6,6928.38,4.74,17.1,14.4,31.8,615.0,18
2026-08-21T20:55:52Z,celmis-postgres,0.00,40.46,6928.38,0.58,26.5,15.8,43.2,53.1,13
2026-08-21T20:55:52Z,celmis-sandbox,0.04,57.41,3072.0,1.87,0.0,0.0,18.0,0.0,3
2026-08-21T20:55:52Z,celmis-qdrant,0.09,178.3,6928.38,2.57,0.05,0.03,71.3,0.0,25
2026-08-21T20:55:59Z,celmis-web,0.14,76.73,6928.38,1.11,0.27,0.54,10.3,0.0,12
2026-08-21T20:55:59Z,celmis-api,2.49,328.4,6928.38,4.74,17.2,14.4,31.8,615.0,18
2026-08-21T20:55:59Z,celmis-postgres,0.53,40.1,6928.38,0.58,26.6,15.8,43.2,53.1,13
2026-08-21T20:55:59Z,celmis-sandbox,0.04,57.41,3072.0,1.87,0.0,0.0,18.0,0.0,3
2026-08-21T20:55:59Z,celmis-qdrant,0.12,178.3,6928.38,2.57,0.05,0.03,71.3,0.0,25
2026-08-21T20:56:06Z,celmis-web,0.01,76.7,6928.38,1.11,0.27,0.54,10.3,0.0,12
2026-08-21T20:56:06Z,celmis-api,0.58,328.6,6928.38,4.74,17.2,14.4,31.8,615.0,18
2026-08-21T20:56:06Z,celmis-postgres,0.10,40.03,6928.38,0.58,26.6,15.8,43.2,53.1,13
2026-08-21T20:56:06Z,celmis-sandbox,0.03,57.41,3072.0,1.87,0.0,0.0,18.0,0.0,3
2026-08-21T20:56:06Z,celmis-qdrant,0.13,178.2,6928.38,2.57,0.05,0.03,71.3,0.0,25
2026-08-21T20:56:14Z,celmis-web,0.03,76.5,6928.38,1.10,0.27,0.54,10.3,0.0,12
2026-08-21T20:56:14Z,celmis-api,0.54,328.6,6928.38,4.74,17.2,14.4,31.8,615.0,18
2026-08-21T20:56:14Z,celmis-postgres,0.23,40.1,6928.38,0.58,26.6,15.8,43.2,53.1,13
2026-08-21T20:56:14Z,celmis-sandbox,0.03,57.07,3072.0,1.86,0.0,0.0,18.0,0.0,3
2026-08-21T20:56:14Z,celmis-qdrant,0.08,178.2,6928.38,2.57,0.05,0.03,71.3,0.0,25
2026-08-21T20:56:22Z,celmis-web,0.02,76.5,6928.38,1.10,0.27,0.54,10.3,0.0,12
2026-08-21T20:56:22Z,celmis-api,0.28,328.5,6928.38,4.74,17.2,14.4,31.8,615.0,18
2026-08-21T20:56:22Z,celmis-postgres,0.00,40.47,6928.38,0.58,26.6,15.8,43.2,53.1,13
2026-08-21T20:56:22Z,celmis-sandbox,0.05,57.07,3072.0,1.86,0.0,0.0,18.0,0.0,3
2026-08-21T20:56:22Z,celmis-qdrant,0.10,177.8,6928.38,2.57,0.05,0.03,71.3,0.0,25
2026-08-21T20:56:29Z,celmis-web,4.72,76.8,6928.38,1.11,0.27,0.54,10.3,0.0,12
2026-08-21T20:56:29Z,celmis-api,0.49,328.5,6928.38,4.74,17.2,14.4,31.8,615.0,18
2026-08-21T20:56:29Z,celmis-postgres,1.23,40.17,6928.38,0.58,26.6,15.8,43.2,53.1,13
2026-08-21T20:56:29Z,celmis-sandbox,0.04,57.07,3072.0,1.86,0.0,0.0,18.0,0.0,3
2026-08-21T20:56:29Z,celmis-qdrant,0.10,177.8,6928.38,2.57,0.05,0.03,71.3,0.0,25
2026-08-21T20:56:36Z,celmis-web,0.00,76.79,6928.38,1.11,0.27,0.54,10.3,0.0,12
2026-08-21T20:56:36Z,celmis-api,0.44,328.8,6928.38,4.75,17.2,14.4,31.8,615.0,18
2026-08-21T20:56:36Z,celmis-postgres,0.03,40.49,6928.38,0.58,26.6,15.8,43.2,53.1,13
2026-08-21T20:56:36Z,celmis-sandbox,0.02,57.07,3072.0,1.86,0.0,0.0,18.0,0.0,3
2026-08-21T20:56:36Z,celmis-qdrant,0.09,178.2,6928.38,2.57,0.05,0.03,71.3,0.0,25
2026-08-21T20:56:44Z,celmis-web,0.06,76.68,6928.38,1.11,0.27,0.54,10.3,0.0,12
2026-08-21T20:56:44Z,celmis-api,0.54,328.8,6928.38,4.75,17.2,14.4,31.8,615.0,18
2026-08-21T20:56:44Z,celmis-postgres,0.01,40.21,6928.38,0.58,26.6,15.8,43.2,53.1,13
2026-08-21T20:56:44Z,celmis-sandbox,0.03,57.25,3072.0,1.86,0.0,0.0,18.0,0.0,3
2026-08-21T20:56:44Z,celmis-qdrant,0.10,178.2,6928.38,2.57,0.05,0.03,71.3,0.0,25
2026-08-21T20:56:52Z,celmis-web,0.01,76.64,6928.38,1.11,0.27,0.54,10.3,0.0,12
2026-08-21T20:56:52Z,celmis-api,0.27,328.5,6928.38,4.74,17.2,14.4,31.8,615.0,18
2026-08-21T20:56:52Z,celmis-postgres,0.00,40.25,6928.38,0.58,26.6,15.8,43.2,53.1,13
2026-08-21T20:56:52Z,celmis-sandbox,0.03,57.25,3072.0,1.86,0.0,0.0,18.0,0.0,3
2026-08-21T20:56:52Z,celmis-qdrant,0.10,178.2,6928.38,2.57,0.05,0.03,71.3,0.0,25
2026-08-21T20:56:59Z,celmis-web,2.22,76.45,6928.38,1.10,0.27,0.54,10.3,0.0,12
2026-08-21T20:56:59Z,celmis-api,0.89,328.4,6928.38,4.74,17.2,14.4,31.8,615.0,18
2026-08-21T20:56:59Z,celmis-postgres,0.31,40.18,6928.38,0.58,26.6,15.8,43.2,53.2,13
2026-08-21T20:56:59Z,celmis-sandbox,0.03,57.25,3072.0,1.86,0.0,0.0,18.0,0.0,3
2026-08-21T20:56:59Z,celmis-qdrant,0.09,178.2,6928.38,2.57,0.05,0.03,71.3,0.0,25
2026-08-21T20:57:06Z,celmis-web,0.01,76.39,6928.38,1.10,0.27,0.54,10.3,0.0,12
2026-08-21T20:57:06Z,celmis-api,0.28,328.3,6928.38,4.74,17.2,14.4,31.8,615.0,18
2026-08-21T20:57:06Z,celmis-postgres,1.14,40.46,6928.38,0.58,26.6,15.8,43.2,53.2,13
2026-08-21T20:57:06Z,celmis-sandbox,0.04,57.25,3072.0,1.86,0.0,0.0,18.0,0.0,3
2026-08-21T20:57:06Z,celmis-qdrant,0.13,177.8,6928.38,2.57,0.05,0.03,71.3,0.0,25
2026-08-21T20:57:14Z,celmis-web,0.03,76.76,6928.38,1.11,0.27,0.54,10.3,0.0,12
2026-08-21T20:57:14Z,celmis-api,0.54,328.3,6928.38,4.74,17.2,14.4,31.8,615.0,18
2026-08-21T20:57:14Z,celmis-postgres,0.00,40.2,6928.38,0.58,26.6,15.8,43.2,53.2,13
2026-08-21T20:57:14Z,celmis-sandbox,0.04,57.17,3072.0,1.86,0.0,0.0,18.0,0.0,3
2026-08-21T20:57:14Z,celmis-qdrant,0.08,177.8,6928.38,2.57,0.05,0.03,71.3,0.0,25
2026-08-21T20:57:21Z,celmis-web,0.01,76.61,6928.38,1.11,0.27,0.54,10.3,0.0,12
2026-08-21T20:57:21Z,celmis-api,0.28,328.5,6928.38,4.74,17.2,14.4,31.8,615.0,18
2026-08-21T20:57:21Z,celmis-postgres,0.00,40.23,6928.38,0.58,26.6,15.8,43.2,53.2,13
2026-08-21T20:57:21Z,celmis-sandbox,0.03,57.17,3072.0,1.86,0.0,0.0,18.0,0.0,3
2026-08-21T20:57:21Z,celmis-qdrant,0.07,177.9,6928.38,2.57,0.05,0.03,71.3,0.0,25
2026-08-21T20:57:29Z,celmis-web,0.00,76.61,6928.38,1.11,0.27,0.54,10.3,0.0,12
2026-08-21T20:57:29Z,celmis-api,0.57,328.5,6928.38,4.74,17.2,14.4,31.8,615.0,18
2026-08-21T20:57:29Z,celmis-postgres,0.24,40.11,6928.38,0.58,26.6,15.8,43.2,53.3,13
2026-08-21T20:57:29Z,celmis-sandbox,0.02,57.17,3072.0,1.86,0.0,0.0,18.0,0.0,3
2026-08-21T20:57:29Z,celmis-qdrant,0.11,177.9,6928.38,2.57,0.05,0.03,71.3,0.0,25
2026-08-21T20:57:36Z,celmis-web,0.00,76.38,6928.38,1.10,0.27,0.54,10.3,0.0,12
2026-08-21T20:57:36Z,celmis-api,0.94,328.9,6928.38,4.75,17.2,14.4,31.8,615.0,18
2026-08-21T20:57:36Z,celmis-postgres,1.58,40.55,6928.38,0.59,26.6,15.8,43.2,53.3,13
2026-08-21T20:57:36Z,celmis-sandbox,0.03,57.17,3072.0,1.86,0.0,0.0,18.0,0.0,3
2026-08-21T20:57:36Z,celmis-qdrant,0.10,178.1,6928.38,2.57,0.05,0.03,71.3,0.0,25
2026-08-21T20:57:44Z,celmis-web,1.44,76.88,6928.38,1.11,0.27,0.54,10.3,0.0,12
2026-08-21T20:57:44Z,celmis-api,46.67,328.9,6928.38,4.75,17.2,14.4,31.8,615.0,18
2026-08-21T20:57:44Z,celmis-postgres,0.00,40.43,6928.38,0.58,26.6,15.8,43.2,53.3,13
2026-08-21T20:57:44Z,celmis-sandbox,0.02,57.09,3072.0,1.86,0.0,0.0,18.0,0.0,3
2026-08-21T20:57:44Z,celmis-qdrant,0.13,178.1,6928.38,2.57,0.05,0.03,71.3,0.0,25
2026-08-21T20:57:51Z,celmis-web,0.01,76.78,6928.38,1.11,0.27,0.54,10.3,0.0,12
2026-08-21T20:57:51Z,celmis-api,0.44,328.5,6928.38,4.74,17.2,14.4,31.8,615.0,18
2026-08-21T20:57:51Z,celmis-postgres,0.01,40.34,6928.38,0.58,26.6,15.8,43.2,53.3,13
2026-08-21T20:57:51Z,celmis-sandbox,0.03,57.09,3072.0,1.86,0.0,0.0,18.0,0.0,3
2026-08-21T20:57:51Z,celmis-qdrant,0.08,178.5,6928.38,2.58,0.05,0.03,71.3,0.0,25
2026-08-21T20:57:59Z,celmis-web,2.53,76.6,6928.38,1.11,0.27,0.54,10.3,0.0,12
2026-08-21T20:57:59Z,celmis-api,0.51,328.6,6928.38,4.74,17.2,14.4,31.8,615.0,18
2026-08-21T20:57:59Z,celmis-postgres,0.08,40.25,6928.38,0.58,26.6,15.8,43.2,53.3,13
2026-08-21T20:57:59Z,celmis-sandbox,0.02,57.09,3072.0,1.86,0.0,0.0,18.0,0.0,3
2026-08-21T20:57:59Z,celmis-qdrant,0.09,178.5,6928.38,2.58,0.05,0.03,71.3,0.0,25
2026-08-21T20:58:06Z,celmis-web,0.01,76.58,6928.38,1.11,0.27,0.54,10.3,0.0,12
2026-08-21T20:58:06Z,celmis-api,0.27,328.5,6928.38,4.74,17.2,14.4,31.8,615.0,18
2026-08-21T20:58:06Z,celmis-postgres,0.03,40.26,6928.38,0.58,26.6,15.8,43.2,53.3,13
2026-08-21T20:58:06Z,celmis-sandbox,0.03,57.09,3072.0,1.86,0.0,0.0,18.0,0.0,3
2026-08-21T20:58:06Z,celmis-qdrant,0.13,178.4,6928.38,2.57,0.05,0.03,71.3,0.0,25
2026-08-21T20:58:14Z,celmis-web,0.01,76.58,6928.38,1.11,0.27,0.54,10.3,0.0,12
2026-08-21T20:58:14Z,celmis-api,0.23,328.5,6928.38,4.74,17.2,14.4,31.8,615.0,18
2026-08-21T20:58:14Z,celmis-postgres,0.00,40.27,6928.38,0.58,26.6,15.8,43.2,53.3,13
2026-08-21T20:58:14Z,celmis-sandbox,0.02,57.01,3072.0,1.86,0.0,0.0,18.0,0.0,3
2026-08-21T20:58:14Z,celmis-qdrant,0.08,178.4,6928.38,2.57,0.05,0.03,71.3,0.0,25
2026-08-21T20:58:22Z,celmis-web,0.00,76.8,6928.38,1.11,0.27,0.54,10.3,0.0,12
2026-08-21T20:58:22Z,celmis-api,0.28,328.6,6928.38,4.74,17.2,14.4,31.8,615.0,18
2026-08-21T20:58:22Z,celmis-postgres,0.02,40.28,6928.38,0.58,26.6,15.8,43.2,53.3,13
2026-08-21T20:58:22Z,celmis-sandbox,0.03,57.01,3072.0,1.86,0.0,0.0,18.0,0.0,3
2026-08-21T20:58:22Z,celmis-qdrant,0.16,178.5,6928.38,2.58,0.05,0.03,71.3,0.0,25
2026-08-21T20:58:29Z,celmis-web,0.01,76.8,6928.38,1.11,0.27,0.54,10.3,0.0,12
2026-08-21T20:58:29Z,celmis-api,4.69,328.6,6928.38,4.74,17.2,14.4,31.8,615.0,18
2026-08-21T20:58:29Z,celmis-postgres,1.26,39.16,6928.38,0.57,26.6,15.8,43.2,53.3,13
2026-08-21T20:58:29Z,celmis-sandbox,0.04,57.01,3072.0,1.86,0.0,0.0,18.0,0.0,3
2026-08-21T20:58:29Z,celmis-qdrant,0.09,178.5,6928.38,2.58,0.05,0.03,71.3,0.0,25
2026-08-21T20:58:36Z,celmis-web,0.01,76.5,6928.38,1.10,0.27,0.54,10.3,0.0,12
2026-08-21T20:58:36Z,celmis-api,1.38,328.7,6928.38,4.74,17.2,14.4,31.8,615.0,18
2026-08-21T20:58:36Z,celmis-postgres,0.05,39.43,6928.38,0.57,26.6,15.8,43.2,53.3,13
2026-08-21T20:58:36Z,celmis-sandbox,0.02,57.01,3072.0,1.86,0.0,0.0,18.0,0.0,3
2026-08-21T20:58:36Z,celmis-qdrant,0.10,178.4,6928.38,2.58,0.05,0.03,71.3,0.0,25
2026-08-21T20:58:44Z,celmis-web,2.80,76.49,6928.38,1.10,0.27,0.54,10.3,0.0,12
2026-08-21T20:58:44Z,celmis-api,0.53,328.7,6928.38,4.74,17.2,14.4,31.8,615.0,18
2026-08-21T20:58:44Z,celmis-postgres,0.00,39.65,6928.38,0.57,26.6,15.8,43.2,53.3,13
2026-08-21T20:58:44Z,celmis-sandbox,0.03,57.19,3072.0,1.86,0.0,0.0,18.0,0.0,3
2026-08-21T20:58:44Z,celmis-qdrant,0.09,178.4,6928.38,2.58,0.05,0.03,71.3,0.0,25
2026-08-21T20:58:52Z,celmis-web,0.01,76.46,6928.38,1.10,0.27,0.54,10.3,0.0,12
2026-08-21T20:58:52Z,celmis-api,0.24,328.6,6928.38,4.74,17.2,14.4,31.8,615.0,18
2026-08-21T20:58:52Z,celmis-postgres,1.58,39.62,6928.38,0.57,26.6,15.8,43.2,53.3,13
2026-08-21T20:58:52Z,celmis-sandbox,0.02,57.19,3072.0,1.86,0.0,0.0,18.0,0.0,3
2026-08-21T20:58:52Z,celmis-qdrant,0.09,178.4,6928.38,2.57,0.05,0.03,71.3,0.0,25
2026-08-21T20:58:59Z,celmis-web,4.05,76.71,6928.38,1.11,0.27,0.54,10.3,0.0,12
2026-08-21T20:58:59Z,celmis-api,1.57,328.5,6928.38,4.74,17.2,14.4,31.8,615.0,18
2026-08-21T20:58:59Z,celmis-postgres,0.33,39.46,6928.38,0.57,26.6,15.8,43.2,53.3,13
2026-08-21T20:58:59Z,celmis-sandbox,0.02,57.19,3072.0,1.86,0.0,0.0,18.0,0.0,3
2026-08-21T20:58:59Z,celmis-qdrant,0.07,178.4,6928.38,2.57,0.05,0.03,71.3,0.0,25
2026-08-21T20:59:06Z,celmis-web,0.01,76.71,6928.38,1.11,0.27,0.54,10.3,0.0,12
2026-08-21T20:59:06Z,celmis-api,0.28,328.7,6928.38,4.74,17.2,14.4,31.8,615.0,18
2026-08-21T20:59:06Z,celmis-postgres,0.03,39.68,6928.38,0.57,26.6,15.8,43.2,53.3,13
2026-08-21T20:59:06Z,celmis-sandbox,0.03,57.19,3072.0,1.86,0.0,0.0,18.0,0.0,3
2026-08-21T20:59:06Z,celmis-qdrant,0.10,178.3,6928.38,2.57,0.05,0.03,71.3,0.0,25
2026-08-21T20:59:14Z,celmis-web,0.01,76.71,6928.38,1.11,0.27,0.54,10.3,0.0,12
2026-08-21T20:59:14Z,celmis-api,0.27,328.7,6928.38,4.74,17.2,14.4,31.8,615.0,18
2026-08-21T20:59:14Z,celmis-postgres,0.17,39.57,6928.38,0.57,26.6,15.8,43.2,53.3,13
2026-08-21T20:59:14Z,celmis-sandbox,0.08,57.12,3072.0,1.86,0.0,0.0,18.0,0.0,3
2026-08-21T20:59:14Z,celmis-qdrant,0.13,178.3,6928.38,2.57,0.05,0.03,71.3,0.0,25
2026-08-21T20:59:22Z,celmis-web,0.01,76.62,6928.38,1.11,0.27,0.54,10.3,0.0,12
2026-08-21T20:59:22Z,celmis-api,0.24,328.3,6928.38,4.74,17.2,14.4,31.8,615.0,18
2026-08-21T20:59:22Z,celmis-postgres,1.44,39.98,6928.38,0.58,26.6,15.8,43.2,53.3,13
2026-08-21T20:59:22Z,celmis-sandbox,0.03,57.1,3072.0,1.86,0.0,0.0,18.0,0.0,3
2026-08-21T20:59:22Z,celmis-qdrant,0.13,178.4,6928.38,2.58,0.05,0.03,71.3,0.0,25
2026-08-21T20:59:29Z,celmis-web,3.01,76.58,6928.38,1.11,0.27,0.54,10.3,0.0,12
2026-08-21T20:59:29Z,celmis-api,2.33,328.3,6928.38,4.74,17.2,14.4,31.8,615.0,18
2026-08-21T20:59:29Z,celmis-postgres,0.96,39.82,6928.38,0.57,26.6,15.8,43.2,53.3,13
2026-08-21T20:59:29Z,celmis-sandbox,0.03,57.1,3072.0,1.86,0.0,0.0,18.0,0.0,3
2026-08-21T20:59:29Z,celmis-qdrant,0.11,178.4,6928.38,2.58,0.05,0.03,71.3,0.0,25
2026-08-21T20:59:36Z,celmis-web,0.02,76.55,6928.38,1.10,0.27,0.54,10.3,0.0,12
2026-08-21T20:59:36Z,celmis-api,0.28,328.7,6928.38,4.74,17.2,14.4,31.8,615.0,18
2026-08-21T20:59:36Z,celmis-postgres,1.81,40.2,6928.38,0.58,26.6,15.8,43.2,53.4,13
2026-08-21T20:59:36Z,celmis-sandbox,0.03,57.1,3072.0,1.86,0.0,0.0,18.0,0.0,3
2026-08-21T20:59:36Z,celmis-qdrant,0.16,178.1,6928.38,2.57,0.05,0.03,71.3,0.0,25
2026-08-21T20:59:44Z,celmis-web,2.46,76.81,6928.38,1.11,0.27,0.54,10.3,0.0,12
2026-08-21T20:59:44Z,celmis-api,0.55,328.9,6928.38,4.75,17.2,14.4,31.8,615.0,18
2026-08-21T20:59:44Z,celmis-postgres,0.04,39.89,6928.38,0.58,26.6,15.8,43.2,53.4,13
2026-08-21T20:59:44Z,celmis-sandbox,0.02,57.28,3072.0,1.86,0.0,0.0,18.0,0.0,3
2026-08-21T20:59:44Z,celmis-qdrant,0.14,178.1,6928.38,2.57,0.05,0.03,71.3,0.0,25
2026-08-21T20:59:52Z,celmis-web,0.01,76.67,6928.38,1.11,0.27,0.54,10.3,0.0,12
2026-08-21T20:59:52Z,celmis-api,0.25,328.5,6928.38,4.74,17.2,14.4,31.8,615.0,18
2026-08-21T20:59:52Z,celmis-postgres,1.63,39.52,6928.38,0.57,26.6,15.8,43.2,53.4,13
2026-08-21T20:59:52Z,celmis-sandbox,0.04,57.28,3072.0,1.86,0.0,0.0,18.0,0.0,3
2026-08-21T20:59:52Z,celmis-qdrant,0.14,178.2,6928.38,2.57,0.05,0.03,71.3,0.0,25
2026-08-21T20:59:59Z,celmis-web,6.03,76.31,6928.38,1.10,0.27,0.54,10.3,0.0,12
2026-08-21T20:59:59Z,celmis-api,2.32,328.6,6928.38,4.74,17.2,14.5,31.8,615.0,18
2026-08-21T20:59:59Z,celmis-postgres,0.37,39.63,6928.38,0.57,26.6,15.8,43.2,53.4,13
2026-08-21T20:59:59Z,celmis-sandbox,0.05,57.28,3072.0,1.86,0.0,0.0,18.0,0.0,3
2026-08-21T20:59:59Z,celmis-qdrant,0.14,178.2,6928.38,2.57,0.05,0.03,71.3,0.0,25
2026-08-21T21:00:06Z,celmis-web,0.00,76.29,6928.38,1.10,0.27,0.54,10.3,0.0,12
2026-08-21T21:00:06Z,celmis-api,0.28,328.6,6928.38,4.74,17.2,14.5,31.8,615.0,18
2026-08-21T21:00:06Z,celmis-postgres,1.74,39.73,6928.38,0.57,26.6,15.8,43.2,53.4,13
2026-08-21T21:00:06Z,celmis-sandbox,0.02,57.28,3072.0,1.86,0.0,0.0,18.0,0.0,3
2026-08-21T21:00:06Z,celmis-qdrant,0.19,178.3,6928.38,2.57,0.05,0.03,71.3,0.0,25
2026-08-21T21:00:14Z,celmis-web,0.01,76.29,6928.38,1.10,0.27,0.54,10.3,0.0,12
2026-08-21T21:00:14Z,celmis-api,0.25,328.6,6928.38,4.74,17.2,14.5,31.8,615.0,18
2026-08-21T21:00:14Z,celmis-postgres,0.00,39.7,6928.38,0.57,26.6,15.8,43.2,53.4,13
2026-08-21T21:00:14Z,celmis-sandbox,0.03,57.45,3072.0,1.87,0.0,0.0,18.0,0.0,3
2026-08-21T21:00:14Z,celmis-qdrant,0.07,178.3,6928.38,2.57,0.05,0.03,71.3,0.0,25
2026-08-21T21:00:22Z,celmis-web,0.00,76.25,6928.38,1.10,0.27,0.54,10.3,0.0,12
2026-08-21T21:00:22Z,celmis-api,0.32,328.6,6928.38,4.74,17.2,14.5,31.8,615.0,18
2026-08-21T21:00:22Z,celmis-postgres,1.51,40.05,6928.38,0.58,26.6,15.8,43.2,53.4,13
2026-08-21T21:00:22Z,celmis-sandbox,0.02,57.45,3072.0,1.87,0.0,0.0,18.0,0.0,3
2026-08-21T21:00:22Z,celmis-qdrant,0.13,178.4,6928.38,2.58,0.05,0.03,71.3,0.0,25
2026-08-21T21:00:29Z,celmis-web,5.20,76.77,6928.38,1.11,0.27,0.54,10.3,0.0,12
2026-08-21T21:00:29Z,celmis-api,0.75,328.6,6928.38,4.74,17.2,14.5,31.8,615.0,18
2026-08-21T21:00:29Z,celmis-postgres,0.43,39.89,6928.38,0.58,26.6,15.8,43.2,53.4,13
2026-08-21T21:00:29Z,celmis-sandbox,0.03,57.45,3072.0,1.87,0.0,0.0,18.0,0.0,3
2026-08-21T21:00:29Z,celmis-qdrant,0.08,178.4,6928.38,2.58,0.05,0.03,71.3,0.0,25
2026-08-21T21:00:36Z,celmis-web,0.01,76.39,6928.38,1.10,0.27,0.54,10.3,0.0,12
2026-08-21T21:00:36Z,celmis-api,0.26,328.6,6928.38,4.74,17.2,14.5,31.8,615.0,18
2026-08-21T21:00:36Z,celmis-postgres,1.69,39.89,6928.38,0.58,26.6,15.8,43.2,53.4,13
2026-08-21T21:00:36Z,celmis-sandbox,0.04,57.45,3072.0,1.87,0.0,0.0,18.0,0.0,3
2026-08-21T21:00:36Z,celmis-qdrant,0.10,178.0,6928.38,2.57,0.05,0.03,71.3,0.0,25
2026-08-21T21:00:44Z,celmis-web,2.84,76.53,6928.38,1.10,0.27,0.54,10.3,0.0,12
2026-08-21T21:00:44Z,celmis-api,0.58,328.7,6928.38,4.74,17.2,14.5,31.8,615.0,18
2026-08-21T21:00:44Z,celmis-postgres,0.13,40.25,6928.38,0.58,26.6,15.8,43.2,53.4,13
2026-08-21T21:00:44Z,celmis-sandbox,0.04,57.38,3072.0,1.87,0.0,0.0,18.0,0.0,3
2026-08-21T21:00:44Z,celmis-qdrant,0.10,178.0,6928.38,2.57,0.05,0.03,71.3,0.0,25
2026-08-21T21:00:52Z,celmis-web,0.00,76.27,6928.38,1.10,0.27,0.54,10.3,0.0,12
2026-08-21T21:00:52Z,celmis-api,0.31,328.4,6928.38,4.74,17.2,14.5,31.8,615.0,18
2026-08-21T21:00:52Z,celmis-postgres,0.00,39.55,6928.38,0.57,26.6,15.8,43.2,53.4,13
2026-08-21T21:00:52Z,celmis-sandbox,0.03,57.38,3072.0,1.87,0.0,0.0,18.0,0.0,3
2026-08-21T21:00:52Z,celmis-qdrant,0.15,178.2,6928.38,2.57,0.05,0.03,71.3,0.0,25
2026-08-21T21:00:59Z,celmis-web,0.00,76.27,6928.38,1.10,0.27,0.54,10.3,0.0,12
2026-08-21T21:00:59Z,celmis-api,2.70,328.8,6928.38,4.75,17.2,14.5,31.8,615.0,18
2026-08-21T21:00:59Z,celmis-postgres,0.10,39.7,6928.38,0.57,26.6,15.8,43.2,53.4,13
2026-08-21T21:00:59Z,celmis-sandbox,0.03,57.38,3072.0,1.87,0.0,0.0,18.0,0.0,3
2026-08-21T21:00:59Z,celmis-qdrant,0.09,178.2,6928.38,2.57,0.05,0.03,71.3,0.0,25
2026-08-21T21:01:06Z,celmis-web,0.00,76.29,6928.38,1.10,0.27,0.54,10.3,0.0,12
2026-08-21T21:01:06Z,celmis-api,0.23,328.5,6928.38,4.74,17.2,14.5,31.8,615.0,18
2026-08-21T21:01:06Z,celmis-postgres,0.02,39.93,6928.38,0.58,26.6,15.9,43.2,53.4,13
2026-08-21T21:01:06Z,celmis-sandbox,0.03,57.38,3072.0,1.87,0.0,0.0,18.0,0.0,3
2026-08-21T21:01:06Z,celmis-qdrant,0.09,178.3,6928.38,2.57,0.05,0.03,71.3,0.0,25
2026-08-21T21:01:14Z,celmis-web,11.61,76.88,6928.38,1.11,0.27,0.54,10.3,0.0,12
2026-08-21T21:01:14Z,celmis-api,0.27,328.4,6928.38,4.74,17.2,14.5,31.8,615.0,18
2026-08-21T21:01:14Z,celmis-postgres,0.10,39.78,6928.38,0.57,26.6,15.9,43.2,53.4,13
2026-08-21T21:01:14Z,celmis-sandbox,0.03,57.55,3072.0,1.87,0.0,0.0,18.0,0.0,3
2026-08-21T21:01:14Z,celmis-qdrant,0.07,178.3,6928.38,2.57,0.05,0.03,71.3,0.0,25
2026-08-21T21:01:22Z,celmis-web,0.01,76.69,6928.38,1.11,0.27,0.54,10.3,0.0,12
2026-08-21T21:01:22Z,celmis-api,0.28,328.3,6928.38,4.74,17.2,14.5,31.8,615.0,18
2026-08-21T21:01:22Z,celmis-postgres,0.00,39.75,6928.38,0.57,26.6,15.9,43.2,53.4,13
2026-08-21T21:01:22Z,celmis-sandbox,0.02,57.55,3072.0,1.87,0.0,0.0,18.0,0.0,3
2026-08-21T21:01:22Z,celmis-qdrant,0.10,178.2,6928.38,2.57,0.05,0.03,71.3,0.0,25
2026-08-21T21:01:29Z,celmis-web,0.02,76.69,6928.38,1.11,0.27,0.54,10.3,0.0,12
2026-08-21T21:01:29Z,celmis-api,1.15,328.3,6928.38,4.74,17.2,14.5,31.8,615.0,18
2026-08-21T21:01:29Z,celmis-postgres,0.39,39.72,6928.38,0.57,26.7,15.9,43.2,53.4,13
2026-08-21T21:01:29Z,celmis-sandbox,0.03,57.55,3072.0,1.87,0.0,0.0,18.0,0.0,3
2026-08-21T21:01:29Z,celmis-qdrant,0.08,178.2,6928.38,2.57,0.05,0.03,71.3,0.0,25
2026-08-21T21:01:36Z,celmis-web,0.02,76.65,6928.38,1.11,0.27,0.54,10.3,0.0,12
2026-08-21T21:01:36Z,celmis-api,0.31,328.2,6928.38,4.74,17.2,14.5,31.8,615.0,18
2026-08-21T21:01:36Z,celmis-postgres,0.04,39.76,6928.38,0.57,26.7,15.9,43.2,53.4,13
2026-08-21T21:01:36Z,celmis-sandbox,0.07,57.55,3072.0,1.87,0.0,0.0,18.0,0.0,3
2026-08-21T21:01:36Z,celmis-qdrant,0.11,178.1,6928.38,2.57,0.05,0.03,71.3,0.0,25
2026-08-21T21:01:44Z,celmis-web,3.42,77.84,6928.38,1.12,0.27,0.54,10.3,0.0,13
2026-08-21T21:01:44Z,celmis-api,0.59,328.6,6928.38,4.74,17.2,14.5,31.8,615.0,18
2026-08-21T21:01:44Z,celmis-postgres,0.18,39.75,6928.38,0.57,26.7,15.9,43.2,53.4,13
2026-08-21T21:01:44Z,celmis-sandbox,0.03,57.72,3072.0,1.88,0.0,0.0,18.0,0.0,3
2026-08-21T21:01:44Z,celmis-qdrant,0.09,178.1,6928.38,2.57,0.05,0.03,71.3,0.0,25
2026-08-21T21:01:51Z,celmis-web,0.01,76.82,6928.38,1.11,0.27,0.54,10.3,0.0,12
2026-08-21T21:01:51Z,celmis-api,0.26,328.5,6928.38,4.74,17.2,14.5,31.8,615.0,18
2026-08-21T21:01:51Z,celmis-postgres,0.00,39.81,6928.38,0.57,26.7,15.9,43.2,53.4,13
2026-08-21T21:01:51Z,celmis-sandbox,0.03,57.72,3072.0,1.88,0.0,0.0,18.0,0.0,3
2026-08-21T21:01:51Z,celmis-qdrant,0.07,178.3,6928.38,2.57,0.05,0.03,71.3,0.0,25
2026-08-21T21:01:59Z,celmis-web,0.01,76.82,6928.38,1.11,0.27,0.54,10.3,0.0,12
2026-08-21T21:01:59Z,celmis-api,3.00,328.6,6928.38,4.74,17.2,14.5,31.8,615.0,18
2026-08-21T21:01:59Z,celmis-postgres,0.43,39.75,6928.38,0.57,26.7,15.9,43.2,53.4,13
2026-08-21T21:01:59Z,celmis-sandbox,0.03,57.72,3072.0,1.88,0.0,0.0,18.0,0.0,3
2026-08-21T21:01:59Z,celmis-qdrant,0.08,178.3,6928.38,2.57,0.05,0.03,71.3,0.0,25
2026-08-21T21:02:06Z,celmis-web,0.01,76.78,6928.38,1.11,0.27,0.54,10.3,0.0,12
2026-08-21T21:02:06Z,celmis-api,0.30,328.6,6928.38,4.74,17.3,14.5,31.8,615.0,18
2026-08-21T21:02:06Z,celmis-postgres,0.03,39.93,6928.38,0.58,26.7,15.9,43.2,53.4,13
2026-08-21T21:02:06Z,celmis-sandbox,0.04,57.72,3072.0,1.88,0.0,0.0,18.0,0.0,3
2026-08-21T21:02:06Z,celmis-qdrant,0.09,178.4,6928.38,2.57,0.05,0.03,71.3,0.0,25
2026-08-21T21:02:14Z,celmis-web,0.01,76.78,6928.38,1.11,0.27,0.54,10.3,0.0,12
2026-08-21T21:02:14Z,celmis-api,0.27,328.6,6928.38,4.74,17.3,14.5,31.8,615.0,18
2026-08-21T21:02:14Z,celmis-postgres,0.02,39.53,6928.38,0.57,26.7,15.9,43.2,53.4,13
2026-08-21T21:02:14Z,celmis-sandbox,0.03,57.59,3072.0,1.87,0.0,0.0,18.0,0.0,3
2026-08-21T21:02:14Z,celmis-qdrant,0.10,178.4,6928.38,2.57,0.05,0.03,71.3,0.0,25
2026-08-21T21:02:21Z,celmis-web,0.02,76.5,6928.38,1.10,0.27,0.54,10.3,0.0,12
2026-08-21T21:02:21Z,celmis-api,0.27,328.7,6928.38,4.74,17.3,14.5,31.8,615.0,18
2026-08-21T21:02:21Z,celmis-postgres,0.26,39.51,6928.38,0.57,26.7,15.9,43.2,53.4,13
2026-08-21T21:02:21Z,celmis-sandbox,0.02,57.59,3072.0,1.87,0.0,0.0,18.0,0.0,3
2026-08-21T21:02:21Z,celmis-qdrant,0.09,178.6,6928.38,2.58,0.05,0.03,71.3,0.0,25
2026-08-21T21:02:29Z,celmis-web,0.03,76.5,6928.38,1.10,0.27,0.54,10.3,0.0,12
2026-08-21T21:02:29Z,celmis-api,1.06,328.6,6928.38,4.74,17.3,14.5,31.8,615.0,18
2026-08-21T21:02:29Z,celmis-postgres,1.85,40.39,6928.38,0.58,26.7,15.9,43.2,53.5,13
2026-08-21T21:02:29Z,celmis-sandbox,0.03,57.59,3072.0,1.87,0.0,0.0,18.0,0.0,3
2026-08-21T21:02:29Z,celmis-qdrant,0.06,178.6,6928.38,2.58,0.05,0.03,71.3,0.0,25
2026-08-21T21:02:36Z,celmis-web,0.01,76.46,6928.38,1.10,0.27,0.54,10.3,0.0,12
2026-08-21T21:02:36Z,celmis-api,0.29,328.6,6928.38,4.74,17.3,14.5,31.8,615.0,18
2026-08-21T21:02:36Z,celmis-postgres,0.00,39.51,6928.38,0.57,26.7,15.9,43.2,53.6,13
2026-08-21T21:02:36Z,celmis-sandbox,0.02,57.59,3072.0,1.87,0.0,0.0,18.0,0.0,3
2026-08-21T21:02:36Z,celmis-qdrant,0.12,178.5,6928.38,2.58,0.05,0.03,71.3,0.0,25
2026-08-21T21:02:44Z,celmis-web,0.01,76.46,6928.38,1.10,0.27,0.54,10.3,0.0,12
2026-08-21T21:02:44Z,celmis-api,0.33,328.5,6928.38,4.74,17.3,14.5,31.8,615.0,18
2026-08-21T21:02:44Z,celmis-postgres,0.09,39.74,6928.38,0.57,26.7,15.9,43.2,53.6,13
2026-08-21T21:02:44Z,celmis-sandbox,0.03,57.76,3072.0,1.88,0.0,0.0,18.0,0.0,3
2026-08-21T21:02:44Z,celmis-qdrant,0.12,178.5,6928.38,2.58,0.05,0.03,71.3,0.0,25
2026-08-21T21:02:51Z,celmis-web,0.02,76.39,6928.38,1.10,0.27,0.54,10.3,0.0,12
2026-08-21T21:02:51Z,celmis-api,0.28,328.7,6928.38,4.74,17.3,14.5,31.8,615.0,18
2026-08-21T21:02:51Z,celmis-postgres,0.03,39.81,6928.38,0.57,26.7,15.9,43.2,53.6,13
2026-08-21T21:02:51Z,celmis-sandbox,0.03,57.76,3072.0,1.88,0.0,0.0,18.0,0.0,3
2026-08-21T21:02:51Z,celmis-qdrant,0.10,178.1,6928.38,2.57,0.05,0.03,71.3,0.0,25
2026-08-21T21:02:59Z,celmis-web,0.30,76.39,6928.38,1.10,0.27,0.54,10.3,0.0,12
2026-08-21T21:02:59Z,celmis-api,0.47,328.6,6928.38,4.74,17.3,14.5,31.8,615.0,18
2026-08-21T21:02:59Z,celmis-postgres,0.19,39.55,6928.38,0.57,26.7,15.9,43.2,53.6,13
2026-08-21T21:02:59Z,celmis-sandbox,0.03,57.76,3072.0,1.88,0.0,0.0,18.0,0.0,3
2026-08-21T21:02:59Z,celmis-qdrant,0.07,178.1,6928.38,2.57,0.05,0.03,71.3,0.0,25
2026-08-21T21:03:06Z,celmis-web,0.01,76.7,6928.38,1.11,0.27,0.54,10.3,0.0,12
2026-08-21T21:03:06Z,celmis-api,0.28,328.4,6928.38,4.74,17.3,14.5,31.8,615.0,18
2026-08-21T21:03:06Z,celmis-postgres,0.03,40.23,6928.38,0.58,26.7,15.9,43.2,53.6,13
2026-08-21T21:03:06Z,celmis-sandbox,0.03,57.76,3072.0,1.88,0.0,0.0,18.0,0.0,3
2026-08-21T21:03:06Z,celmis-qdrant,0.07,178.0,6928.38,2.57,0.05,0.03,71.3,0.0,25
2026-08-21T21:03:14Z,celmis-web,0.00,76.7,6928.38,1.11,0.27,0.54,10.3,0.0,12
2026-08-21T21:03:14Z,celmis-api,0.28,328.4,6928.38,4.74,17.3,14.5,31.8,615.0,18
2026-08-21T21:03:14Z,celmis-postgres,0.03,40.24,6928.38,0.58,26.7,15.9,43.2,53.6,13
2026-08-21T21:03:14Z,celmis-sandbox,0.03,57.43,3072.0,1.87,0.0,0.0,18.0,0.0,3
2026-08-21T21:03:14Z,celmis-qdrant,0.08,178.0,6928.38,2.57,0.05,0.03,71.3,0.0,25
2026-08-21T21:03:22Z,celmis-web,0.02,76.71,6928.38,1.11,0.27,0.54,10.3,0.0,12
2026-08-21T21:03:22Z,celmis-api,0.27,328.5,6928.38,4.74,17.3,14.5,31.8,615.0,18
2026-08-21T21:03:22Z,celmis-postgres,0.00,39.77,6928.38,0.57,26.7,15.9,43.2,53.6,13
2026-08-21T21:03:22Z,celmis-sandbox,0.03,57.43,3072.0,1.87,0.0,0.0,18.0,0.0,3
2026-08-21T21:03:22Z,celmis-qdrant,0.11,178.1,6928.38,2.57,0.05,0.03,71.3,0.0,25
2026-08-21T21:03:29Z,celmis-web,0.03,76.71,6928.38,1.11,0.27,0.54,10.3,0.0,12
2026-08-21T21:03:29Z,celmis-api,1.47,328.4,6928.38,4.74,17.3,14.5,31.8,615.0,18
2026-08-21T21:03:29Z,celmis-postgres,0.42,39.78,6928.38,0.57,26.7,15.9,43.2,53.6,13
2026-08-21T21:03:29Z,celmis-sandbox,0.02,57.43,3072.0,1.87,0.0,0.0,18.0,0.0,3
2026-08-21T21:03:29Z,celmis-qdrant,0.12,178.1,6928.38,2.57,0.05,0.03,71.3,0.0,25
2026-08-21T21:03:36Z,celmis-web,0.01,76.34,6928.38,1.10,0.27,0.54,10.3,0.0,12
2026-08-21T21:03:36Z,celmis-api,0.27,328.4,6928.38,4.74,17.3,14.5,31.8,615.0,18
2026-08-21T21:03:36Z,celmis-postgres,0.03,39.78,6928.38,0.57,26.7,15.9,43.2,53.6,13
2026-08-21T21:03:36Z,celmis-sandbox,0.03,57.43,3072.0,1.87,0.0,0.0,18.0,0.0,3
2026-08-21T21:03:36Z,celmis-qdrant,0.08,178.3,6928.38,2.57,0.05,0.03,71.3,0.0,25
2026-08-21T21:03:44Z,celmis-web,0.01,76.34,6928.38,1.10,0.27,0.54,10.3,0.0,12
2026-08-21T21:03:44Z,celmis-api,0.51,328.5,6928.38,4.74,17.3,14.5,31.8,615.0,18
2026-08-21T21:03:44Z,celmis-postgres,0.09,39.91,6928.38,0.58,26.7,15.9,43.2,53.6,13
2026-08-21T21:03:44Z,celmis-sandbox,0.03,57.33,3072.0,1.87,0.0,0.0,18.0,0.0,3
2026-08-21T21:03:44Z,celmis-qdrant,0.06,178.3,6928.38,2.57,0.05,0.03,71.3,0.0,25
2026-08-21T21:03:52Z,celmis-web,0.03,76.88,6928.38,1.11,0.27,0.54,10.3,0.0,12
2026-08-21T21:03:52Z,celmis-api,0.30,328.2,6928.38,4.74,17.3,14.5,31.8,615.0,18
2026-08-21T21:03:52Z,celmis-postgres,0.00,39.64,6928.38,0.57,26.7,15.9,43.2,53.6,13
2026-08-21T21:03:52Z,celmis-sandbox,0.03,57.33,3072.0,1.87,0.0,0.0,18.0,0.0,3
2026-08-21T21:03:52Z,celmis-qdrant,0.08,178.5,6928.38,2.58,0.05,0.03,71.3,0.0,25
2026-08-21T21:03:59Z,celmis-web,0.00,76.88,6928.38,1.11,0.27,0.54,10.3,0.0,12
2026-08-21T21:03:59Z,celmis-api,1.73,328.4,6928.38,4.74,17.3,14.5,31.8,615.0,18
2026-08-21T21:03:59Z,celmis-postgres,0.41,39.58,6928.38,0.57,26.7,15.9,43.2,53.6,13
2026-08-21T21:03:59Z,celmis-sandbox,0.03,57.33,3072.0,1.87,0.0,0.0,18.0,0.0,3
2026-08-21T21:03:59Z,celmis-qdrant,0.06,178.5,6928.38,2.58,0.05,0.03,71.3,0.0,25
2026-08-21T21:04:06Z,celmis-web,0.02,76.79,6928.38,1.11,0.27,0.54,10.3,0.0,12
2026-08-21T21:04:06Z,celmis-api,0.28,328.8,6928.38,4.75,17.3,14.5,31.8,615.0,18
2026-08-21T21:04:06Z,celmis-postgres,0.01,39.6,6928.38,0.57,26.7,15.9,43.2,53.6,13
2026-08-21T21:04:06Z,celmis-sandbox,0.03,57.33,3072.0,1.87,0.0,0.0,18.0,0.0,3
2026-08-21T21:04:06Z,celmis-qdrant,0.08,178.1,6928.38,2.57,0.05,0.03,71.3,0.0,25
2026-08-21T21:04:14Z,celmis-web,0.01,76.79,6928.38,1.11,0.27,0.54,10.3,0.0,12
2026-08-21T21:04:14Z,celmis-api,0.39,328.8,6928.38,4.75,17.3,14.5,31.8,615.0,18
2026-08-21T21:04:14Z,celmis-postgres,1.91,39.98,6928.38,0.58,26.7,15.9,43.2,53.6,13
2026-08-21T21:04:14Z,celmis-sandbox,0.02,57.76,3072.0,1.88,0.0,0.0,18.0,0.0,3
2026-08-21T21:04:14Z,celmis-qdrant,0.22,178.1,6928.38,2.57,0.05,0.03,71.3,0.0,25
2026-08-21T21:04:22Z,celmis-web,0.02,76.8,6928.38,1.11,0.27,0.54,10.3,0.0,12
2026-08-21T21:04:22Z,celmis-api,0.27,328.9,6928.38,4.75,17.3,14.5,31.8,615.0,18
2026-08-21T21:04:22Z,celmis-postgres,0.00,39.82,6928.38,0.57,26.7,15.9,43.2,53.6,13
2026-08-21T21:04:22Z,celmis-sandbox,0.02,57.5,3072.0,1.87,0.0,0.0,18.0,0.0,3
2026-08-21T21:04:22Z,celmis-qdrant,0.07,178.0,6928.38,2.57,0.05,0.03,71.3,0.0,25
2026-08-21T21:04:29Z,celmis-web,0.00,76.8,6928.38,1.11,0.27,0.54,10.3,0.0,12
2026-08-21T21:04:29Z,celmis-api,1.23,328.8,6928.38,4.75,17.3,14.5,31.8,615.0,18
2026-08-21T21:04:29Z,celmis-postgres,2.15,39.79,6928.38,0.57,26.7,15.9,43.2,53.6,13
2026-08-21T21:04:29Z,celmis-sandbox,0.03,57.5,3072.0,1.87,0.0,0.0,18.0,0.0,3
2026-08-21T21:04:29Z,celmis-qdrant,0.10,178.0,6928.38,2.57,0.05,0.03,71.3,0.0,25
2026-08-21T21:04:36Z,celmis-web,0.03,77.03,6928.38,1.11,0.27,0.54,10.3,0.0,12
2026-08-21T21:04:36Z,celmis-api,0.30,328.7,6928.38,4.74,17.3,14.5,31.8,615.0,18
2026-08-21T21:04:36Z,celmis-postgres,0.06,39.62,6928.38,0.57,26.7,15.9,43.2,53.6,13
2026-08-21T21:04:36Z,celmis-sandbox,0.02,57.5,3072.0,1.87,0.0,0.0,18.0,0.0,3
2026-08-21T21:04:36Z,celmis-qdrant,0.08,178.1,6928.38,2.57,0.05,0.03,71.3,0.0,25
2026-08-21T21:04:44Z,celmis-web,0.01,77.03,6928.38,1.11,0.27,0.54,10.3,0.0,12
2026-08-21T21:04:44Z,celmis-api,0.54,328.6,6928.38,4.74,17.3,14.5,31.8,615.0,18
2026-08-21T21:04:44Z,celmis-postgres,0.11,40.25,6928.38,0.58,26.7,15.9,43.2,53.6,13
2026-08-21T21:04:44Z,celmis-sandbox,0.03,57.43,3072.0,1.87,0.0,0.0,18.0,0.0,3
2026-08-21T21:04:44Z,celmis-qdrant,0.09,178.1,6928.38,2.57,0.05,0.03,71.3,0.0,25
2026-08-21T21:04:52Z,celmis-web,0.03,76.55,6928.38,1.10,0.27,0.54,10.3,0.0,12
2026-08-21T21:04:52Z,celmis-api,0.27,328.6,6928.38,4.74,17.3,14.5,31.8,615.0,18
2026-08-21T21:04:52Z,celmis-postgres,0.00,39.73,6928.38,0.57,26.7,15.9,43.2,53.6,13
2026-08-21T21:04:52Z,celmis-sandbox,0.02,57.43,3072.0,1.87,0.0,0.0,18.0,0.0,3
2026-08-21T21:04:52Z,celmis-qdrant,0.08,178.2,6928.38,2.57,0.05,0.03,71.3,0.0,25
2026-08-21T21:04:59Z,celmis-web,0.04,76.55,6928.38,1.10,0.27,0.54,10.3,0.0,12
2026-08-21T21:04:59Z,celmis-api,0.50,328.5,6928.38,4.74,17.3,14.5,31.8,615.0,18
2026-08-21T21:04:59Z,celmis-postgres,0.08,39.65,6928.38,0.57,26.7,15.9,43.2,53.6,13
2026-08-21T21:04:59Z,celmis-sandbox,0.02,57.43,3072.0,1.87,0.0,0.0,18.0,0.0,3
2026-08-21T21:04:59Z,celmis-qdrant,0.08,178.2,6928.38,2.57,0.05,0.03,71.3,0.0,25
2026-08-21T21:05:06Z,celmis-web,0.02,76.78,6928.38,1.11,0.27,0.54,10.3,0.0,12
2026-08-21T21:05:06Z,celmis-api,0.30,328.5,6928.38,4.74,17.3,14.5,31.8,615.0,18
2026-08-21T21:05:06Z,celmis-postgres,0.00,39.64,6928.38,0.57,26.7,15.9,43.2,53.6,13
2026-08-21T21:05:06Z,celmis-sandbox,0.03,57.43,3072.0,1.87,0.0,0.0,18.0,0.0,3
2026-08-21T21:05:06Z,celmis-qdrant,0.11,178.1,6928.38,2.57,0.05,0.03,71.3,0.0,25
2026-08-21T21:05:14Z,celmis-web,0.01,76.78,6928.38,1.11,0.27,0.54,10.3,0.0,12
2026-08-21T21:05:14Z,celmis-api,0.52,328.5,6928.38,4.74,17.3,14.5,31.8,615.0,18
2026-08-21T21:05:14Z,celmis-postgres,2.13,40.15,6928.38,0.58,26.7,15.9,43.2,53.7,13
2026-08-21T21:05:14Z,celmis-sandbox,0.03,57.6,3072.0,1.88,0.0,0.0,18.0,0.0,3
2026-08-21T21:05:14Z,celmis-qdrant,0.07,178.1,6928.38,2.57,0.05,0.03,71.3,0.0,25
2026-08-21T21:05:22Z,celmis-web,0.03,76.8,6928.38,1.11,0.27,0.54,10.3,0.0,12
2026-08-21T21:05:22Z,celmis-api,0.31,328.7,6928.38,4.74,17.3,14.5,31.8,615.0,18
2026-08-21T21:05:22Z,celmis-postgres,0.00,39.81,6928.38,0.57,26.7,15.9,43.2,53.7,13
2026-08-21T21:05:22Z,celmis-sandbox,0.03,57.6,3072.0,1.88,0.0,0.0,18.0,0.0,3
2026-08-21T21:05:22Z,celmis-qdrant,0.07,177.9,6928.38,2.57,0.05,0.03,71.3,0.0,25
2026-08-21T21:05:29Z,celmis-web,0.02,76.8,6928.38,1.11,0.27,0.54,10.3,0.0,12
2026-08-21T21:05:29Z,celmis-api,1.25,328.7,6928.38,4.74,17.3,14.6,31.8,615.0,18
2026-08-21T21:05:29Z,celmis-postgres,2.11,39.85,6928.38,0.58,26.7,15.9,43.2,53.7,13
2026-08-21T21:05:29Z,celmis-sandbox,0.03,57.6,3072.0,1.88,0.0,0.0,18.0,0.0,3
2026-08-21T21:05:29Z,celmis-qdrant,0.09,177.9,6928.38,2.57,0.05,0.03,71.3,0.0,25
2026-08-21T21:05:36Z,celmis-web,0.01,76.79,6928.38,1.11,0.27,0.54,10.3,0.0,12
2026-08-21T21:05:36Z,celmis-api,0.24,329.1,6928.38,4.75,17.3,14.6,31.8,615.0,18
2026-08-21T21:05:36Z,celmis-postgres,0.00,39.7,6928.38,0.57,26.7,15.9,43.2,53.7,13
2026-08-21T21:05:36Z,celmis-sandbox,0.03,57.6,3072.0,1.88,0.0,0.0,18.0,0.0,3
2026-08-21T21:05:36Z,celmis-qdrant,0.07,178.3,6928.38,2.57,0.05,0.03,71.3,0.0,25
2026-08-21T21:05:44Z,celmis-web,0.02,76.79,6928.38,1.11,0.27,0.54,10.3,0.0,12
2026-08-21T21:05:44Z,celmis-api,0.59,328.7,6928.38,4.74,17.3,14.6,31.8,615.0,18
2026-08-21T21:05:44Z,celmis-postgres,1.75,39.74,6928.38,0.57,26.7,15.9,43.2,53.7,13
2026-08-21T21:05:44Z,celmis-sandbox,0.04,57.77,3072.0,1.88,0.0,0.0,18.0,0.0,3
2026-08-21T21:05:44Z,celmis-qdrant,0.17,178.3,6928.38,2.57,0.05,0.03,71.3,0.0,25
2026-08-21T21:05:52Z,celmis-web,0.02,76.78,6928.38,1.11,0.27,0.54,10.3,0.0,12
2026-08-21T21:05:52Z,celmis-api,0.33,328.7,6928.38,4.74,17.3,14.6,31.8,615.0,18
2026-08-21T21:05:52Z,celmis-postgres,0.00,40.29,6928.38,0.58,26.7,15.9,43.2,53.7,13
2026-08-21T21:05:52Z,celmis-sandbox,0.03,57.77,3072.0,1.88,0.0,0.0,18.0,0.0,3
2026-08-21T21:05:52Z,celmis-qdrant,0.11,178.4,6928.38,2.58,0.05,0.03,71.3,0.0,25
2026-08-21T21:05:59Z,celmis-web,0.03,76.78,6928.38,1.11,0.27,0.54,10.3,0.0,12
2026-08-21T21:05:59Z,celmis-api,1.39,328.7,6928.38,4.74,17.3,14.6,31.8,615.0,18
2026-08-21T21:05:59Z,celmis-postgres,2.02,40.14,6928.38,0.58,26.7,15.9,43.2,53.7,13
2026-08-21T21:05:59Z,celmis-sandbox,0.03,57.77,3072.0,1.88,0.0,0.0,18.0,0.0,3
2026-08-21T21:05:59Z,celmis-qdrant,0.14,178.4,6928.38,2.58,0.05,0.03,71.3,0.0,25
2026-08-21T21:06:06Z,celmis-web,0.03,76.98,6928.38,1.11,0.27,0.54,10.3,0.0,12
2026-08-21T21:06:06Z,celmis-api,0.31,328.7,6928.38,4.74,17.3,14.6,31.8,615.0,18
2026-08-21T21:06:06Z,celmis-postgres,0.00,39.77,6928.38,0.57,26.7,15.9,43.2,53.7,13
2026-08-21T21:06:06Z,celmis-sandbox,0.03,57.77,3072.0,1.88,0.0,0.0,18.0,0.0,3
2026-08-21T21:06:06Z,celmis-qdrant,0.12,178.3,6928.38,2.57,0.05,0.03,71.3,0.0,25
2026-08-21T21:06:14Z,celmis-web,0.00,76.98,6928.38,1.11,0.27,0.54,10.3,0.0,12
2026-08-21T21:06:14Z,celmis-api,0.56,328.7,6928.38,4.74,17.3,14.6,31.8,615.0,18
2026-08-21T21:06:14Z,celmis-postgres,1.61,40.01,6928.38,0.58,26.7,15.9,43.2,53.7,13
2026-08-21T21:06:14Z,celmis-sandbox,0.03,57.95,3072.0,1.89,0.0,0.0,18.0,0.0,3
2026-08-21T21:06:14Z,celmis-qdrant,0.09,178.3,6928.38,2.57,0.05,0.03,71.3,0.0,25
2026-08-21T21:06:22Z,celmis-web,0.03,76.87,6928.38,1.11,0.27,0.54,10.3,0.0,12
2026-08-21T21:06:22Z,celmis-api,0.90,328.6,6928.38,4.74,17.3,14.6,31.8,615.0,18
2026-08-21T21:06:22Z,celmis-postgres,0.00,39.97,6928.38,0.58,26.7,15.9,43.2,53.7,13
2026-08-21T21:06:22Z,celmis-sandbox,0.04,57.95,3072.0,1.89,0.0,0.0,18.0,0.0,3
2026-08-21T21:06:22Z,celmis-qdrant,0.08,178.2,6928.38,2.57,0.05,0.03,71.3,0.0,25
2026-08-21T21:06:29Z,celmis-web,0.04,76.87,6928.38,1.11,0.27,0.54,10.3,0.0,12
2026-08-21T21:06:29Z,celmis-api,1.39,328.6,6928.38,4.74,17.3,14.6,31.8,615.0,18
2026-08-21T21:06:29Z,celmis-postgres,0.02,40.1,6928.38,0.58,26.7,15.9,43.2,53.7,13
2026-08-21T21:06:29Z,celmis-sandbox,0.03,57.95,3072.0,1.89,0.0,0.0,18.0,0.0,3
2026-08-21T21:06:29Z,celmis-qdrant,0.09,178.2,6928.38,2.57,0.05,0.03,71.3,0.0,25
2026-08-21T21:06:36Z,celmis-web,0.03,76.77,6928.38,1.11,0.27,0.54,10.3,0.0,12
2026-08-21T21:06:36Z,celmis-api,0.28,328.5,6928.38,4.74,17.3,14.6,31.8,615.0,18
2026-08-21T21:06:36Z,celmis-postgres,0.00,39.75,6928.38,0.57,26.7,15.9,43.2,53.7,13
2026-08-21T21:06:36Z,celmis-sandbox,0.02,57.95,3072.0,1.89,0.0,0.0,18.0,0.0,3
2026-08-21T21:06:36Z,celmis-qdrant,0.14,178.1,6928.38,2.57,0.05,0.03,71.3,0.0,25
2026-08-21T21:06:44Z,celmis-web,0.00,76.77,6928.38,1.11,0.27,0.54,10.3,0.0,12
2026-08-21T21:06:44Z,celmis-api,0.43,328.9,6928.38,4.75,17.3,14.6,31.8,615.0,18
2026-08-21T21:06:44Z,celmis-postgres,1.68,40.2,6928.38,0.58,26.7,15.9,43.2,53.7,13
2026-08-21T21:06:44Z,celmis-sandbox,10.59,68.36,3072.0,2.23,0.0,0.0,18.0,0.0,4
2026-08-21T21:06:44Z,celmis-qdrant,0.06,178.1,6928.38,2.57,0.05,0.03,71.3,0.0,25
2026-08-21T21:06:52Z,celmis-web,0.02,76.98,6928.38,1.11,0.27,0.54,10.3,0.0,12
2026-08-21T21:06:52Z,celmis-api,0.29,328.8,6928.38,4.75,17.3,14.6,31.8,615.0,18
2026-08-21T21:06:52Z,celmis-postgres,0.00,40.07,6928.38,0.58,26.7,15.9,43.2,53.7,13
2026-08-21T21:06:52Z,celmis-sandbox,0.04,58.12,3072.0,1.89,0.0,0.0,18.0,0.0,3
2026-08-21T21:06:52Z,celmis-qdrant,0.10,178.3,6928.38,2.57,0.05,0.03,71.3,0.0,25
2026-08-21T21:06:59Z,celmis-web,0.03,76.98,6928.38,1.11,0.27,0.54,10.3,0.0,12
2026-08-21T21:06:59Z,celmis-api,0.34,328.8,6928.38,4.74,17.3,14.6,31.8,615.0,18
2026-08-21T21:06:59Z,celmis-postgres,0.40,39.8,6928.38,0.57,26.8,15.9,43.2,53.7,13
2026-08-21T21:06:59Z,celmis-sandbox,0.03,58.12,3072.0,1.89,0.0,0.0,18.0,0.0,3
2026-08-21T21:06:59Z,celmis-qdrant,0.07,178.3,6928.38,2.57,0.05,0.03,71.3,0.0,25
2026-08-21T21:07:06Z,celmis-web,0.02,76.88,6928.38,1.11,0.27,0.54,10.3,0.0,12
2026-08-21T21:07:06Z,celmis-api,0.26,328.5,6928.38,4.74,17.3,14.6,31.8,615.0,18
2026-08-21T21:07:06Z,celmis-postgres,0.03,39.98,6928.38,0.58,26.8,15.9,43.2,53.7,13
2026-08-21T21:07:06Z,celmis-sandbox,0.02,58.12,3072.0,1.89,0.0,0.0,18.0,0.0,3
2026-08-21T21:07:06Z,celmis-qdrant,0.08,178.2,6928.38,2.57,0.05,0.03,71.3,0.0,25
2026-08-21T21:07:14Z,celmis-web,0.00,76.88,6928.38,1.11,0.27,0.54,10.3,0.0,12
2026-08-21T21:07:14Z,celmis-api,0.35,328.5,6928.38,4.74,17.3,14.6,31.8,615.0,18
2026-08-21T21:07:14Z,celmis-postgres,0.09,39.88,6928.38,0.58,26.8,15.9,43.2,53.7,13
2026-08-21T21:07:14Z,celmis-sandbox,14.09,57.54,3072.0,1.87,0.0,0.0,18.0,0.0,3
2026-08-21T21:07:14Z,celmis-qdrant,0.07,178.2,6928.38,2.57,0.05,0.03,71.3,0.0,25
2026-08-21T21:07:22Z,celmis-web,0.02,76.8,6928.38,1.11,0.27,0.54,10.3,0.0,12
2026-08-21T21:07:22Z,celmis-api,0.46,328.9,6928.38,4.75,17.3,14.6,31.8,615.0,24
2026-08-21T21:07:22Z,celmis-postgres,0.34,39.59,6928.38,0.57,26.8,16.0,43.2,53.7,13
2026-08-21T21:07:22Z,celmis-sandbox,0.04,57.53,3072.0,1.87,0.0,0.0,18.0,0.0,3
2026-08-21T21:07:22Z,celmis-qdrant,0.13,178.1,6928.38,2.57,0.05,0.03,71.3,0.0,25
2026-08-21T21:07:29Z,celmis-web,0.06,76.8,6928.38,1.11,0.27,0.54,10.3,0.0,12
2026-08-21T21:07:29Z,celmis-api,0.60,328.8,6928.38,4.75,17.3,14.6,31.8,615.0,18
2026-08-21T21:07:29Z,celmis-postgres,0.21,39.59,6928.38,0.57,26.8,16.0,43.2,53.8,13
2026-08-21T21:07:29Z,celmis-sandbox,0.03,57.53,3072.0,1.87,0.0,0.0,18.0,0.0,3
2026-08-21T21:07:29Z,celmis-qdrant,0.12,178.1,6928.38,2.57,0.05,0.04,71.3,0.0,26
2026-08-21T21:07:36Z,celmis-web,0.20,76.77,6928.38,1.11,0.27,0.54,10.3,0.0,12
2026-08-21T21:07:36Z,celmis-api,0.31,328.5,6928.38,4.74,17.3,14.6,31.8,615.0,18
2026-08-21T21:07:36Z,celmis-postgres,0.03,39.92,6928.38,0.58,26.8,16.0,43.2,53.8,13
2026-08-21T21:07:36Z,celmis-sandbox,0.08,57.53,3072.0,1.87,0.0,0.0,18.0,0.0,3
2026-08-21T21:07:36Z,celmis-qdrant,0.08,178.3,6928.38,2.57,0.05,0.04,71.3,0.0,25
2026-08-21T21:07:44Z,celmis-web,0.00,76.77,6928.38,1.11,0.27,0.54,10.3,0.0,12
2026-08-21T21:07:44Z,celmis-api,0.50,328.6,6928.38,4.74,17.3,14.6,31.8,615.0,18
2026-08-21T21:07:44Z,celmis-postgres,0.10,40.11,6928.38,0.58,26.8,16.0,43.2,53.8,13
2026-08-21T21:07:44Z,celmis-sandbox,14.74,57.71,3072.0,1.88,0.0,0.0,18.0,0.0,3
2026-08-21T21:07:44Z,celmis-qdrant,0.08,178.3,6928.38,2.57,0.05,0.04,71.3,0.0,25
2026-08-21T21:07:52Z,celmis-web,0.02,76.98,6928.38,1.11,0.27,0.54,10.3,0.0,12
2026-08-21T21:07:52Z,celmis-api,0.24,328.4,6928.38,4.74,17.3,14.6,31.8,615.0,18
2026-08-21T21:07:52Z,celmis-postgres,0.01,39.96,6928.38,0.58,26.8,16.0,43.2,53.8,13
2026-08-21T21:07:52Z,celmis-sandbox,0.03,57.66,3072.0,1.88,0.0,0.0,18.0,0.0,3
2026-08-21T21:07:52Z,celmis-qdrant,0.11,178.2,6928.38,2.57,0.05,0.04,71.3,0.0,25
2026-08-21T21:07:59Z,celmis-web,0.07,76.98,6928.38,1.11,0.27,0.54,10.3,0.0,12
2026-08-21T21:07:59Z,celmis-api,2.57,328.6,6928.38,4.74,17.3,14.6,31.8,615.0,18
2026-08-21T21:07:59Z,celmis-postgres,0.04,39.7,6928.38,0.57,26.8,16.0,43.2,53.8,13
2026-08-21T21:07:59Z,celmis-sandbox,0.03,57.66,3072.0,1.88,0.0,0.0,18.0,0.0,3
2026-08-21T21:07:59Z,celmis-qdrant,0.13,178.2,6928.38,2.57,0.05,0.04,71.3,0.0,25
2026-08-21T21:08:06Z,celmis-web,0.14,76.85,6928.38,1.11,0.27,0.54,10.3,0.0,12
2026-08-21T21:08:06Z,celmis-api,0.29,328.4,6928.38,4.74,17.3,14.6,31.8,615.0,18
2026-08-21T21:08:06Z,celmis-postgres,0.03,39.62,6928.38,0.57,26.8,16.0,43.2,53.8,13
2026-08-21T21:08:06Z,celmis-sandbox,0.02,57.66,3072.0,1.88,0.0,0.0,18.0,0.0,3
2026-08-21T21:08:06Z,celmis-qdrant,0.07,178.2,6928.38,2.57,0.05,0.04,71.3,0.0,25
2026-08-21T21:08:14Z,celmis-web,0.00,76.85,6928.38,1.11,0.27,0.54,10.3,0.0,12
2026-08-21T21:08:14Z,celmis-api,0.46,328.4,6928.38,4.74,17.3,14.6,31.8,615.0,18
2026-08-21T21:08:14Z,celmis-postgres,0.08,39.94,6928.38,0.58,26.8,16.0,43.2,53.8,13
2026-08-21T21:08:14Z,celmis-sandbox,14.10,57.64,3072.0,1.88,0.0,0.0,18.0,0.0,3
2026-08-21T21:08:14Z,celmis-qdrant,0.07,178.2,6928.38,2.57,0.05,0.04,71.3,0.0,25
2026-08-21T21:08:22Z,celmis-web,0.00,76.54,6928.38,1.10,0.27,0.54,10.3,0.0,12
2026-08-21T21:08:22Z,celmis-api,0.28,328.6,6928.38,4.74,17.3,14.6,31.8,615.0,18
2026-08-21T21:08:22Z,celmis-postgres,0.02,40.04,6928.38,0.58,26.8,16.0,43.2,53.8,13
2026-08-21T21:08:22Z,celmis-sandbox,0.03,57.57,3072.0,1.87,0.0,0.0,18.0,0.0,3
2026-08-21T21:08:22Z,celmis-qdrant,0.07,178.4,6928.38,2.57,0.05,0.04,71.3,0.0,25
2026-08-21T21:08:29Z,celmis-web,0.02,76.54,6928.38,1.10,0.27,0.54,10.3,0.0,12
2026-08-21T21:08:29Z,celmis-api,0.46,328.3,6928.38,4.74,17.4,14.6,31.8,615.0,18
2026-08-21T21:08:29Z,celmis-postgres,0.05,39.89,6928.38,0.58,26.8,16.0,43.2,53.8,13
2026-08-21T21:08:29Z,celmis-sandbox,0.02,57.57,3072.0,1.87,0.0,0.0,18.0,0.0,3
2026-08-21T21:08:29Z,celmis-qdrant,0.08,178.4,6928.38,2.57,0.06,0.04,71.3,0.0,25
2026-08-21T21:08:36Z,celmis-web,0.00,76.77,6928.38,1.11,0.27,0.54,10.3,0.0,12
2026-08-21T21:08:36Z,celmis-api,0.26,328.5,6928.38,4.74,17.4,14.6,31.8,615.0,18
2026-08-21T21:08:36Z,celmis-postgres,1.78,39.95,6928.38,0.58,26.8,16.0,43.2,53.8,13
2026-08-21T21:08:36Z,celmis-sandbox,0.02,57.57,3072.0,1.87,0.0,0.0,18.0,0.0,3
2026-08-21T21:08:36Z,celmis-qdrant,0.12,178.5,6928.38,2.58,0.06,0.04,71.3,0.0,25
2026-08-21T21:08:43Z,celmis-web,0.01,76.77,6928.38,1.11,0.27,0.54,10.3,0.0,12
2026-08-21T21:08:43Z,celmis-api,0.94,328.7,6928.38,4.74,17.4,14.6,31.8,615.0,18
2026-08-21T21:08:43Z,celmis-postgres,0.09,39.75,6928.38,0.57,26.8,16.0,43.2,53.8,13
2026-08-21T21:08:43Z,celmis-sandbox,0.03,57.57,3072.0,1.87,0.0,0.0,18.0,0.0,3
2026-08-21T21:08:43Z,celmis-qdrant,0.08,178.5,6928.38,2.58,0.06,0.04,71.3,0.0,25
2026-08-21T21:08:51Z,celmis-web,0.01,76.42,6928.38,1.10,0.27,0.54,10.3,0.0,12
2026-08-21T21:08:51Z,celmis-api,0.25,328.4,6928.38,4.74,17.4,14.6,31.8,615.0,18
2026-08-21T21:08:51Z,celmis-postgres,2.27,39.64,6928.38,0.57,26.8,16.0,43.2,53.8,13
2026-08-21T21:08:51Z,celmis-sandbox,0.03,58.0,3072.0,1.89,0.0,0.0,18.0,0.0,3
2026-08-21T21:08:51Z,celmis-qdrant,0.08,178.2,6928.38,2.57,0.06,0.04,71.3,0.0,25
2026-08-21T21:08:58Z,celmis-web,0.00,76.42,6928.38,1.10,0.27,0.54,10.3,0.0,12
2026-08-21T21:08:58Z,celmis-api,0.50,328.4,6928.38,4.74,17.4,14.6,31.8,615.0,18
2026-08-21T21:08:58Z,celmis-postgres,0.08,39.59,6928.38,0.57,26.8,16.0,43.2,53.8,13
2026-08-21T21:08:58Z,celmis-sandbox,0.03,58.0,3072.0,1.89,0.0,0.0,18.0,0.0,3
2026-08-21T21:08:58Z,celmis-qdrant,0.09,178.2,6928.38,2.57,0.06,0.04,71.3,0.0,25
2026-08-21T21:09:05Z,celmis-web,0.01,76.62,6928.38,1.11,0.27,0.54,10.3,0.0,12
2026-08-21T21:09:05Z,celmis-api,0.26,328.4,6928.38,4.74,17.4,14.6,31.8,615.0,18
2026-08-21T21:09:05Z,celmis-postgres,1.73,39.92,6928.38,0.58,26.8,16.0,43.2,53.9,13
2026-08-21T21:09:05Z,celmis-sandbox,0.03,58.0,3072.0,1.89,0.0,0.0,18.0,0.0,3
2026-08-21T21:09:05Z,celmis-qdrant,0.11,178.1,6928.38,2.57,0.06,0.04,71.3,0.0,25
2026-08-21T21:09:13Z,celmis-web,0.01,76.62,6928.38,1.11,0.27,0.54,10.3,0.0,12
2026-08-21T21:09:13Z,celmis-api,0.56,328.4,6928.38,4.74,17.4,14.6,31.8,615.0,18
2026-08-21T21:09:13Z,celmis-postgres,0.09,40.15,6928.38,0.58,26.8,16.0,43.2,53.9,13
2026-08-21T21:09:13Z,celmis-sandbox,0.04,58.0,3072.0,1.89,0.0,0.0,18.0,0.0,3
2026-08-21T21:09:13Z,celmis-qdrant,0.12,178.1,6928.38,2.57,0.06,0.04,71.3,0.0,25
2026-08-21T21:09:21Z,celmis-web,0.00,76.59,6928.38,1.11,0.27,0.54,10.3,0.0,12
2026-08-21T21:09:21Z,celmis-api,0.25,328.5,6928.38,4.74,17.4,14.6,31.8,615.0,18
2026-08-21T21:09:21Z,celmis-postgres,0.00,39.62,6928.38,0.57,26.8,16.0,43.2,53.9,13
2026-08-21T21:09:21Z,celmis-sandbox,0.03,57.92,3072.0,1.89,0.0,0.0,18.0,0.0,3
2026-08-21T21:09:21Z,celmis-qdrant,0.08,178.0,6928.38,2.57,0.06,0.04,71.3,0.0,25
2026-08-21T21:09:28Z,celmis-web,0.00,76.59,6928.38,1.11,0.27,0.54,10.3,0.0,12
2026-08-21T21:09:28Z,celmis-api,0.57,328.4,6928.38,4.74,17.4,14.6,31.8,615.0,18
2026-08-21T21:09:28Z,celmis-postgres,0.00,39.98,6928.38,0.58,26.8,16.0,43.2,53.9,13
2026-08-21T21:09:28Z,celmis-sandbox,0.03,57.92,3072.0,1.89,0.0,0.0,18.0,0.0,3
2026-08-21T21:09:28Z,celmis-qdrant,0.07,178.0,6928.38,2.57,0.06,0.04,71.3,0.0,25
2026-08-21T21:09:35Z,celmis-web,0.00,76.56,6928.38,1.10,0.27,0.54,10.3,0.0,12
2026-08-21T21:09:35Z,celmis-api,0.24,328.6,6928.38,4.74,17.4,14.6,31.8,615.0,18
2026-08-21T21:09:35Z,celmis-postgres,1.65,39.66,6928.38,0.57,26.8,16.0,43.2,53.9,13
2026-08-21T21:09:35Z,celmis-sandbox,0.04,57.92,3072.0,1.89,0.0,0.0,18.0,0.0,3
2026-08-21T21:09:35Z,celmis-qdrant,0.10,178.4,6928.38,2.57,0.06,0.04,71.3,0.0,25
2026-08-21T21:09:43Z,celmis-web,0.01,76.56,6928.38,1.10,0.27,0.54,10.3,0.0,12
2026-08-21T21:09:43Z,celmis-api,0.33,328.6,6928.38,4.74,17.4,14.6,31.8,615.0,18
2026-08-21T21:09:43Z,celmis-postgres,0.04,39.88,6928.38,0.58,26.8,16.0,43.2,53.9,13
2026-08-21T21:09:43Z,celmis-sandbox,0.03,57.92,3072.0,1.89,0.0,0.0,18.0,0.0,3
2026-08-21T21:09:43Z,celmis-qdrant,0.09,178.4,6928.38,2.57,0.06,0.04,71.3,0.0,25
2026-08-21T21:09:51Z,celmis-web,0.00,76.64,6928.38,1.11,0.27,0.54,10.3,0.0,12
2026-08-21T21:09:51Z,celmis-api,0.23,328.4,6928.38,4.74,17.4,14.6,31.8,615.0,18
2026-08-21T21:09:51Z,celmis-postgres,0.70,40.01,6928.38,0.58,26.8,16.0,43.2,53.9,13
2026-08-21T21:09:51Z,celmis-sandbox,0.02,57.84,3072.0,1.88,0.0,0.0,18.0,0.0,3
2026-08-21T21:09:51Z,celmis-qdrant,0.07,178.3,6928.38,2.57,0.06,0.04,71.3,0.0,25
2026-08-21T21:09:58Z,celmis-web,0.01,76.64,6928.38,1.11,0.27,0.54,10.3,0.0,12
2026-08-21T21:09:58Z,celmis-api,0.73,328.6,6928.38,4.74,17.4,14.6,31.8,615.0,18
2026-08-21T21:09:58Z,celmis-postgres,0.12,39.68,6928.38,0.57,26.8,16.0,43.2,53.9,13
2026-08-21T21:09:58Z,celmis-sandbox,0.03,57.84,3072.0,1.88,0.0,0.0,18.0,0.0,3
2026-08-21T21:09:58Z,celmis-qdrant,0.07,178.3,6928.38,2.57,0.06,0.04,71.3,0.0,25
2026-08-21T21:10:05Z,celmis-web,0.00,76.87,6928.38,1.11,0.27,0.54,10.3,0.0,12
2026-08-21T21:10:05Z,celmis-api,0.27,328.7,6928.38,4.74,17.4,14.6,31.8,615.0,18
2026-08-21T21:10:05Z,celmis-postgres,0.03,39.87,6928.38,0.58,26.8,16.0,43.2,53.9,13
2026-08-21T21:10:05Z,celmis-sandbox,0.03,57.84,3072.0,1.88,0.0,0.0,18.0,0.0,3
2026-08-21T21:10:05Z,celmis-qdrant,0.10,178.2,6928.38,2.57,0.06,0.04,71.3,0.0,25
2026-08-21T21:10:13Z,celmis-web,0.00,76.87,6928.38,1.11,0.27,0.54,10.3,0.0,12
2026-08-21T21:10:13Z,celmis-api,0.56,328.7,6928.38,4.74,17.4,14.6,31.8,615.0,18
2026-08-21T21:10:13Z,celmis-postgres,0.12,39.76,6928.38,0.57,26.8,16.0,43.2,53.9,13
2026-08-21T21:10:13Z,celmis-sandbox,0.03,57.84,3072.0,1.88,0.0,0.0,18.0,0.0,3
2026-08-21T21:10:13Z,celmis-qdrant,0.08,178.2,6928.38,2.57,0.06,0.04,71.3,0.0,25
2026-08-21T21:10:21Z,celmis-web,0.01,76.74,6928.38,1.11,0.27,0.54,10.3,0.0,12
2026-08-21T21:10:21Z,celmis-api,0.26,328.7,6928.38,4.74,17.4,14.6,31.8,615.0,18
2026-08-21T21:10:21Z,celmis-postgres,0.00,39.73,6928.38,0.57,26.8,16.0,43.2,53.9,13
2026-08-21T21:10:21Z,celmis-sandbox,0.02,58.02,3072.0,1.89,0.0,0.0,18.0,0.0,3
2026-08-21T21:10:21Z,celmis-qdrant,0.08,178.4,6928.38,2.57,0.06,0.04,71.3,0.0,25
2026-08-21T21:10:28Z,celmis-web,0.00,76.74,6928.38,1.11,0.27,0.54,10.3,0.0,12
2026-08-21T21:10:28Z,celmis-api,0.52,328.5,6928.38,4.74,17.4,14.6,31.8,615.0,18
2026-08-21T21:10:28Z,celmis-postgres,0.09,39.48,6928.38,0.57,26.8,16.0,43.2,53.9,13
2026-08-21T21:10:28Z,celmis-sandbox,0.02,58.02,3072.0,1.89,0.0,0.0,18.0,0.0,3
2026-08-21T21:10:28Z,celmis-qdrant,0.10,178.4,6928.38,2.57,0.06,0.04,71.3,0.0,25
2026-08-21T21:10:35Z,celmis-web,0.00,76.53,6928.38,1.10,0.27,0.54,10.3,0.0,12
2026-08-21T21:10:35Z,celmis-api,0.27,328.7,6928.38,4.74,17.4,14.6,31.8,615.0,18
2026-08-21T21:10:35Z,celmis-postgres,0.03,39.79,6928.38,0.57,26.8,16.0,43.2,53.9,13
2026-08-21T21:10:35Z,celmis-sandbox,0.03,58.02,3072.0,1.89,0.0,0.0,18.0,0.0,3
2026-08-21T21:10:35Z,celmis-qdrant,0.07,178.3,6928.38,2.57,0.06,0.04,71.3,0.0,25
2026-08-21T21:10:43Z,celmis-web,0.01,76.53,6928.38,1.10,0.27,0.54,10.3,0.0,12
2026-08-21T21:10:43Z,celmis-api,0.27,328.7,6928.38,4.74,17.4,14.6,31.8,615.0,18
2026-08-21T21:10:43Z,celmis-postgres,0.11,40.05,6928.38,0.58,26.8,16.0,43.2,53.9,13
2026-08-21T21:10:43Z,celmis-sandbox,0.02,58.02,3072.0,1.89,0.0,0.0,18.0,0.0,3
2026-08-21T21:10:43Z,celmis-qdrant,0.08,178.3,6928.38,2.57,0.06,0.04,71.3,0.0,25
2026-08-21T21:10:51Z,celmis-web,0.00,77.02,6928.38,1.11,0.27,0.54,10.3,0.0,12
2026-08-21T21:10:51Z,celmis-api,0.24,328.4,6928.38,4.74,17.4,14.6,31.8,615.0,18
2026-08-21T21:10:51Z,celmis-postgres,0.57,39.88,6928.38,0.58,26.8,16.0,43.2,53.9,13
2026-08-21T21:10:51Z,celmis-sandbox,0.02,57.94,3072.0,1.89,0.0,0.0,18.0,0.0,3
2026-08-21T21:10:51Z,celmis-qdrant,0.09,178.4,6928.38,2.57,0.06,0.04,71.3,0.0,25
2026-08-21T21:10:58Z,celmis-web,0.01,77.02,6928.38,1.11,0.27,0.54,10.3,0.0,12
2026-08-21T21:10:58Z,celmis-api,0.45,328.6,6928.38,4.74,17.4,14.6,31.8,615.0,18
2026-08-21T21:10:58Z,celmis-postgres,1.16,39.91,6928.38,0.58,26.8,16.0,43.2,53.9,13
2026-08-21T21:10:58Z,celmis-sandbox,0.02,57.94,3072.0,1.89,0.0,0.0,18.0,0.0,3
2026-08-21T21:10:58Z,celmis-qdrant,0.08,178.4,6928.38,2.57,0.06,0.04,71.3,0.0,25
2026-08-21T21:11:05Z,celmis-web,0.01,76.82,6928.38,1.11,0.27,0.54,10.3,0.0,12
2026-08-21T21:11:05Z,celmis-api,0.29,328.5,6928.38,4.74,17.4,14.7,31.8,615.0,18
2026-08-21T21:11:05Z,celmis-postgres,0.04,39.61,6928.38,0.57,26.8,16.0,43.2,53.9,13
2026-08-21T21:11:05Z,celmis-sandbox,0.03,57.94,3072.0,1.89,0.0,0.0,18.0,0.0,3
2026-08-21T21:11:05Z,celmis-qdrant,0.12,178.3,6928.38,2.57,0.06,0.04,71.3,0.0,25
2026-08-21T21:11:13Z,celmis-web,0.01,76.82,6928.38,1.11,0.27,0.54,10.3,0.0,12
2026-08-21T21:11:13Z,celmis-api,0.52,328.5,6928.38,4.74,17.4,14.7,31.8,615.0,18
2026-08-21T21:11:13Z,celmis-postgres,0.11,39.51,6928.38,0.57,26.8,16.0,43.2,53.9,13
2026-08-21T21:11:13Z,celmis-sandbox,0.03,57.94,3072.0,1.89,0.0,0.0,18.0,0.0,3
2026-08-21T21:11:13Z,celmis-qdrant,0.09,178.3,6928.38,2.57,0.06,0.04,71.3,0.0,25
2026-08-21T21:11:21Z,celmis-web,0.01,76.58,6928.38,1.11,0.27,0.54,10.3,0.0,12
2026-08-21T21:11:21Z,celmis-api,0.27,328.9,6928.38,4.75,17.4,14.7,31.8,615.0,18
2026-08-21T21:11:21Z,celmis-postgres,0.01,39.68,6928.38,0.57,26.8,16.0,43.2,53.9,13
2026-08-21T21:11:21Z,celmis-sandbox,0.02,57.61,3072.0,1.88,0.0,0.0,18.0,0.0,3
2026-08-21T21:11:21Z,celmis-qdrant,0.09,178.3,6928.38,2.57,0.06,0.04,71.3,0.0,25
2026-08-21T21:11:28Z,celmis-web,0.01,76.58,6928.38,1.11,0.27,0.54,10.3,0.0,12
2026-08-21T21:11:28Z,celmis-api,0.74,328.8,6928.38,4.75,17.4,14.7,31.8,615.0,18
2026-08-21T21:11:28Z,celmis-postgres,0.09,39.7,6928.38,0.57,26.8,16.0,43.2,53.9,13
2026-08-21T21:11:28Z,celmis-sandbox,0.02,57.61,3072.0,1.88,0.0,0.0,18.0,0.0,3
2026-08-21T21:11:28Z,celmis-qdrant,0.07,178.2,6928.38,2.57,0.06,0.04,71.3,0.0,25
2026-08-21T21:11:35Z,celmis-web,0.00,76.55,6928.38,1.10,0.27,0.54,10.3,0.0,12
2026-08-21T21:11:35Z,celmis-api,0.27,329.0,6928.38,4.75,17.4,14.7,31.8,615.0,18
2026-08-21T21:11:35Z,celmis-postgres,0.08,39.77,6928.38,0.57,26.8,16.0,43.2,53.9,13
2026-08-21T21:11:35Z,celmis-sandbox,0.02,57.61,3072.0,1.88,0.0,0.0,18.0,0.0,3
2026-08-21T21:11:35Z,celmis-qdrant,0.07,178.1,6928.38,2.57,0.06,0.04,71.3,0.0,25
2026-08-21T21:11:43Z,celmis-web,0.00,76.55,6928.38,1.10,0.27,0.54,10.3,0.0,12
2026-08-21T21:11:43Z,celmis-api,30.02,337.4,6928.38,4.87,17.4,14.7,31.8,615.0,19
2026-08-21T21:11:43Z,celmis-postgres,0.09,39.75,6928.38,0.57,26.8,16.0,43.2,53.9,13
2026-08-21T21:11:43Z,celmis-sandbox,0.02,57.61,3072.0,1.88,0.0,0.0,18.0,0.0,3
2026-08-21T21:11:43Z,celmis-qdrant,0.06,178.1,6928.38,2.57,0.06,0.04,71.3,0.0,25
2026-08-21T21:11:51Z,celmis-web,0.00,76.95,6928.38,1.11,0.27,0.54,10.3,0.0,12
2026-08-21T21:11:51Z,celmis-api,43.80,377.8,6928.38,5.45,17.4,14.7,31.8,615.0,19
2026-08-21T21:11:51Z,celmis-postgres,0.20,39.89,6928.38,0.58,26.8,16.0,43.2,53.9,13
2026-08-21T21:11:51Z,celmis-sandbox,0.01,57.78,3072.0,1.88,0.0,0.0,18.0,0.0,3
2026-08-21T21:11:51Z,celmis-qdrant,0.03,178.3,6928.38,2.57,0.06,0.04,71.3,0.0,25
2026-08-21T21:11:58Z,celmis-web,0.01,76.95,6928.38,1.11,0.27,0.54,10.3,0.0,12
2026-08-21T21:11:58Z,celmis-api,43.42,378.0,6928.38,5.46,17.5,14.7,31.8,615.0,19
2026-08-21T21:11:58Z,celmis-postgres,0.02,39.48,6928.38,0.57,26.8,16.0,43.2,53.9,13
2026-08-21T21:11:58Z,celmis-sandbox,0.01,57.78,3072.0,1.88,0.0,0.0,18.0,0.0,3
2026-08-21T21:11:58Z,celmis-qdrant,0.08,178.3,6928.38,2.57,0.06,0.04,71.3,0.0,25
2026-08-21T21:12:05Z,celmis-web,0.00,76.67,6928.38,1.11,0.27,0.54,10.3,0.0,12
2026-08-21T21:12:05Z,celmis-api,43.54,377.8,6928.38,5.45,17.5,14.7,31.8,615.0,19
2026-08-21T21:12:05Z,celmis-postgres,0.00,39.7,6928.38,0.57,26.8,16.0,43.2,54.0,13
2026-08-21T21:12:05Z,celmis-sandbox,0.01,57.78,3072.0,1.88,0.0,0.0,18.0,0.0,3
2026-08-21T21:12:05Z,celmis-qdrant,0.06,178.2,6928.38,2.57,0.06,0.04,71.3,0.0,25
2026-08-21T21:12:13Z,celmis-web,0.01,76.67,6928.38,1.11,0.27,0.54,10.3,0.0,12
2026-08-21T21:12:13Z,celmis-api,0.97,328.5,6928.38,4.74,17.5,14.7,31.8,615.0,18
2026-08-21T21:12:13Z,celmis-postgres,0.19,39.85,6928.38,0.58,26.8,16.0,43.2,54.0,13
2026-08-21T21:12:13Z,celmis-sandbox,0.04,57.78,3072.0,1.88,0.0,0.0,18.0,0.0,3
2026-08-21T21:12:13Z,celmis-qdrant,0.09,178.2,6928.38,2.57,0.06,0.04,71.3,0.0,25
2026-08-21T21:12:21Z,celmis-web,0.01,76.95,6928.38,1.11,0.27,0.54,10.3,0.0,12
2026-08-21T21:12:21Z,celmis-api,0.26,328.4,6928.38,4.74,17.5,14.7,31.8,615.0,18
2026-08-21T21:12:21Z,celmis-postgres,0.00,39.8,6928.38,0.57,26.8,16.0,43.2,54.0,13
2026-08-21T21:12:21Z,celmis-sandbox,0.03,57.95,3072.0,1.89,0.0,0.0,18.0,0.0,3
2026-08-21T21:12:21Z,celmis-qdrant,0.08,178.1,6928.38,2.57,0.06,0.04,71.3,0.0,25
2026-08-21T21:12:28Z,celmis-web,0.00,76.95,6928.38,1.11,0.27,0.54,10.3,0.0,12
2026-08-21T21:12:28Z,celmis-api,0.51,328.6,6928.38,4.74,17.5,14.7,31.8,615.0,18
2026-08-21T21:12:28Z,celmis-postgres,0.12,39.74,6928.38,0.57,26.8,16.0,43.2,54.0,13
2026-08-21T21:12:28Z,celmis-sandbox,0.03,57.95,3072.0,1.89,0.0,0.0,18.0,0.0,3
2026-08-21T21:12:28Z,celmis-qdrant,0.07,178.1,6928.38,2.57,0.06,0.04,71.3,0.0,25
2026-08-21T21:12:35Z,celmis-web,0.01,77.02,6928.38,1.11,0.27,0.54,10.3,0.0,12
2026-08-21T21:12:35Z,celmis-api,1.59,328.5,6928.38,4.74,17.5,14.7,31.8,615.0,18
2026-08-21T21:12:35Z,celmis-postgres,0.03,39.81,6928.38,0.57,26.9,16.0,43.2,54.1,13
2026-08-21T21:12:35Z,celmis-sandbox,0.03,57.95,3072.0,1.89,0.0,0.0,18.0,0.0,3
2026-08-21T21:12:35Z,celmis-qdrant,1.34,178.5,6928.38,2.58,0.06,0.04,71.3,0.0,25
2026-08-21T21:12:43Z,celmis-web,0.00,77.02,6928.38,1.11,0.27,0.54,10.3,0.0,12
2026-08-21T21:12:43Z,celmis-api,0.51,328.5,6928.38,4.74,17.5,14.7,31.8,615.0,18
2026-08-21T21:12:43Z,celmis-postgres,0.07,40.04,6928.38,0.58,26.9,16.0,43.2,54.1,13
2026-08-21T21:12:43Z,celmis-sandbox,0.03,57.95,3072.0,1.89,0.0,0.0,18.0,0.0,3
2026-08-21T21:12:43Z,celmis-qdrant,0.09,178.5,6928.38,2.58,0.06,0.04,71.3,0.0,25
2026-08-21T21:12:51Z,celmis-web,0.00,76.9,6928.38,1.11,0.27,0.54,10.3,0.0,12
2026-08-21T21:12:51Z,celmis-api,0.25,328.7,6928.38,4.74,17.5,14.7,31.8,615.0,18
2026-08-21T21:12:51Z,celmis-postgres,0.75,39.91,6928.38,0.58,26.9,16.0,43.2,54.1,13
2026-08-21T21:12:51Z,celmis-sandbox,0.03,58.13,3072.0,1.89,0.0,0.0,18.0,0.0,3
2026-08-21T21:12:51Z,celmis-qdrant,0.14,178.2,6928.38,2.57,0.06,0.04,71.3,0.0,25
2026-08-21T21:12:58Z,celmis-web,0.00,76.9,6928.38,1.11,0.27,0.54,10.3,0.0,12
2026-08-21T21:12:58Z,celmis-api,0.56,328.6,6928.38,4.74,17.5,14.7,31.8,615.0,18
2026-08-21T21:12:58Z,celmis-postgres,0.11,39.87,6928.38,0.58,26.9,16.0,43.2,54.1,13
2026-08-21T21:12:58Z,celmis-sandbox,0.02,58.13,3072.0,1.89,0.0,0.0,18.0,0.0,3
2026-08-21T21:12:58Z,celmis-qdrant,0.08,178.1,6928.38,2.57,0.06,0.04,71.3,0.0,25
2026-08-21T21:13:05Z,celmis-web,0.01,76.71,6928.38,1.11,0.27,0.54,10.3,0.0,12
2026-08-21T21:13:05Z,celmis-api,3.56,328.6,6928.38,4.74,17.5,14.7,31.8,615.0,18
2026-08-21T21:13:05Z,celmis-postgres,0.09,39.56,6928.38,0.57,26.9,16.0,43.2,54.1,13
2026-08-21T21:13:05Z,celmis-sandbox,0.02,58.13,3072.0,1.89,0.0,0.0,18.0,0.0,3
2026-08-21T21:13:05Z,celmis-qdrant,0.07,178.2,6928.38,2.57,0.06,0.04,71.3,0.0,25
2026-08-21T21:13:13Z,celmis-web,0.01,76.71,6928.38,1.11,0.27,0.54,10.3,0.0,12
2026-08-21T21:13:13Z,celmis-api,0.24,328.6,6928.38,4.74,17.5,14.7,31.8,615.0,18
2026-08-21T21:13:13Z,celmis-postgres,0.11,39.85,6928.38,0.58,26.9,16.0,43.2,54.1,13
2026-08-21T21:13:13Z,celmis-sandbox,0.03,58.13,3072.0,1.89,0.0,0.0,18.0,0.0,3
2026-08-21T21:13:13Z,celmis-qdrant,0.09,178.2,6928.38,2.57,0.06,0.04,71.3,0.0,25
2026-08-21T21:13:21Z,celmis-web,0.00,76.72,6928.38,1.11,0.27,0.54,10.3,0.0,12
2026-08-21T21:13:21Z,celmis-api,0.27,328.7,6928.38,4.74,17.5,14.7,31.8,615.0,18
2026-08-21T21:13:21Z,celmis-postgres,0.00,40.08,6928.38,0.58,26.9,16.0,43.2,54.1,13
2026-08-21T21:13:21Z,celmis-sandbox,0.04,58.05,3072.0,1.89,0.0,0.0,18.0,0.0,3
2026-08-21T21:13:21Z,celmis-qdrant,0.11,178.4,6928.38,2.57,0.06,0.04,71.3,0.0,25
2026-08-21T21:13:28Z,celmis-web,0.01,76.72,6928.38,1.11,0.27,0.54,10.3,0.0,12
2026-08-21T21:13:28Z,celmis-api,0.50,328.9,6928.38,4.75,17.5,14.7,31.8,615.0,18
2026-08-21T21:13:28Z,celmis-postgres,1.90,40.08,6928.38,0.58,26.9,16.0,43.2,54.1,13
2026-08-21T21:13:28Z,celmis-sandbox,0.02,58.05,3072.0,1.89,0.0,0.0,18.0,0.0,3
2026-08-21T21:13:28Z,celmis-qdrant,0.06,178.4,6928.38,2.57,0.06,0.04,71.3,0.0,25
2026-08-21T21:13:35Z,celmis-web,0.00,76.7,6928.38,1.11,0.27,0.54,10.3,0.0,12
2026-08-21T21:13:35Z,celmis-api,0.24,328.5,6928.38,4.74,17.5,14.7,31.8,615.0,18
2026-08-21T21:13:35Z,celmis-postgres,0.07,39.84,6928.38,0.57,26.9,16.1,43.2,54.1,13
2026-08-21T21:13:35Z,celmis-sandbox,0.02,58.05,3072.0,1.89,0.0,0.0,18.0,0.0,3
2026-08-21T21:13:35Z,celmis-qdrant,0.12,178.3,6928.38,2.57,0.06,0.04,71.3,0.0,25
2026-08-21T21:13:43Z,celmis-web,0.01,76.7,6928.38,1.11,0.27,0.54,10.3,0.0,12
2026-08-21T21:13:43Z,celmis-api,0.26,328.5,6928.38,4.74,17.5,14.7,31.8,615.0,18
2026-08-21T21:13:43Z,celmis-postgres,0.11,39.98,6928.38,0.58,26.9,16.1,43.2,54.1,13
2026-08-21T21:13:43Z,celmis-sandbox,0.03,58.05,3072.0,1.89,0.0,0.0,18.0,0.0,3
2026-08-21T21:13:43Z,celmis-qdrant,0.08,178.3,6928.38,2.57,0.06,0.04,71.3,0.0,25
2026-08-21T21:13:51Z,celmis-web,0.01,76.68,6928.38,1.11,0.27,0.54,10.3,0.0,12
2026-08-21T21:13:51Z,celmis-api,0.31,328.7,6928.38,4.74,17.5,14.8,31.8,615.0,18
2026-08-21T21:13:51Z,celmis-postgres,0.65,40.21,6928.38,0.58,26.9,16.1,43.2,54.1,13
2026-08-21T21:13:51Z,celmis-sandbox,0.04,58.23,3072.0,1.90,0.0,0.0,18.0,0.0,3
2026-08-21T21:13:51Z,celmis-qdrant,0.09,178.2,6928.38,2.57,0.06,0.04,71.3,0.0,25
2026-08-21T21:13:58Z,celmis-web,0.01,76.68,6928.38,1.11,0.27,0.54,10.3,0.0,12
2026-08-21T21:13:58Z,celmis-api,0.51,328.7,6928.38,4.74,17.5,14.8,31.8,615.0,18
2026-08-21T21:13:58Z,celmis-postgres,0.98,39.96,6928.38,0.58,26.9,16.1,43.2,54.1,13
2026-08-21T21:13:58Z,celmis-sandbox,0.04,58.23,3072.0,1.90,0.0,0.0,18.0,0.0,3
2026-08-21T21:13:58Z,celmis-qdrant,0.06,178.2,6928.38,2.57,0.06,0.04,71.3,0.0,25
2026-08-21T21:14:05Z,celmis-web,0.02,76.64,6928.38,1.11,0.27,0.54,10.3,0.0,12
2026-08-21T21:14:05Z,celmis-api,2.64,328.6,6928.38,4.74,17.5,14.8,31.8,615.0,18
2026-08-21T21:14:05Z,celmis-postgres,0.00,39.87,6928.38,0.58,26.9,16.1,43.2,54.1,13
2026-08-21T21:14:05Z,celmis-sandbox,0.03,58.23,3072.0,1.90,0.0,0.0,18.0,0.0,3
2026-08-21T21:14:05Z,celmis-qdrant,0.10,178.3,6928.38,2.57,0.06,0.04,71.3,0.0,25
2026-08-21T21:14:13Z,celmis-web,0.01,76.64,6928.38,1.11,0.27,0.54,10.3,0.0,12
2026-08-21T21:14:13Z,celmis-api,1.00,328.5,6928.38,4.74,17.6,14.8,31.8,615.0,18
2026-08-21T21:14:13Z,celmis-postgres,0.02,39.7,6928.38,0.57,26.9,16.1,43.2,54.1,13
2026-08-21T21:14:13Z,celmis-sandbox,0.03,58.23,3072.0,1.90,0.0,0.0,18.0,0.0,3
2026-08-21T21:14:13Z,celmis-qdrant,0.10,178.3,6928.38,2.57,0.06,0.04,71.3,0.0,25
2026-08-21T21:14:21Z,celmis-web,0.01,76.7,6928.38,1.11,0.27,0.54,10.3,0.0,12
2026-08-21T21:14:21Z,celmis-api,0.27,328.8,6928.38,4.75,17.6,14.8,31.8,615.0,18
2026-08-21T21:14:21Z,celmis-postgres,0.00,39.66,6928.38,0.57,26.9,16.1,43.2,54.1,13
2026-08-21T21:14:21Z,celmis-sandbox,0.04,58.15,3072.0,1.89,0.0,0.0,18.0,0.0,3
2026-08-21T21:14:21Z,celmis-qdrant,0.11,178.3,6928.38,2.57,0.06,0.04,71.3,0.0,25
2026-08-21T21:14:28Z,celmis-web,0.01,76.7,6928.38,1.11,0.27,0.54,10.3,0.0,12
2026-08-21T21:14:28Z,celmis-api,0.75,328.6,6928.38,4.74,17.6,14.8,31.8,615.0,18
2026-08-21T21:14:28Z,celmis-postgres,1.82,39.71,6928.38,0.57,26.9,16.1,43.2,54.1,13
2026-08-21T21:14:28Z,celmis-sandbox,0.03,58.15,3072.0,1.89,0.0,0.0,18.0,0.0,3
2026-08-21T21:14:28Z,celmis-qdrant,0.08,178.2,6928.38,2.57,0.06,0.04,71.3,0.0,25
2026-08-21T21:14:35Z,celmis-web,0.01,76.5,6928.38,1.10,0.27,0.54,10.3,0.0,12
2026-08-21T21:14:35Z,celmis-api,2.06,328.8,6928.38,4.75,17.6,14.8,31.8,615.0,18
2026-08-21T21:14:35Z,celmis-postgres,0.00,39.68,6928.38,0.57,26.9,16.1,43.2,54.1,13
2026-08-21T21:14:35Z,celmis-sandbox,0.03,58.15,3072.0,1.89,0.0,0.0,18.0,0.0,3
2026-08-21T21:14:35Z,celmis-qdrant,0.08,178.2,6928.38,2.57,0.06,0.04,71.3,0.0,25
2026-08-21T21:14:43Z,celmis-web,0.00,76.5,6928.38,1.10,0.27,0.54,10.3,0.0,12
2026-08-21T21:14:43Z,celmis-api,0.48,328.8,6928.38,4.75,17.6,14.8,31.8,615.0,18
2026-08-21T21:14:43Z,celmis-postgres,1.70,39.45,6928.38,0.57,26.9,16.1,43.2,54.1,13
2026-08-21T21:14:43Z,celmis-sandbox,0.03,58.15,3072.0,1.89,0.0,0.0,18.0,0.0,3
2026-08-21T21:14:43Z,celmis-qdrant,0.13,178.1,6928.38,2.57,0.06,0.04,71.3,0.0,25
2026-08-21T21:14:51Z,celmis-web,0.01,76.63,6928.38,1.11,0.27,0.54,10.3,0.0,12
2026-08-21T21:14:51Z,celmis-api,0.26,328.4,6928.38,4.74,17.6,14.8,31.8,615.0,18
2026-08-21T21:14:51Z,celmis-postgres,0.68,40.02,6928.38,0.58,26.9,16.1,43.2,54.1,13
2026-08-21T21:14:51Z,celmis-sandbox,0.03,58.33,3072.0,1.90,0.0,0.0,18.0,0.0,3
2026-08-21T21:14:51Z,celmis-qdrant,0.11,178.3,6928.38,2.57,0.06,0.04,71.3,0.0,25
2026-08-21T21:14:58Z,celmis-web,0.01,76.63,6928.38,1.11,0.27,0.54,10.3,0.0,12
2026-08-21T21:14:58Z,celmis-api,0.38,328.4,6928.38,4.74,17.6,14.8,31.8,615.0,18
2026-08-21T21:14:58Z,celmis-postgres,0.00,39.75,6928.38,0.57,26.9,16.1,43.2,54.1,13
2026-08-21T21:14:58Z,celmis-sandbox,0.03,58.33,3072.0,1.90,0.0,0.0,18.0,0.0,3
2026-08-21T21:14:58Z,celmis-qdrant,0.05,178.3,6928.38,2.57,0.06,0.04,71.3,0.0,25
2026-08-21T21:15:05Z,celmis-web,0.00,76.59,6928.38,1.11,0.27,0.54,10.3,0.0,12
2026-08-21T21:15:05Z,celmis-api,0.93,329.0,6928.38,4.75,17.6,14.8,31.8,615.0,18
2026-08-21T21:15:05Z,celmis-postgres,0.15,39.66,6928.38,0.57,26.9,16.1,43.2,54.2,13
2026-08-21T21:15:05Z,celmis-sandbox,0.03,58.33,3072.0,1.90,0.0,0.0,18.0,0.0,3
2026-08-21T21:15:05Z,celmis-qdrant,0.11,178.2,6928.38,2.57,0.06,0.04,71.3,0.0,25
2026-08-21T21:15:13Z,celmis-web,0.01,76.59,6928.38,1.11,0.27,0.54,10.3,0.0,12
2026-08-21T21:15:13Z,celmis-api,0.32,328.8,6928.38,4.75,17.6,14.8,31.8,615.0,18
2026-08-21T21:15:13Z,celmis-postgres,1.68,39.85,6928.38,0.58,26.9,16.1,43.2,54.2,13
2026-08-21T21:15:13Z,celmis-sandbox,0.03,58.33,3072.0,1.90,0.0,0.0,18.0,0.0,3
2026-08-21T21:15:13Z,celmis-qdrant,0.13,178.2,6928.38,2.57,0.06,0.04,71.3,0.0,25
2026-08-21T21:15:21Z,celmis-web,0.00,76.85,6928.38,1.11,0.27,0.54,10.3,0.0,12
2026-08-21T21:15:21Z,celmis-api,0.30,328.6,6928.38,4.74,17.6,14.8,31.8,615.0,18
2026-08-21T21:15:21Z,celmis-postgres,0.03,39.45,6928.38,0.57,26.9,16.1,43.2,54.2,13
2026-08-21T21:15:21Z,celmis-sandbox,0.03,58.2,3072.0,1.89,0.0,0.0,18.0,0.0,3
2026-08-21T21:15:21Z,celmis-qdrant,0.11,178.1,6928.38,2.57,0.06,0.04,71.3,0.0,25
2026-08-21T21:15:28Z,celmis-web,0.00,76.85,6928.38,1.11,0.27,0.54,10.3,0.0,12
2026-08-21T21:15:28Z,celmis-api,0.32,328.7,6928.38,4.74,17.6,14.8,31.8,615.0,18
2026-08-21T21:15:28Z,celmis-postgres,0.09,39.68,6928.38,0.57,26.9,16.1,43.2,54.2,13
2026-08-21T21:15:28Z,celmis-sandbox,0.03,58.2,3072.0,1.89,0.0,0.0,18.0,0.0,3
2026-08-21T21:15:28Z,celmis-qdrant,0.08,178.1,6928.38,2.57,0.06,0.04,71.3,0.0,25
2026-08-21T21:15:35Z,celmis-web,0.01,76.57,6928.38,1.11,0.27,0.54,10.3,0.0,12
2026-08-21T21:15:35Z,celmis-api,2.29,328.8,6928.38,4.75,17.6,14.8,31.8,615.0,18
2026-08-21T21:15:35Z,celmis-postgres,0.13,40.0,6928.38,0.58,26.9,16.1,43.2,54.2,13
2026-08-21T21:15:35Z,celmis-sandbox,0.05,58.2,3072.0,1.89,0.0,0.0,18.0,0.0,3
2026-08-21T21:15:35Z,celmis-qdrant,0.13,178.2,6928.38,2.57,0.06,0.04,71.3,0.0,25
2026-08-21T21:15:43Z,celmis-web,0.01,76.57,6928.38,1.11,0.27,0.54,10.3,0.0,12
2026-08-21T21:15:43Z,celmis-api,0.74,328.8,6928.38,4.74,17.6,14.8,31.8,615.0,18
2026-08-21T21:15:43Z,celmis-postgres,1.72,40.16,6928.38,0.58,26.9,16.1,43.2,54.2,13
2026-08-21T21:15:43Z,celmis-sandbox,0.03,58.2,3072.0,1.89,0.0,0.0,18.0,0.0,3
2026-08-21T21:15:43Z,celmis-qdrant,0.15,178.2,6928.38,2.57,0.06,0.04,71.3,0.0,25
2026-08-21T21:15:51Z,celmis-web,0.00,76.94,6928.38,1.11,0.27,0.54,10.3,0.0,12
2026-08-21T21:15:51Z,celmis-api,0.29,328.6,6928.38,4.74,17.6,14.8,31.8,615.0,18
2026-08-21T21:15:51Z,celmis-postgres,0.69,39.57,6928.38,0.57,26.9,16.1,43.2,54.2,13
2026-08-21T21:15:51Z,celmis-sandbox,0.03,58.36,3072.0,1.90,0.0,0.0,18.0,0.0,3
2026-08-21T21:15:51Z,celmis-qdrant,0.14,178.1,6928.38,2.57,0.06,0.04,71.3,0.0,25
2026-08-21T21:15:58Z,celmis-web,0.01,76.94,6928.38,1.11,0.27,0.54,10.3,0.0,12
2026-08-21T21:15:58Z,celmis-api,0.29,328.5,6928.38,4.74,17.6,14.8,31.8,615.0,18
2026-08-21T21:15:58Z,celmis-postgres,0.14,39.8,6928.38,0.57,26.9,16.1,43.2,54.2,13
2026-08-21T21:15:58Z,celmis-sandbox,0.04,58.36,3072.0,1.90,0.0,0.0,18.0,0.0,3
2026-08-21T21:15:58Z,celmis-qdrant,0.09,178.1,6928.38,2.57,0.06,0.04,71.3,0.0,25
2026-08-21T21:16:05Z,celmis-web,0.00,76.93,6928.38,1.11,0.27,0.54,10.3,0.0,12
2026-08-21T21:16:05Z,celmis-api,0.28,328.7,6928.38,4.74,17.6,14.8,31.8,615.0,18
2026-08-21T21:16:05Z,celmis-postgres,0.04,39.55,6928.38,0.57,26.9,16.1,43.2,54.2,13
2026-08-21T21:16:05Z,celmis-sandbox,0.03,58.36,3072.0,1.90,0.0,0.0,18.0,0.0,3
2026-08-21T21:16:05Z,celmis-qdrant,0.13,178.6,6928.38,2.58,0.06,0.04,71.3,0.0,25
2026-08-21T21:16:13Z,celmis-web,0.01,76.93,6928.38,1.11,0.27,0.54,10.3,0.0,12
2026-08-21T21:16:13Z,celmis-api,0.67,328.8,6928.38,4.75,17.6,14.8,31.8,615.0,18
2026-08-21T21:16:13Z,celmis-postgres,0.12,39.85,6928.38,0.58,26.9,16.1,43.2,54.2,13
2026-08-21T21:16:13Z,celmis-sandbox,0.04,58.36,3072.0,1.90,0.0,0.0,18.0,0.0,3
2026-08-21T21:16:13Z,celmis-qdrant,0.10,178.5,6928.38,2.58,0.06,0.04,71.3,0.0,25
2026-08-21T21:16:21Z,celmis-web,0.00,76.84,6928.38,1.11,0.27,0.54,10.3,0.0,12
2026-08-21T21:16:21Z,celmis-api,0.26,328.5,6928.38,4.74,17.6,14.8,31.8,615.0,18
2026-08-21T21:16:21Z,celmis-postgres,0.00,39.85,6928.38,0.58,26.9,16.1,43.2,54.2,13
2026-08-21T21:16:21Z,celmis-sandbox,0.03,58.53,3072.0,1.91,0.0,0.0,18.0,0.0,3
2026-08-21T21:16:21Z,celmis-qdrant,0.08,178.4,6928.38,2.57,0.06,0.04,71.3,0.0,25
2026-08-21T21:16:28Z,celmis-web,0.00,76.84,6928.38,1.11,0.27,0.54,10.3,0.0,12
2026-08-21T21:16:28Z,celmis-api,0.92,328.8,6928.38,4.74,17.6,14.8,31.8,615.0,18
2026-08-21T21:16:28Z,celmis-postgres,0.08,39.95,6928.38,0.58,26.9,16.1,43.2,54.2,13
2026-08-21T21:16:28Z,celmis-sandbox,0.02,58.53,3072.0,1.91,0.0,0.0,18.0,0.0,3
2026-08-21T21:16:28Z,celmis-qdrant,0.07,178.4,6928.38,2.57,0.06,0.04,71.3,0.0,25
2026-08-21T21:16:35Z,celmis-web,0.01,77.0,6928.38,1.11,0.27,0.54,10.3,0.0,12
2026-08-21T21:16:35Z,celmis-api,0.31,328.7,6928.38,4.74,17.6,14.8,31.8,615.0,18
2026-08-21T21:16:35Z,celmis-postgres,0.05,39.76,6928.38,0.57,26.9,16.1,43.2,54.2,13
2026-08-21T21:16:35Z,celmis-sandbox,0.03,58.53,3072.0,1.91,0.0,0.0,18.0,0.0,3
2026-08-21T21:16:35Z,celmis-qdrant,1.18,178.3,6928.38,2.57,0.06,0.04,71.3,0.0,25
2026-08-21T21:16:43Z,celmis-web,0.00,77.0,6928.38,1.11,0.27,0.54,10.3,0.0,12
2026-08-21T21:16:43Z,celmis-api,0.47,328.6,6928.38,4.74,17.6,14.8,31.8,615.0,18
2026-08-21T21:16:43Z,celmis-postgres,0.07,39.84,6928.38,0.57,26.9,16.1,43.2,54.2,13
2026-08-21T21:16:43Z,celmis-sandbox,0.02,58.53,3072.0,1.91,0.0,0.0,18.0,0.0,3
2026-08-21T21:16:43Z,celmis-qdrant,0.10,178.3,6928.38,2.57,0.06,0.04,71.3,0.0,25
2026-08-21T21:16:51Z,celmis-web,0.01,82.43,6928.38,1.19,0.36,0.63,10.3,0.0,12
2026-08-21T21:16:51Z,celmis-api,0.27,328.2,6928.38,4.74,17.6,14.8,31.8,615.0,16
2026-08-21T21:16:51Z,celmis-postgres,0.79,40.0,6928.38,0.58,26.9,16.1,43.2,54.2,13
2026-08-21T21:16:51Z,celmis-sandbox,0.03,58.2,3072.0,1.89,0.0,0.0,18.0,0.0,3
2026-08-21T21:16:51Z,celmis-qdrant,0.07,178.2,6928.38,2.57,0.06,0.04,71.3,0.0,25
2026-08-21T21:16:58Z,celmis-web,0.00,82.43,6928.38,1.19,0.36,0.63,10.3,0.0,12
2026-08-21T21:16:58Z,celmis-api,0.50,328.4,6928.38,4.74,17.6,14.8,31.8,615.0,16
2026-08-21T21:16:58Z,celmis-postgres,0.08,39.64,6928.38,0.57,26.9,16.1,43.2,54.2,13
2026-08-21T21:16:58Z,celmis-sandbox,0.03,58.2,3072.0,1.89,0.0,0.0,18.0,0.0,3
2026-08-21T21:16:58Z,celmis-qdrant,0.07,178.2,6928.38,2.57,0.06,0.04,71.3,0.0,25
2026-08-21T21:17:05Z,celmis-web,0.01,82.12,6928.38,1.19,0.36,0.63,10.3,0.0,12
2026-08-21T21:17:05Z,celmis-api,3.04,328.8,6928.38,4.74,17.6,14.8,31.8,615.0,16
2026-08-21T21:17:05Z,celmis-postgres,0.03,39.89,6928.38,0.58,26.9,16.1,43.2,54.2,13
2026-08-21T21:17:05Z,celmis-sandbox,0.03,58.2,3072.0,1.89,0.0,0.0,18.0,0.0,3
2026-08-21T21:17:05Z,celmis-qdrant,0.08,178.3,6928.38,2.57,0.06,0.04,71.3,0.0,25
2026-08-21T21:17:13Z,celmis-web,0.01,82.12,6928.38,1.19,0.36,0.63,10.3,0.0,12
2026-08-21T21:17:13Z,celmis-api,0.37,329.1,6928.38,4.75,17.6,14.8,31.8,615.0,15
2026-08-21T21:17:13Z,celmis-postgres,0.15,40.04,6928.38,0.58,26.9,16.1,43.2,54.2,13
2026-08-21T21:17:13Z,celmis-sandbox,0.03,58.2,3072.0,1.89,0.0,0.0,18.0,0.0,3
2026-08-21T21:17:13Z,celmis-qdrant,0.09,178.3,6928.38,2.57,0.06,0.04,71.3,0.0,25
2026-08-21T21:17:21Z,celmis-web,0.01,82.39,6928.38,1.19,0.36,0.63,10.3,0.0,12
2026-08-21T21:17:21Z,celmis-api,1.66,329.1,6928.38,4.75,17.6,14.8,31.8,615.0,15
2026-08-21T21:17:21Z,celmis-postgres,0.00,39.94,6928.38,0.58,26.9,16.1,43.2,54.2,13
2026-08-21T21:17:21Z,celmis-sandbox,0.04,58.38,3072.0,1.90,0.0,0.0,18.0,0.0,3
2026-08-21T21:17:21Z,celmis-qdrant,0.99,178.3,6928.38,2.57,0.06,0.04,71.3,0.0,25
2026-08-21T21:17:28Z,celmis-web,0.01,82.39,6928.38,1.19,0.36,0.63,10.3,0.0,12
2026-08-21T21:17:28Z,celmis-api,0.25,329.1,6928.38,4.75,17.6,14.8,31.8,615.0,15
2026-08-21T21:17:28Z,celmis-postgres,0.03,39.89,6928.38,0.58,26.9,16.1,43.2,54.3,13
2026-08-21T21:17:28Z,celmis-sandbox,0.03,58.38,3072.0,1.90,0.0,0.0,18.0,0.0,3
2026-08-21T21:17:28Z,celmis-qdrant,0.09,178.2,6928.38,2.57,0.06,0.04,71.3,0.0,25
2026-08-21T21:17:35Z,celmis-web,0.01,82.81,6928.38,1.20,0.36,0.63,10.3,0.0,12
2026-08-21T21:17:35Z,celmis-api,0.29,328.6,6928.38,4.74,17.6,14.8,31.8,615.0,15
2026-08-21T21:17:35Z,celmis-postgres,0.00,39.7,6928.38,0.57,27.0,16.1,43.2,54.3,13
2026-08-21T21:17:35Z,celmis-sandbox,0.03,58.38,3072.0,1.90,0.0,0.0,18.0,0.0,3
2026-08-21T21:17:35Z,celmis-qdrant,1.37,178.1,6928.38,2.57,0.06,0.04,71.3,0.0,25
2026-08-21T21:17:43Z,celmis-web,0.00,82.81,6928.38,1.20,0.36,0.63,10.3,0.0,12
2026-08-21T21:17:43Z,celmis-api,0.54,328.6,6928.38,4.74,17.6,14.8,31.8,615.0,15
2026-08-21T21:17:43Z,celmis-postgres,0.18,39.73,6928.38,0.57,27.0,16.1,43.2,54.3,13
2026-08-21T21:17:43Z,celmis-sandbox,0.03,58.38,3072.0,1.90,0.0,0.0,18.0,0.0,3
2026-08-21T21:17:43Z,celmis-qdrant,0.07,178.1,6928.38,2.57,0.06,0.04,71.3,0.0,25
2026-08-21T21:17:51Z,celmis-web,0.01,82.57,6928.38,1.19,0.36,0.63,10.3,0.0,12
2026-08-21T21:17:51Z,celmis-api,1.57,329.0,6928.38,4.75,17.6,14.8,31.8,615.0,15
2026-08-21T21:17:51Z,celmis-postgres,0.70,39.78,6928.38,0.57,27.0,16.1,43.2,54.3,13
2026-08-21T21:17:51Z,celmis-sandbox,0.03,58.55,3072.0,1.91,0.0,0.0,18.0,0.0,3
2026-08-21T21:17:51Z,celmis-qdrant,0.79,178.3,6928.38,2.57,0.06,0.04,71.3,0.0,25
2026-08-21T21:17:58Z,celmis-web,0.01,82.57,6928.38,1.19,0.36,0.63,10.3,0.0,12
2026-08-21T21:17:58Z,celmis-api,0.26,329.0,6928.38,4.75,17.6,14.8,31.8,615.0,15
2026-08-21T21:17:58Z,celmis-postgres,0.00,39.96,6928.38,0.58,27.0,16.1,43.2,54.3,13
2026-08-21T21:17:58Z,celmis-sandbox,0.02,58.55,3072.0,1.91,0.0,0.0,18.0,0.0,3
2026-08-21T21:17:58Z,celmis-qdrant,0.12,178.3,6928.38,2.57,0.06,0.04,71.3,0.0,25
2026-08-21T21:18:05Z,celmis-web,0.01,82.47,6928.38,1.19,0.36,0.63,10.3,0.0,12
2026-08-21T21:18:05Z,celmis-api,0.27,329.0,6928.38,4.75,17.6,14.8,31.8,615.0,15
2026-08-21T21:18:05Z,celmis-postgres,1.87,39.94,6928.38,0.58,27.0,16.1,43.2,54.3,13
2026-08-21T21:18:05Z,celmis-sandbox,0.03,58.55,3072.0,1.91,0.0,0.0,18.0,0.0,3
2026-08-21T21:18:05Z,celmis-qdrant,1.31,178.2,6928.38,2.57,0.06,0.04,71.3,0.0,25
2026-08-21T21:18:13Z,celmis-web,0.01,82.47,6928.38,1.19,0.36,0.63,10.3,0.0,12
2026-08-21T21:18:13Z,celmis-api,0.61,329.2,6928.38,4.75,17.6,14.8,31.8,615.0,15
2026-08-21T21:18:13Z,celmis-postgres,0.04,39.86,6928.38,0.58,27.0,16.1,43.2,54.3,13
2026-08-21T21:18:13Z,celmis-sandbox,0.03,58.55,3072.0,1.91,0.0,0.0,18.0,0.0,3
2026-08-21T21:18:13Z,celmis-qdrant,0.09,178.2,6928.38,2.57,0.06,0.04,71.3,0.0,25
2026-08-21T21:18:21Z,celmis-web,0.01,82.82,6928.38,1.20,0.36,0.63,10.3,0.0,12
2026-08-21T21:18:21Z,celmis-api,1.56,329.1,6928.38,4.75,17.6,14.9,31.8,615.0,15
2026-08-21T21:18:21Z,celmis-postgres,0.00,39.72,6928.38,0.57,27.0,16.1,43.2,54.3,13
2026-08-21T21:18:21Z,celmis-sandbox,0.03,58.48,3072.0,1.90,0.0,0.0,18.0,0.0,3
2026-08-21T21:18:21Z,celmis-qdrant,0.86,178.3,6928.38,2.57,0.06,0.04,71.3,0.0,25
2026-08-21T21:18:28Z,celmis-web,0.01,82.82,6928.38,1.20,0.36,0.63,10.3,0.0,12
2026-08-21T21:18:28Z,celmis-api,0.82,328.9,6928.38,4.75,17.6,14.9,31.8,615.0,15
2026-08-21T21:18:28Z,celmis-postgres,0.00,39.94,6928.38,0.58,27.0,16.1,43.2,54.3,13
2026-08-21T21:18:28Z,celmis-sandbox,0.03,58.48,3072.0,1.90,0.0,0.0,18.0,0.0,3
2026-08-21T21:18:28Z,celmis-qdrant,0.05,178.3,6928.38,2.57,0.06,0.04,71.3,0.0,25
2026-08-21T21:18:35Z,celmis-web,0.00,82.39,6928.38,1.19,0.36,0.63,10.3,0.0,12
2026-08-21T21:18:35Z,celmis-api,0.26,329.3,6928.38,4.75,17.6,14.9,31.8,615.0,15
2026-08-21T21:18:35Z,celmis-postgres,0.03,39.75,6928.38,0.57,27.0,16.1,43.2,54.4,13
2026-08-21T21:18:35Z,celmis-sandbox,0.02,58.48,3072.0,1.90,0.0,0.0,18.0,0.0,3
2026-08-21T21:18:35Z,celmis-qdrant,0.08,178.5,6928.38,2.58,0.06,0.04,71.3,0.0,25
2026-08-21T21:18:43Z,celmis-web,0.00,82.39,6928.38,1.19,0.36,0.63,10.3,0.0,12
2026-08-21T21:18:43Z,celmis-api,0.56,329.3,6928.38,4.75,17.7,14.9,31.8,615.0,15
2026-08-21T21:18:43Z,celmis-postgres,0.03,39.81,6928.38,0.57,27.0,16.1,43.2,54.4,13
2026-08-21T21:18:43Z,celmis-sandbox,0.02,58.48,3072.0,1.90,0.0,0.0,18.0,0.0,3
2026-08-21T21:18:43Z,celmis-qdrant,0.09,178.5,6928.38,2.58,0.06,0.04,71.3,0.0,25
2026-08-21T21:18:51Z,celmis-web,0.01,82.4,6928.38,1.19,0.36,0.63,10.3,0.0,12
2026-08-21T21:18:51Z,celmis-api,1.51,329.3,6928.38,4.75,17.7,14.9,31.8,615.0,15
2026-08-21T21:18:51Z,celmis-postgres,2.41,39.9,6928.38,0.58,27.0,16.1,43.2,54.4,13
2026-08-21T21:18:51Z,celmis-sandbox,0.02,58.66,3072.0,1.91,0.0,0.0,18.0,0.0,3
2026-08-21T21:18:51Z,celmis-qdrant,0.78,178.4,6928.38,2.57,0.06,0.04,71.3,0.0,25
2026-08-21T21:18:58Z,celmis-web,0.00,82.4,6928.38,1.19,0.36,0.63,10.3,0.0,12
2026-08-21T21:18:58Z,celmis-api,0.28,329.2,6928.38,4.75,17.7,14.9,31.8,615.0,15
2026-08-21T21:18:58Z,celmis-postgres,0.00,40.07,6928.38,0.58,27.0,16.1,43.2,54.4,13
2026-08-21T21:18:58Z,celmis-sandbox,0.03,58.66,3072.0,1.91,0.0,0.0,18.0,0.0,3
2026-08-21T21:18:58Z,celmis-qdrant,0.10,178.4,6928.38,2.57,0.06,0.04,71.3,0.0,25
2026-08-21T21:19:04Z,celmis-web,0.00,82.51,6928.38,1.19,0.36,0.63,10.3,0.0,12
2026-08-21T21:19:04Z,celmis-api,2.47,329.4,6928.38,4.75,17.7,14.9,31.8,615.0,15
2026-08-21T21:19:04Z,celmis-postgres,0.08,40.07,6928.38,0.58,27.0,16.1,43.2,54.4,13
2026-08-21T21:19:04Z,celmis-sandbox,0.04,58.66,3072.0,1.91,0.0,0.0,18.0,0.0,3
2026-08-21T21:19:04Z,celmis-qdrant,1.25,178.4,6928.38,2.57,0.06,0.04,71.3,0.0,25
2026-08-21T21:19:12Z,celmis-web,0.01,82.51,6928.38,1.19,0.36,0.63,10.3,0.0,12
2026-08-21T21:19:12Z,celmis-api,0.33,329.0,6928.38,4.75,17.7,14.9,31.8,615.0,15
2026-08-21T21:19:12Z,celmis-postgres,0.03,39.89,6928.38,0.58,27.0,16.1,43.2,54.4,13
2026-08-21T21:19:12Z,celmis-sandbox,0.03,58.66,3072.0,1.91,0.0,0.0,18.0,0.0,3
2026-08-21T21:19:12Z,celmis-qdrant,0.10,178.3,6928.38,2.57,0.06,0.04,71.3,0.0,25
2026-08-21T21:19:19Z,celmis-web,0.01,82.51,6928.38,1.19,0.36,0.63,10.3,0.0,12
2026-08-21T21:19:19Z,celmis-api,0.59,329.0,6928.38,4.75,17.7,14.9,31.8,615.0,15
2026-08-21T21:19:19Z,celmis-postgres,0.00,39.76,6928.38,0.57,27.0,16.2,43.2,54.4,13
2026-08-21T21:19:19Z,celmis-sandbox,0.05,58.33,3072.0,1.90,0.0,0.0,18.0,0.0,3
2026-08-21T21:19:19Z,celmis-qdrant,0.10,178.3,6928.38,2.57,0.06,0.04,71.3,0.0,25
2026-08-21T21:19:26Z,celmis-web,0.00,82.49,6928.38,1.19,0.36,0.63,10.3,0.0,12
2026-08-21T21:19:26Z,celmis-api,0.25,328.9,6928.38,4.75,17.7,14.9,31.8,615.0,15
2026-08-21T21:19:26Z,celmis-postgres,0.00,39.78,6928.38,0.57,27.0,16.2,43.2,54.4,13
2026-08-21T21:19:26Z,celmis-sandbox,0.08,58.33,3072.0,1.90,0.0,0.0,18.0,0.0,3
2026-08-21T21:19:26Z,celmis-qdrant,0.10,178.5,6928.38,2.58,0.06,0.04,71.3,0.0,25
2026-08-21T21:19:34Z,celmis-web,0.00,82.5,6928.38,1.19,0.36,0.63,10.3,0.0,12
2026-08-21T21:19:34Z,celmis-api,0.54,329.1,6928.38,4.75,17.7,14.9,31.8,615.0,15
2026-08-21T21:19:34Z,celmis-postgres,0.08,39.8,6928.38,0.57,27.0,16.2,43.2,54.4,13
2026-08-21T21:19:34Z,celmis-sandbox,0.02,58.33,3072.0,1.90,0.0,0.0,18.0,0.0,3
2026-08-21T21:19:34Z,celmis-qdrant,0.06,178.5,6928.38,2.58,0.06,0.04,71.3,0.0,25
2026-08-21T21:19:42Z,celmis-web,0.00,82.43,6928.38,1.19,0.36,0.63,10.3,0.0,12
2026-08-21T21:19:42Z,celmis-api,0.30,329.0,6928.38,4.75,17.7,14.9,31.8,615.0,15
2026-08-21T21:19:42Z,celmis-postgres,0.03,39.95,6928.38,0.58,27.0,16.2,43.2,54.4,13
2026-08-21T21:19:42Z,celmis-sandbox,0.03,58.33,3072.0,1.90,0.0,0.0,18.0,0.0,3
2026-08-21T21:19:42Z,celmis-qdrant,0.09,178.4,6928.38,2.57,0.06,0.04,71.3,0.0,25
2026-08-21T21:19:49Z,celmis-web,0.01,82.52,6928.38,1.19,0.36,0.63,10.3,0.0,12
2026-08-21T21:19:49Z,celmis-api,0.52,328.9,6928.38,4.75,17.7,14.9,31.8,615.0,15
2026-08-21T21:19:49Z,celmis-postgres,0.10,39.81,6928.38,0.57,27.0,16.2,43.2,54.4,13
2026-08-21T21:19:49Z,celmis-sandbox,0.05,58.5,3072.0,1.90,0.0,0.0,18.0,0.0,3
2026-08-21T21:19:49Z,celmis-qdrant,0.05,178.4,6928.38,2.57,0.06,0.04,71.3,0.0,25
2026-08-21T21:19:56Z,celmis-web,0.01,82.52,6928.38,1.19,0.36,0.63,10.3,0.0,12
2026-08-21T21:19:56Z,celmis-api,0.29,329.1,6928.38,4.75,17.7,14.9,31.8,615.0,15
2026-08-21T21:19:56Z,celmis-postgres,2.06,39.92,6928.38,0.58,27.0,16.2,43.2,54.4,13
2026-08-21T21:19:56Z,celmis-sandbox,0.03,58.5,3072.0,1.90,0.0,0.0,18.0,0.0,3
2026-08-21T21:19:56Z,celmis-qdrant,0.10,178.0,6928.38,2.57,0.06,0.04,71.3,0.0,25
2026-08-21T21:20:04Z,celmis-web,0.02,82.58,6928.38,1.19,0.36,0.63,10.3,0.0,12
2026-08-21T21:20:04Z,celmis-api,0.56,329.1,6928.38,4.75,17.7,14.9,31.8,615.0,15
2026-08-21T21:20:04Z,celmis-postgres,0.08,39.83,6928.38,0.57,27.0,16.2,43.2,54.4,13
2026-08-21T21:20:04Z,celmis-sandbox,0.03,58.5,3072.0,1.90,0.0,0.0,18.0,0.0,3
2026-08-21T21:20:04Z,celmis-qdrant,0.10,178.0,6928.38,2.57,0.06,0.04,71.3,0.0,25
2026-08-21T21:20:12Z,celmis-web,0.01,82.54,6928.38,1.19,0.36,0.63,10.3,0.0,12
2026-08-21T21:20:12Z,celmis-api,0.30,329.2,6928.38,4.75,17.7,14.9,31.8,615.0,15
2026-08-21T21:20:12Z,celmis-postgres,0.03,39.64,6928.38,0.57,27.0,16.2,43.2,54.4,13
2026-08-21T21:20:12Z,celmis-sandbox,0.03,58.5,3072.0,1.90,0.0,0.0,18.0,0.0,3
2026-08-21T21:20:12Z,celmis-qdrant,0.10,178.2,6928.38,2.57,0.06,0.04,71.3,0.0,25
2026-08-21T21:20:19Z,celmis-web,0.02,82.63,6928.38,1.19,0.36,0.63,10.3,0.0,12
2026-08-21T21:20:19Z,celmis-api,0.56,329.2,6928.38,4.75,17.7,14.9,31.8,615.0,15
2026-08-21T21:20:19Z,celmis-postgres,0.10,39.87,6928.38,0.58,27.0,16.2,43.2,54.4,13
2026-08-21T21:20:19Z,celmis-sandbox,0.05,58.68,3072.0,1.91,0.0,0.0,18.0,0.0,3
2026-08-21T21:20:19Z,celmis-qdrant,0.07,178.2,6928.38,2.57,0.06,0.04,71.3,0.0,25
2026-08-21T21:20:26Z,celmis-web,0.01,82.63,6928.38,1.19,0.36,0.63,10.3,0.0,12
2026-08-21T21:20:26Z,celmis-api,0.29,329.1,6928.38,4.75,17.7,14.9,31.8,615.0,15
2026-08-21T21:20:26Z,celmis-postgres,0.03,40.16,6928.38,0.58,27.0,16.2,43.2,54.4,13
2026-08-21T21:20:26Z,celmis-sandbox,0.03,58.68,3072.0,1.91,0.0,0.0,18.0,0.0,3
2026-08-21T21:20:26Z,celmis-qdrant,0.09,178.3,6928.38,2.57,0.06,0.04,71.3,0.0,25
2026-08-21T21:20:34Z,celmis-web,0.03,82.66,6928.38,1.19,0.36,0.63,10.3,0.0,12
2026-08-21T21:20:34Z,celmis-api,0.58,329.3,6928.38,4.75,17.7,14.9,31.8,615.0,15
2026-08-21T21:20:34Z,celmis-postgres,0.08,39.88,6928.38,0.58,27.0,16.2,43.2,54.4,13
2026-08-21T21:20:34Z,celmis-sandbox,0.03,58.68,3072.0,1.91,0.0,0.0,18.0,0.0,3
2026-08-21T21:20:34Z,celmis-qdrant,0.06,178.3,6928.38,2.57,0.06,0.04,71.3,0.0,25
2026-08-21T21:20:42Z,celmis-web,0.00,82.65,6928.38,1.19,0.36,0.63,10.3,0.0,12
2026-08-21T21:20:42Z,celmis-api,0.25,329.0,6928.38,4.75,17.7,14.9,31.8,615.0,15
2026-08-21T21:20:42Z,celmis-postgres,1.55,39.61,6928.38,0.57,27.0,16.2,43.2,54.4,13
2026-08-21T21:20:42Z,celmis-sandbox,0.03,58.68,3072.0,1.91,0.0,0.0,18.0,0.0,3
2026-08-21T21:20:42Z,celmis-qdrant,0.07,178.2,6928.38,2.57,0.06,0.04,71.3,0.0,25
2026-08-21T21:20:49Z,celmis-web,1.69,82.45,6928.38,1.19,0.36,0.63,10.3,0.0,12
2026-08-21T21:20:49Z,celmis-api,1.18,328.9,6928.38,4.75,17.7,14.9,31.8,615.0,15
2026-08-21T21:20:49Z,celmis-postgres,0.00,39.8,6928.38,0.57,27.0,16.2,43.2,54.4,13
2026-08-21T21:20:49Z,celmis-sandbox,13.23,58.8,3072.0,1.91,0.0,0.0,18.0,0.0,3
2026-08-21T21:20:49Z,celmis-qdrant,0.06,178.2,6928.38,2.57,0.06,0.04,71.3,0.0,25
2026-08-21T21:20:56Z,celmis-web,0.01,82.38,6928.38,1.19,0.36,0.63,10.3,0.0,12
2026-08-21T21:20:56Z,celmis-api,0.27,329.0,6928.38,4.75,17.7,14.9,31.8,615.0,15
2026-08-21T21:20:56Z,celmis-postgres,0.00,39.64,6928.38,0.57,27.0,16.2,43.2,54.4,13
2026-08-21T21:20:56Z,celmis-sandbox,0.03,58.8,3072.0,1.91,0.0,0.0,18.0,0.0,3
2026-08-21T21:20:56Z,celmis-qdrant,0.10,178.4,6928.38,2.57,0.06,0.04,71.3,0.0,25
2026-08-21T21:21:04Z,celmis-web,0.02,82.58,6928.38,1.19,0.36,0.63,10.3,0.0,12
2026-08-21T21:21:04Z,celmis-api,0.58,329.0,6928.38,4.75,17.7,14.9,31.8,615.0,15
2026-08-21T21:21:04Z,celmis-postgres,0.13,39.86,6928.38,0.58,27.0,16.2,43.2,54.4,13
2026-08-21T21:21:04Z,celmis-sandbox,0.03,58.8,3072.0,1.91,0.0,0.0,18.0,0.0,3
2026-08-21T21:21:04Z,celmis-qdrant,0.07,178.4,6928.38,2.57,0.06,0.04,71.3,0.0,25
2026-08-21T21:21:12Z,celmis-web,0.00,82.54,6928.38,1.19,0.36,0.63,10.3,0.0,12
2026-08-21T21:21:12Z,celmis-api,0.25,329.1,6928.38,4.75,17.7,14.9,31.8,615.0,15
2026-08-21T21:21:12Z,celmis-postgres,1.71,39.86,6928.38,0.58,27.0,16.2,43.2,54.4,13
2026-08-21T21:21:12Z,celmis-sandbox,0.03,58.8,3072.0,1.91,0.0,0.0,18.0,0.0,3
2026-08-21T21:21:12Z,celmis-qdrant,0.07,178.3,6928.38,2.57,0.06,0.04,71.3,0.0,25
2026-08-21T21:21:19Z,celmis-web,0.02,82.54,6928.38,1.19,0.36,0.63,10.3,0.0,12
2026-08-21T21:21:19Z,celmis-api,0.52,329.1,6928.38,4.75,17.7,14.9,31.8,615.0,15
2026-08-21T21:21:19Z,celmis-postgres,0.08,40.18,6928.38,0.58,27.0,16.2,43.2,54.4,13
2026-08-21T21:21:19Z,celmis-sandbox,0.04,58.47,3072.0,1.90,0.0,0.0,18.0,0.0,3
2026-08-21T21:21:19Z,celmis-qdrant,0.06,178.3,6928.38,2.57,0.06,0.04,71.3,0.0,25
2026-08-21T21:21:26Z,celmis-web,0.00,82.46,6928.38,1.19,0.36,0.63,10.3,0.0,12
2026-08-21T21:21:26Z,celmis-api,0.26,329.2,6928.38,4.75,17.7,14.9,31.8,615.0,15
2026-08-21T21:21:26Z,celmis-postgres,0.00,40.18,6928.38,0.58,27.0,16.2,43.2,54.4,13
2026-08-21T21:21:26Z,celmis-sandbox,0.03,58.47,3072.0,1.90,0.0,0.0,18.0,0.0,3
2026-08-21T21:21:26Z,celmis-qdrant,0.10,178.5,6928.38,2.58,0.06,0.04,71.3,0.0,25
2026-08-21T21:21:33Z,celmis-web,1.83,82.3,6928.38,1.19,0.36,0.63,10.3,0.0,12
2026-08-21T21:21:33Z,celmis-api,0.48,329.1,6928.38,4.75,17.7,14.9,31.8,615.0,15
2026-08-21T21:21:33Z,celmis-postgres,0.12,39.73,6928.38,0.57,27.0,16.2,43.2,54.5,13
2026-08-21T21:21:33Z,celmis-sandbox,0.03,58.47,3072.0,1.90,0.0,0.0,18.0,0.0,3
2026-08-21T21:21:33Z,celmis-qdrant,0.08,178.5,6928.38,2.58,0.06,0.04,71.3,0.0,25
2026-08-21T21:21:41Z,celmis-web,0.01,82.24,6928.38,1.19,0.36,0.63,10.3,0.0,12
2026-08-21T21:21:41Z,celmis-api,0.25,329.0,6928.38,4.75,17.7,14.9,31.8,615.0,15
2026-08-21T21:21:41Z,celmis-postgres,0.02,40.05,6928.38,0.58,27.0,16.2,43.2,54.5,13
2026-08-21T21:21:41Z,celmis-sandbox,0.03,58.47,3072.0,1.90,0.0,0.0,18.0,0.0,3
2026-08-21T21:21:41Z,celmis-qdrant,0.07,178.4,6928.38,2.57,0.06,0.04,71.3,0.0,25
2026-08-21T21:21:48Z,celmis-web,0.01,82.24,6928.38,1.19,0.36,0.63,10.3,0.0,12
2026-08-21T21:21:48Z,celmis-api,0.26,329.0,6928.38,4.75,17.7,14.9,31.8,615.0,15
2026-08-21T21:21:48Z,celmis-postgres,0.00,39.97,6928.38,0.58,27.0,16.2,43.2,54.5,13
2026-08-21T21:21:48Z,celmis-sandbox,14.77,71.33,3072.0,2.32,0.0,0.0,18.0,0.0,4
2026-08-21T21:21:48Z,celmis-qdrant,0.07,178.4,6928.38,2.57,0.06,0.04,71.3,0.0,25
2026-08-21T21:21:55Z,celmis-web,0.01,82.43,6928.38,1.19,0.36,0.63,10.3,0.0,12
2026-08-21T21:21:55Z,celmis-api,0.28,329.0,6928.38,4.75,17.7,14.9,31.8,615.0,15
2026-08-21T21:21:55Z,celmis-postgres,0.00,39.79,6928.38,0.57,27.0,16.2,43.2,54.5,13
2026-08-21T21:21:55Z,celmis-sandbox,0.03,58.64,3072.0,1.91,0.0,0.0,18.0,0.0,3
2026-08-21T21:21:55Z,celmis-qdrant,0.11,178.2,6928.38,2.57,0.06,0.04,71.3,0.0,25
2026-08-21T21:22:03Z,celmis-web,2.92,82.91,6928.38,1.20,0.36,0.63,10.3,0.0,12
2026-08-21T21:22:03Z,celmis-api,0.29,329.0,6928.38,4.75,17.7,14.9,31.8,615.0,15
2026-08-21T21:22:03Z,celmis-postgres,0.05,39.71,6928.38,0.57,27.0,16.2,43.2,54.5,13
2026-08-21T21:22:03Z,celmis-sandbox,0.03,58.64,3072.0,1.91,0.0,0.0,18.0,0.0,3
2026-08-21T21:22:03Z,celmis-qdrant,0.07,178.2,6928.38,2.57,0.06,0.04,71.3,0.0,25
2026-08-21T21:22:11Z,celmis-web,0.03,82.79,6928.38,1.19,0.36,0.63,10.3,0.0,12
2026-08-21T21:22:11Z,celmis-api,0.23,329.4,6928.38,4.75,17.7,14.9,31.8,615.0,15
2026-08-21T21:22:11Z,celmis-postgres,1.11,39.59,6928.38,0.57,27.0,16.2,43.2,54.5,13
2026-08-21T21:22:11Z,celmis-sandbox,0.05,58.64,3072.0,1.91,0.0,0.0,18.0,0.0,3
2026-08-21T21:22:11Z,celmis-qdrant,0.08,178.3,6928.38,2.57,0.06,0.04,71.3,0.0,25
2026-08-21T21:22:18Z,celmis-web,0.01,82.79,6928.38,1.19,0.36,0.63,10.3,0.0,12
2026-08-21T21:22:18Z,celmis-api,0.26,329.3,6928.38,4.75,17.7,14.9,31.8,615.0,15
2026-08-21T21:22:18Z,celmis-postgres,0.00,39.78,6928.38,0.57,27.0,16.2,43.2,54.5,13
2026-08-21T21:22:18Z,celmis-sandbox,0.05,58.89,3072.0,1.92,0.0,0.0,18.0,0.0,9
2026-08-21T21:22:18Z,celmis-qdrant,0.06,178.3,6928.38,2.57,0.06,0.04,71.3,0.0,25
2026-08-21T21:22:25Z,celmis-web,0.01,82.5,6928.38,1.19,0.36,0.63,10.3,0.0,12
2026-08-21T21:22:25Z,celmis-api,0.27,329.3,6928.38,4.75,17.7,14.9,31.8,615.0,15
2026-08-21T21:22:25Z,celmis-postgres,0.04,40.03,6928.38,0.58,27.0,16.2,43.2,54.6,13
2026-08-21T21:22:25Z,celmis-sandbox,0.03,59.07,3072.0,1.92,0.0,0.0,18.0,0.0,3
2026-08-21T21:22:25Z,celmis-qdrant,0.08,178.2,6928.38,2.57,0.06,0.04,71.3,0.0,25
2026-08-21T21:22:33Z,celmis-web,0.00,82.5,6928.38,1.19,0.36,0.63,10.3,0.0,12
2026-08-21T21:22:33Z,celmis-api,0.27,329.5,6928.38,4.76,17.7,14.9,31.8,615.0,15
2026-08-21T21:22:33Z,celmis-postgres,0.03,39.84,6928.38,0.57,27.0,16.2,43.2,54.6,13
2026-08-21T21:22:33Z,celmis-sandbox,0.02,59.07,3072.0,1.92,0.0,0.0,18.0,0.0,3
2026-08-21T21:22:33Z,celmis-qdrant,0.08,178.2,6928.38,2.57,0.06,0.04,71.3,0.0,25
2026-08-21T21:22:41Z,celmis-web,0.00,82.52,6928.38,1.19,0.36,0.63,10.3,0.0,12
2026-08-21T21:22:41Z,celmis-api,0.21,328.9,6928.38,4.75,17.7,14.9,31.8,615.0,15
2026-08-21T21:22:41Z,celmis-postgres,0.03,39.81,6928.38,0.57,27.0,16.2,43.2,54.6,13
2026-08-21T21:22:41Z,celmis-sandbox,0.02,59.07,3072.0,1.92,0.0,0.0,18.0,0.0,3
2026-08-21T21:22:41Z,celmis-qdrant,0.09,178.4,6928.38,2.57,0.06,0.04,71.3,0.0,25
2026-08-21T21:22:48Z,celmis-web,0.01,82.52,6928.38,1.19,0.36,0.63,10.3,0.0,12
2026-08-21T21:22:48Z,celmis-api,0.23,328.9,6928.38,4.75,17.7,14.9,31.8,615.0,15
2026-08-21T21:22:48Z,celmis-postgres,0.00,39.82,6928.38,0.57,27.0,16.2,43.2,54.6,13
2026-08-21T21:22:48Z,celmis-sandbox,0.03,59.07,3072.0,1.92,0.0,0.0,18.0,0.0,3
2026-08-21T21:22:48Z,celmis-qdrant,0.07,178.4,6928.38,2.57,0.06,0.04,71.3,0.0,25
2026-08-21T21:22:55Z,celmis-web,0.01,82.35,6928.38,1.19,0.36,0.63,10.3,0.0,12
2026-08-21T21:22:55Z,celmis-api,0.54,328.9,6928.38,4.75,17.7,14.9,31.8,615.0,15
2026-08-21T21:22:55Z,celmis-postgres,0.00,39.89,6928.38,0.58,27.0,16.2,43.2,54.6,13
2026-08-21T21:22:55Z,celmis-sandbox,0.03,58.59,3072.0,1.91,0.0,0.0,18.0,0.0,3
2026-08-21T21:22:55Z,celmis-qdrant,0.14,178.5,6928.38,2.58,0.06,0.04,71.3,0.0,25
2026-08-21T21:23:03Z,celmis-web,3.41,82.64,6928.38,1.19,0.36,0.63,10.3,0.0,12
2026-08-21T21:23:03Z,celmis-api,0.25,328.9,6928.38,4.75,17.7,14.9,31.8,615.0,15
2026-08-21T21:23:03Z,celmis-postgres,1.39,40.12,6928.38,0.58,27.0,16.2,43.2,54.6,13
2026-08-21T21:23:03Z,celmis-sandbox,0.03,58.59,3072.0,1.91,0.0,0.0,18.0,0.0,3
2026-08-21T21:23:03Z,celmis-qdrant,0.07,178.5,6928.38,2.58,0.06,0.04,71.3,0.0,25
2026-08-21T21:23:11Z,celmis-web,0.01,82.48,6928.38,1.19,0.36,0.63,10.3,0.0,12
2026-08-21T21:23:11Z,celmis-api,0.96,329.1,6928.38,4.75,17.7,14.9,31.8,615.0,15
2026-08-21T21:23:11Z,celmis-postgres,0.63,40.25,6928.38,0.58,27.1,16.2,43.2,54.6,13
2026-08-21T21:23:11Z,celmis-sandbox,0.03,58.59,3072.0,1.91,0.0,0.0,18.0,0.0,3
2026-08-21T21:23:11Z,celmis-qdrant,0.09,178.5,6928.38,2.58,0.06,0.04,71.3,0.0,25
2026-08-21T21:23:18Z,celmis-web,0.01,82.48,6928.38,1.19,0.36,0.63,10.3,0.0,12
2026-08-21T21:23:18Z,celmis-api,0.24,329.0,6928.38,4.75,17.7,14.9,31.8,615.0,15
2026-08-21T21:23:18Z,celmis-postgres,1.59,39.7,6928.38,0.57,27.1,16.2,43.2,54.6,13
2026-08-21T21:23:18Z,celmis-sandbox,0.03,58.59,3072.0,1.91,0.0,0.0,18.0,0.0,3
2026-08-21T21:23:18Z,celmis-qdrant,0.07,178.5,6928.38,2.58,0.06,0.04,71.3,0.0,25
2026-08-21T21:23:25Z,celmis-web,0.01,82.72,6928.38,1.19,0.36,0.63,10.3,0.0,12
2026-08-21T21:23:25Z,celmis-api,0.26,329.3,6928.38,4.75,17.7,14.9,31.8,615.0,15
2026-08-21T21:23:25Z,celmis-postgres,0.09,39.65,6928.38,0.57,27.1,16.2,43.2,54.6,13
2026-08-21T21:23:25Z,celmis-sandbox,0.03,58.52,3072.0,1.90,0.0,0.0,18.0,0.0,3
2026-08-21T21:23:25Z,celmis-qdrant,0.08,178.4,6928.38,2.57,0.06,0.04,71.3,0.0,25
2026-08-21T21:23:33Z,celmis-web,1.35,84.46,6928.38,1.22,0.36,0.63,10.3,0.0,13
2026-08-21T21:23:33Z,celmis-api,0.25,329.1,6928.38,4.75,17.7,14.9,31.8,615.0,15
2026-08-21T21:23:33Z,celmis-postgres,0.03,39.71,6928.38,0.57,27.1,16.2,43.2,54.6,13
2026-08-21T21:23:33Z,celmis-sandbox,0.03,58.52,3072.0,1.90,0.0,0.0,18.0,0.0,3
2026-08-21T21:23:33Z,celmis-qdrant,0.08,178.4,6928.38,2.57,0.06,0.04,71.3,0.0,25
2026-08-21T21:23:41Z,celmis-web,0.01,82.66,6928.38,1.19,0.36,0.63,10.3,0.0,12
2026-08-21T21:23:41Z,celmis-api,0.23,329.1,6928.38,4.75,17.7,14.9,31.8,615.0,15
2026-08-21T21:23:41Z,celmis-postgres,0.03,39.95,6928.38,0.58,27.1,16.2,43.2,54.6,13
2026-08-21T21:23:41Z,celmis-sandbox,0.03,58.52,3072.0,1.90,0.0,0.0,18.0,0.0,3
2026-08-21T21:23:41Z,celmis-qdrant,0.08,178.3,6928.38,2.57,0.06,0.04,71.3,0.0,25
2026-08-21T21:23:48Z,celmis-web,0.01,82.66,6928.38,1.19,0.36,0.63,10.3,0.0,12
2026-08-21T21:23:48Z,celmis-api,0.27,329.1,6928.38,4.75,17.7,14.9,31.8,615.0,15
2026-08-21T21:23:48Z,celmis-postgres,0.00,39.96,6928.38,0.58,27.1,16.2,43.2,54.6,13
2026-08-21T21:23:48Z,celmis-sandbox,0.03,58.52,3072.0,1.90,0.0,0.0,18.0,0.0,3
2026-08-21T21:23:48Z,celmis-qdrant,0.06,178.3,6928.38,2.57,0.06,0.04,71.3,0.0,25
2026-08-21T21:23:55Z,celmis-web,0.01,82.57,6928.38,1.19,0.36,0.63,10.3,0.0,12
2026-08-21T21:23:55Z,celmis-api,0.27,328.9,6928.38,4.75,17.7,15.0,31.8,615.0,15
2026-08-21T21:23:55Z,celmis-postgres,0.00,39.77,6928.38,0.57,27.1,16.2,43.2,54.6,13
2026-08-21T21:23:55Z,celmis-sandbox,0.02,58.69,3072.0,1.91,0.0,0.0,18.0,0.0,3
2026-08-21T21:23:55Z,celmis-qdrant,0.08,178.4,6928.38,2.58,0.06,0.04,71.3,0.0,25
2026-08-21T21:24:03Z,celmis-web,0.00,82.57,6928.38,1.19,0.36,0.63,10.3,0.0,12
2026-08-21T21:24:03Z,celmis-api,0.27,329.1,6928.38,4.75,17.7,15.0,31.8,615.0,15
2026-08-21T21:24:03Z,celmis-postgres,1.66,39.74,6928.38,0.57,27.1,16.2,43.2,54.6,13
2026-08-21T21:24:03Z,celmis-sandbox,0.03,58.69,3072.0,1.91,0.0,0.0,18.0,0.0,3
2026-08-21T21:24:03Z,celmis-qdrant,0.07,178.4,6928.38,2.58,0.06,0.04,71.3,0.0,25
2026-08-21T21:24:11Z,celmis-web,0.03,82.34,6928.38,1.19,0.36,0.63,10.3,0.0,12
2026-08-21T21:24:11Z,celmis-api,1.08,329.2,6928.38,4.75,17.7,15.0,31.8,615.0,15
2026-08-21T21:24:11Z,celmis-postgres,1.04,40.02,6928.38,0.58,27.1,16.2,43.2,54.7,13
2026-08-21T21:24:11Z,celmis-sandbox,0.04,58.69,3072.0,1.91,0.0,0.0,18.0,0.0,3
2026-08-21T21:24:11Z,celmis-qdrant,0.08,178.3,6928.38,2.57,0.06,0.04,71.3,0.0,25
2026-08-21T21:24:18Z,celmis-web,0.00,82.34,6928.38,1.19,0.36,0.63,10.3,0.0,12
2026-08-21T21:24:18Z,celmis-api,0.21,329.2,6928.38,4.75,17.7,15.0,31.8,615.0,15
2026-08-21T21:24:18Z,celmis-postgres,0.01,39.92,6928.38,0.58,27.1,16.2,43.2,54.7,13
2026-08-21T21:24:18Z,celmis-sandbox,0.02,58.69,3072.0,1.91,0.0,0.0,18.0,0.0,3
2026-08-21T21:24:18Z,celmis-qdrant,0.10,178.3,6928.38,2.57,0.06,0.04,71.3,0.0,25
2026-08-21T21:24:25Z,celmis-web,0.00,82.49,6928.38,1.19,0.36,0.63,10.3,0.0,12
2026-08-21T21:24:25Z,celmis-api,0.27,329.2,6928.38,4.75,17.7,15.0,31.8,615.0,15
2026-08-21T21:24:25Z,celmis-postgres,0.10,40.14,6928.38,0.58,27.1,16.2,43.2,54.7,13
2026-08-21T21:24:25Z,celmis-sandbox,0.03,58.62,3072.0,1.91,0.0,0.0,18.0,0.0,3
2026-08-21T21:24:25Z,celmis-qdrant,0.09,178.2,6928.38,2.57,0.06,0.04,71.3,0.0,25
2026-08-21T21:24:33Z,celmis-web,0.01,82.49,6928.38,1.19,0.36,0.63,10.3,0.0,12
2026-08-21T21:24:33Z,celmis-api,0.23,329.0,6928.38,4.75,17.7,15.0,31.8,615.0,15
2026-08-21T21:24:33Z,celmis-postgres,1.66,39.86,6928.38,0.58,27.1,16.2,43.2,54.7,13
2026-08-21T21:24:33Z,celmis-sandbox,0.03,58.62,3072.0,1.91,0.0,0.0,18.0,0.0,3
2026-08-21T21:24:33Z,celmis-qdrant,0.07,178.2,6928.38,2.57,0.06,0.04,71.3,0.0,25
2026-08-21T21:24:41Z,celmis-web,0.02,82.17,6928.38,1.19,0.36,0.63,10.3,0.0,12
2026-08-21T21:24:41Z,celmis-api,0.46,329.0,6928.38,4.75,17.7,15.0,31.8,615.0,15
2026-08-21T21:24:41Z,celmis-postgres,0.09,39.79,6928.38,0.57,27.1,16.2,43.2,54.7,13
2026-08-21T21:24:41Z,celmis-sandbox,0.03,58.62,3072.0,1.91,0.0,0.0,18.0,0.0,3
2026-08-21T21:24:41Z,celmis-qdrant,0.08,178.1,6928.38,2.57,0.06,0.04,71.3,0.0,25
2026-08-21T21:24:48Z,celmis-web,0.01,82.17,6928.38,1.19,0.36,0.63,10.3,0.0,12
2026-08-21T21:24:48Z,celmis-api,0.25,329.0,6928.38,4.75,17.7,15.0,31.8,615.0,15
2026-08-21T21:24:48Z,celmis-postgres,1.73,39.71,6928.38,0.57,27.1,16.2,43.2,54.7,13
2026-08-21T21:24:48Z,celmis-sandbox,0.03,58.62,3072.0,1.91,0.0,0.0,18.0,0.0,3
2026-08-21T21:24:48Z,celmis-qdrant,0.10,178.1,6928.38,2.57,0.06,0.04,71.3,0.0,25
2026-08-21T21:24:55Z,celmis-web,0.03,82.37,6928.38,1.19,0.36,0.63,10.3,0.0,12
2026-08-21T21:24:55Z,celmis-api,0.32,328.9,6928.38,4.75,17.8,15.0,31.8,615.0,15
2026-08-21T21:24:55Z,celmis-postgres,0.00,40.01,6928.38,0.58,27.1,16.2,43.2,54.7,13
2026-08-21T21:24:55Z,celmis-sandbox,0.04,58.79,3072.0,1.91,0.0,0.0,18.0,0.0,3
2026-08-21T21:24:55Z,celmis-qdrant,0.09,178.3,6928.38,2.57,0.06,0.04,71.3,0.0,25
2026-08-21T21:25:03Z,celmis-web,0.01,82.37,6928.38,1.19,0.36,0.63,10.3,0.0,12
2026-08-21T21:25:03Z,celmis-api,0.29,328.9,6928.38,4.75,17.8,15.0,31.8,615.0,15
2026-08-21T21:25:03Z,celmis-postgres,1.60,39.87,6928.38,0.58,27.1,16.2,43.2,54.7,13
2026-08-21T21:25:03Z,celmis-sandbox,0.03,58.79,3072.0,1.91,0.0,0.0,18.0,0.0,3
2026-08-21T21:25:03Z,celmis-qdrant,0.10,178.3,6928.38,2.57,0.06,0.04,71.3,0.0,25
2026-08-21T21:25:11Z,celmis-web,0.04,82.65,6928.38,1.19,0.36,0.63,10.3,0.0,12
2026-08-21T21:25:11Z,celmis-api,0.50,329.0,6928.38,4.75,17.8,15.0,31.8,615.0,15
2026-08-21T21:25:11Z,celmis-postgres,1.00,39.52,6928.38,0.57,27.1,16.2,43.2,54.7,13
2026-08-21T21:25:11Z,celmis-sandbox,0.03,58.79,3072.0,1.91,0.0,0.0,18.0,0.0,3
2026-08-21T21:25:11Z,celmis-qdrant,0.10,178.2,6928.38,2.57,0.06,0.04,71.3,0.0,25
2026-08-21T21:25:18Z,celmis-web,0.01,82.65,6928.38,1.19,0.36,0.63,10.3,0.0,12
2026-08-21T21:25:18Z,celmis-api,0.29,329.1,6928.38,4.75,17.8,15.0,31.8,615.0,15
2026-08-21T21:25:18Z,celmis-postgres,1.18,40.15,6928.38,0.58,27.1,16.2,43.2,54.7,13
2026-08-21T21:25:18Z,celmis-sandbox,0.03,58.79,3072.0,1.91,0.0,0.0,18.0,0.0,3
2026-08-21T21:25:18Z,celmis-qdrant,0.08,178.2,6928.38,2.57,0.06,0.04,71.3,0.0,25
2026-08-21T21:25:25Z,celmis-web,0.01,82.64,6928.38,1.19,0.36,0.63,10.3,0.0,12
2026-08-21T21:25:25Z,celmis-api,0.26,329.1,6928.38,4.75,17.8,15.0,31.8,615.0,15
2026-08-21T21:25:25Z,celmis-postgres,0.00,40.05,6928.38,0.58,27.1,16.2,43.2,54.7,13
2026-08-21T21:25:25Z,celmis-sandbox,0.07,58.7,3072.0,1.91,0.0,0.0,18.0,0.0,3
2026-08-21T21:25:25Z,celmis-qdrant,0.08,178.1,6928.38,2.57,0.06,0.04,71.3,0.0,25
2026-08-21T21:25:33Z,celmis-web,0.00,82.64,6928.38,1.19,0.36,0.63,10.3,0.0,12
2026-08-21T21:25:33Z,celmis-api,0.25,329.2,6928.38,4.75,17.8,15.0,31.8,615.0,15
2026-08-21T21:25:33Z,celmis-postgres,1.58,39.93,6928.38,0.58,27.1,16.3,43.2,54.7,13
2026-08-21T21:25:33Z,celmis-sandbox,0.03,58.7,3072.0,1.91,0.0,0.0,18.0,0.0,3
2026-08-21T21:25:33Z,celmis-qdrant,0.10,178.1,6928.38,2.57,0.06,0.04,71.3,0.0,25
2026-08-21T21:25:41Z,celmis-web,0.02,82.64,6928.38,1.19,0.36,0.63,10.3,0.0,12
2026-08-21T21:25:41Z,celmis-api,0.40,328.8,6928.38,4.75,17.8,15.0,31.8,615.0,15
2026-08-21T21:25:41Z,celmis-postgres,0.09,40.07,6928.38,0.58,27.1,16.3,43.2,54.7,13
2026-08-21T21:25:41Z,celmis-sandbox,0.04,58.7,3072.0,1.91,0.0,0.0,18.0,0.0,3
2026-08-21T21:25:41Z,celmis-qdrant,0.08,178.2,6928.38,2.57,0.06,0.04,71.3,0.0,25
2026-08-21T21:25:48Z,celmis-web,0.00,82.64,6928.38,1.19,0.36,0.63,10.3,0.0,12
2026-08-21T21:25:48Z,celmis-api,0.22,328.8,6928.38,4.75,17.8,15.0,31.8,615.0,15
2026-08-21T21:25:48Z,celmis-postgres,1.72,39.72,6928.38,0.57,27.1,16.3,43.2,54.7,13
2026-08-21T21:25:48Z,celmis-sandbox,0.04,58.7,3072.0,1.91,0.0,0.0,18.0,0.0,3
2026-08-21T21:25:48Z,celmis-qdrant,0.09,178.2,6928.38,2.57,0.06,0.04,71.3,0.0,25
2026-08-21T21:25:55Z,celmis-web,0.01,82.62,6928.38,1.19,0.36,0.63,10.3,0.0,12
2026-08-21T21:25:55Z,celmis-api,0.25,328.9,6928.38,4.75,17.8,15.0,31.8,615.0,15
2026-08-21T21:25:55Z,celmis-postgres,0.12,40.16,6928.38,0.58,27.1,16.3,43.2,54.7,13
2026-08-21T21:25:55Z,celmis-sandbox,0.02,58.62,3072.0,1.91,0.0,0.0,18.0,0.0,3
2026-08-21T21:25:55Z,celmis-qdrant,0.09,178.4,6928.38,2.57,0.06,0.04,71.3,0.0,25
2026-08-21T21:26:03Z,celmis-web,0.01,82.62,6928.38,1.19,0.36,0.63,10.3,0.0,12
2026-08-21T21:26:03Z,celmis-api,0.29,328.9,6928.38,4.75,17.8,15.0,31.8,615.0,15
2026-08-21T21:26:03Z,celmis-postgres,0.00,40.12,6928.38,0.58,27.1,16.3,43.2,54.7,13
2026-08-21T21:26:03Z,celmis-sandbox,0.02,58.62,3072.0,1.91,0.0,0.0,18.0,0.0,3
2026-08-21T21:26:03Z,celmis-qdrant,0.07,178.4,6928.38,2.57,0.06,0.04,71.3,0.0,25
2026-08-21T21:26:11Z,celmis-web,0.02,82.64,6928.38,1.19,0.36,0.63,10.3,0.0,12
2026-08-21T21:26:11Z,celmis-api,0.53,329.1,6928.38,4.75,17.8,15.0,31.8,615.0,15
2026-08-21T21:26:11Z,celmis-postgres,0.84,40.39,6928.38,0.58,27.1,16.3,43.2,54.7,13
2026-08-21T21:26:11Z,celmis-sandbox,0.02,58.62,3072.0,1.91,0.0,0.0,18.0,0.0,3
2026-08-21T21:26:11Z,celmis-qdrant,0.12,178.1,6928.38,2.57,0.06,0.04,71.3,0.0,25
2026-08-21T21:26:18Z,celmis-web,0.00,82.64,6928.38,1.19,0.36,0.63,10.3,0.0,12
2026-08-21T21:26:18Z,celmis-api,0.24,328.9,6928.38,4.75,17.8,15.0,31.8,615.0,15
2026-08-21T21:26:18Z,celmis-postgres,1.66,39.99,6928.38,0.58,27.1,16.3,43.2,54.7,13
2026-08-21T21:26:18Z,celmis-sandbox,0.02,58.62,3072.0,1.91,0.0,0.0,18.0,0.0,3
2026-08-21T21:26:18Z,celmis-qdrant,0.12,178.1,6928.38,2.57,0.06,0.04,71.3,0.0,25
2026-08-21T21:26:25Z,celmis-web,0.02,82.38,6928.38,1.19,0.36,0.63,10.3,0.0,12
2026-08-21T21:26:25Z,celmis-api,0.25,329.2,6928.38,4.75,17.8,15.0,31.8,615.0,15
2026-08-21T21:26:25Z,celmis-postgres,0.03,39.92,6928.38,0.58,27.1,16.3,43.2,54.7,13
2026-08-21T21:26:25Z,celmis-sandbox,0.03,58.8,3072.0,1.91,0.0,0.0,18.0,0.0,3
2026-08-21T21:26:25Z,celmis-qdrant,0.12,178.2,6928.38,2.57,0.06,0.04,71.3,0.0,25
2026-08-21T21:26:33Z,celmis-web,0.00,82.38,6928.38,1.19,0.36,0.63,10.3,0.0,12
2026-08-21T21:26:33Z,celmis-api,0.27,328.8,6928.38,4.75,17.8,15.0,31.8,615.0,15
2026-08-21T21:26:33Z,celmis-postgres,1.68,40.1,6928.38,0.58,27.1,16.3,43.2,54.7,13
2026-08-21T21:26:33Z,celmis-sandbox,0.02,58.8,3072.0,1.91,0.0,0.0,18.0,0.0,3
2026-08-21T21:26:33Z,celmis-qdrant,0.06,178.2,6928.38,2.57,0.06,0.04,71.3,0.0,25
2026-08-21T21:26:41Z,celmis-web,0.02,82.38,6928.38,1.19,0.36,0.63,10.3,0.0,12
2026-08-21T21:26:41Z,celmis-api,0.55,329.0,6928.38,4.75,17.8,15.0,31.8,615.0,15
2026-08-21T21:26:41Z,celmis-postgres,0.15,40.02,6928.38,0.58,27.1,16.3,43.2,54.7,13
2026-08-21T21:26:41Z,celmis-sandbox,0.02,58.8,3072.0,1.91,0.0,0.0,18.0,0.0,3
2026-08-21T21:26:41Z,celmis-qdrant,0.07,178.1,6928.38,2.57,0.06,0.04,71.3,0.0,25
2026-08-21T21:26:48Z,celmis-web,0.01,82.38,6928.38,1.19,0.36,0.63,10.3,0.0,12
2026-08-21T21:26:48Z,celmis-api,0.25,329.0,6928.38,4.75,17.8,15.0,31.8,615.0,15
2026-08-21T21:26:48Z,celmis-postgres,0.00,40.0,6928.38,0.58,27.1,16.3,43.2,54.7,13
2026-08-21T21:26:48Z,celmis-sandbox,0.03,58.8,3072.0,1.91,0.0,0.0,18.0,0.0,3
2026-08-21T21:26:48Z,celmis-qdrant,0.08,178.1,6928.38,2.57,0.06,0.04,71.3,0.0,25
2026-08-21T21:26:55Z,celmis-web,0.04,82.59,6928.38,1.19,0.36,0.63,10.3,0.0,12
2026-08-21T21:26:55Z,celmis-api,0.28,329.0,6928.38,4.75,17.8,15.0,31.8,615.0,15
2026-08-21T21:26:55Z,celmis-postgres,0.14,40.11,6928.38,0.58,27.1,16.3,43.2,54.7,13
2026-08-21T21:26:55Z,celmis-sandbox,0.03,58.72,3072.0,1.91,0.0,0.0,18.0,0.0,3
2026-08-21T21:26:55Z,celmis-qdrant,0.08,178.3,6928.38,2.57,0.06,0.04,71.3,0.0,25
2026-08-21T21:27:03Z,celmis-web,0.01,82.59,6928.38,1.19,0.36,0.63,10.3,0.0,12
2026-08-21T21:27:03Z,celmis-api,0.27,329.0,6928.38,4.75,17.8,15.0,31.8,615.0,15
2026-08-21T21:27:03Z,celmis-postgres,0.00,39.75,6928.38,0.57,27.1,16.3,43.2,54.7,13
2026-08-21T21:27:03Z,celmis-sandbox,0.03,58.72,3072.0,1.91,0.0,0.0,18.0,0.0,3
2026-08-21T21:27:03Z,celmis-qdrant,0.07,178.3,6928.38,2.57,0.06,0.04,71.3,0.0,25
2026-08-21T21:27:11Z,celmis-web,0.02,82.73,6928.38,1.19,0.36,0.63,10.3,0.0,12
2026-08-21T21:27:11Z,celmis-api,0.59,329.2,6928.38,4.75,17.8,15.0,31.8,615.0,15
2026-08-21T21:27:11Z,celmis-postgres,0.87,39.92,6928.38,0.58,27.1,16.3,43.2,54.8,13
2026-08-21T21:27:11Z,celmis-sandbox,0.02,58.72,3072.0,1.91,0.0,0.0,18.0,0.0,3
2026-08-21T21:27:11Z,celmis-qdrant,0.08,178.2,6928.38,2.57,0.06,0.04,71.3,0.0,25
2026-08-21T21:27:18Z,celmis-web,0.01,82.73,6928.38,1.19,0.36,0.63,10.3,0.0,12
2026-08-21T21:27:18Z,celmis-api,0.25,329.1,6928.38,4.75,17.8,15.0,31.8,615.0,15
2026-08-21T21:27:18Z,celmis-postgres,0.00,39.83,6928.38,0.57,27.1,16.3,43.2,54.8,13
2026-08-21T21:27:18Z,celmis-sandbox,0.02,58.72,3072.0,1.91,0.0,0.0,18.0,0.0,3
2026-08-21T21:27:18Z,celmis-qdrant,0.11,178.2,6928.38,2.57,0.06,0.04,71.3,0.0,25
2026-08-21T21:27:25Z,celmis-web,0.02,82.2,6928.38,1.19,0.36,0.63,10.3,0.0,12
2026-08-21T21:27:25Z,celmis-api,0.43,329.1,6928.38,4.75,17.8,15.0,31.8,615.0,15
2026-08-21T21:27:25Z,celmis-postgres,0.10,39.79,6928.38,0.57,27.1,16.3,43.2,54.8,13
2026-08-21T21:27:25Z,celmis-sandbox,0.02,58.64,3072.0,1.91,0.0,0.0,18.0,0.0,3
2026-08-21T21:27:25Z,celmis-qdrant,0.07,178.1,6928.38,2.57,0.06,0.04,71.3,0.0,25
2026-08-21T21:27:33Z,celmis-web,0.00,82.2,6928.38,1.19,0.36,0.63,10.3,0.0,12
2026-08-21T21:27:33Z,celmis-api,0.90,329.0,6928.38,4.75,17.8,15.0,31.8,615.0,15
2026-08-21T21:27:33Z,celmis-postgres,0.03,40.1,6928.38,0.58,27.1,16.3,43.2,54.9,13
2026-08-21T21:27:33Z,celmis-sandbox,0.02,58.64,3072.0,1.91,0.0,0.0,18.0,0.0,3
2026-08-21T21:27:33Z,celmis-qdrant,0.07,178.1,6928.38,2.57,0.06,0.04,71.3,0.0,25
2026-08-21T21:27:41Z,celmis-web,0.03,82.27,6928.38,1.19,0.36,0.63,10.3,0.0,12
2026-08-21T21:27:41Z,celmis-api,0.44,328.9,6928.38,4.75,17.8,15.0,31.8,615.0,15
2026-08-21T21:27:41Z,celmis-postgres,0.07,40.09,6928.38,0.58,27.1,16.3,43.2,54.9,13
2026-08-21T21:27:41Z,celmis-sandbox,0.02,58.64,3072.0,1.91,0.0,0.0,18.0,0.0,3
2026-08-21T21:27:41Z,celmis-qdrant,0.07,178.2,6928.38,2.57,0.06,0.04,71.3,0.0,25
2026-08-21T21:27:48Z,celmis-web,0.00,82.27,6928.38,1.19,0.36,0.63,10.3,0.0,12
2026-08-21T21:27:48Z,celmis-api,0.25,328.9,6928.38,4.75,17.8,15.0,31.8,615.0,15
2026-08-21T21:27:48Z,celmis-postgres,0.06,39.84,6928.38,0.58,27.1,16.3,43.2,54.9,13
2026-08-21T21:27:48Z,celmis-sandbox,0.03,58.64,3072.0,1.91,0.0,0.0,18.0,0.0,3
2026-08-21T21:27:48Z,celmis-qdrant,0.07,178.2,6928.38,2.57,0.06,0.04,71.3,0.0,25
2026-08-21T21:27:55Z,celmis-web,0.15,82.34,6928.38,1.19,0.36,0.63,10.3,0.0,12
2026-08-21T21:27:55Z,celmis-api,0.85,328.9,6928.38,4.75,17.8,15.0,31.8,615.0,15
2026-08-21T21:27:55Z,celmis-postgres,0.21,39.92,6928.38,0.58,27.1,16.3,43.2,54.9,13
2026-08-21T21:27:55Z,celmis-sandbox,0.04,58.83,3072.0,1.91,0.0,0.0,18.0,0.0,3
2026-08-21T21:27:55Z,celmis-qdrant,0.38,178.1,6928.38,2.57,0.06,0.04,71.3,0.0,25
2026-08-21T21:28:03Z,celmis-web,0.01,82.34,6928.38,1.19,0.36,0.63,10.3,0.0,12
2026-08-21T21:28:03Z,celmis-api,0.26,329.2,6928.38,4.75,17.8,15.0,31.8,615.0,15
2026-08-21T21:28:03Z,celmis-postgres,0.01,39.65,6928.38,0.57,27.1,16.3,43.2,54.9,13
2026-08-21T21:28:03Z,celmis-sandbox,0.02,58.83,3072.0,1.91,0.0,0.0,18.0,0.0,3
2026-08-21T21:28:03Z,celmis-qdrant,0.08,178.1,6928.38,2.57,0.06,0.04,71.3,0.0,25
2026-08-21T21:28:11Z,celmis-web,0.02,82.07,6928.38,1.18,0.36,0.63,10.3,0.0,12
2026-08-21T21:28:11Z,celmis-api,1.11,329.1,6928.38,4.75,17.8,15.0,31.8,615.0,15
2026-08-21T21:28:11Z,celmis-postgres,1.37,40.03,6928.38,0.58,27.1,16.3,43.2,54.9,13
2026-08-21T21:28:11Z,celmis-sandbox,0.02,58.83,3072.0,1.91,0.0,0.0,18.0,0.0,3
2026-08-21T21:28:11Z,celmis-qdrant,0.12,178.6,6928.38,2.58,0.06,0.04,71.3,0.0,25
2026-08-21T21:28:18Z,celmis-web,0.01,82.07,6928.38,1.18,0.36,0.63,10.3,0.0,12
2026-08-21T21:28:18Z,celmis-api,0.29,329.3,6928.38,4.75,17.8,15.0,31.8,615.0,15
2026-08-21T21:28:18Z,celmis-postgres,0.05,39.9,6928.38,0.58,27.1,16.3,43.2,54.9,13
2026-08-21T21:28:18Z,celmis-sandbox,0.03,58.83,3072.0,1.91,0.0,0.0,18.0,0.0,3
2026-08-21T21:28:18Z,celmis-qdrant,0.10,178.6,6928.38,2.58,0.06,0.04,71.3,0.0,25
2026-08-21T21:28:25Z,celmis-web,0.01,82.19,6928.38,1.19,0.36,0.63,10.3,0.0,12
2026-08-21T21:28:25Z,celmis-api,0.33,329.2,6928.38,4.75,17.8,15.0,31.8,615.0,15
2026-08-21T21:28:25Z,celmis-postgres,1.75,40.02,6928.38,0.58,27.1,16.3,43.2,54.9,13
2026-08-21T21:28:25Z,celmis-sandbox,0.02,59.26,3072.0,1.93,0.0,0.0,18.0,0.0,3
2026-08-21T21:28:25Z,celmis-qdrant,0.08,178.2,6928.38,2.57,0.06,0.04,71.3,0.0,25
2026-08-21T21:28:33Z,celmis-web,0.00,82.19,6928.38,1.19,0.36,0.63,10.3,0.0,12
2026-08-21T21:28:33Z,celmis-api,0.24,329.2,6928.38,4.75,17.8,15.0,31.8,615.0,15
2026-08-21T21:28:33Z,celmis-postgres,0.01,39.9,6928.38,0.58,27.1,16.3,43.2,54.9,13
2026-08-21T21:28:33Z,celmis-sandbox,0.02,59.26,3072.0,1.93,0.0,0.0,18.0,0.0,3
2026-08-21T21:28:33Z,celmis-qdrant,0.06,178.2,6928.38,2.57,0.06,0.04,71.3,0.0,25
2026-08-21T21:28:41Z,celmis-web,0.02,81.88,6928.38,1.18,0.36,0.63,10.3,0.0,12
2026-08-21T21:28:41Z,celmis-api,0.36,329.2,6928.38,4.75,17.8,15.0,31.8,615.0,15
2026-08-21T21:28:41Z,celmis-postgres,0.07,40.2,6928.38,0.58,27.2,16.3,43.2,54.9,13
2026-08-21T21:28:41Z,celmis-sandbox,0.04,59.26,3072.0,1.93,0.0,0.0,18.0,0.0,3
2026-08-21T21:28:41Z,celmis-qdrant,0.12,178.1,6928.38,2.57,0.06,0.04,71.3,0.0,25
2026-08-21T21:28:48Z,celmis-web,0.00,81.88,6928.38,1.18,0.36,0.63,10.3,0.0,12
2026-08-21T21:28:48Z,celmis-api,0.27,329.2,6928.38,4.75,17.8,15.0,31.8,615.0,15
2026-08-21T21:28:48Z,celmis-postgres,0.02,39.89,6928.38,0.58,27.2,16.3,43.2,54.9,13
2026-08-21T21:28:48Z,celmis-sandbox,0.03,59.26,3072.0,1.93,0.0,0.0,18.0,0.0,3
2026-08-21T21:28:48Z,celmis-qdrant,0.06,178.1,6928.38,2.57,0.06,0.04,71.3,0.0,25
2026-08-21T21:28:55Z,celmis-web,0.09,82.3,6928.38,1.19,0.36,0.63,10.3,0.0,12
2026-08-21T21:28:55Z,celmis-api,0.67,329.0,6928.38,4.75,17.8,15.0,31.8,615.0,15
2026-08-21T21:28:55Z,celmis-postgres,0.08,39.96,6928.38,0.58,27.2,16.3,43.2,54.9,13
2026-08-21T21:28:55Z,celmis-sandbox,0.05,58.93,3072.0,1.92,0.0,0.0,18.0,0.0,3
2026-08-21T21:28:55Z,celmis-qdrant,0.11,178.3,6928.38,2.57,0.06,0.04,71.3,0.0,25
2026-08-21T21:29:03Z,celmis-web,0.00,82.3,6928.38,1.19,0.36,0.63,10.3,0.0,12
2026-08-21T21:29:03Z,celmis-api,0.32,329.0,6928.38,4.75,17.8,15.0,31.8,615.0,15
2026-08-21T21:29:03Z,celmis-postgres,0.00,39.95,6928.38,0.58,27.2,16.3,43.2,54.9,13
2026-08-21T21:29:03Z,celmis-sandbox,0.03,58.93,3072.0,1.92,0.0,0.0,18.0,0.0,3
2026-08-21T21:29:03Z,celmis-qdrant,0.07,178.3,6928.38,2.57,0.06,0.04,71.3,0.0,25
2026-08-21T21:29:11Z,celmis-web,0.03,82.18,6928.38,1.19,0.36,0.63,10.3,0.0,12
2026-08-21T21:29:11Z,celmis-api,0.62,328.7,6928.38,4.74,17.8,15.0,31.8,615.0,15
2026-08-21T21:29:11Z,celmis-postgres,0.86,39.82,6928.38,0.57,27.2,16.3,43.2,54.9,13
2026-08-21T21:29:11Z,celmis-sandbox,0.04,58.93,3072.0,1.92,0.0,0.0,18.0,0.0,3
2026-08-21T21:29:11Z,celmis-qdrant,0.10,178.2,6928.38,2.57,0.06,0.04,71.3,0.0,25
2026-08-21T21:29:18Z,celmis-web,0.01,82.18,6928.38,1.19,0.36,0.63,10.3,0.0,12
2026-08-21T21:29:18Z,celmis-api,0.36,329.1,6928.38,4.75,17.8,15.0,31.8,615.0,15
2026-08-21T21:29:18Z,celmis-postgres,0.03,40.03,6928.38,0.58,27.2,16.3,43.2,54.9,13
2026-08-21T21:29:18Z,celmis-sandbox,0.02,58.93,3072.0,1.92,0.0,0.0,18.0,0.0,3
2026-08-21T21:29:18Z,celmis-qdrant,0.11,178.2,6928.38,2.57,0.06,0.04,71.3,0.0,25
2026-08-21T21:29:26Z,celmis-web,0.03,82.21,6928.38,1.19,0.36,0.63,10.3,0.0,12
2026-08-21T21:29:26Z,celmis-api,0.65,329.0,6928.38,4.75,17.8,15.1,31.8,615.0,15
2026-08-21T21:29:26Z,celmis-postgres,0.11,40.15,6928.38,0.58,27.2,16.3,43.2,54.9,13
2026-08-21T21:29:26Z,celmis-sandbox,0.04,58.83,3072.0,1.92,0.0,0.0,18.0,0.0,3
2026-08-21T21:29:26Z,celmis-qdrant,0.09,178.3,6928.38,2.57,0.06,0.04,71.3,0.0,25
2026-08-21T21:29:33Z,celmis-web,0.01,82.21,6928.38,1.19,0.36,0.63,10.3,0.0,12
2026-08-21T21:29:33Z,celmis-api,0.24,329.0,6928.38,4.75,17.8,15.1,31.8,615.0,15
2026-08-21T21:29:33Z,celmis-postgres,0.00,39.8,6928.38,0.57,27.2,16.3,43.2,54.9,13
2026-08-21T21:29:33Z,celmis-sandbox,0.02,58.83,3072.0,1.92,0.0,0.0,18.0,0.0,3
2026-08-21T21:29:33Z,celmis-qdrant,0.07,178.3,6928.38,2.57,0.06,0.04,71.3,0.0,25
2026-08-21T21:29:41Z,celmis-web,0.04,82.46,6928.38,1.19,0.36,0.63,10.3,0.0,12
2026-08-21T21:29:41Z,celmis-api,54.28,379.2,6928.38,5.47,17.8,15.1,31.8,615.0,16
2026-08-21T21:29:41Z,celmis-postgres,1.00,39.8,6928.38,0.57,27.2,16.3,43.2,54.9,13
2026-08-21T21:29:41Z,celmis-sandbox,0.04,58.83,3072.0,1.92,0.0,0.0,18.0,0.0,3
2026-08-21T21:29:41Z,celmis-qdrant,0.30,177.9,6928.38,2.57,0.06,0.04,71.3,0.0,25
2026-08-21T21:29:48Z,celmis-web,0.01,82.46,6928.38,1.19,0.36,0.63,10.3,0.0,12
2026-08-21T21:29:48Z,celmis-api,0.28,581.0,6928.38,8.39,18.0,15.1,31.8,616.0,21
2026-08-21T21:29:48Z,celmis-postgres,0.05,43.47,6928.38,0.63,27.2,16.3,43.2,54.9,15
2026-08-21T21:29:48Z,celmis-sandbox,0.07,58.83,3072.0,1.92,0.0,0.0,18.0,0.0,3
2026-08-21T21:29:48Z,celmis-qdrant,0.11,177.9,6928.38,2.57,0.06,0.04,71.3,0.0,25
2026-08-21T21:29:56Z,celmis-web,0.03,82.16,6928.38,1.19,0.36,0.63,10.3,0.0,12
2026-08-21T21:29:56Z,celmis-api,0.31,581.1,6928.38,8.39,18.0,15.1,31.8,616.0,21
2026-08-21T21:29:56Z,celmis-postgres,0.00,43.6,6928.38,0.63,27.2,16.3,43.2,54.9,15
2026-08-21T21:29:56Z,celmis-sandbox,0.03,59.25,3072.0,1.93,0.0,0.0,18.0,0.0,3
2026-08-21T21:29:56Z,celmis-qdrant,0.12,178.1,6928.38,2.57,0.06,0.04,71.3,0.0,25
2026-08-21T21:30:03Z,celmis-web,0.01,82.16,6928.38,1.19,0.36,0.63,10.3,0.0,12
2026-08-21T21:30:03Z,celmis-api,0.36,581.1,6928.38,8.39,18.0,15.1,31.8,616.0,21
2026-08-21T21:30:03Z,celmis-postgres,0.85,45.48,6928.38,0.66,27.2,16.3,43.2,55.0,16
2026-08-21T21:30:03Z,celmis-sandbox,0.03,59.25,3072.0,1.93,0.0,0.0,18.0,0.0,3
2026-08-21T21:30:03Z,celmis-qdrant,0.14,178.1,6928.38,2.57,0.06,0.04,71.3,0.0,25
2026-08-21T21:30:11Z,celmis-web,0.01,82.17,6928.38,1.19,0.36,0.63,10.3,0.0,12
2026-08-21T21:30:11Z,celmis-api,2.79,582.0,6928.38,8.40,18.0,15.1,31.8,616.0,22
2026-08-21T21:30:11Z,celmis-postgres,2.53,45.3,6928.38,0.65,27.2,16.3,43.2,55.0,16
2026-08-21T21:30:11Z,celmis-sandbox,0.03,59.25,3072.0,1.93,0.0,0.0,18.0,0.0,3
2026-08-21T21:30:11Z,celmis-qdrant,0.11,178.3,6928.38,2.57,0.06,0.04,71.3,0.0,25
2026-08-21T21:30:18Z,celmis-web,0.01,82.17,6928.38,1.19,0.36,0.63,10.3,0.0,12
2026-08-21T21:30:18Z,celmis-api,0.33,582.1,6928.38,8.40,18.0,15.1,31.8,616.0,22
2026-08-21T21:30:18Z,celmis-postgres,0.00,45.01,6928.38,0.65,27.2,16.3,43.2,55.0,16
2026-08-21T21:30:18Z,celmis-sandbox,0.08,59.25,3072.0,1.93,0.0,0.0,18.0,0.0,3
2026-08-21T21:30:18Z,celmis-qdrant,0.12,178.3,6928.38,2.57,0.06,0.04,71.3,0.0,25
2026-08-21T21:30:26Z,celmis-web,0.15,82.45,6928.38,1.19,0.36,0.63,10.3,0.0,12
2026-08-21T21:30:26Z,celmis-api,0.90,581.8,6928.38,8.40,18.0,15.1,31.8,616.0,22
2026-08-21T21:30:26Z,celmis-postgres,1.68,45.05,6928.38,0.65,27.2,16.3,43.2,55.0,16
2026-08-21T21:30:26Z,celmis-sandbox,0.03,59.18,3072.0,1.93,0.0,0.0,18.0,0.0,3
2026-08-21T21:30:26Z,celmis-qdrant,0.10,178.2,6928.38,2.57,0.06,0.04,71.3,0.0,25
2026-08-21T21:30:33Z,celmis-web,0.01,82.45,6928.38,1.19,0.36,0.63,10.3,0.0,12
2026-08-21T21:30:33Z,celmis-api,0.27,581.7,6928.38,8.40,18.0,15.1,31.8,616.0,22
2026-08-21T21:30:33Z,celmis-postgres,0.00,44.98,6928.38,0.65,27.2,16.3,43.2,55.0,16
2026-08-21T21:30:33Z,celmis-sandbox,0.03,59.18,3072.0,1.93,0.0,0.0,18.0,0.0,3
2026-08-21T21:30:33Z,celmis-qdrant,0.11,178.2,6928.38,2.57,0.06,0.04,71.3,0.0,25
2026-08-21T21:30:41Z,celmis-web,0.01,82.2,6928.38,1.19,0.36,0.63,10.3,0.0,12
2026-08-21T21:30:41Z,celmis-api,0.61,581.8,6928.38,8.40,18.0,15.1,31.8,616.0,22
2026-08-21T21:30:41Z,celmis-postgres,1.84,45.5,6928.38,0.66,27.2,16.4,43.2,55.0,16
2026-08-21T21:30:41Z,celmis-sandbox,0.03,59.18,3072.0,1.93,0.0,0.0,18.0,0.0,3
2026-08-21T21:30:41Z,celmis-qdrant,0.17,178.6,6928.38,2.58,0.06,0.04,71.3,0.0,25
2026-08-21T21:30:48Z,celmis-web,0.01,82.2,6928.38,1.19,0.36,0.63,10.3,0.0,12
2026-08-21T21:30:48Z,celmis-api,0.28,581.8,6928.38,8.40,18.1,15.1,31.8,616.0,17
2026-08-21T21:30:48Z,celmis-postgres,0.03,45.14,6928.38,0.65,27.2,16.4,43.2,55.1,16
2026-08-21T21:30:48Z,celmis-sandbox,0.04,59.18,3072.0,1.93,0.0,0.0,18.0,0.0,3
2026-08-21T21:30:48Z,celmis-qdrant,0.11,178.6,6928.38,2.58,0.06,0.04,71.3,0.0,25
2026-08-21T21:30:56Z,celmis-web,0.01,81.96,6928.38,1.18,0.36,0.63,10.3,0.0,12
2026-08-21T21:30:56Z,celmis-api,0.81,582.0,6928.38,8.40,18.1,15.2,31.8,616.0,17
2026-08-21T21:30:56Z,celmis-postgres,1.85,40.15,6928.38,0.58,27.2,16.4,43.2,55.1,13
2026-08-21T21:30:56Z,celmis-sandbox,0.02,59.09,3072.0,1.92,0.0,0.0,18.0,0.0,3
2026-08-21T21:30:56Z,celmis-qdrant,0.23,178.5,6928.38,2.58,0.06,0.04,71.3,0.0,25
2026-08-21T21:31:03Z,celmis-web,0.01,81.96,6928.38,1.18,0.36,0.63,10.3,0.0,12
2026-08-21T21:31:03Z,celmis-api,0.31,579.3,6928.38,8.36,18.3,15.3,31.8,616.0,21
2026-08-21T21:31:03Z,celmis-postgres,0.03,43.32,6928.38,0.63,27.2,16.4,43.2,55.1,15
2026-08-21T21:31:03Z,celmis-sandbox,0.03,59.09,3072.0,1.92,0.0,0.0,18.0,0.0,3
2026-08-21T21:31:03Z,celmis-qdrant,0.15,178.5,6928.38,2.58,0.06,0.04,71.3,0.0,25
2026-08-21T21:31:11Z,celmis-web,0.01,82.1,6928.38,1.18,0.36,0.63,10.3,0.0,12
2026-08-21T21:31:11Z,celmis-api,0.66,579.4,6928.38,8.36,18.3,15.3,31.8,616.0,21
2026-08-21T21:31:11Z,celmis-postgres,2.40,43.41,6928.38,0.63,27.2,16.4,43.2,55.1,15
2026-08-21T21:31:11Z,celmis-sandbox,0.02,59.09,3072.0,1.92,0.0,0.0,18.0,0.0,3
2026-08-21T21:31:11Z,celmis-qdrant,0.09,178.1,6928.38,2.57,0.06,0.04,71.3,0.0,25
2026-08-21T21:31:18Z,celmis-web,0.00,82.1,6928.38,1.18,0.36,0.63,10.3,0.0,12
2026-08-21T21:31:18Z,celmis-api,0.26,579.8,6928.38,8.37,18.3,15.3,31.8,616.0,22
2026-08-21T21:31:18Z,celmis-postgres,0.01,45.33,6928.38,0.65,27.2,16.4,43.2,55.1,16
2026-08-21T21:31:18Z,celmis-sandbox,0.02,59.09,3072.0,1.92,0.0,0.0,18.0,0.0,3
2026-08-21T21:31:18Z,celmis-qdrant,0.08,178.1,6928.38,2.57,0.06,0.04,71.3,0.0,25
2026-08-21T21:31:26Z,celmis-web,0.04,82.26,6928.38,1.19,0.36,0.63,10.3,0.0,12
2026-08-21T21:31:26Z,celmis-api,0.57,580.0,6928.38,8.37,18.3,15.3,31.8,616.0,22
2026-08-21T21:31:26Z,celmis-postgres,1.70,45.35,6928.38,0.65,27.2,16.4,43.2,55.1,16
2026-08-21T21:31:26Z,celmis-sandbox,0.02,58.71,3072.0,1.91,0.0,0.0,18.0,0.0,3
2026-08-21T21:31:26Z,celmis-qdrant,0.08,178.0,6928.38,2.57,0.06,0.04,71.3,0.0,25
2026-08-21T21:31:33Z,celmis-web,0.01,82.26,6928.38,1.19,0.36,0.63,10.3,0.0,12
2026-08-21T21:31:33Z,celmis-api,0.28,580.0,6928.38,8.37,18.3,15.3,31.8,616.0,22
2026-08-21T21:31:33Z,celmis-postgres,0.00,45.39,6928.38,0.66,27.3,16.4,43.2,55.1,16
2026-08-21T21:31:33Z,celmis-sandbox,0.03,58.71,3072.0,1.91,0.0,0.0,18.0,0.0,3
2026-08-21T21:31:33Z,celmis-qdrant,0.07,178.0,6928.38,2.57,0.06,0.04,71.3,0.0,25
2026-08-21T21:31:41Z,celmis-web,0.01,82.03,6928.38,1.18,0.36,0.63,10.3,0.0,12
2026-08-21T21:31:41Z,celmis-api,0.49,579.9,6928.38,8.37,18.3,15.3,31.8,616.0,17
2026-08-21T21:31:41Z,celmis-postgres,0.10,45.3,6928.38,0.65,27.3,16.4,43.2,55.1,16
2026-08-21T21:31:41Z,celmis-sandbox,0.03,58.71,3072.0,1.91,0.0,0.0,18.0,0.0,3
2026-08-21T21:31:41Z,celmis-qdrant,0.08,178.1,6928.38,2.57,0.06,0.04,71.3,0.0,25
2026-08-21T21:31:48Z,celmis-web,0.00,82.03,6928.38,1.18,0.36,0.63,10.3,0.0,12
2026-08-21T21:31:48Z,celmis-api,0.26,579.9,6928.38,8.37,18.3,15.3,31.8,616.0,17
2026-08-21T21:31:48Z,celmis-postgres,0.02,45.4,6928.38,0.66,27.3,16.4,43.2,55.1,16
2026-08-21T21:31:48Z,celmis-sandbox,0.03,58.71,3072.0,1.91,0.0,0.0,18.0,0.0,3
2026-08-21T21:31:48Z,celmis-qdrant,0.10,178.1,6928.38,2.57,0.06,0.04,71.3,0.0,25
2026-08-21T21:31:56Z,celmis-web,0.06,82.05,6928.38,1.18,0.36,0.63,10.3,0.0,12
2026-08-21T21:31:56Z,celmis-api,1.14,587.3,6928.38,8.48,18.3,15.3,31.8,645.0,17
2026-08-21T21:31:56Z,celmis-postgres,1.55,45.32,6928.38,0.65,27.3,16.4,43.2,55.2,16
2026-08-21T21:31:56Z,celmis-sandbox,0.10,58.88,3072.0,1.92,0.0,0.0,18.0,0.0,3
2026-08-21T21:31:56Z,celmis-qdrant,0.11,178.2,6928.38,2.57,0.06,0.04,71.3,0.0,25
2026-08-21T21:32:03Z,celmis-web,0.01,82.05,6928.38,1.18,0.36,0.63,10.3,0.0,12
2026-08-21T21:32:03Z,celmis-api,0.24,587.7,6928.38,8.48,18.4,15.4,31.8,645.0,17
2026-08-21T21:32:03Z,celmis-postgres,0.03,45.3,6928.38,0.65,27.3,16.5,43.2,55.2,16
2026-08-21T21:32:03Z,celmis-sandbox,0.02,58.88,3072.0,1.92,0.0,0.0,18.0,0.0,3
2026-08-21T21:32:03Z,celmis-qdrant,0.07,178.2,6928.38,2.57,0.06,0.04,71.3,0.0,25
2026-08-21T21:32:11Z,celmis-web,0.00,82.21,6928.38,1.19,0.36,0.63,10.3,0.0,12
2026-08-21T21:32:11Z,celmis-api,0.59,579.6,6928.38,8.37,18.5,15.4,31.8,645.0,21
2026-08-21T21:32:11Z,celmis-postgres,1.37,43.58,6928.38,0.63,27.3,16.5,43.2,55.2,15
2026-08-21T21:32:11Z,celmis-sandbox,0.02,58.88,3072.0,1.92,0.0,0.0,18.0,0.0,3
2026-08-21T21:32:11Z,celmis-qdrant,0.10,178.1,6928.38,2.57,0.06,0.04,71.3,0.0,25
2026-08-21T21:32:18Z,celmis-web,0.01,82.21,6928.38,1.19,0.36,0.63,10.3,0.0,12
2026-08-21T21:32:18Z,celmis-api,0.26,579.5,6928.38,8.36,18.6,15.5,31.8,645.0,21
2026-08-21T21:32:18Z,celmis-postgres,0.00,43.29,6928.38,0.62,27.3,16.5,43.2,55.2,15
2026-08-21T21:32:18Z,celmis-sandbox,0.02,58.88,3072.0,1.92,0.0,0.0,18.0,0.0,3
2026-08-21T21:32:18Z,celmis-qdrant,0.10,178.1,6928.38,2.57,0.06,0.04,71.3,0.0,25
2026-08-21T21:32:26Z,celmis-web,0.01,82.3,6928.38,1.19,0.36,0.63,10.3,0.0,12
2026-08-21T21:32:26Z,celmis-api,0.52,579.3,6928.38,8.36,18.6,15.5,31.8,645.0,21
2026-08-21T21:32:26Z,celmis-postgres,0.15,43.46,6928.38,0.63,27.3,16.5,43.2,55.4,15
2026-08-21T21:32:26Z,celmis-sandbox,0.02,59.06,3072.0,1.92,0.0,0.0,18.0,0.0,3
2026-08-21T21:32:26Z,celmis-qdrant,0.13,178.0,6928.38,2.57,0.06,0.04,71.3,0.0,25
2026-08-21T21:32:33Z,celmis-web,0.01,82.3,6928.38,1.19,0.36,0.63,10.3,0.0,12
2026-08-21T21:32:33Z,celmis-api,0.25,579.3,6928.38,8.36,18.6,15.5,31.8,645.0,21
2026-08-21T21:32:33Z,celmis-postgres,0.00,43.6,6928.38,0.63,27.3,16.5,43.2,55.4,15
2026-08-21T21:32:33Z,celmis-sandbox,0.03,59.06,3072.0,1.92,0.0,0.0,18.0,0.0,3
2026-08-21T21:32:33Z,celmis-qdrant,0.09,178.0,6928.38,2.57,0.06,0.04,71.3,0.0,25
2026-08-21T21:32:41Z,celmis-web,0.01,82.25,6928.38,1.19,0.36,0.63,10.3,0.0,12
2026-08-21T21:32:41Z,celmis-api,1.42,579.9,6928.38,8.37,18.6,15.5,31.8,645.0,22
2026-08-21T21:32:41Z,celmis-postgres,0.20,45.23,6928.38,0.65,27.3,16.5,43.2,55.4,16
2026-08-21T21:32:41Z,celmis-sandbox,0.02,59.06,3072.0,1.92,0.0,0.0,18.0,0.0,3
2026-08-21T21:32:41Z,celmis-qdrant,0.09,178.4,6928.38,2.58,0.06,0.04,71.3,0.0,25
2026-08-21T21:32:48Z,celmis-web,0.00,82.25,6928.38,1.19,0.36,0.63,10.3,0.0,12
2026-08-21T21:32:48Z,celmis-api,0.25,579.9,6928.38,8.37,18.6,15.5,31.8,645.0,22
2026-08-21T21:32:48Z,celmis-postgres,0.03,45.48,6928.38,0.66,27.3,16.5,43.2,55.4,16
2026-08-21T21:32:48Z,celmis-sandbox,0.03,59.06,3072.0,1.92,0.0,0.0,18.0,0.0,3
2026-08-21T21:32:48Z,celmis-qdrant,0.08,178.4,6928.38,2.58,0.06,0.04,71.3,0.0,25
2026-08-21T21:32:56Z,celmis-web,0.00,82.27,6928.38,1.19,0.36,0.63,10.3,0.0,12
2026-08-21T21:32:56Z,celmis-api,0.43,579.9,6928.38,8.37,18.6,15.5,31.8,645.0,17
2026-08-21T21:32:56Z,celmis-postgres,0.07,45.28,6928.38,0.65,27.3,16.5,43.2,55.5,16
2026-08-21T21:32:56Z,celmis-sandbox,0.02,59.23,3072.0,1.93,0.0,0.0,18.0,0.0,3
2026-08-21T21:32:56Z,celmis-qdrant,0.05,178.1,6928.38,2.57,0.06,0.04,71.3,0.0,25
2026-08-21T21:33:03Z,celmis-web,0.00,82.27,6928.38,1.19,0.36,0.63,10.3,0.0,12
2026-08-21T21:33:03Z,celmis-api,0.25,579.9,6928.38,8.37,18.6,15.5,31.8,645.0,17
2026-08-21T21:33:03Z,celmis-postgres,0.03,45.0,6928.38,0.65,27.4,16.5,43.2,55.5,16
2026-08-21T21:33:03Z,celmis-sandbox,0.03,59.23,3072.0,1.93,0.0,0.0,18.0,0.0,3
2026-08-21T21:33:03Z,celmis-qdrant,0.10,178.1,6928.38,2.57,0.06,0.04,71.3,0.0,25
2026-08-21T21:33:11Z,celmis-web,0.00,82.01,6928.38,1.18,0.36,0.63,10.3,0.0,12
2026-08-21T21:33:11Z,celmis-api,0.52,580.1,6928.38,8.37,18.6,15.5,31.8,645.0,17
2026-08-21T21:33:11Z,celmis-postgres,1.02,45.12,6928.38,0.65,27.4,16.5,43.2,55.5,16
2026-08-21T21:33:11Z,celmis-sandbox,0.02,59.23,3072.0,1.93,0.0,0.0,18.0,0.0,3
2026-08-21T21:33:11Z,celmis-qdrant,0.10,177.8,6928.38,2.57,0.06,0.04,71.3,0.0,25
2026-08-21T21:33:18Z,celmis-web,0.01,82.01,6928.38,1.18,0.36,0.63,10.3,0.0,12
2026-08-21T21:33:18Z,celmis-api,0.24,580.2,6928.38,8.37,18.6,15.5,31.8,645.0,17
2026-08-21T21:33:18Z,celmis-postgres,0.00,45.34,6928.38,0.65,27.4,16.5,43.2,55.5,16
2026-08-21T21:33:18Z,celmis-sandbox,0.12,59.23,3072.0,1.93,0.0,0.0,18.0,0.0,3
2026-08-21T21:33:18Z,celmis-qdrant,0.08,177.8,6928.38,2.57,0.06,0.04,71.3,0.0,25
2026-08-21T21:33:26Z,celmis-web,0.01,82.28,6928.38,1.19,0.36,0.63,10.3,0.0,12
2026-08-21T21:33:26Z,celmis-api,45.53,587.0,6928.38,8.47,18.6,15.5,31.8,675.0,17
2026-08-21T21:33:26Z,celmis-postgres,0.37,45.32,6928.38,0.65,27.4,16.5,43.2,55.5,16
2026-08-21T21:33:26Z,celmis-sandbox,0.35,59.17,3072.0,1.93,0.0,0.0,18.0,0.0,3
2026-08-21T21:33:26Z,celmis-qdrant,0.22,178.2,6928.38,2.57,0.06,0.04,71.3,0.0,25
2026-08-21T21:33:33Z,celmis-web,0.01,82.28,6928.38,1.19,0.36,0.63,10.3,0.0,12
2026-08-21T21:33:33Z,celmis-api,34.74,378.0,6928.38,5.46,18.7,15.6,31.8,675.0,16
2026-08-21T21:33:33Z,celmis-postgres,0.00,39.78,6928.38,0.57,27.4,16.5,43.2,55.5,13
2026-08-21T21:33:33Z,celmis-sandbox,0.02,59.17,3072.0,1.93,0.0,0.0,18.0,0.0,3
2026-08-21T21:33:33Z,celmis-qdrant,0.05,178.2,6928.38,2.57,0.06,0.04,71.3,0.0,25
2026-08-21T21:33:41Z,celmis-web,0.02,82.18,6928.38,1.19,0.36,0.63,10.3,0.0,12
2026-08-21T21:33:41Z,celmis-api,0.56,579.3,6928.38,8.36,18.9,15.7,31.8,675.0,21
2026-08-21T21:33:41Z,celmis-postgres,0.18,43.45,6928.38,0.63,27.4,16.5,43.2,55.5,15
2026-08-21T21:33:41Z,celmis-sandbox,0.07,59.17,3072.0,1.93,0.0,0.0,18.0,0.0,3
2026-08-21T21:33:41Z,celmis-qdrant,0.11,178.3,6928.38,2.57,0.06,0.04,71.3,0.0,25
2026-08-21T21:33:48Z,celmis-web,0.01,82.18,6928.38,1.19,0.36,0.63,10.3,0.0,12
2026-08-21T21:33:48Z,celmis-api,0.25,579.3,6928.38,8.36,18.9,15.7,31.8,675.0,21
2026-08-21T21:33:48Z,celmis-postgres,0.03,43.43,6928.38,0.63,27.4,16.5,43.2,55.5,15
2026-08-21T21:33:48Z,celmis-sandbox,0.03,59.17,3072.0,1.93,0.0,0.0,18.0,0.0,3
2026-08-21T21:33:48Z,celmis-qdrant,0.09,178.3,6928.38,2.57,0.06,0.04,71.3,0.0,25
2026-08-21T21:33:56Z,celmis-web,0.01,82.45,6928.38,1.19,0.36,0.63,10.3,0.0,12
2026-08-21T21:33:56Z,celmis-api,0.80,579.8,6928.38,8.37,18.9,15.7,31.8,675.0,21
2026-08-21T21:33:56Z,celmis-postgres,0.12,43.48,6928.38,0.63,27.4,16.5,43.2,55.5,15
2026-08-21T21:33:56Z,celmis-sandbox,0.08,59.09,3072.0,1.92,0.0,0.0,18.0,0.0,3
2026-08-21T21:33:56Z,celmis-qdrant,0.09,178.2,6928.38,2.57,0.06,0.04,71.3,0.0,25
2026-08-21T21:34:03Z,celmis-web,0.01,82.45,6928.38,1.19,0.36,0.63,10.3,0.0,12
2026-08-21T21:34:03Z,celmis-api,0.30,579.7,6928.38,8.37,18.9,15.7,31.8,675.0,21
2026-08-21T21:34:03Z,celmis-postgres,0.03,43.5,6928.38,0.63,27.4,16.6,43.2,55.6,15
2026-08-21T21:34:03Z,celmis-sandbox,0.02,59.09,3072.0,1.92,0.0,0.0,18.0,0.0,3
2026-08-21T21:34:03Z,celmis-qdrant,0.08,178.2,6928.38,2.57,0.06,0.04,71.3,0.0,25
2026-08-21T21:34:11Z,celmis-web,0.01,82.03,6928.38,1.18,0.36,0.63,10.3,0.0,12
2026-08-21T21:34:11Z,celmis-api,2.13,580.4,6928.38,8.38,18.9,15.7,31.8,675.0,22
2026-08-21T21:34:11Z,celmis-postgres,1.07,45.34,6928.38,0.65,27.4,16.6,43.2,55.6,16
2026-08-21T21:34:11Z,celmis-sandbox,0.07,59.09,3072.0,1.92,0.0,0.0,18.0,0.0,3
2026-08-21T21:34:11Z,celmis-qdrant,0.12,178.4,6928.38,2.57,0.06,0.04,71.3,0.0,25
2026-08-21T21:34:18Z,celmis-web,0.00,82.03,6928.38,1.18,0.36,0.63,10.3,0.0,12
2026-08-21T21:34:18Z,celmis-api,0.25,580.5,6928.38,8.38,18.9,15.7,31.8,675.0,22
2026-08-21T21:34:18Z,celmis-postgres,0.00,45.51,6928.38,0.66,27.4,16.6,43.2,55.6,16
2026-08-21T21:34:18Z,celmis-sandbox,0.02,59.09,3072.0,1.92,0.0,0.0,18.0,0.0,3
2026-08-21T21:34:18Z,celmis-qdrant,0.07,178.4,6928.38,2.57,0.06,0.04,71.3,0.0,25
2026-08-21T21:34:26Z,celmis-web,0.01,82.06,6928.38,1.18,0.36,0.63,10.3,0.0,12
2026-08-21T21:34:26Z,celmis-api,1.36,580.5,6928.38,8.38,18.9,15.7,31.8,675.0,22
2026-08-21T21:34:26Z,celmis-postgres,0.14,45.38,6928.38,0.65,27.4,16.6,43.2,55.6,16
2026-08-21T21:34:26Z,celmis-sandbox,0.02,59.27,3072.0,1.93,0.0,0.0,18.0,0.0,3
2026-08-21T21:34:26Z,celmis-qdrant,0.11,178.2,6928.38,2.57,0.06,0.04,71.3,0.0,25
2026-08-21T21:34:33Z,celmis-web,0.01,82.06,6928.38,1.18,0.36,0.63,10.3,0.0,12
2026-08-21T21:34:33Z,celmis-api,0.26,580.6,6928.38,8.38,19.0,15.7,31.8,675.0,17
2026-08-21T21:34:33Z,celmis-postgres,0.00,45.57,6928.38,0.66,27.4,16.6,43.2,55.6,16
2026-08-21T21:34:33Z,celmis-sandbox,0.03,59.27,3072.0,1.93,0.0,0.0,18.0,0.0,3
2026-08-21T21:34:33Z,celmis-qdrant,0.08,178.2,6928.38,2.57,0.06,0.04,71.3,0.0,25
2026-08-21T21:34:41Z,celmis-web,0.01,82.05,6928.38,1.18,0.36,0.63,10.3,0.0,12
2026-08-21T21:34:41Z,celmis-api,0.77,580.4,6928.38,8.38,19.0,15.7,31.8,675.0,17
2026-08-21T21:34:41Z,celmis-postgres,0.23,45.44,6928.38,0.66,27.4,16.6,43.2,55.6,16
2026-08-21T21:34:41Z,celmis-sandbox,0.03,59.27,3072.0,1.93,0.0,0.0,18.0,0.0,3
2026-08-21T21:34:41Z,celmis-qdrant,0.10,178.4,6928.38,2.57,0.06,0.04,71.3,0.0,25
2026-08-21T21:34:48Z,celmis-web,0.01,82.05,6928.38,1.18,0.36,0.63,10.3,0.0,12
2026-08-21T21:34:48Z,celmis-api,0.46,587.4,6928.38,8.48,19.0,15.7,31.8,704.0,17
2026-08-21T21:34:48Z,celmis-postgres,0.03,45.1,6928.38,0.65,27.4,16.6,43.2,55.6,16
2026-08-21T21:34:48Z,celmis-sandbox,0.02,59.27,3072.0,1.93,0.0,0.0,18.0,0.0,3
2026-08-21T21:34:48Z,celmis-qdrant,0.05,178.4,6928.38,2.57,0.06,0.04,71.3,0.0,25
2026-08-21T21:34:56Z,celmis-web,0.01,82.07,6928.38,1.18,0.36,0.63,10.3,0.0,12
2026-08-21T21:34:56Z,celmis-api,1.74,587.9,6928.38,8.48,19.0,15.7,31.8,733.0,17
2026-08-21T21:34:56Z,celmis-postgres,0.12,45.43,6928.38,0.66,27.4,16.6,43.2,55.6,16
2026-08-21T21:34:56Z,celmis-sandbox,0.02,59.45,3072.0,1.94,0.0,0.0,18.0,0.0,3
2026-08-21T21:34:56Z,celmis-qdrant,0.16,178.3,6928.38,2.57,0.06,0.04,71.3,0.0,25
2026-08-21T21:35:03Z,celmis-web,0.00,82.07,6928.38,1.18,0.36,0.63,10.3,0.0,12
2026-08-21T21:35:03Z,celmis-api,0.67,588.8,6928.38,8.50,19.1,15.8,31.8,733.0,17
2026-08-21T21:35:03Z,celmis-postgres,0.03,45.57,6928.38,0.66,27.5,16.7,43.2,55.7,16
2026-08-21T21:35:03Z,celmis-sandbox,0.03,59.45,3072.0,1.94,0.0,0.0,18.0,0.0,3
2026-08-21T21:35:03Z,celmis-qdrant,0.08,178.3,6928.38,2.57,0.06,0.04,71.3,0.0,25
2026-08-21T21:35:11Z,celmis-web,0.01,82.56,6928.38,1.19,0.36,0.63,10.3,0.0,12
2026-08-21T21:35:11Z,celmis-api,0.56,579.4,6928.38,8.36,19.2,15.9,31.8,733.0,21
2026-08-21T21:35:11Z,celmis-postgres,1.04,43.73,6928.38,0.63,27.5,16.7,43.2,55.7,15
2026-08-21T21:35:11Z,celmis-sandbox,0.04,59.45,3072.0,1.94,0.0,0.0,18.0,0.0,3
2026-08-21T21:35:11Z,celmis-qdrant,0.08,178.2,6928.38,2.57,0.06,0.04,71.3,0.0,25
2026-08-21T21:35:18Z,celmis-web,0.00,82.56,6928.38,1.19,0.36,0.63,10.3,0.0,12
2026-08-21T21:35:18Z,celmis-api,0.26,579.3,6928.38,8.36,19.2,15.9,31.8,733.0,21
2026-08-21T21:35:18Z,celmis-postgres,1.59,43.14,6928.38,0.62,27.5,16.7,43.2,55.7,15
2026-08-21T21:35:18Z,celmis-sandbox,0.03,59.45,3072.0,1.94,0.0,0.0,18.0,0.0,3
2026-08-21T21:35:18Z,celmis-qdrant,0.10,178.2,6928.38,2.57,0.06,0.04,71.3,0.0,25
2026-08-21T21:35:25Z,celmis-web,0.01,82.32,6928.38,1.19,0.36,0.63,10.3,0.0,12
2026-08-21T21:35:25Z,celmis-api,0.79,579.8,6928.38,8.37,19.2,15.9,31.8,733.0,22
2026-08-21T21:35:25Z,celmis-postgres,0.12,45.12,6928.38,0.65,27.5,16.7,43.2,55.7,16
2026-08-21T21:35:25Z,celmis-sandbox,0.03,59.62,3072.0,1.94,0.0,0.0,18.0,0.0,3
2026-08-21T21:35:25Z,celmis-qdrant,0.12,178.4,6928.38,2.57,0.06,0.04,71.3,0.0,25
2026-08-21T21:35:33Z,celmis-web,0.00,82.32,6928.38,1.19,0.36,0.63,10.3,0.0,12
2026-08-21T21:35:33Z,celmis-api,0.29,579.7,6928.38,8.37,19.3,15.9,31.8,733.0,22
2026-08-21T21:35:33Z,celmis-postgres,0.06,45.45,6928.38,0.66,27.5,16.7,43.2,55.7,16
2026-08-21T21:35:33Z,celmis-sandbox,0.02,59.62,3072.0,1.94,0.0,0.0,18.0,0.0,3
2026-08-21T21:35:33Z,celmis-qdrant,0.07,178.4,6928.38,2.57,0.06,0.04,71.3,0.0,25
2026-08-21T21:35:41Z,celmis-web,0.01,82.28,6928.38,1.19,0.36,0.63,10.3,0.0,12
2026-08-21T21:35:41Z,celmis-api,11.43,580.0,6928.38,8.37,19.3,15.9,31.8,733.0,16
2026-08-21T21:35:41Z,celmis-postgres,0.13,45.37,6928.38,0.65,27.6,16.7,43.2,55.7,16
2026-08-21T21:35:41Z,celmis-sandbox,0.02,59.62,3072.0,1.94,0.0,0.0,18.0,0.0,3
2026-08-21T21:35:41Z,celmis-qdrant,0.14,178.3,6928.38,2.57,0.06,0.04,71.3,0.0,25
2026-08-21T21:35:48Z,celmis-web,0.00,82.28,6928.38,1.19,0.36,0.63,10.3,0.0,12
2026-08-21T21:35:48Z,celmis-api,0.28,579.6,6928.38,8.37,19.4,16.0,31.8,733.0,21
2026-08-21T21:35:48Z,celmis-postgres,1.69,43.44,6928.38,0.63,27.6,16.7,43.2,55.7,15
2026-08-21T21:35:48Z,celmis-sandbox,0.06,59.62,3072.0,1.94,0.0,0.0,18.0,0.0,3
2026-08-21T21:35:48Z,celmis-qdrant,0.08,178.3,6928.38,2.57,0.06,0.04,71.3,0.0,25
2026-08-21T21:35:56Z,celmis-web,0.01,82.3,6928.38,1.19,0.36,0.63,10.3,0.0,12
2026-08-21T21:35:56Z,celmis-api,1.34,579.4,6928.38,8.36,19.4,16.0,31.8,733.0,21
2026-08-21T21:35:56Z,celmis-postgres,0.14,43.28,6928.38,0.62,27.6,16.7,43.2,55.7,15
2026-08-21T21:35:56Z,celmis-sandbox,0.02,59.55,3072.0,1.94,0.0,0.0,18.0,0.0,3
2026-08-21T21:35:56Z,celmis-qdrant,0.08,178.4,6928.38,2.58,0.06,0.04,71.3,0.0,25
2026-08-21T21:36:03Z,celmis-web,0.00,82.3,6928.38,1.19,0.36,0.63,10.3,0.0,12
2026-08-21T21:36:03Z,celmis-api,0.31,579.7,6928.38,8.37,19.5,16.0,31.8,733.0,22
2026-08-21T21:36:03Z,celmis-postgres,0.08,45.47,6928.38,0.66,27.6,16.7,43.2,55.7,16
2026-08-21T21:36:03Z,celmis-sandbox,0.03,59.54,3072.0,1.94,0.0,0.0,18.0,0.0,3
2026-08-21T21:36:03Z,celmis-qdrant,0.19,178.4,6928.38,2.58,0.06,0.04,71.3,0.0,25
2026-08-21T21:36:11Z,celmis-web,0.01,82.27,6928.38,1.19,0.36,0.63,10.3,0.0,12
2026-08-21T21:36:11Z,celmis-api,0.53,580.1,6928.38,8.37,19.5,16.0,31.8,734.0,22
2026-08-21T21:36:11Z,celmis-postgres,2.72,45.65,6928.38,0.66,27.6,16.7,43.2,55.8,16
2026-08-21T21:36:11Z,celmis-sandbox,0.03,59.54,3072.0,1.94,0.0,0.0,18.0,0.0,3
2026-08-21T21:36:11Z,celmis-qdrant,0.12,178.3,6928.38,2.57,0.06,0.04,71.3,0.0,25
2026-08-21T21:36:18Z,celmis-web,0.00,82.27,6928.38,1.19,0.36,0.63,10.3,0.0,12
2026-08-21T21:36:18Z,celmis-api,0.24,580.0,6928.38,8.37,19.5,16.0,31.8,734.0,22
2026-08-21T21:36:18Z,celmis-postgres,1.58,45.38,6928.38,0.65,27.6,16.7,43.2,55.8,16
2026-08-21T21:36:18Z,celmis-sandbox,0.02,59.54,3072.0,1.94,0.0,0.0,18.0,0.0,3
2026-08-21T21:36:18Z,celmis-qdrant,0.11,178.3,6928.38,2.57,0.06,0.04,71.3,0.0,25
2026-08-21T21:36:26Z,celmis-web,0.01,82.31,6928.38,1.19,0.36,0.63,10.3,0.0,12
2026-08-21T21:36:26Z,celmis-api,0.85,580.1,6928.38,8.37,19.5,16.0,31.8,734.0,22
2026-08-21T21:36:26Z,celmis-postgres,0.11,45.29,6928.38,0.65,27.6,16.7,43.2,55.8,16
2026-08-21T21:36:26Z,celmis-sandbox,0.09,59.79,3072.0,1.95,0.0,0.0,18.0,0.0,3
2026-08-21T21:36:26Z,celmis-qdrant,0.15,178.1,6928.38,2.57,0.06,0.04,71.3,0.0,25
2026-08-21T21:36:33Z,celmis-web,0.01,82.31,6928.38,1.19,0.36,0.63,10.3,0.0,12
2026-08-21T21:36:33Z,celmis-api,0.26,580.1,6928.38,8.37,19.5,16.0,31.8,734.0,22
2026-08-21T21:36:33Z,celmis-postgres,1.80,45.17,6928.38,0.65,27.6,16.7,43.2,55.8,16
2026-08-21T21:36:33Z,celmis-sandbox,0.03,59.79,3072.0,1.95,0.0,0.0,18.0,0.0,3
2026-08-21T21:36:33Z,celmis-qdrant,0.07,178.1,6928.38,2.57,0.06,0.04,71.3,0.0,25
2026-08-21T21:36:41Z,celmis-web,0.00,82.3,6928.38,1.19,0.36,0.63,10.3,0.0,12
2026-08-21T21:36:41Z,celmis-api,49.75,580.0,6928.38,8.37,19.5,16.0,31.8,734.0,16
2026-08-21T21:36:41Z,celmis-postgres,0.81,39.74,6928.38,0.57,27.6,16.8,43.2,55.8,13
2026-08-21T21:36:41Z,celmis-sandbox,0.02,59.79,3072.0,1.95,0.0,0.0,18.0,0.0,3
2026-08-21T21:36:41Z,celmis-qdrant,0.09,178.5,6928.38,2.58,0.06,0.04,71.3,0.0,25
2026-08-21T21:36:48Z,celmis-web,0.01,82.3,6928.38,1.19,0.36,0.63,10.3,0.0,12
2026-08-21T21:36:48Z,celmis-api,0.23,581.9,6928.38,8.40,19.7,16.2,31.8,734.0,21
2026-08-21T21:36:48Z,celmis-postgres,1.83,43.87,6928.38,0.63,27.6,16.8,43.2,55.8,15
2026-08-21T21:36:48Z,celmis-sandbox,0.06,59.79,3072.0,1.95,0.0,0.0,18.0,0.0,3
2026-08-21T21:36:48Z,celmis-qdrant,0.07,178.5,6928.38,2.58,0.06,0.04,71.3,0.0,25
2026-08-21T21:36:56Z,celmis-web,0.01,82.18,6928.38,1.19,0.36,0.63,10.3,0.0,12
2026-08-21T21:36:56Z,celmis-api,0.65,581.8,6928.38,8.40,19.7,16.2,31.8,734.0,21
2026-08-21T21:36:56Z,celmis-postgres,0.18,43.32,6928.38,0.63,27.6,16.8,43.2,55.8,15
2026-08-21T21:36:56Z,celmis-sandbox,0.03,59.41,3072.0,1.93,0.0,0.0,18.0,0.0,3
2026-08-21T21:36:56Z,celmis-qdrant,0.13,178.4,6928.38,2.57,0.06,0.04,71.3,0.0,25
2026-08-21T21:37:03Z,celmis-web,0.01,82.18,6928.38,1.19,0.36,0.63,10.3,0.0,12
2026-08-21T21:37:03Z,celmis-api,0.29,582.4,6928.38,8.41,19.7,16.3,31.8,734.0,22
2026-08-21T21:37:03Z,celmis-postgres,1.90,45.4,6928.38,0.66,27.6,16.8,43.2,55.8,16
2026-08-21T21:37:03Z,celmis-sandbox,0.03,59.41,3072.0,1.93,0.0,0.0,18.0,0.0,3
2026-08-21T21:37:03Z,celmis-qdrant,0.07,178.4,6928.38,2.57,0.06,0.04,71.3,0.0,25
2026-08-21T21:37:11Z,celmis-web,0.01,82.26,6928.38,1.19,0.36,0.63,10.3,0.0,12
2026-08-21T21:37:11Z,celmis-api,13.62,595.9,6928.38,8.60,19.7,16.3,31.8,734.0,23
2026-08-21T21:37:11Z,celmis-postgres,0.38,45.64,6928.38,0.66,27.6,16.8,43.2,55.8,16
2026-08-21T21:37:11Z,celmis-sandbox,0.03,59.41,3072.0,1.93,0.0,0.0,18.0,0.0,3
2026-08-21T21:37:11Z,celmis-qdrant,0.13,178.1,6928.38,2.57,0.06,0.04,71.3,0.0,25
2026-08-21T21:37:18Z,celmis-web,0.00,82.26,6928.38,1.19,0.36,0.63,10.3,0.0,12
2026-08-21T21:37:18Z,celmis-api,0.20,582.7,6928.38,8.41,19.8,16.3,31.8,734.0,22
2026-08-21T21:37:18Z,celmis-postgres,1.59,45.25,6928.38,0.65,27.6,16.8,43.2,55.8,16
2026-08-21T21:37:18Z,celmis-sandbox,0.05,59.41,3072.0,1.93,0.0,0.0,18.0,0.0,3
2026-08-21T21:37:18Z,celmis-qdrant,0.09,178.1,6928.38,2.57,0.06,0.04,71.3,0.0,25
2026-08-21T21:37:26Z,celmis-web,0.01,82.29,6928.38,1.19,0.36,0.63,10.3,0.0,12
2026-08-21T21:37:26Z,celmis-api,1.14,583.0,6928.38,8.41,19.8,16.3,31.8,734.0,22
2026-08-21T21:37:26Z,celmis-postgres,0.12,45.52,6928.38,0.66,27.6,16.8,43.2,56.0,16
2026-08-21T21:37:26Z,celmis-sandbox,0.06,59.58,3072.0,1.94,0.0,0.0,18.0,0.0,3
2026-08-21T21:37:26Z,celmis-qdrant,0.09,178.4,6928.38,2.57,0.06,0.04,71.3,0.0,25
2026-08-21T21:37:33Z,celmis-web,0.01,82.29,6928.38,1.19,0.36,0.63,10.3,0.0,12
2026-08-21T21:37:33Z,celmis-api,0.26,583.0,6928.38,8.41,19.8,16.3,31.8,734.0,22
2026-08-21T21:37:33Z,celmis-postgres,1.39,45.38,6928.38,0.65,27.7,16.8,43.2,56.1,16
2026-08-21T21:37:33Z,celmis-sandbox,0.03,59.58,3072.0,1.94,0.0,0.0,18.0,0.0,3
2026-08-21T21:37:33Z,celmis-qdrant,0.08,178.4,6928.38,2.57,0.06,0.04,71.3,0.0,25
2026-08-21T21:37:41Z,celmis-web,0.01,82.29,6928.38,1.19,0.36,0.63,10.3,0.0,12
2026-08-21T21:37:41Z,celmis-api,0.47,582.9,6928.38,8.41,19.8,16.3,31.8,734.0,22
2026-08-21T21:37:41Z,celmis-postgres,0.11,45.26,6928.38,0.65,27.7,16.8,43.2,56.1,16
2026-08-21T21:37:41Z,celmis-sandbox,0.03,59.58,3072.0,1.94,0.0,0.0,18.0,0.0,3
2026-08-21T21:37:41Z,celmis-qdrant,0.10,178.5,6928.38,2.58,0.06,0.04,71.3,0.0,25
2026-08-21T21:37:48Z,celmis-web,0.01,82.29,6928.38,1.19,0.36,0.63,10.3,0.0,12
2026-08-21T21:37:48Z,celmis-api,0.22,582.6,6928.38,8.41,19.8,16.3,31.8,734.0,17
2026-08-21T21:37:48Z,celmis-postgres,0.00,45.24,6928.38,0.65,27.7,16.8,43.2,56.1,16
2026-08-21T21:37:48Z,celmis-sandbox,0.03,59.58,3072.0,1.94,0.0,0.0,18.0,0.0,3
2026-08-21T21:37:48Z,celmis-qdrant,0.12,178.5,6928.38,2.58,0.06,0.04,71.3,0.0,25
2026-08-21T21:37:56Z,celmis-web,0.00,82.08,6928.38,1.18,0.36,0.63,10.3,0.0,12
2026-08-21T21:37:56Z,celmis-api,83.85,577.8,6928.38,8.34,20.1,16.4,31.8,734.0,21
2026-08-21T21:37:56Z,celmis-postgres,0.04,43.45,6928.38,0.63,27.8,16.9,43.2,56.1,15
2026-08-21T21:37:56Z,celmis-sandbox,0.01,59.75,3072.0,1.95,0.0,0.0,18.0,0.0,3
2026-08-21T21:37:56Z,celmis-qdrant,0.02,178.4,6928.38,2.57,0.06,0.04,71.3,0.0,25
2026-08-21T21:38:03Z,celmis-web,0.01,82.08,6928.38,1.18,0.36,0.63,10.3,0.0,12
2026-08-21T21:38:03Z,celmis-api,0.26,580.5,6928.38,8.38,20.1,16.5,31.8,734.0,21
2026-08-21T21:38:03Z,celmis-postgres,1.38,43.68,6928.38,0.63,27.8,16.9,43.2,56.1,15
2026-08-21T21:38:03Z,celmis-sandbox,0.03,59.75,3072.0,1.95,0.0,0.0,18.0,0.0,3
2026-08-21T21:38:03Z,celmis-qdrant,0.07,178.4,6928.38,2.57,0.06,0.04,71.3,0.0,25
2026-08-21T21:38:11Z,celmis-web,0.01,82.2,6928.38,1.19,0.36,0.63,10.3,0.0,12
2026-08-21T21:38:11Z,celmis-api,0.64,580.8,6928.38,8.38,20.1,16.6,31.8,734.0,22
2026-08-21T21:38:11Z,celmis-postgres,0.81,45.13,6928.38,0.65,27.8,16.9,43.2,56.1,16
2026-08-21T21:38:11Z,celmis-sandbox,0.03,59.75,3072.0,1.95,0.0,0.0,18.0,0.0,3
2026-08-21T21:38:11Z,celmis-qdrant,0.16,178.3,6928.38,2.57,0.06,0.04,71.3,0.0,25
2026-08-21T21:38:18Z,celmis-web,0.01,82.2,6928.38,1.19,0.36,0.63,10.3,0.0,12
2026-08-21T21:38:18Z,celmis-api,0.93,580.4,6928.38,8.38,20.1,16.6,31.8,734.0,22
2026-08-21T21:38:18Z,celmis-postgres,0.02,45.45,6928.38,0.66,27.8,16.9,43.2,56.2,16
2026-08-21T21:38:18Z,celmis-sandbox,0.02,59.75,3072.0,1.95,0.0,0.0,18.0,0.0,3
2026-08-21T21:38:18Z,celmis-qdrant,0.09,178.3,6928.38,2.57,0.06,0.04,71.3,0.0,25
2026-08-21T21:38:26Z,celmis-web,0.01,82.14,6928.38,1.19,0.36,0.63,10.3,0.0,12
2026-08-21T21:38:26Z,celmis-api,0.50,580.8,6928.38,8.38,20.1,16.6,31.8,734.0,22
2026-08-21T21:38:26Z,celmis-postgres,0.11,44.96,6928.38,0.65,27.8,16.9,43.2,56.2,16
2026-08-21T21:38:26Z,celmis-sandbox,0.03,59.68,3072.0,1.94,0.0,0.0,18.0,0.0,3
2026-08-21T21:38:26Z,celmis-qdrant,0.09,178.2,6928.38,2.57,0.06,0.04,71.3,0.0,25
2026-08-21T21:38:33Z,celmis-web,0.00,82.14,6928.38,1.19,0.36,0.63,10.3,0.0,12
2026-08-21T21:38:33Z,celmis-api,0.26,580.8,6928.38,8.38,20.1,16.6,31.8,734.0,22
2026-08-21T21:38:33Z,celmis-postgres,0.59,45.77,6928.38,0.66,27.8,16.9,43.2,56.2,22
2026-08-21T21:38:33Z,celmis-sandbox,0.03,59.68,3072.0,1.94,0.0,0.0,18.0,0.0,3
2026-08-21T21:38:33Z,celmis-qdrant,0.09,178.2,6928.38,2.57,0.06,0.04,71.3,0.0,25
2026-08-21T21:38:41Z,celmis-web,0.01,82.13,6928.38,1.19,0.36,0.63,10.3,0.0,12
2026-08-21T21:38:41Z,celmis-api,0.56,580.6,6928.38,8.38,20.2,16.6,31.8,734.0,22
2026-08-21T21:38:41Z,celmis-postgres,0.12,45.12,6928.38,0.65,27.8,16.9,43.2,56.2,16
2026-08-21T21:38:41Z,celmis-sandbox,0.03,59.68,3072.0,1.94,0.0,0.0,18.0,0.0,3
2026-08-21T21:38:41Z,celmis-qdrant,0.09,178.1,6928.38,2.57,0.06,0.04,71.3,0.0,25
2026-08-21T21:38:48Z,celmis-web,0.00,82.13,6928.38,1.19,0.36,0.63,10.3,0.0,12
2026-08-21T21:38:48Z,celmis-api,0.24,580.6,6928.38,8.38,20.2,16.6,31.8,734.0,22
2026-08-21T21:38:48Z,celmis-postgres,0.03,45.26,6928.38,0.65,27.8,16.9,43.2,56.2,16
2026-08-21T21:38:48Z,celmis-sandbox,0.02,59.68,3072.0,1.94,0.0,0.0,18.0,0.0,3
2026-08-21T21:38:48Z,celmis-qdrant,0.08,178.1,6928.38,2.57,0.06,0.04,71.3,0.0,25
2026-08-21T21:38:56Z,celmis-web,0.01,82.16,6928.38,1.19,0.36,0.63,10.3,0.0,12
2026-08-21T21:38:56Z,celmis-api,0.79,581.0,6928.38,8.38,20.2,16.6,31.8,734.0,17
2026-08-21T21:38:56Z,celmis-postgres,0.09,45.33,6928.38,0.65,27.8,16.9,43.2,56.2,16
2026-08-21T21:38:56Z,celmis-sandbox,0.02,59.6,3072.0,1.94,0.0,0.0,18.0,0.0,3
2026-08-21T21:38:56Z,celmis-qdrant,0.11,178.2,6928.38,2.57,0.06,0.04,71.3,0.0,25
2026-08-21T21:39:03Z,celmis-web,0.01,82.16,6928.38,1.19,0.36,0.63,10.3,0.0,12
2026-08-21T21:39:03Z,celmis-api,0.30,580.8,6928.38,8.38,20.2,16.6,31.8,734.0,17
2026-08-21T21:39:03Z,celmis-postgres,0.03,45.32,6928.38,0.65,27.8,16.9,43.2,56.2,16
2026-08-21T21:39:03Z,celmis-sandbox,0.02,59.6,3072.0,1.94,0.0,0.0,18.0,0.0,3
2026-08-21T21:39:03Z,celmis-qdrant,0.09,178.2,6928.38,2.57,0.06,0.04,71.3,0.0,25
2026-08-21T21:39:11Z,celmis-web,0.00,82.03,6928.38,1.18,0.36,0.63,10.3,0.0,12
2026-08-21T21:39:11Z,celmis-api,0.52,580.8,6928.38,8.38,20.2,16.6,31.8,734.0,17
2026-08-21T21:39:11Z,celmis-postgres,0.86,45.67,6928.38,0.66,27.8,16.9,43.2,56.2,16
2026-08-21T21:39:11Z,celmis-sandbox,0.02,59.6,3072.0,1.94,0.0,0.0,18.0,0.0,3
2026-08-21T21:39:11Z,celmis-qdrant,0.13,178.4,6928.38,2.57,0.06,0.04,71.3,0.0,25
2026-08-21T21:39:18Z,celmis-web,0.00,82.03,6928.38,1.18,0.36,0.63,10.3,0.0,12
2026-08-21T21:39:18Z,celmis-api,0.44,587.9,6928.38,8.49,20.2,16.6,31.8,749.0,17
2026-08-21T21:39:18Z,celmis-postgres,0.02,45.65,6928.38,0.66,27.8,16.9,43.2,56.2,16
2026-08-21T21:39:18Z,celmis-sandbox,0.06,59.6,3072.0,1.94,0.0,0.0,18.0,0.0,3
2026-08-21T21:39:18Z,celmis-qdrant,0.09,178.4,6928.38,2.57,0.06,0.04,71.3,0.0,25
2026-08-21T21:39:26Z,celmis-web,0.01,82.16,6928.38,1.19,0.36,0.63,10.3,0.0,12
2026-08-21T21:39:26Z,celmis-api,0.74,588.4,6928.38,8.49,20.2,16.6,31.8,778.0,17
2026-08-21T21:39:26Z,celmis-postgres,0.13,45.14,6928.38,0.65,27.8,16.9,43.2,56.2,16
2026-08-21T21:39:26Z,celmis-sandbox,0.10,59.52,3072.0,1.94,0.0,0.0,18.0,0.0,3
2026-08-21T21:39:26Z,celmis-qdrant,0.08,178.5,6928.38,2.58,0.06,0.04,71.3,0.0,25
2026-08-21T21:39:33Z,celmis-web,0.01,82.16,6928.38,1.19,0.36,0.63,10.3,0.0,12
2026-08-21T21:39:33Z,celmis-api,1.31,589.0,6928.38,8.50,20.3,16.7,31.8,792.0,17
2026-08-21T21:39:33Z,celmis-postgres,0.00,45.31,6928.38,0.65,27.8,17.0,43.2,56.3,16
2026-08-21T21:39:33Z,celmis-sandbox,0.03,59.52,3072.0,1.94,0.0,0.0,18.0,0.0,3
2026-08-21T21:39:33Z,celmis-qdrant,0.09,178.5,6928.38,2.58,0.06,0.04,71.3,0.0,25
2026-08-21T21:39:41Z,celmis-web,0.00,82.27,6928.38,1.19,0.36,0.63,10.3,0.0,12
2026-08-21T21:39:41Z,celmis-api,31.07,378.0,6928.38,5.46,20.3,16.7,31.8,792.0,16
2026-08-21T21:39:41Z,celmis-postgres,0.23,39.97,6928.38,0.58,27.8,17.0,43.2,56.3,13
2026-08-21T21:39:41Z,celmis-sandbox,0.02,59.52,3072.0,1.94,0.0,0.0,18.0,0.0,3
2026-08-21T21:39:41Z,celmis-qdrant,0.08,178.4,6928.38,2.58,0.06,0.04,71.3,0.0,25
2026-08-21T21:39:48Z,celmis-web,26.60,82.81,6928.38,1.20,0.42,0.69,10.3,0.0,12
2026-08-21T21:39:48Z,celmis-api,0.32,578.9,6928.38,8.36,20.4,16.7,31.8,793.0,21
2026-08-21T21:39:48Z,celmis-postgres,4.40,44.29,6928.38,0.64,27.9,17.0,43.2,56.3,15
2026-08-21T21:39:48Z,celmis-sandbox,0.03,59.52,3072.0,1.94,0.0,0.0,18.0,0.0,3
2026-08-21T21:39:48Z,celmis-qdrant,0.09,178.4,6928.38,2.58,0.06,0.04,71.3,0.0,25
2026-08-21T21:39:56Z,celmis-web,0.04,82.92,6928.38,1.20,0.46,0.73,10.5,0.0,12
2026-08-21T21:39:56Z,celmis-api,3.65,580.0,6928.38,8.37,20.5,16.8,31.8,793.0,25
2026-08-21T21:39:56Z,celmis-postgres,1.13,46.2,6928.38,0.67,27.9,17.0,43.3,56.3,16
2026-08-21T21:39:56Z,celmis-sandbox,0.03,59.38,3072.0,1.93,0.0,0.0,18.0,0.0,3
2026-08-21T21:39:56Z,celmis-qdrant,0.12,178.3,6928.38,2.57,0.06,0.04,71.3,0.0,25
2026-08-21T21:40:03Z,celmis-web,0.01,82.92,6928.38,1.20,0.46,0.73,10.5,0.0,12
2026-08-21T21:40:03Z,celmis-api,2.95,580.1,6928.38,8.37,20.5,16.8,31.8,793.0,23
2026-08-21T21:40:03Z,celmis-postgres,1.79,45.89,6928.38,0.66,27.9,17.1,43.3,56.3,16
2026-08-21T21:40:03Z,celmis-sandbox,0.03,59.38,3072.0,1.93,0.0,0.0,18.0,0.0,3
2026-08-21T21:40:03Z,celmis-qdrant,0.09,178.3,6928.38,2.57,0.06,0.04,71.3,0.0,25
2026-08-21T21:40:11Z,celmis-web,3.66,82.98,6928.38,1.20,0.47,0.75,10.5,0.0,12
2026-08-21T21:40:11Z,celmis-api,4.67,581.9,6928.38,8.40,20.6,16.9,32.0,793.0,24
2026-08-21T21:40:11Z,celmis-postgres,2.38,46.06,6928.38,0.66,27.9,17.1,43.3,56.3,16
2026-08-21T21:40:11Z,celmis-sandbox,0.03,59.38,3072.0,1.93,0.0,0.0,18.0,0.0,3
2026-08-21T21:40:11Z,celmis-qdrant,0.09,178.2,6928.38,2.57,0.06,0.04,71.3,0.0,25
2026-08-21T21:40:18Z,celmis-web,0.29,82.73,6928.38,1.19,0.47,0.75,10.5,0.0,12
2026-08-21T21:40:18Z,celmis-api,3.80,588.7,6928.38,8.50,20.6,16.9,32.0,822.0,19
2026-08-21T21:40:18Z,celmis-postgres,1.69,47.94,6928.38,0.69,28.0,17.1,43.3,56.3,17
2026-08-21T21:40:18Z,celmis-sandbox,0.01,59.38,3072.0,1.93,0.0,0.0,18.0,0.0,3
2026-08-21T21:40:18Z,celmis-qdrant,0.06,178.2,6928.38,2.57,0.06,0.04,71.3,0.0,25
2026-08-21T21:40:26Z,celmis-web,0.01,82.78,6928.38,1.19,0.47,0.75,10.5,0.0,12
2026-08-21T21:40:26Z,celmis-api,0.95,380.1,6928.38,5.49,20.7,17.0,32.0,822.0,17
2026-08-21T21:40:26Z,celmis-postgres,0.14,41.01,6928.38,0.59,28.0,17.1,43.3,56.3,13
2026-08-21T21:40:26Z,celmis-sandbox,0.03,59.31,3072.0,1.93,0.0,0.0,18.0,0.0,3
2026-08-21T21:40:26Z,celmis-qdrant,0.08,178.2,6928.38,2.57,0.06,0.04,71.3,0.0,25
2026-08-21T21:40:33Z,celmis-web,0.01,82.78,6928.38,1.19,0.47,0.75,10.5,0.0,12
2026-08-21T21:40:33Z,celmis-api,2.90,581.9,6928.38,8.40,20.9,17.1,32.3,822.0,22
2026-08-21T21:40:33Z,celmis-postgres,1.70,44.31,6928.38,0.64,28.0,17.2,43.3,56.3,15
2026-08-21T21:40:33Z,celmis-sandbox,0.03,59.31,3072.0,1.93,0.0,0.0,18.0,0.0,3
2026-08-21T21:40:33Z,celmis-qdrant,0.06,178.2,6928.38,2.57,0.06,0.04,71.3,0.0,25
2026-08-21T21:40:41Z,celmis-web,0.01,83.25,6928.38,1.20,0.47,0.75,10.5,0.0,12
2026-08-21T21:40:41Z,celmis-api,0.51,581.8,6928.38,8.40,20.9,17.1,32.3,822.0,22
2026-08-21T21:40:41Z,celmis-postgres,0.12,44.45,6928.38,0.64,28.0,17.2,43.3,56.3,15
2026-08-21T21:40:41Z,celmis-sandbox,0.03,59.31,3072.0,1.93,0.0,0.0,18.0,0.0,3
2026-08-21T21:40:41Z,celmis-qdrant,0.13,178.3,6928.38,2.57,0.06,0.04,71.3,0.0,25
2026-08-21T21:40:48Z,celmis-web,0.00,83.25,6928.38,1.20,0.47,0.75,10.5,0.0,12
2026-08-21T21:40:48Z,celmis-api,0.25,582.3,6928.38,8.40,20.9,17.1,32.3,822.0,22
2026-08-21T21:40:48Z,celmis-postgres,0.03,44.15,6928.38,0.64,28.0,17.2,43.3,56.4,15
2026-08-21T21:40:48Z,celmis-sandbox,0.03,59.31,3072.0,1.93,0.0,0.0,18.0,0.0,3
2026-08-21T21:40:48Z,celmis-qdrant,0.07,178.3,6928.38,2.57,0.06,0.04,71.3,0.0,25
2026-08-21T21:40:56Z,celmis-web,0.01,82.86,6928.38,1.20,0.47,0.75,10.5,0.0,12
2026-08-21T21:40:56Z,celmis-api,0.59,582.4,6928.38,8.41,21.0,17.2,32.3,822.0,23
2026-08-21T21:40:56Z,celmis-postgres,0.10,46.23,6928.38,0.67,28.1,17.2,43.3,56.4,16
2026-08-21T21:40:56Z,celmis-sandbox,0.04,59.48,3072.0,1.94,0.0,0.0,18.0,0.0,3
2026-08-21T21:40:56Z,celmis-qdrant,0.07,178.0,6928.38,2.57,0.06,0.04,71.3,0.0,25
2026-08-21T21:41:03Z,celmis-web,0.01,82.86,6928.38,1.20,0.47,0.75,10.5,0.0,12
2026-08-21T21:41:03Z,celmis-api,0.24,582.7,6928.38,8.41,21.0,17.2,32.3,822.0,23
2026-08-21T21:41:03Z,celmis-postgres,0.03,46.34,6928.38,0.67,28.1,17.2,43.3,56.4,16
2026-08-21T21:41:03Z,celmis-sandbox,0.04,59.48,3072.0,1.94,0.0,0.0,18.0,0.0,3
2026-08-21T21:41:03Z,celmis-qdrant,0.07,178.0,6928.38,2.57,0.06,0.04,71.3,0.0,25
2026-08-21T21:41:11Z,celmis-web,0.01,82.83,6928.38,1.20,0.47,0.75,10.5,0.0,12
2026-08-21T21:41:11Z,celmis-api,0.38,582.7,6928.38,8.41,21.1,17.2,32.3,822.0,18
2026-08-21T21:41:11Z,celmis-postgres,1.81,47.28,6928.38,0.68,28.1,17.3,43.3,56.4,17
2026-08-21T21:41:11Z,celmis-sandbox,0.03,59.48,3072.0,1.94,0.0,0.0,18.0,0.0,3
2026-08-21T21:41:11Z,celmis-qdrant,0.09,178.1,6928.38,2.57,0.06,0.04,71.3,0.0,25
2026-08-21T21:41:18Z,celmis-web,0.00,82.83,6928.38,1.20,0.47,0.75,10.5,0.0,12
2026-08-21T21:41:18Z,celmis-api,26.18,589.4,6928.38,8.51,21.1,17.3,32.3,851.0,18
2026-08-21T21:41:18Z,celmis-postgres,0.01,46.21,6928.38,0.67,28.1,17.3,43.3,56.4,16
2026-08-21T21:41:18Z,celmis-sandbox,0.06,59.48,3072.0,1.94,0.0,0.0,18.0,0.0,3
2026-08-21T21:41:18Z,celmis-qdrant,0.06,178.1,6928.38,2.57,0.06,0.04,71.3,0.0,25
2026-08-21T21:41:26Z,celmis-web,0.01,82.72,6928.38,1.19,0.47,0.75,10.5,0.0,12
2026-08-21T21:41:26Z,celmis-api,16.72,590.9,6928.38,8.53,21.2,17.4,32.3,866.0,18
2026-08-21T21:41:26Z,celmis-postgres,18.35,46.25,6928.38,0.67,28.2,17.4,43.3,56.4,16
2026-08-21T21:41:26Z,celmis-sandbox,0.02,59.66,3072.0,1.94,0.0,0.0,18.0,0.0,3
2026-08-21T21:41:26Z,celmis-qdrant,0.10,178.0,6928.38,2.57,0.06,0.04,71.3,0.0,25
2026-08-21T21:41:33Z,celmis-web,0.01,82.72,6928.38,1.19,0.47,0.75,10.5,0.0,12
2026-08-21T21:41:33Z,celmis-api,0.25,382.7,6928.38,5.52,21.2,17.4,32.3,866.0,17
2026-08-21T21:41:33Z,celmis-postgres,0.05,41.03,6928.38,0.59,28.2,17.4,43.3,56.4,13
2026-08-21T21:41:33Z,celmis-sandbox,0.03,59.66,3072.0,1.94,0.0,0.0,18.0,0.0,3
2026-08-21T21:41:33Z,celmis-qdrant,0.09,178.0,6928.38,2.57,0.06,0.04,71.3,0.0,25
2026-08-21T21:41:41Z,celmis-web,0.00,82.69,6928.38,1.19,0.47,0.75,10.5,0.0,12
2026-08-21T21:41:41Z,celmis-api,0.42,583.9,6928.38,8.43,21.5,17.6,32.3,866.0,22
2026-08-21T21:41:41Z,celmis-postgres,1.74,44.5,6928.38,0.64,28.2,17.4,43.3,56.4,15
2026-08-21T21:41:41Z,celmis-sandbox,0.02,59.66,3072.0,1.94,0.0,0.0,18.0,0.0,3
2026-08-21T21:41:41Z,celmis-qdrant,0.07,178.2,6928.38,2.57,0.06,0.04,71.3,0.0,25
2026-08-21T21:41:48Z,celmis-web,0.00,82.69,6928.38,1.19,0.47,0.75,10.5,0.0,12
2026-08-21T21:41:48Z,celmis-api,0.28,583.9,6928.38,8.43,21.5,17.6,32.3,866.0,22
2026-08-21T21:41:48Z,celmis-postgres,0.04,44.13,6928.38,0.64,28.2,17.4,43.3,56.5,15
2026-08-21T21:41:48Z,celmis-sandbox,0.08,59.66,3072.0,1.94,0.0,0.0,18.0,0.0,3
2026-08-21T21:41:48Z,celmis-qdrant,0.10,178.2,6928.38,2.57,0.06,0.04,71.3,0.0,25
2026-08-21T21:41:56Z,celmis-web,0.00,82.83,6928.38,1.20,0.47,0.75,10.5,0.0,12
2026-08-21T21:41:56Z,celmis-api,0.52,584.5,6928.38,8.44,21.5,17.6,32.3,866.0,23
2026-08-21T21:41:56Z,celmis-postgres,1.70,46.25,6928.38,0.67,28.3,17.5,43.3,56.5,16
2026-08-21T21:41:56Z,celmis-sandbox,0.03,59.58,3072.0,1.94,0.0,0.0,18.0,0.0,3
2026-08-21T21:41:56Z,celmis-qdrant,0.12,178.3,6928.38,2.57,0.06,0.04,71.3,0.0,25
2026-08-21T21:42:03Z,celmis-web,0.01,82.83,6928.38,1.20,0.47,0.75,10.5,0.0,12
2026-08-21T21:42:03Z,celmis-api,0.28,584.4,6928.38,8.43,21.5,17.7,32.3,866.0,23
2026-08-21T21:42:03Z,celmis-postgres,0.04,46.14,6928.38,0.67,28.3,17.5,43.3,56.5,16
2026-08-21T21:42:03Z,celmis-sandbox,0.03,59.58,3072.0,1.94,0.0,0.0,18.0,0.0,3
2026-08-21T21:42:03Z,celmis-qdrant,0.11,178.3,6928.38,2.57,0.06,0.04,71.3,0.0,25
2026-08-21T21:42:11Z,celmis-web,0.00,82.73,6928.38,1.19,0.47,0.75,10.5,0.0,12
2026-08-21T21:42:11Z,celmis-api,0.53,584.5,6928.38,8.44,21.6,17.7,32.3,866.0,23
2026-08-21T21:42:11Z,celmis-postgres,1.72,46.07,6928.38,0.66,28.3,17.5,43.3,56.5,16
2026-08-21T21:42:11Z,celmis-sandbox,0.02,59.58,3072.0,1.94,0.0,0.0,18.0,0.0,3
2026-08-21T21:42:11Z,celmis-qdrant,0.13,178.0,6928.38,2.57,0.06,0.04,71.3,0.0,25
2026-08-21T21:42:18Z,celmis-web,0.01,82.73,6928.38,1.19,0.47,0.75,10.5,0.0,12
2026-08-21T21:42:18Z,celmis-api,0.75,584.9,6928.38,8.44,21.6,17.7,32.3,866.0,23
2026-08-21T21:42:18Z,celmis-postgres,0.01,46.46,6928.38,0.67,28.3,17.5,43.3,56.5,16
2026-08-21T21:42:18Z,celmis-sandbox,0.03,59.58,3072.0,1.94,0.0,0.0,18.0,0.0,3
2026-08-21T21:42:18Z,celmis-qdrant,0.09,178.0,6928.38,2.57,0.06,0.04,71.3,0.0,25
2026-08-21T21:42:26Z,celmis-web,0.01,83.0,6928.38,1.20,0.47,0.75,10.5,0.0,12
2026-08-21T21:42:26Z,celmis-api,19.70,585.2,6928.38,8.45,21.7,17.8,32.3,866.0,17
2026-08-21T21:42:26Z,celmis-postgres,1.79,46.29,6928.38,0.67,28.3,17.6,43.3,56.8,16
2026-08-21T21:42:26Z,celmis-sandbox,0.02,59.75,3072.0,1.94,0.0,0.0,18.0,0.0,3
2026-08-21T21:42:26Z,celmis-qdrant,0.05,178.2,6928.38,2.57,0.06,0.04,71.3,0.0,25
2026-08-21T21:42:33Z,celmis-web,0.00,83.0,6928.38,1.20,0.47,0.75,10.5,0.0,12
2026-08-21T21:42:33Z,celmis-api,0.87,446.3,6928.38,6.44,21.8,17.8,32.3,866.0,22
2026-08-21T21:42:33Z,celmis-postgres,0.01,44.49,6928.38,0.64,28.4,17.6,43.3,56.8,15
2026-08-21T21:42:33Z,celmis-sandbox,0.01,59.75,3072.0,1.94,0.0,0.0,18.0,0.0,3
2026-08-21T21:42:33Z,celmis-qdrant,0.02,178.2,6928.38,2.57,0.06,0.04,71.3,0.0,25
2026-08-21T21:42:41Z,celmis-web,0.01,82.86,6928.38,1.20,0.47,0.75,10.5,0.0,12
2026-08-21T21:42:41Z,celmis-api,2.96,581.8,6928.38,8.40,21.9,17.9,32.3,866.0,22
2026-08-21T21:42:41Z,celmis-postgres,3.11,44.39,6928.38,0.64,28.4,17.6,43.3,56.8,15
2026-08-21T21:42:41Z,celmis-sandbox,0.03,59.75,3072.0,1.94,0.0,0.0,18.0,0.0,3
2026-08-21T21:42:41Z,celmis-qdrant,0.09,178.1,6928.38,2.57,0.06,0.04,71.3,0.0,25
2026-08-21T21:42:48Z,celmis-web,0.01,82.86,6928.38,1.20,0.47,0.75,10.5,0.0,12
2026-08-21T21:42:48Z,celmis-api,0.23,582.2,6928.38,8.40,22.0,17.9,32.3,866.0,23
2026-08-21T21:42:48Z,celmis-postgres,0.64,46.24,6928.38,0.67,28.4,17.6,43.3,56.8,16
2026-08-21T21:42:48Z,celmis-sandbox,0.04,59.75,3072.0,1.94,0.0,0.0,18.0,0.0,3
2026-08-21T21:42:48Z,celmis-qdrant,0.08,178.1,6928.38,2.57,0.06,0.04,71.3,0.0,25
2026-08-21T21:42:56Z,celmis-web,0.00,82.89,6928.38,1.20,0.47,0.75,10.5,0.0,12
2026-08-21T21:42:56Z,celmis-api,0.71,582.1,6928.38,8.40,22.0,18.0,32.3,866.0,23
2026-08-21T21:42:56Z,celmis-postgres,1.06,46.46,6928.38,0.67,28.4,17.6,43.3,56.8,16
2026-08-21T21:42:56Z,celmis-sandbox,0.04,59.92,3072.0,1.95,0.0,0.0,18.0,0.0,3
2026-08-21T21:42:56Z,celmis-qdrant,0.10,178.3,6928.38,2.57,0.06,0.04,71.3,0.0,25
2026-08-21T21:43:03Z,celmis-web,0.00,82.89,6928.38,1.20,0.47,0.75,10.5,0.0,12
2026-08-21T21:43:03Z,celmis-api,89.22,582.6,6928.38,8.41,22.0,18.0,32.3,866.0,23
2026-08-21T21:43:03Z,celmis-postgres,1.19,46.2,6928.38,0.67,28.4,17.6,43.3,56.8,16
2026-08-21T21:43:03Z,celmis-sandbox,0.02,59.92,3072.0,1.95,0.0,0.0,18.0,0.0,3
2026-08-21T21:43:03Z,celmis-qdrant,0.08,178.3,6928.38,2.57,0.06,0.04,71.3,0.0,25
2026-08-21T21:43:11Z,celmis-web,0.01,82.84,6928.38,1.20,0.47,0.75,10.5,0.0,12
2026-08-21T21:43:11Z,celmis-api,4.61,582.7,6928.38,8.41,22.1,18.0,32.3,866.0,23
2026-08-21T21:43:11Z,celmis-postgres,1.77,46.5,6928.38,0.67,28.4,17.7,43.3,56.8,16
2026-08-21T21:43:11Z,celmis-sandbox,0.03,59.92,3072.0,1.95,0.0,0.0,18.0,0.0,3
2026-08-21T21:43:11Z,celmis-qdrant,0.08,178.2,6928.38,2.57,0.06,0.04,71.3,0.0,25
2026-08-21T21:43:18Z,celmis-web,0.00,82.84,6928.38,1.20,0.47,0.75,10.5,0.0,12
2026-08-21T21:43:18Z,celmis-api,0.27,582.6,6928.38,8.41,22.1,18.0,32.3,866.0,23
2026-08-21T21:43:18Z,celmis-postgres,0.00,46.25,6928.38,0.67,28.4,17.7,43.3,56.8,16
2026-08-21T21:43:18Z,celmis-sandbox,0.05,59.92,3072.0,1.95,0.0,0.0,18.0,0.0,3
2026-08-21T21:43:18Z,celmis-qdrant,0.09,178.2,6928.38,2.57,0.06,0.04,71.3,0.0,25
2026-08-21T21:43:26Z,celmis-web,0.01,82.74,6928.38,1.19,0.47,0.75,10.5,0.0,12
2026-08-21T21:43:26Z,celmis-api,2.72,582.7,6928.38,8.41,22.2,18.1,32.3,866.0,18
2026-08-21T21:43:26Z,celmis-postgres,3.04,46.21,6928.38,0.67,28.4,17.7,43.3,56.8,16
2026-08-21T21:43:26Z,celmis-sandbox,13.50,59.93,3072.0,1.95,0.0,0.0,18.0,0.0,3
2026-08-21T21:43:26Z,celmis-qdrant,0.06,178.1,6928.38,2.57,0.06,0.04,71.3,0.0,25
2026-08-21T21:43:33Z,celmis-web,0.01,82.74,6928.38,1.19,0.47,0.75,10.5,0.0,12
2026-08-21T21:43:33Z,celmis-api,0.28,582.7,6928.38,8.41,22.2,18.1,32.3,866.0,18
2026-08-21T21:43:33Z,celmis-postgres,0.04,46.37,6928.38,0.67,28.5,17.7,43.3,56.9,16
2026-08-21T21:43:33Z,celmis-sandbox,0.03,59.83,3072.0,1.95,0.0,0.0,18.0,0.0,3
2026-08-21T21:43:33Z,celmis-qdrant,0.09,178.1,6928.38,2.57,0.06,0.04,71.3,0.0,25
2026-08-21T21:43:41Z,celmis-web,0.01,82.96,6928.38,1.20,0.47,0.75,10.5,0.0,12
2026-08-21T21:43:41Z,celmis-api,3.05,582.7,6928.38,8.41,22.2,18.1,32.3,866.0,18
2026-08-21T21:43:41Z,celmis-postgres,1.88,46.08,6928.38,0.67,28.5,17.7,43.3,56.9,16
2026-08-21T21:43:41Z,celmis-sandbox,0.03,59.83,3072.0,1.95,0.0,0.0,18.0,0.0,3
2026-08-21T21:43:41Z,celmis-qdrant,0.09,178.2,6928.38,2.57,0.06,0.04,71.3,0.0,25
2026-08-21T21:43:48Z,celmis-web,0.01,82.96,6928.38,1.20,0.47,0.75,10.5,0.0,12
2026-08-21T21:43:48Z,celmis-api,5.69,382.3,6928.38,5.52,22.3,18.1,32.3,866.0,17
2026-08-21T21:43:48Z,celmis-postgres,0.02,40.9,6928.38,0.59,28.5,17.8,43.3,56.9,13
2026-08-21T21:43:48Z,celmis-sandbox,0.01,59.83,3072.0,1.95,0.0,0.0,18.0,0.0,3
2026-08-21T21:43:48Z,celmis-qdrant,0.06,178.2,6928.38,2.57,0.06,0.04,71.3,0.0,25
2026-08-21T21:43:56Z,celmis-web,0.01,83.05,6928.38,1.20,0.47,0.75,10.5,0.0,12
2026-08-21T21:43:56Z,celmis-api,0.49,583.9,6928.38,8.43,22.4,18.3,32.3,866.0,22
2026-08-21T21:43:56Z,celmis-postgres,0.06,44.55,6928.38,0.64,28.5,17.8,43.3,56.9,15
2026-08-21T21:43:56Z,celmis-sandbox,10.48,70.24,3072.0,2.29,0.0,0.0,18.0,0.0,4
2026-08-21T21:43:56Z,celmis-qdrant,0.06,178.4,6928.38,2.57,0.06,0.04,71.3,0.0,25
2026-08-21T21:44:02Z,celmis-web,0.01,83.05,6928.38,1.20,0.47,0.75,10.5,0.0,12
2026-08-21T21:44:02Z,celmis-api,0.29,583.7,6928.38,8.42,22.5,18.3,32.3,866.0,22
2026-08-21T21:44:02Z,celmis-postgres,0.00,44.46,6928.38,0.64,28.5,17.8,43.3,56.9,15
2026-08-21T21:44:02Z,celmis-sandbox,0.03,59.5,3072.0,1.94,0.0,0.0,18.0,0.0,3
2026-08-21T21:44:02Z,celmis-qdrant,0.10,178.4,6928.38,2.57,0.06,0.04,71.3,0.0,25
2026-08-21T21:44:10Z,celmis-web,0.01,83.11,6928.38,1.20,0.47,0.75,10.5,0.0,12
2026-08-21T21:44:10Z,celmis-api,0.22,583.9,6928.38,8.43,22.5,18.3,32.3,866.0,22
2026-08-21T21:44:10Z,celmis-postgres,0.03,44.4,6928.38,0.64,28.5,17.8,43.3,56.9,15
2026-08-21T21:44:10Z,celmis-sandbox,0.04,59.5,3072.0,1.94,0.0,0.0,18.0,0.0,3
2026-08-21T21:44:10Z,celmis-qdrant,0.09,178.3,6928.38,2.57,0.06,0.04,71.3,0.0,25
2026-08-21T21:44:17Z,celmis-web,0.00,83.11,6928.38,1.20,0.47,0.75,10.5,0.0,12
2026-08-21T21:44:17Z,celmis-api,3.42,584.6,6928.38,8.44,22.5,18.4,32.3,866.0,23
2026-08-21T21:44:17Z,celmis-postgres,0.09,46.11,6928.38,0.67,28.6,17.8,43.3,56.9,16
2026-08-21T21:44:17Z,celmis-sandbox,0.02,59.5,3072.0,1.94,0.0,0.0,18.0,0.0,3
2026-08-21T21:44:17Z,celmis-qdrant,0.08,178.3,6928.38,2.57,0.06,0.04,71.3,0.0,25
2026-08-21T21:44:25Z,celmis-web,0.01,83.13,6928.38,1.20,0.47,0.75,10.5,0.0,12
2026-08-21T21:44:25Z,celmis-api,0.57,584.5,6928.38,8.44,22.6,18.4,32.3,866.0,23
2026-08-21T21:44:25Z,celmis-postgres,0.10,46.21,6928.38,0.67,28.6,17.8,43.3,56.9,16
2026-08-21T21:44:25Z,celmis-sandbox,0.03,59.5,3072.0,1.94,0.0,0.0,18.0,0.0,3
2026-08-21T21:44:25Z,celmis-qdrant,0.07,178.3,6928.38,2.57,0.06,0.04,71.3,0.0,25
2026-08-21T21:44:32Z,celmis-web,0.01,83.13,6928.38,1.20,0.47,0.75,10.5,0.0,12
2026-08-21T21:44:32Z,celmis-api,0.56,584.5,6928.38,8.44,22.6,18.4,32.3,866.0,18
2026-08-21T21:44:32Z,celmis-postgres,2.72,45.93,6928.38,0.66,28.6,17.9,43.3,57.0,16
2026-08-21T21:44:32Z,celmis-sandbox,0.03,59.68,3072.0,1.94,0.0,0.0,18.0,0.0,3
2026-08-21T21:44:32Z,celmis-qdrant,0.10,178.2,6928.38,2.57,0.06,0.04,71.3,0.0,25
2026-08-21T21:44:39Z,celmis-web,0.00,83.09,6928.38,1.20,0.47,0.75,10.5,0.0,12
2026-08-21T21:44:39Z,celmis-api,1.48,584.6,6928.38,8.44,22.6,18.4,32.3,866.0,18
2026-08-21T21:44:39Z,celmis-postgres,0.00,46.12,6928.38,0.67,28.6,17.9,43.3,57.0,16
2026-08-21T21:44:39Z,celmis-sandbox,0.03,59.68,3072.0,1.94,0.0,0.0,18.0,0.0,3
2026-08-21T21:44:39Z,celmis-qdrant,0.06,178.1,6928.38,2.57,0.06,0.04,71.3,0.0,25
2026-08-21T21:44:47Z,celmis-web,0.00,83.09,6928.38,1.20,0.47,0.75,10.5,0.0,12
2026-08-21T21:44:47Z,celmis-api,0.30,584.8,6928.38,8.44,22.7,18.5,32.3,866.0,18
2026-08-21T21:44:47Z,celmis-postgres,1.72,46.35,6928.38,0.67,28.6,17.9,43.3,57.0,16
2026-08-21T21:44:47Z,celmis-sandbox,0.02,59.68,3072.0,1.94,0.0,0.0,18.0,0.0,3
2026-08-21T21:44:47Z,celmis-qdrant,0.08,178.1,6928.38,2.57,0.06,0.04,71.3,0.0,25
2026-08-21T21:44:54Z,celmis-api,99.39,110.5,6928.38,1.60,0.01,0.01,0.04,0.0,4
2026-08-21T21:44:54Z,celmis-web,0.00,82.66,6928.38,1.19,0.48,0.75,10.5,0.0,12
2026-08-21T21:44:54Z,celmis-postgres,0.35,32.59,6928.38,0.47,28.7,17.9,43.3,57.0,9
2026-08-21T21:44:54Z,celmis-sandbox,0.02,59.34,3072.0,1.93,0.0,0.0,18.0,0.0,3
2026-08-21T21:44:54Z,celmis-qdrant,0.53,178.3,6928.38,2.57,0.06,0.04,71.3,0.0,25
2026-08-21T21:45:02Z,celmis-api,2.97,119.7,6928.38,1.73,0.04,0.03,0.04,0.0,11
2026-08-21T21:45:02Z,celmis-web,0.00,82.66,6928.38,1.19,0.48,0.75,10.5,0.0,12
2026-08-21T21:45:02Z,celmis-postgres,3.37,34.36,6928.38,0.50,28.7,18.0,43.3,57.0,10
2026-08-21T21:45:02Z,celmis-sandbox,0.03,59.5,3072.0,1.94,0.0,0.0,18.0,0.0,3
2026-08-21T21:45:02Z,celmis-qdrant,0.09,178.3,6928.38,2.57,0.06,0.04,71.3,0.0,25
2026-08-21T21:45:09Z,celmis-api,0.53,119.6,6928.38,1.73,0.05,0.05,0.04,0.0,11
2026-08-21T21:45:09Z,celmis-web,2.93,82.96,6928.38,1.20,0.48,0.75,10.5,0.0,12
2026-08-21T21:45:09Z,celmis-postgres,0.02,33.82,6928.38,0.49,28.7,18.0,43.3,57.0,10
2026-08-21T21:45:09Z,celmis-sandbox,0.02,59.5,3072.0,1.94,0.0,0.0,18.0,0.0,3
2026-08-21T21:45:09Z,celmis-qdrant,0.15,178.3,6928.38,2.57,0.06,0.04,71.3,0.0,25
2026-08-21T21:45:17Z,celmis-api,3.33,120.0,6928.38,1.73,0.08,0.07,0.04,0.0,11
2026-08-21T21:45:17Z,celmis-web,0.01,82.74,6928.38,1.19,0.48,0.75,10.5,0.0,12
2026-08-21T21:45:17Z,celmis-postgres,0.03,34.11,6928.38,0.49,28.7,18.0,43.3,57.0,10
2026-08-21T21:45:17Z,celmis-sandbox,0.02,59.5,3072.0,1.94,0.0,0.0,18.0,0.0,3
2026-08-21T21:45:17Z,celmis-qdrant,0.09,178.2,6928.38,2.57,0.06,0.04,71.3,0.0,25
2026-08-21T21:45:24Z,celmis-api,0.35,120.1,6928.38,1.73,0.1,0.08,0.04,0.0,11
2026-08-21T21:45:24Z,celmis-web,0.02,82.94,6928.38,1.20,0.48,0.75,10.5,0.0,12
2026-08-21T21:45:24Z,celmis-postgres,0.08,34.27,6928.38,0.49,28.7,18.0,43.3,57.0,10
2026-08-21T21:45:24Z,celmis-sandbox,0.03,59.5,3072.0,1.94,0.0,0.0,18.0,0.0,3
2026-08-21T21:45:24Z,celmis-qdrant,0.91,178.1,6928.38,2.57,0.06,0.04,71.3,0.0,25
2026-08-21T21:45:32Z,celmis-api,47.55,169.3,6928.38,2.44,0.12,0.11,0.04,0.0,12
2026-08-21T21:45:32Z,celmis-web,0.00,82.94,6928.38,1.20,0.48,0.75,10.5,0.0,12
2026-08-21T21:45:32Z,celmis-postgres,1.08,34.47,6928.38,0.50,28.7,18.0,43.3,57.0,10
2026-08-21T21:45:32Z,celmis-sandbox,0.01,59.68,3072.0,1.94,0.0,0.0,18.0,0.0,3
2026-08-21T21:45:32Z,celmis-qdrant,0.06,178.1,6928.38,2.57,0.06,0.04,71.3,0.0,25
2026-08-21T21:45:39Z,celmis-api,1.29,120.4,6928.38,1.74,0.14,0.12,0.04,0.0,11
2026-08-21T21:45:39Z,celmis-web,2.78,83.29,6928.38,1.20,0.48,0.75,10.5,0.0,12
2026-08-21T21:45:39Z,celmis-postgres,0.15,34.53,6928.38,0.50,28.7,18.0,43.3,57.0,10
2026-08-21T21:45:39Z,celmis-sandbox,0.03,59.68,3072.0,1.94,0.0,0.0,18.0,0.0,3
2026-08-21T21:45:39Z,celmis-qdrant,1.22,178.2,6928.38,2.57,0.06,0.04,71.3,0.0,25
2026-08-21T21:45:47Z,celmis-api,24.54,269.3,6928.38,3.89,0.38,0.32,0.05,0.14,16
2026-08-21T21:45:47Z,celmis-web,0.00,83.08,6928.38,1.20,0.48,0.75,10.5,0.0,12
2026-08-21T21:45:47Z,celmis-postgres,3.17,34.39,6928.38,0.50,28.8,18.1,43.3,57.4,10
2026-08-21T21:45:47Z,celmis-sandbox,0.02,59.68,3072.0,1.94,0.0,0.0,18.0,0.0,3
2026-08-21T21:45:47Z,celmis-qdrant,0.02,178.2,6928.38,2.57,0.06,0.04,71.3,0.0,25
2026-08-21T21:45:54Z,celmis-api,0.29,269.3,6928.38,3.89,0.41,0.36,0.05,0.14,16
2026-08-21T21:45:54Z,celmis-web,0.03,82.84,6928.38,1.20,0.48,0.75,10.5,0.0,12
2026-08-21T21:45:54Z,celmis-postgres,0.55,34.49,6928.38,0.50,28.8,18.1,43.3,57.4,10
2026-08-21T21:45:54Z,celmis-sandbox,0.04,59.68,3072.0,1.94,0.0,0.0,18.0,0.0,3
2026-08-21T21:45:54Z,celmis-qdrant,0.11,178.1,6928.38,2.57,0.06,0.04,71.3,0.0,25
2026-08-21T21:46:02Z,celmis-api,3.34,269.7,6928.38,3.89,0.47,0.43,0.05,0.14,16
2026-08-21T21:46:02Z,celmis-web,0.01,82.84,6928.38,1.20,0.48,0.75,10.5,0.0,12
2026-08-21T21:46:02Z,celmis-postgres,1.77,34.77,6928.38,0.50,28.8,18.2,43.3,57.4,10
2026-08-21T21:46:02Z,celmis-sandbox,0.04,59.86,3072.0,1.95,0.0,0.0,18.0,0.0,3
2026-08-21T21:46:02Z,celmis-qdrant,0.11,178.1,6928.38,2.57,0.06,0.04,71.3,0.0,25
2026-08-21T21:46:09Z,celmis-api,0.33,270.0,6928.38,3.90,0.52,0.5,0.05,0.18,16
2026-08-21T21:46:09Z,celmis-web,0.03,82.51,6928.38,1.19,0.48,0.75,10.5,0.0,12
2026-08-21T21:46:09Z,celmis-postgres,0.03,36.11,6928.38,0.52,28.8,18.2,43.3,57.5,11
2026-08-21T21:46:09Z,celmis-sandbox,0.04,59.86,3072.0,1.95,0.0,0.0,18.0,0.0,3
2026-08-21T21:46:09Z,celmis-qdrant,0.14,178.1,6928.38,2.57,0.06,0.04,71.3,0.0,25
2026-08-21T21:46:17Z,celmis-api,3.08,270.1,6928.38,3.90,0.6,0.57,0.05,0.18,16
2026-08-21T21:46:17Z,celmis-web,0.01,82.51,6928.38,1.19,0.48,0.75,10.5,0.0,12
2026-08-21T21:46:17Z,celmis-postgres,1.95,36.18,6928.38,0.52,28.8,18.3,43.3,57.5,11
2026-08-21T21:46:17Z,celmis-sandbox,0.03,59.86,3072.0,1.95,0.0,0.0,18.0,0.0,3
2026-08-21T21:46:17Z,celmis-qdrant,0.11,178.3,6928.38,2.57,0.06,0.04,71.3,0.0,25
2026-08-21T21:46:24Z,celmis-api,1.12,270.2,6928.38,3.90,0.63,0.61,0.05,0.18,17
2026-08-21T21:46:24Z,celmis-web,0.01,82.73,6928.38,1.19,0.48,0.75,10.5,0.0,12
2026-08-21T21:46:24Z,celmis-postgres,0.22,36.51,6928.38,0.53,28.8,18.3,43.3,57.5,11
2026-08-21T21:46:24Z,celmis-sandbox,0.03,59.86,3072.0,1.95,0.0,0.0,18.0,0.0,3
2026-08-21T21:46:24Z,celmis-qdrant,1.29,178.4,6928.38,2.57,0.06,0.04,71.3,0.0,25
2026-08-21T21:46:32Z,celmis-api,0.40,270.3,6928.38,3.90,0.66,0.64,0.05,0.18,17
2026-08-21T21:46:32Z,celmis-web,0.01,82.73,6928.38,1.19,0.48,0.75,10.5,0.0,12
2026-08-21T21:46:32Z,celmis-postgres,0.83,36.41,6928.38,0.53,28.8,18.3,43.3,57.5,11
2026-08-21T21:46:32Z,celmis-sandbox,0.03,60.04,3072.0,1.95,0.0,0.0,18.0,0.0,3
2026-08-21T21:46:32Z,celmis-qdrant,0.11,178.4,6928.38,2.57,0.06,0.04,71.3,0.0,25
2026-08-21T21:46:39Z,celmis-api,7.60,271.3,6928.38,3.92,0.8,0.77,0.05,0.3,12
2026-08-21T21:46:39Z,celmis-web,0.02,82.84,6928.38,1.20,0.48,0.75,10.5,0.0,12
2026-08-21T21:46:39Z,celmis-postgres,6.02,36.2,6928.38,0.52,28.9,18.4,43.3,57.6,11
2026-08-21T21:46:39Z,celmis-sandbox,0.02,60.04,3072.0,1.95,0.0,0.0,18.0,0.0,3
2026-08-21T21:46:39Z,celmis-qdrant,0.11,178.4,6928.38,2.57,0.06,0.04,71.3,0.0,25
2026-08-21T21:46:47Z,celmis-api,3.47,271.8,6928.38,3.92,0.92,0.89,0.05,0.46,16
2026-08-21T21:46:47Z,celmis-web,0.01,82.84,6928.38,1.20,0.48,0.75,10.5,0.0,12
2026-08-21T21:46:47Z,celmis-postgres,1.99,36.87,6928.38,0.53,28.9,18.5,43.3,57.6,11
2026-08-21T21:46:47Z,celmis-sandbox,0.02,60.04,3072.0,1.95,0.0,0.0,18.0,0.0,3
2026-08-21T21:46:47Z,celmis-qdrant,0.16,178.0,6928.38,2.57,0.06,0.04,71.3,0.0,25
2026-08-21T21:46:54Z,celmis-api,1.00,271.7,6928.38,3.92,0.95,0.93,0.05,0.46,16
2026-08-21T21:46:54Z,celmis-web,0.03,83.11,6928.38,1.20,0.48,0.75,10.5,0.0,12
2026-08-21T21:46:54Z,celmis-postgres,0.15,36.32,6928.38,0.52,28.9,18.5,43.3,57.6,11
2026-08-21T21:46:54Z,celmis-sandbox,0.03,60.04,3072.0,1.95,0.0,0.0,18.0,0.0,3
2026-08-21T21:46:54Z,celmis-qdrant,1.36,178.2,6928.38,2.57,0.06,0.04,71.3,0.0,25
2026-08-21T21:47:02Z,celmis-api,1.53,271.7,6928.38,3.92,1.02,1.0,0.05,0.5,16
2026-08-21T21:47:02Z,celmis-web,0.01,83.11,6928.38,1.20,0.48,0.75,10.5,0.0,12
2026-08-21T21:47:02Z,celmis-postgres,0.27,36.48,6928.38,0.53,28.9,18.5,43.3,57.6,11
2026-08-21T21:47:02Z,celmis-sandbox,0.03,59.95,3072.0,1.95,0.0,0.0,18.0,0.0,3
2026-08-21T21:47:02Z,celmis-qdrant,0.13,178.2,6928.38,2.57,0.06,0.04,71.3,0.0,25
2026-08-21T21:47:09Z,celmis-api,0.26,271.8,6928.38,3.92,1.09,1.07,0.05,0.5,17
2026-08-21T21:47:09Z,celmis-web,0.03,82.82,6928.38,1.20,0.48,0.75,10.5,0.0,12
2026-08-21T21:47:09Z,celmis-postgres,0.04,36.15,6928.38,0.52,28.9,18.6,43.3,57.6,11
2026-08-21T21:47:09Z,celmis-sandbox,0.04,59.95,3072.0,1.95,0.0,0.0,18.0,0.0,3
2026-08-21T21:47:09Z,celmis-qdrant,0.07,178.2,6928.38,2.57,0.06,0.04,71.3,0.0,25
2026-08-21T21:47:17Z,celmis-api,4.75,272.1,6928.38,3.93,1.18,1.15,0.05,0.62,12
2026-08-21T21:47:17Z,celmis-web,0.01,82.82,6928.38,1.20,0.48,0.75,10.5,0.0,12
2026-08-21T21:47:17Z,celmis-postgres,4.31,36.16,6928.38,0.52,29.0,18.6,43.3,57.6,11
2026-08-21T21:47:17Z,celmis-sandbox,0.03,59.95,3072.0,1.95,0.0,0.0,18.0,0.0,3
2026-08-21T21:47:17Z,celmis-qdrant,0.13,178.4,6928.38,2.57,0.06,0.04,71.3,0.0,25
2026-08-21T21:47:24Z,celmis-api,0.67,273.8,6928.38,3.95,1.37,1.41,0.05,0.81,18
2026-08-21T21:47:24Z,celmis-web,3.28,82.79,6928.38,1.19,0.48,0.75,10.5,0.0,12
2026-08-21T21:47:24Z,celmis-postgres,0.25,36.73,6928.38,0.53,29.0,18.7,43.3,57.7,11
2026-08-21T21:47:24Z,celmis-sandbox,0.03,59.95,3072.0,1.95,0.0,0.0,18.0,0.0,3
2026-08-21T21:47:24Z,celmis-qdrant,1.41,178.5,6928.38,2.58,0.06,0.04,71.3,0.0,25
2026-08-21T21:47:32Z,celmis-api,0.36,273.9,6928.38,3.95,1.4,1.45,0.05,0.81,18
2026-08-21T21:47:32Z,celmis-web,0.00,82.78,6928.38,1.19,0.48,0.75,10.5,0.0,12
2026-08-21T21:47:32Z,celmis-postgres,0.80,36.55,6928.38,0.53,29.0,18.7,43.3,58.0,11
2026-08-21T21:47:32Z,celmis-sandbox,0.03,59.88,3072.0,1.95,0.0,0.0,18.0,0.0,3
2026-08-21T21:47:32Z,celmis-qdrant,0.11,178.5,6928.38,2.58,0.06,0.04,71.3,0.0,25
2026-08-21T21:47:39Z,celmis-api,0.24,273.8,6928.38,3.95,1.46,1.52,0.05,0.81,18
2026-08-21T21:47:39Z,celmis-web,2.31,83.12,6928.38,1.20,0.48,0.75,10.5,0.0,12
2026-08-21T21:47:39Z,celmis-postgres,1.11,36.51,6928.38,0.53,29.0,18.8,43.3,58.0,11
2026-08-21T21:47:39Z,celmis-sandbox,0.03,59.88,3072.0,1.95,0.0,0.0,18.0,0.0,3
2026-08-21T21:47:39Z,celmis-qdrant,0.09,178.5,6928.38,2.58,0.06,0.04,71.3,0.0,25
2026-08-21T21:47:46Z,celmis-api,0.29,276.0,6928.38,3.98,1.49,1.61,0.05,0.82,18
2026-08-21T21:47:46Z,celmis-web,0.00,83.08,6928.38,1.20,0.48,0.75,10.5,0.0,12
2026-08-21T21:47:46Z,celmis-postgres,0.03,36.48,6928.38,0.53,29.0,18.8,43.3,58.0,11
2026-08-21T21:47:46Z,celmis-sandbox,0.04,59.88,3072.0,1.95,0.0,0.0,18.0,0.0,3
2026-08-21T21:47:46Z,celmis-qdrant,0.08,178.4,6928.38,2.58,0.06,0.04,71.3,0.0,25
2026-08-21T21:47:53Z,celmis-api,0.42,275.6,6928.38,3.98,1.56,1.68,0.05,0.82,17
2026-08-21T21:47:53Z,celmis-web,2.98,83.04,6928.38,1.20,0.48,0.75,10.5,0.0,12
2026-08-21T21:47:53Z,celmis-postgres,1.31,36.38,6928.38,0.53,29.0,18.9,43.3,58.0,11
2026-08-21T21:47:53Z,celmis-sandbox,0.02,59.88,3072.0,1.95,0.0,0.0,18.0,0.0,3
2026-08-21T21:47:53Z,celmis-qdrant,0.08,178.4,6928.38,2.58,0.06,0.04,71.3,0.0,25
2026-08-21T21:48:01Z,celmis-api,0.99,276.6,6928.38,3.99,1.66,1.78,0.05,0.86,18
2026-08-21T21:48:01Z,celmis-web,9.12,83.32,6928.38,1.20,0.49,0.76,10.5,0.0,12
2026-08-21T21:48:01Z,celmis-postgres,0.00,36.51,6928.38,0.53,29.1,18.9,43.3,58.1,11
2026-08-21T21:48:01Z,celmis-sandbox,0.02,59.8,3072.0,1.95,0.0,0.0,18.0,0.0,3
2026-08-21T21:48:01Z,celmis-qdrant,0.12,178.1,6928.38,2.57,0.06,0.04,71.3,0.0,25
2026-08-21T21:48:08Z,celmis-api,3.21,276.4,6928.38,3.99,1.73,1.85,0.05,0.86,18
2026-08-21T21:48:08Z,celmis-web,2.35,82.83,6928.38,1.20,0.5,0.77,10.5,0.0,12
2026-08-21T21:48:08Z,celmis-postgres,3.20,36.52,6928.38,0.53,29.1,18.9,43.3,58.1,11
2026-08-21T21:48:08Z,celmis-sandbox,0.02,59.8,3072.0,1.95,0.0,0.0,18.0,0.0,3
2026-08-21T21:48:08Z,celmis-qdrant,0.10,178.1,6928.38,2.57,0.06,0.04,71.3,0.0,25
2026-08-21T21:48:16Z,celmis-api,0.28,276.5,6928.38,3.99,1.76,1.89,0.05,0.86,18
2026-08-21T21:48:16Z,celmis-web,0.01,82.8,6928.38,1.20,0.5,0.77,10.5,0.0,12
2026-08-21T21:48:16Z,celmis-postgres,0.00,36.65,6928.38,0.53,29.1,19.0,43.3,58.1,11
2026-08-21T21:48:16Z,celmis-sandbox,0.03,59.8,3072.0,1.95,0.0,0.0,18.0,0.0,3
2026-08-21T21:48:16Z,celmis-qdrant,0.06,178.0,6928.38,2.57,0.06,0.04,71.3,0.0,25
2026-08-21T21:48:23Z,celmis-api,0.28,276.5,6928.38,3.99,1.82,1.96,0.05,0.86,17
2026-08-21T21:48:23Z,celmis-web,2.55,82.84,6928.38,1.20,0.5,0.77,10.5,0.0,12
2026-08-21T21:48:23Z,celmis-postgres,1.58,36.72,6928.38,0.53,29.1,19.0,43.3,58.1,11
2026-08-21T21:48:23Z,celmis-sandbox,0.02,59.8,3072.0,1.95,0.0,0.0,18.0,0.0,3
2026-08-21T21:48:23Z,celmis-qdrant,0.15,178.0,6928.38,2.57,0.06,0.04,71.3,0.0,25
2026-08-21T21:48:31Z,celmis-api,0.25,276.3,6928.38,3.99,1.86,2.01,0.05,0.98,12
2026-08-21T21:48:31Z,celmis-web,0.01,82.83,6928.38,1.20,0.5,0.77,10.5,0.0,12
2026-08-21T21:48:31Z,celmis-postgres,0.00,36.41,6928.38,0.53,29.1,19.1,43.3,58.1,11
2026-08-21T21:48:31Z,celmis-sandbox,0.03,59.98,3072.0,1.95,0.0,0.0,18.0,0.0,3
2026-08-21T21:48:31Z,celmis-qdrant,0.08,178.4,6928.38,2.57,0.06,0.04,71.3,0.0,25
2026-08-21T21:48:38Z,celmis-api,2.84,276.3,6928.38,3.99,1.98,2.12,0.05,1.09,12
2026-08-21T21:48:38Z,celmis-web,0.01,82.83,6928.38,1.20,0.5,0.77,10.5,0.0,12
2026-08-21T21:48:38Z,celmis-postgres,2.73,36.41,6928.38,0.53,29.1,19.1,43.3,58.2,11
2026-08-21T21:48:38Z,celmis-sandbox,0.03,59.98,3072.0,1.95,0.0,0.0,18.0,0.0,3
2026-08-21T21:48:38Z,celmis-qdrant,0.08,178.4,6928.38,2.57,0.06,0.04,71.3,0.0,25
2026-08-21T21:48:46Z,celmis-api,0.26,277.2,6928.38,4.00,2.11,2.32,0.05,1.2,16
2026-08-21T21:48:46Z,celmis-web,0.01,82.88,6928.38,1.20,0.5,0.77,10.5,0.0,12
2026-08-21T21:48:46Z,celmis-postgres,0.00,36.26,6928.38,0.52,29.2,19.2,43.3,58.2,11
2026-08-21T21:48:46Z,celmis-sandbox,0.03,59.98,3072.0,1.95,0.0,0.0,18.0,0.0,3
2026-08-21T21:48:46Z,celmis-qdrant,0.08,178.5,6928.38,2.58,0.06,0.04,71.3,0.0,25
2026-08-21T21:48:53Z,celmis-api,4.14,277.3,6928.38,4.00,2.17,2.4,0.05,1.2,17
2026-08-21T21:48:53Z,celmis-web,5.85,82.8,6928.38,1.20,0.5,0.77,10.5,0.0,12
2026-08-21T21:48:53Z,celmis-postgres,3.34,36.26,6928.38,0.52,29.2,19.2,43.3,58.2,11
2026-08-21T21:48:53Z,celmis-sandbox,0.03,59.98,3072.0,1.95,0.0,0.0,18.0,0.0,3
2026-08-21T21:48:53Z,celmis-qdrant,0.10,178.5,6928.38,2.58,0.06,0.04,71.3,0.0,25
2026-08-21T21:49:01Z,celmis-api,3.45,277.4,6928.38,4.00,2.22,2.48,0.05,1.24,17
2026-08-21T21:49:01Z,celmis-web,0.01,82.72,6928.38,1.19,0.5,0.77,10.5,0.0,12
2026-08-21T21:49:01Z,celmis-postgres,0.18,36.43,6928.38,0.53,29.2,19.3,43.3,58.2,11
2026-08-21T21:49:01Z,celmis-sandbox,0.03,60.16,3072.0,1.96,0.0,0.0,18.0,0.0,3
2026-08-21T21:49:01Z,celmis-qdrant,0.09,178.5,6928.38,2.58,0.06,0.04,71.3,0.0,25
2026-08-21T21:49:08Z,celmis-api,2.95,277.5,6928.38,4.00,2.29,2.56,0.05,1.24,17
2026-08-21T21:49:08Z,celmis-web,0.00,82.72,6928.38,1.19,0.5,0.77,10.5,0.0,12
2026-08-21T21:49:08Z,celmis-postgres,3.38,36.5,6928.38,0.53,29.2,19.3,43.3,58.2,11
2026-08-21T21:49:08Z,celmis-sandbox,0.02,60.16,3072.0,1.96,0.0,0.0,18.0,0.0,3
2026-08-21T21:49:08Z,celmis-qdrant,0.07,178.5,6928.38,2.58,0.06,0.04,71.3,0.0,25
2026-08-21T21:49:16Z,celmis-api,0.27,277.1,6928.38,4.00,2.32,2.59,0.05,1.24,17
2026-08-21T21:49:16Z,celmis-web,0.01,82.94,6928.38,1.20,0.5,0.77,10.5,0.0,12
2026-08-21T21:49:16Z,celmis-postgres,0.03,36.31,6928.38,0.52,29.2,19.3,43.3,58.2,11
2026-08-21T21:49:16Z,celmis-sandbox,0.03,60.16,3072.0,1.96,0.0,0.0,18.0,0.0,3
2026-08-21T21:49:16Z,celmis-qdrant,0.08,178.1,6928.38,2.57,0.06,0.04,71.3,0.0,25
2026-08-21T21:49:23Z,celmis-api,0.25,277.3,6928.38,4.00,2.35,2.63,0.05,1.24,17
2026-08-21T21:49:23Z,celmis-web,2.14,82.43,6928.38,1.19,0.5,0.77,10.5,0.0,12
2026-08-21T21:49:23Z,celmis-postgres,3.36,36.45,6928.38,0.53,29.2,19.4,43.3,58.2,11
2026-08-21T21:49:23Z,celmis-sandbox,0.02,60.16,3072.0,1.96,0.0,0.0,18.0,0.0,3
2026-08-21T21:49:23Z,celmis-qdrant,0.06,178.1,6928.38,2.57,0.06,0.04,71.3,0.0,25
2026-08-21T21:49:31Z,celmis-api,0.24,277.6,6928.38,4.01,2.45,2.7,0.05,1.24,17
2026-08-21T21:49:31Z,celmis-web,0.01,82.43,6928.38,1.19,0.5,0.77,10.5,0.0,12
2026-08-21T21:49:31Z,celmis-postgres,0.06,36.36,6928.38,0.52,29.2,19.4,43.3,58.2,11
2026-08-21T21:49:31Z,celmis-sandbox,0.02,60.08,3072.0,1.96,0.0,0.0,18.0,0.0,3
2026-08-21T21:49:31Z,celmis-qdrant,0.09,178.3,6928.38,2.57,0.06,0.04,71.3,0.0,25
2026-08-21T21:49:38Z,celmis-api,3.07,277.8,6928.38,4.01,2.54,2.79,0.05,1.36,13
2026-08-21T21:49:38Z,celmis-web,0.01,82.43,6928.38,1.19,0.5,0.77,10.5,0.0,12
2026-08-21T21:49:38Z,celmis-postgres,1.88,36.41,6928.38,0.53,29.2,19.5,43.3,58.3,11
2026-08-21T21:49:38Z,celmis-sandbox,0.03,60.08,3072.0,1.96,0.0,0.0,18.0,0.0,3
2026-08-21T21:49:38Z,celmis-qdrant,0.11,178.3,6928.38,2.57,0.06,0.04,71.3,0.0,25
2026-08-21T21:49:46Z,celmis-api,0.34,277.8,6928.38,4.01,2.57,2.82,0.05,1.37,13
2026-08-21T21:49:46Z,celmis-web,0.01,82.64,6928.38,1.19,0.5,0.77,10.5,0.0,12
2026-08-21T21:49:46Z,celmis-postgres,0.06,36.61,6928.38,0.53,29.2,19.5,43.3,58.3,11
2026-08-21T21:49:46Z,celmis-sandbox,0.03,60.08,3072.0,1.96,0.0,0.0,18.0,0.0,3
2026-08-21T21:49:46Z,celmis-qdrant,0.12,178.4,6928.38,2.57,0.06,0.04,71.3,0.0,25
2026-08-21T21:49:53Z,celmis-api,7.76,278.2,6928.38,4.02,2.84,3.16,0.05,1.58,17
2026-08-21T21:49:53Z,celmis-web,0.00,82.64,6928.38,1.19,0.5,0.77,10.5,0.0,12
2026-08-21T21:49:53Z,celmis-postgres,4.12,36.67,6928.38,0.53,29.3,19.6,43.3,58.3,11
2026-08-21T21:49:53Z,celmis-sandbox,0.01,60.08,3072.0,1.96,0.0,0.0,18.0,0.0,3
2026-08-21T21:49:53Z,celmis-qdrant,0.06,178.4,6928.38,2.57,0.06,0.04,71.3,0.0,25
2026-08-21T21:50:01Z,celmis-api,0.24,278.5,6928.38,4.02,2.88,3.26,0.05,1.61,17
2026-08-21T21:50:01Z,celmis-web,0.02,82.65,6928.38,1.19,0.5,0.77,10.5,0.0,12
2026-08-21T21:50:01Z,celmis-postgres,0.03,36.82,6928.38,0.53,29.3,19.6,43.3,58.4,11
2026-08-21T21:50:01Z,celmis-sandbox,0.02,60.26,3072.0,1.96,0.0,0.0,18.0,0.0,3
2026-08-21T21:50:01Z,celmis-qdrant,0.09,178.3,6928.38,2.57,0.06,0.04,71.3,0.0,25
2026-08-21T21:50:08Z,celmis-api,0.24,278.4,6928.38,4.02,2.91,3.29,0.05,1.61,17
2026-08-21T21:50:08Z,celmis-web,0.01,82.65,6928.38,1.19,0.5,0.77,10.5,0.0,12
2026-08-21T21:50:08Z,celmis-postgres,0.00,36.28,6928.38,0.52,29.3,19.7,43.3,58.4,11
2026-08-21T21:50:08Z,celmis-sandbox,0.03,60.26,3072.0,1.96,0.0,0.0,18.0,0.0,3
2026-08-21T21:50:08Z,celmis-qdrant,0.10,178.3,6928.38,2.57,0.06,0.04,71.3,0.0,25
2026-08-21T21:50:16Z,celmis-api,0.31,278.7,6928.38,4.02,2.98,3.37,0.05,1.61,17
2026-08-21T21:50:16Z,celmis-web,0.01,82.86,6928.38,1.20,0.5,0.77,10.5,0.0,12
2026-08-21T21:50:16Z,celmis-postgres,0.07,36.32,6928.38,0.52,29.3,19.7,43.3,58.4,11
2026-08-21T21:50:16Z,celmis-sandbox,0.03,60.26,3072.0,1.96,0.0,0.0,18.0,0.0,3
2026-08-21T21:50:16Z,celmis-qdrant,0.08,178.4,6928.38,2.58,0.06,0.04,71.3,0.0,25
2026-08-21T21:50:23Z,celmis-api,3.03,278.4,6928.38,4.02,3.04,3.44,0.05,1.62,16
2026-08-21T21:50:23Z,celmis-web,0.00,82.86,6928.38,1.20,0.5,0.77,10.5,0.0,12
2026-08-21T21:50:23Z,celmis-postgres,0.02,36.44,6928.38,0.53,29.3,19.7,43.3,58.4,11
2026-08-21T21:50:23Z,celmis-sandbox,0.02,60.26,3072.0,1.96,0.0,0.0,18.0,0.0,3
2026-08-21T21:50:23Z,celmis-qdrant,0.07,178.4,6928.38,2.58,0.06,0.04,71.3,0.0,25
2026-08-21T21:50:31Z,celmis-api,0.29,278.5,6928.38,4.02,3.12,3.49,0.05,1.74,12
2026-08-21T21:50:31Z,celmis-web,0.02,82.82,6928.38,1.20,0.5,0.77,10.5,0.0,12
2026-08-21T21:50:31Z,celmis-postgres,0.01,36.79,6928.38,0.53,29.4,19.8,43.3,58.4,11
2026-08-21T21:50:31Z,celmis-sandbox,0.03,60.18,3072.0,1.96,0.0,0.0,18.0,0.0,3
2026-08-21T21:50:31Z,celmis-qdrant,0.07,178.1,6928.38,2.57,0.06,0.04,71.3,0.0,25
2026-08-21T21:50:38Z,celmis-api,1.04,278.7,6928.38,4.02,3.3,3.66,0.05,1.74,12
2026-08-21T21:50:38Z,celmis-web,0.01,82.82,6928.38,1.20,0.5,0.77,10.5,0.0,12
2026-08-21T21:50:38Z,celmis-postgres,0.02,36.7,6928.38,0.53,29.5,20.0,43.3,58.4,11
2026-08-21T21:50:38Z,celmis-sandbox,0.02,60.18,3072.0,1.96,0.0,0.0,18.0,0.0,3
2026-08-21T21:50:38Z,celmis-qdrant,0.07,178.1,6928.38,2.57,0.06,0.04,71.3,0.0,25
2026-08-21T21:50:46Z,celmis-api,0.26,279.1,6928.38,4.03,3.46,3.9,0.05,1.92,18
2026-08-21T21:50:46Z,celmis-web,0.00,82.8,6928.38,1.20,0.5,0.77,10.5,0.0,12
2026-08-21T21:50:46Z,celmis-postgres,0.03,36.4,6928.38,0.53,29.5,20.0,43.3,58.5,11
2026-08-21T21:50:46Z,celmis-sandbox,0.03,60.18,3072.0,1.96,0.0,0.0,18.0,0.0,3
2026-08-21T21:50:46Z,celmis-qdrant,0.08,178.5,6928.38,2.58,0.06,0.04,71.3,0.0,25
2026-08-21T21:50:53Z,celmis-api,0.20,279.3,6928.38,4.03,3.49,3.94,0.05,1.92,17
2026-08-21T21:50:53Z,celmis-web,0.00,82.8,6928.38,1.20,0.5,0.77,10.5,0.0,12
2026-08-21T21:50:53Z,celmis-postgres,0.02,36.62,6928.38,0.53,29.5,20.1,43.3,58.5,11
2026-08-21T21:50:53Z,celmis-sandbox,0.03,60.18,3072.0,1.96,0.0,0.0,18.0,0.0,3
2026-08-21T21:50:53Z,celmis-qdrant,0.06,178.5,6928.38,2.58,0.06,0.04,71.3,0.0,25
2026-08-21T21:51:01Z,celmis-api,0.24,279.3,6928.38,4.03,3.58,4.07,0.05,1.96,18
2026-08-21T21:51:01Z,celmis-web,0.02,82.77,6928.38,1.19,0.5,0.77,10.5,0.0,12
2026-08-21T21:51:01Z,celmis-postgres,0.03,36.64,6928.38,0.53,29.5,20.1,43.3,58.5,11
2026-08-21T21:51:01Z,celmis-sandbox,0.03,60.11,3072.0,1.96,0.0,0.0,18.0,0.0,3
2026-08-21T21:51:01Z,celmis-qdrant,0.07,178.4,6928.38,2.57,0.06,0.04,71.3,0.0,25
2026-08-21T21:51:08Z,celmis-api,0.26,279.1,6928.38,4.03,3.61,4.1,0.05,1.97,17
2026-08-21T21:51:08Z,celmis-web,0.01,82.77,6928.38,1.19,0.5,0.77,10.5,0.0,12
2026-08-21T21:51:08Z,celmis-postgres,0.00,36.8,6928.38,0.53,29.5,20.1,43.3,58.5,11
2026-08-21T21:51:08Z,celmis-sandbox,0.03,60.11,3072.0,1.96,0.0,0.0,18.0,0.0,3
2026-08-21T21:51:08Z,celmis-qdrant,0.07,178.4,6928.38,2.57,0.06,0.04,71.3,0.0,25
2026-08-21T21:51:16Z,celmis-api,0.23,279.2,6928.38,4.03,3.71,4.18,0.05,2.09,13
2026-08-21T21:51:16Z,celmis-web,0.13,82.8,6928.38,1.20,0.5,0.77,10.5,0.0,12
2026-08-21T21:51:16Z,celmis-postgres,1.87,36.75,6928.38,0.53,29.5,20.2,43.3,58.5,11
2026-08-21T21:51:16Z,celmis-sandbox,0.03,60.11,3072.0,1.96,0.0,0.0,18.0,0.0,3
2026-08-21T21:51:16Z,celmis-qdrant,0.07,178.1,6928.38,2.57,0.06,0.04,71.3,0.0,25
2026-08-21T21:51:23Z,celmis-api,0.28,279.0,6928.38,4.03,3.84,4.31,0.05,2.09,12
2026-08-21T21:51:23Z,celmis-web,0.01,82.8,6928.38,1.20,0.5,0.77,10.5,0.0,12
2026-08-21T21:51:23Z,celmis-postgres,0.02,36.53,6928.38,0.53,29.6,20.3,43.3,58.5,11
2026-08-21T21:51:23Z,celmis-sandbox,0.02,60.11,3072.0,1.96,0.0,0.0,18.0,0.0,3
2026-08-21T21:51:23Z,celmis-qdrant,0.07,178.1,6928.38,2.57,0.06,0.04,71.3,0.0,25
2026-08-21T21:51:31Z,celmis-api,0.28,279.3,6928.38,4.03,3.98,4.52,0.05,2.3,17
2026-08-21T21:51:31Z,celmis-web,0.03,82.81,6928.38,1.20,0.5,0.77,10.5,0.0,12
2026-08-21T21:51:31Z,celmis-postgres,0.00,36.43,6928.38,0.53,29.7,20.4,43.3,58.6,11
2026-08-21T21:51:31Z,celmis-sandbox,0.03,60.28,3072.0,1.96,0.0,0.0,18.0,0.0,3
2026-08-21T21:51:31Z,celmis-qdrant,0.08,178.2,6928.38,2.57,0.06,0.04,71.3,0.0,25
2026-08-21T21:51:38Z,celmis-api,0.21,279.2,6928.38,4.03,4.01,4.55,0.05,2.3,17
2026-08-21T21:51:38Z,celmis-web,0.01,82.81,6928.38,1.20,0.5,0.77,10.5,0.0,12
2026-08-21T21:51:38Z,celmis-postgres,0.06,36.63,6928.38,0.53,29.7,20.4,43.3,58.6,11
2026-08-21T21:51:38Z,celmis-sandbox,0.04,60.28,3072.0,1.96,0.0,0.0,18.0,0.0,3
2026-08-21T21:51:38Z,celmis-qdrant,0.07,178.2,6928.38,2.57,0.06,0.04,71.3,0.0,25
2026-08-21T21:51:46Z,celmis-api,0.28,279.4,6928.38,4.03,4.09,4.66,0.05,2.34,18
2026-08-21T21:51:46Z,celmis-web,0.02,83.03,6928.38,1.20,0.5,0.77,10.5,0.0,12
2026-08-21T21:51:46Z,celmis-postgres,3.15,36.32,6928.38,0.52,29.7,20.4,43.3,58.6,11
2026-08-21T21:51:46Z,celmis-sandbox,0.04,60.28,3072.0,1.96,0.0,0.0,18.0,0.0,3
2026-08-21T21:51:46Z,celmis-qdrant,0.08,178.3,6928.38,2.57,0.06,0.04,71.3,0.0,25
2026-08-21T21:51:53Z,celmis-api,0.36,279.3,6928.38,4.03,4.14,4.7,0.05,2.35,18
2026-08-21T21:51:53Z,celmis-web,0.01,83.03,6928.38,1.20,0.5,0.77,10.5,0.0,12
2026-08-21T21:51:53Z,celmis-postgres,0.00,36.52,6928.38,0.53,29.7,20.5,43.3,58.6,11
2026-08-21T21:51:53Z,celmis-sandbox,0.03,60.28,3072.0,1.96,0.0,0.0,18.0,0.0,3
2026-08-21T21:51:53Z,celmis-qdrant,0.10,178.3,6928.38,2.57,0.06,0.04,71.3,0.0,25
2026-08-21T21:52:01Z,celmis-api,0.26,279.2,6928.38,4.03,4.24,4.79,0.05,2.47,12
2026-08-21T21:52:01Z,celmis-web,0.02,83.12,6928.38,1.20,0.5,0.77,10.5,0.0,12
2026-08-21T21:52:01Z,celmis-postgres,0.00,36.73,6928.38,0.53,29.7,20.5,43.3,58.6,11
2026-08-21T21:52:01Z,celmis-sandbox,0.03,60.45,3072.0,1.97,0.0,0.0,18.0,0.0,3
2026-08-21T21:52:01Z,celmis-qdrant,0.10,178.3,6928.38,2.57,0.06,0.04,71.3,0.0,25
2026-08-21T21:52:08Z,celmis-api,0.28,279.5,6928.38,4.03,4.36,4.9,0.05,2.67,16
2026-08-21T21:52:08Z,celmis-web,0.01,83.12,6928.38,1.20,0.5,0.77,10.5,0.0,12
2026-08-21T21:52:08Z,celmis-postgres,1.85,36.38,6928.38,0.53,29.7,20.6,43.3,58.6,11
2026-08-21T21:52:08Z,celmis-sandbox,0.02,60.45,3072.0,1.97,0.0,0.0,18.0,0.0,3
2026-08-21T21:52:08Z,celmis-qdrant,0.07,178.3,6928.38,2.57,0.06,0.04,71.3,0.0,25
2026-08-21T21:52:16Z,celmis-api,3.20,279.4,6928.38,4.03,4.42,4.97,0.05,2.67,16
2026-08-21T21:52:16Z,celmis-web,0.03,82.73,6928.38,1.19,0.5,0.77,10.5,0.0,12
2026-08-21T21:52:16Z,celmis-postgres,0.03,36.64,6928.38,0.53,29.7,20.6,43.3,58.6,11
2026-08-21T21:52:16Z,celmis-sandbox,0.03,60.45,3072.0,1.97,0.0,0.0,18.0,0.0,3
2026-08-21T21:52:16Z,celmis-qdrant,0.11,178.4,6928.38,2.57,0.06,0.04,71.3,0.0,25
2026-08-21T21:52:23Z,celmis-api,3.61,279.4,6928.38,4.03,4.46,5.02,0.05,2.7,16
2026-08-21T21:52:23Z,celmis-web,0.01,82.73,6928.38,1.19,0.5,0.77,10.5,0.0,12
2026-08-21T21:52:23Z,celmis-postgres,0.52,36.31,6928.38,0.52,29.8,20.7,43.3,58.7,11
2026-08-21T21:52:23Z,celmis-sandbox,0.04,60.45,3072.0,1.97,0.0,0.0,18.0,0.0,3
2026-08-21T21:52:23Z,celmis-qdrant,0.06,178.4,6928.38,2.57,0.06,0.04,71.3,0.0,25
2026-08-21T21:52:31Z,celmis-api,0.24,279.8,6928.38,4.04,4.53,5.09,0.05,2.7,17
2026-08-21T21:52:31Z,celmis-web,0.02,83.02,6928.38,1.20,0.5,0.77,10.5,0.0,12
2026-08-21T21:52:31Z,celmis-postgres,1.23,36.5,6928.38,0.53,29.8,20.7,43.3,59.0,11
2026-08-21T21:52:31Z,celmis-sandbox,0.03,60.36,3072.0,1.96,0.0,0.0,18.0,0.0,3
2026-08-21T21:52:31Z,celmis-qdrant,0.08,178.1,6928.38,2.57,0.06,0.04,71.3,0.0,25
2026-08-21T21:52:38Z,celmis-api,0.27,279.9,6928.38,4.04,4.59,5.13,0.05,2.71,16
2026-08-21T21:52:38Z,celmis-web,0.01,83.02,6928.38,1.20,0.5,0.77,10.5,0.0,12
2026-08-21T21:52:38Z,celmis-postgres,0.00,36.71,6928.38,0.53,29.8,20.7,43.3,59.0,11
2026-08-21T21:52:38Z,celmis-sandbox,0.02,60.36,3072.0,1.96,0.0,0.0,18.0,0.0,3
2026-08-21T21:52:38Z,celmis-qdrant,0.07,178.1,6928.38,2.57,0.06,0.04,71.3,0.0,25
2026-08-21T21:52:46Z,celmis-api,0.29,279.3,6928.38,4.03,4.66,5.21,0.05,2.83,12
2026-08-21T21:52:46Z,celmis-web,0.03,82.92,6928.38,1.20,0.5,0.77,10.5,0.0,12
2026-08-21T21:52:46Z,celmis-postgres,0.03,36.62,6928.38,0.53,29.8,20.8,43.3,59.1,11
2026-08-21T21:52:46Z,celmis-sandbox,0.03,60.36,3072.0,1.96,0.0,0.0,18.0,0.0,3
2026-08-21T21:52:46Z,celmis-qdrant,0.08,178.2,6928.38,2.57,0.06,0.04,71.3,0.0,25
2026-08-21T21:52:53Z,celmis-api,0.33,279.3,6928.38,4.03,4.69,5.24,0.05,2.83,12
2026-08-21T21:52:53Z,celmis-web,0.00,82.92,6928.38,1.20,0.5,0.77,10.5,0.0,12
2026-08-21T21:52:53Z,celmis-postgres,0.02,36.43,6928.38,0.53,29.8,20.8,43.3,59.1,11
2026-08-21T21:52:53Z,celmis-sandbox,0.02,60.36,3072.0,1.96,0.0,0.0,18.0,0.0,3
2026-08-21T21:52:53Z,celmis-qdrant,0.07,178.2,6928.38,2.57,0.06,0.04,71.3,0.0,25
2026-08-21T21:53:01Z,celmis-api,0.24,279.8,6928.38,4.04,4.82,5.39,0.05,3.01,17
2026-08-21T21:53:01Z,celmis-web,0.05,83.06,6928.38,1.20,0.5,0.77,10.5,0.0,12
2026-08-21T21:53:01Z,celmis-postgres,1.65,36.57,6928.38,0.53,29.8,20.9,43.3,59.1,11
2026-08-21T21:53:01Z,celmis-sandbox,0.02,60.27,3072.0,1.96,0.0,0.0,18.0,0.0,3
2026-08-21T21:53:01Z,celmis-qdrant,0.07,178.1,6928.38,2.57,0.06,0.04,71.3,0.0,25
2026-08-21T21:53:08Z,celmis-api,0.29,279.9,6928.38,4.04,4.85,5.42,0.05,3.01,17
2026-08-21T21:53:08Z,celmis-web,0.00,83.06,6928.38,1.20,0.5,0.77,10.5,0.0,12
2026-08-21T21:53:08Z,celmis-postgres,0.03,36.53,6928.38,0.53,29.8,20.9,43.3,59.1,11
2026-08-21T21:53:08Z,celmis-sandbox,0.03,60.27,3072.0,1.96,0.0,0.0,18.0,0.0,3
2026-08-21T21:53:08Z,celmis-qdrant,0.07,178.1,6928.38,2.57,0.06,0.04,71.3,0.0,25
2026-08-21T21:53:16Z,celmis-api,0.28,279.7,6928.38,4.04,4.92,5.5,0.05,3.01,17
2026-08-21T21:53:16Z,celmis-web,0.02,82.96,6928.38,1.20,0.5,0.77,10.5,0.0,12
2026-08-21T21:53:16Z,celmis-postgres,1.74,36.7,6928.38,0.53,29.8,21.0,43.3,59.1,11
2026-08-21T21:53:16Z,celmis-sandbox,0.03,60.27,3072.0,1.96,0.0,0.0,18.0,0.0,3
2026-08-21T21:53:16Z,celmis-qdrant,0.10,178.3,6928.38,2.57,0.06,0.04,71.3,0.0,25
2026-08-21T21:53:23Z,celmis-api,1.00,279.7,6928.38,4.04,4.99,5.56,0.05,3.18,12
2026-08-21T21:53:23Z,celmis-web,0.01,82.96,6928.38,1.20,0.5,0.77,10.5,0.0,12
2026-08-21T21:53:23Z,celmis-postgres,0.05,36.34,6928.38,0.52,29.9,21.0,43.3,59.2,11
2026-08-21T21:53:23Z,celmis-sandbox,0.02,60.27,3072.0,1.96,0.0,0.0,18.0,0.0,3
2026-08-21T21:53:23Z,celmis-qdrant,0.06,178.3,6928.38,2.57,0.06,0.04,71.3,0.0,25
2026-08-21T21:53:31Z,celmis-api,3.78,279.7,6928.38,4.04,5.05,5.63,0.05,3.18,13
2026-08-21T21:53:31Z,celmis-web,0.04,82.99,6928.38,1.20,0.5,0.77,10.5,0.0,12
2026-08-21T21:53:31Z,celmis-postgres,3.03,36.38,6928.38,0.53,29.9,21.1,43.3,59.2,11
2026-08-21T21:53:31Z,celmis-sandbox,0.03,60.21,3072.0,1.96,0.0,0.0,18.0,0.0,3
2026-08-21T21:53:31Z,celmis-qdrant,0.09,178.2,6928.38,2.57,0.06,0.04,71.3,0.0,25
2026-08-21T21:53:38Z,celmis-api,0.27,279.3,6928.38,4.03,5.08,5.67,0.05,3.18,13
2026-08-21T21:53:38Z,celmis-web,0.01,82.99,6928.38,1.20,0.5,0.77,10.5,0.0,12
2026-08-21T21:53:38Z,celmis-postgres,0.00,36.82,6928.38,0.53,29.9,21.1,43.3,59.2,11
2026-08-21T21:53:38Z,celmis-sandbox,0.03,60.21,3072.0,1.96,0.0,0.0,18.0,0.0,3
2026-08-21T21:53:38Z,celmis-qdrant,0.07,178.2,6928.38,2.57,0.06,0.04,71.3,0.0,25
2026-08-21T21:53:46Z,celmis-api,0.30,286.3,6928.38,4.13,5.15,5.74,0.05,17.8,12
2026-08-21T21:53:46Z,celmis-web,0.03,82.96,6928.38,1.20,0.5,0.77,10.5,0.0,12
2026-08-21T21:53:46Z,celmis-postgres,1.77,36.36,6928.38,0.52,29.9,21.1,43.3,59.2,11
2026-08-21T21:53:46Z,celmis-sandbox,0.04,60.21,3072.0,1.96,0.0,0.0,18.0,0.0,3
2026-08-21T21:53:46Z,celmis-qdrant,0.08,178.3,6928.38,2.57,0.06,0.04,71.3,0.0,25
2026-08-21T21:53:53Z,celmis-api,3.92,286.1,6928.38,4.13,5.18,5.78,0.05,46.9,12
2026-08-21T21:53:53Z,celmis-web,0.01,82.96,6928.38,1.20,0.5,0.77,10.5,0.0,12
2026-08-21T21:53:53Z,celmis-postgres,0.01,36.64,6928.38,0.53,29.9,21.2,43.3,59.2,11
2026-08-21T21:53:53Z,celmis-sandbox,0.03,60.21,3072.0,1.96,0.0,0.0,18.0,0.0,3
2026-08-21T21:53:53Z,celmis-qdrant,0.05,178.3,6928.38,2.57,0.06,0.04,71.3,0.0,25
2026-08-21T21:54:01Z,celmis-api,3.23,286.5,6928.38,4.13,5.25,5.85,0.05,61.5,12
2026-08-21T21:54:01Z,celmis-web,0.02,82.84,6928.38,1.20,0.5,0.77,10.5,0.0,12
2026-08-21T21:54:01Z,celmis-postgres,3.75,36.85,6928.38,0.53,29.9,21.2,43.3,59.2,11
2026-08-21T21:54:01Z,celmis-sandbox,0.03,60.39,3072.0,1.97,0.0,0.0,18.0,0.0,3
2026-08-21T21:54:01Z,celmis-qdrant,0.06,178.2,6928.38,2.57,0.06,0.04,71.3,0.0,25
2026-08-21T21:54:08Z,celmis-api,0.84,286.7,6928.38,4.14,5.3,5.91,0.05,76.0,12
2026-08-21T21:54:08Z,celmis-web,0.01,82.84,6928.38,1.20,0.5,0.77,10.5,0.0,12
2026-08-21T21:54:08Z,celmis-postgres,0.03,36.67,6928.38,0.53,29.9,21.3,43.3,59.2,11
2026-08-21T21:54:08Z,celmis-sandbox,0.03,60.39,3072.0,1.97,0.0,0.0,18.0,0.0,3
2026-08-21T21:54:08Z,celmis-qdrant,0.07,178.2,6928.38,2.57,0.06,0.04,71.3,0.0,25
2026-08-21T21:54:16Z,celmis-api,1.96,287.6,6928.38,4.15,5.43,6.09,0.05,76.2,17
2026-08-21T21:54:16Z,celmis-web,0.02,83.04,6928.38,1.20,0.5,0.77,10.5,0.0,12
2026-08-21T21:54:16Z,celmis-postgres,3.23,36.46,6928.38,0.53,29.9,21.3,43.3,59.3,11
2026-08-21T21:54:16Z,celmis-sandbox,0.04,60.39,3072.0,1.97,0.0,0.0,18.0,0.0,3
2026-08-21T21:54:16Z,celmis-qdrant,0.06,178.4,6928.38,2.57,0.06,0.04,71.3,0.0,25
2026-08-21T21:54:23Z,celmis-api,0.28,287.5,6928.38,4.15,5.46,6.12,0.05,76.2,17
2026-08-21T21:54:23Z,celmis-web,0.00,83.04,6928.38,1.20,0.5,0.77,10.5,0.0,12
2026-08-21T21:54:23Z,celmis-postgres,0.05,36.42,6928.38,0.53,30.0,21.4,43.3,59.3,11
2026-08-21T21:54:23Z,celmis-sandbox,0.03,60.39,3072.0,1.97,0.0,0.0,18.0,0.0,3
2026-08-21T21:54:23Z,celmis-qdrant,0.06,178.4,6928.38,2.57,0.06,0.04,71.3,0.0,25
2026-08-21T21:54:31Z,celmis-api,3.23,287.2,6928.38,4.14,5.54,6.23,0.05,79.7,17
2026-08-21T21:54:31Z,celmis-web,0.03,82.68,6928.38,1.19,0.5,0.77,10.5,0.0,12
2026-08-21T21:54:31Z,celmis-postgres,3.61,36.42,6928.38,0.53,30.0,21.4,43.3,59.3,11
2026-08-21T21:54:31Z,celmis-sandbox,0.02,60.3,3072.0,1.96,0.0,0.0,18.0,0.0,3
2026-08-21T21:54:31Z,celmis-qdrant,0.09,178.3,6928.38,2.57,0.06,0.04,71.3,0.0,25
2026-08-21T21:54:38Z,celmis-api,0.28,287.3,6928.38,4.15,5.58,6.29,0.05,79.8,17
2026-08-21T21:54:38Z,celmis-web,0.00,82.68,6928.38,1.19,0.5,0.77,10.5,0.0,12
2026-08-21T21:54:38Z,celmis-postgres,0.09,36.51,6928.38,0.53,30.0,21.4,43.3,59.3,11
2026-08-21T21:54:38Z,celmis-sandbox,0.03,60.3,3072.0,1.96,0.0,0.0,18.0,0.0,3
2026-08-21T21:54:38Z,celmis-qdrant,0.07,178.3,6928.38,2.57,0.06,0.04,71.3,0.0,25
2026-08-21T21:54:46Z,celmis-api,3.26,287.4,6928.38,4.15,5.67,6.38,0.05,79.9,12
2026-08-21T21:54:46Z,celmis-web,0.00,82.62,6928.38,1.19,0.5,0.77,10.5,0.0,12
2026-08-21T21:54:46Z,celmis-postgres,3.64,36.61,6928.38,0.53,30.0,21.5,43.3,59.3,11
2026-08-21T21:54:46Z,celmis-sandbox,0.02,60.3,3072.0,1.96,0.0,0.0,18.0,0.0,3
2026-08-21T21:54:46Z,celmis-qdrant,0.07,178.2,6928.38,2.57,0.06,0.04,71.3,0.0,25
2026-08-21T21:54:53Z,celmis-api,0.34,287.6,6928.38,4.15,5.71,6.41,0.05,94.4,12
2026-08-21T21:54:53Z,celmis-web,0.01,82.62,6928.38,1.19,0.5,0.77,10.5,0.0,12
2026-08-21T21:54:53Z,celmis-postgres,0.03,36.61,6928.38,0.53,30.0,21.5,43.3,59.3,11
2026-08-21T21:54:53Z,celmis-sandbox,0.03,60.3,3072.0,1.96,0.0,0.0,18.0,0.0,3
2026-08-21T21:54:53Z,celmis-qdrant,0.07,178.2,6928.38,2.57,0.06,0.04,71.3,0.0,25
2026-08-21T21:55:01Z,celmis-api,49.41,287.8,6928.38,4.15,5.77,6.49,0.05,124.0,12
2026-08-21T21:55:01Z,celmis-web,0.03,82.9,6928.38,1.20,0.5,0.77,10.5,0.0,12
2026-08-21T21:55:01Z,celmis-postgres,1.11,36.33,6928.38,0.52,30.0,21.6,43.3,59.3,11
2026-08-21T21:55:01Z,celmis-sandbox,0.03,60.21,3072.0,1.96,0.0,0.0,18.0,0.0,3
2026-08-21T21:55:01Z,celmis-qdrant,0.08,178.4,6928.38,2.57,0.06,0.04,71.3,0.0,25
2026-08-21T21:55:08Z,celmis-api,0.32,287.7,6928.38,4.15,5.8,6.53,0.05,138.0,12
2026-08-21T21:55:08Z,celmis-web,0.00,82.9,6928.38,1.20,0.5,0.77,10.5,0.0,12
2026-08-21T21:55:08Z,celmis-postgres,0.03,36.47,6928.38,0.53,30.0,21.6,43.3,59.4,11
2026-08-21T21:55:08Z,celmis-sandbox,0.03,60.21,3072.0,1.96,0.0,0.0,18.0,0.0,3
2026-08-21T21:55:08Z,celmis-qdrant,0.06,178.4,6928.38,2.57,0.06,0.04,71.3,0.0,25
2026-08-21T21:55:16Z,celmis-api,3.10,288.1,6928.38,4.16,5.9,6.64,0.05,153.0,13
2026-08-21T21:55:16Z,celmis-web,0.02,82.93,6928.38,1.20,0.5,0.77,10.5,0.0,12
2026-08-21T21:55:16Z,celmis-postgres,3.08,36.69,6928.38,0.53,30.1,21.7,43.3,59.4,11
2026-08-21T21:55:16Z,celmis-sandbox,0.03,60.21,3072.0,1.96,0.0,0.0,18.0,0.0,3
2026-08-21T21:55:16Z,celmis-qdrant,0.11,178.6,6928.38,2.58,0.06,0.04,71.3,0.0,25
2026-08-21T21:55:23Z,celmis-api,0.25,288.8,6928.38,4.17,6.0,6.78,0.05,153.0,16
2026-08-21T21:55:23Z,celmis-web,0.01,82.93,6928.38,1.20,0.5,0.77,10.5,0.0,12
2026-08-21T21:55:23Z,celmis-postgres,0.03,36.81,6928.38,0.53,30.1,21.7,43.3,59.4,11
2026-08-21T21:55:23Z,celmis-sandbox,0.03,60.21,3072.0,1.96,0.0,0.0,18.0,0.0,3
2026-08-21T21:55:23Z,celmis-qdrant,0.07,178.6,6928.38,2.58,0.06,0.04,71.3,0.0,25
2026-08-21T21:55:31Z,celmis-api,2.95,289.0,6928.38,4.17,6.08,6.89,0.05,153.0,17
2026-08-21T21:55:31Z,celmis-web,0.02,82.77,6928.38,1.19,0.5,0.77,10.5,0.0,12
2026-08-21T21:55:31Z,celmis-postgres,1.87,36.47,6928.38,0.53,30.1,21.8,43.3,59.4,11
2026-08-21T21:55:31Z,celmis-sandbox,0.03,60.39,3072.0,1.97,0.0,0.0,18.0,0.0,3
2026-08-21T21:55:31Z,celmis-qdrant,0.08,178.4,6928.38,2.57,0.06,0.04,71.3,0.0,25
2026-08-21T21:55:38Z,celmis-api,0.31,288.9,6928.38,4.17,6.12,6.92,0.05,153.0,16
2026-08-21T21:55:38Z,celmis-web,0.01,82.77,6928.38,1.19,0.5,0.77,10.5,0.0,12
2026-08-21T21:55:38Z,celmis-postgres,0.00,36.5,6928.38,0.53,30.1,21.8,43.3,59.4,11
2026-08-21T21:55:38Z,celmis-sandbox,0.03,60.39,3072.0,1.97,0.0,0.0,18.0,0.0,3
2026-08-21T21:55:38Z,celmis-qdrant,0.16,178.4,6928.38,2.57,0.06,0.04,71.3,0.0,25
2026-08-21T21:55:46Z,celmis-api,2.93,288.9,6928.38,4.17,6.18,7.0,0.05,153.0,16
2026-08-21T21:55:46Z,celmis-web,0.02,82.76,6928.38,1.19,0.5,0.77,10.5,0.0,12
2026-08-21T21:55:46Z,celmis-postgres,1.88,36.97,6928.38,0.53,30.1,21.9,43.3,59.4,11
2026-08-21T21:55:46Z,celmis-sandbox,0.02,60.39,3072.0,1.97,0.0,0.0,18.0,0.0,3
2026-08-21T21:55:46Z,celmis-qdrant,0.06,178.3,6928.38,2.57,0.06,0.04,71.3,0.0,25
2026-08-21T21:55:53Z,celmis-api,0.27,288.8,6928.38,4.17,6.23,7.03,0.05,153.0,16
2026-08-21T21:55:53Z,celmis-web,0.00,82.76,6928.38,1.19,0.5,0.77,10.5,0.0,12
2026-08-21T21:55:53Z,celmis-postgres,0.12,36.73,6928.38,0.53,30.1,21.9,43.3,59.4,11
2026-08-21T21:55:53Z,celmis-sandbox,0.03,60.39,3072.0,1.97,0.0,0.0,18.0,0.0,3
2026-08-21T21:55:53Z,celmis-qdrant,0.07,178.3,6928.38,2.57,0.06,0.04,71.3,0.0,25
2026-08-21T21:56:01Z,celmis-api,1.95,288.9,6928.38,4.17,6.27,7.08,0.05,153.0,17
2026-08-21T21:56:01Z,celmis-web,0.01,83.07,6928.38,1.20,0.5,0.77,10.5,0.0,12
2026-08-21T21:56:01Z,celmis-postgres,0.79,38.22,6928.38,0.55,30.1,21.9,43.3,59.4,12
2026-08-21T21:56:01Z,celmis-sandbox,0.02,60.57,3072.0,1.97,0.0,0.0,18.0,0.0,3
2026-08-21T21:56:01Z,celmis-qdrant,0.07,178.2,6928.38,2.57,0.06,0.04,71.3,0.0,25
2026-08-21T21:56:08Z,celmis-api,0.36,288.9,6928.38,4.17,6.34,7.15,0.05,168.0,12
2026-08-21T21:56:08Z,celmis-web,0.00,83.07,6928.38,1.20,0.5,0.77,10.5,0.0,12
2026-08-21T21:56:08Z,celmis-postgres,0.03,36.77,6928.38,0.53,30.1,22.0,43.3,59.5,11
2026-08-21T21:56:08Z,celmis-sandbox,0.03,60.57,3072.0,1.97,0.0,0.0,18.0,0.0,3
2026-08-21T21:56:08Z,celmis-qdrant,0.07,178.2,6928.38,2.57,0.06,0.04,71.3,0.0,25
2026-08-21T21:56:16Z,celmis-api,48.00,289.4,6928.38,4.18,6.4,7.22,0.05,197.0,12
2026-08-21T21:56:16Z,celmis-web,0.01,83.03,6928.38,1.20,0.5,0.77,10.5,0.0,12
2026-08-21T21:56:16Z,celmis-postgres,1.03,36.79,6928.38,0.53,30.1,22.0,43.3,59.5,11
2026-08-21T21:56:16Z,celmis-sandbox,0.02,60.57,3072.0,1.97,0.0,0.0,18.0,0.0,3
2026-08-21T21:56:16Z,celmis-qdrant,0.11,178.1,6928.38,2.57,0.06,0.04,71.3,0.0,25
2026-08-21T21:56:23Z,celmis-api,0.31,289.1,6928.38,4.17,6.43,7.25,0.05,211.0,12
2026-08-21T21:56:23Z,celmis-web,0.00,83.03,6928.38,1.20,0.5,0.77,10.5,0.0,12
2026-08-21T21:56:23Z,celmis-postgres,0.00,36.22,6928.38,0.52,30.1,22.0,43.3,59.5,11
2026-08-21T21:56:23Z,celmis-sandbox,0.03,60.57,3072.0,1.97,0.0,0.0,18.0,0.0,3
2026-08-21T21:56:23Z,celmis-qdrant,0.07,178.1,6928.38,2.57,0.06,0.04,71.3,0.0,25
2026-08-21T21:56:31Z,celmis-api,10.96,289.6,6928.38,4.18,6.46,7.29,0.05,240.0,12
2026-08-21T21:56:31Z,celmis-web,0.01,83.05,6928.38,1.20,0.5,0.77,10.5,0.0,12
2026-08-21T21:56:31Z,celmis-postgres,0.03,36.44,6928.38,0.53,30.2,22.1,43.3,59.5,11
2026-08-21T21:56:31Z,celmis-sandbox,0.03,60.49,3072.0,1.97,0.0,0.0,18.0,0.0,3
2026-08-21T21:56:31Z,celmis-qdrant,0.06,178.3,6928.38,2.57,0.06,0.04,71.3,0.0,25
2026-08-21T21:56:38Z,celmis-api,0.32,289.3,6928.38,4.18,6.53,7.37,0.05,255.0,13
2026-08-21T21:56:38Z,celmis-web,0.01,83.05,6928.38,1.20,0.5,0.77,10.5,0.0,12
2026-08-21T21:56:38Z,celmis-postgres,0.00,36.96,6928.38,0.53,30.2,22.1,43.3,59.5,11
2026-08-21T21:56:38Z,celmis-sandbox,0.02,60.49,3072.0,1.97,0.0,0.0,18.0,0.0,3
2026-08-21T21:56:38Z,celmis-qdrant,0.08,178.3,6928.38,2.57,0.06,0.04,71.3,0.0,25
2026-08-21T21:56:46Z,celmis-api,4.45,290.0,6928.38,4.19,6.59,7.44,0.05,284.0,12
2026-08-21T21:56:46Z,celmis-web,0.03,82.76,6928.38,1.19,0.5,0.77,10.5,0.0,12
2026-08-21T21:56:46Z,celmis-postgres,1.70,36.71,6928.38,0.53,30.2,22.2,43.3,59.5,11
2026-08-21T21:56:46Z,celmis-sandbox,0.02,60.49,3072.0,1.97,0.0,0.0,18.0,0.0,3
2026-08-21T21:56:46Z,celmis-qdrant,0.03,178.2,6928.38,2.57,0.06,0.04,71.3,0.0,25
2026-08-21T21:56:53Z,celmis-api,0.51,289.9,6928.38,4.18,6.62,7.47,0.05,299.0,12
2026-08-21T21:56:53Z,celmis-web,0.01,82.76,6928.38,1.19,0.5,0.77,10.5,0.0,12
2026-08-21T21:56:53Z,celmis-postgres,0.00,36.55,6928.38,0.53,30.2,22.2,43.3,59.5,11
2026-08-21T21:56:53Z,celmis-sandbox,0.03,60.49,3072.0,1.97,0.0,0.0,18.0,0.0,3
2026-08-21T21:56:53Z,celmis-qdrant,0.08,178.2,6928.38,2.57,0.06,0.04,71.3,0.0,25
2026-08-21T21:57:01Z,celmis-api,0.29,290.0,6928.38,4.19,6.65,7.51,0.05,328.0,12
2026-08-21T21:57:01Z,celmis-web,0.01,82.52,6928.38,1.19,0.5,0.77,10.5,0.0,12
2026-08-21T21:57:01Z,celmis-postgres,0.02,36.61,6928.38,0.53,30.2,22.2,43.3,59.5,11
2026-08-21T21:57:01Z,celmis-sandbox,0.03,60.41,3072.0,1.97,0.0,0.0,18.0,0.0,3
2026-08-21T21:57:01Z,celmis-qdrant,0.06,178.3,6928.38,2.57,0.06,0.04,71.3,0.0,25
2026-08-21T21:57:08Z,celmis-api,46.80,290.5,6928.38,4.19,6.71,7.58,0.05,357.0,13
2026-08-21T21:57:08Z,celmis-web,0.01,82.52,6928.38,1.19,0.5,0.77,10.5,0.0,12
2026-08-21T21:57:08Z,celmis-postgres,1.54,36.28,6928.38,0.52,30.2,22.3,43.3,59.5,11
2026-08-21T21:57:08Z,celmis-sandbox,0.02,60.41,3072.0,1.97,0.0,0.0,18.0,0.0,3
2026-08-21T21:57:08Z,celmis-qdrant,0.09,178.3,6928.38,2.57,0.06,0.04,71.3,0.0,25
2026-08-21T21:57:16Z,celmis-api,2.30,290.6,6928.38,4.19,6.75,7.62,0.05,372.0,13
2026-08-21T21:57:16Z,celmis-web,0.04,82.73,6928.38,1.19,0.5,0.77,10.5,0.0,12
2026-08-21T21:57:16Z,celmis-postgres,0.00,36.53,6928.38,0.53,30.2,22.3,43.3,59.5,11
2026-08-21T21:57:16Z,celmis-sandbox,0.02,60.41,3072.0,1.97,0.0,0.0,18.0,0.0,3
2026-08-21T21:57:16Z,celmis-qdrant,0.06,178.5,6928.38,2.58,0.06,0.04,71.3,0.0,25
2026-08-21T21:57:23Z,celmis-api,4.63,290.9,6928.38,4.20,6.83,7.71,0.05,401.0,13
2026-08-21T21:57:23Z,celmis-web,0.02,82.73,6928.38,1.19,0.5,0.77,10.5,0.0,12
2026-08-21T21:57:23Z,celmis-postgres,4.62,38.76,6928.38,0.56,30.2,22.4,43.3,59.5,12
2026-08-21T21:57:23Z,celmis-sandbox,0.08,60.41,3072.0,1.97,0.0,0.0,18.0,0.0,3
2026-08-21T21:57:23Z,celmis-qdrant,0.08,178.5,6928.38,2.58,0.06,0.04,71.3,0.0,25
2026-08-21T21:57:31Z,celmis-api,0.29,297.2,6928.38,4.29,7.18,7.95,0.05,401.0,18
2026-08-21T21:57:31Z,celmis-web,0.01,82.83,6928.38,1.20,0.5,0.77,10.5,0.0,12
2026-08-21T21:57:31Z,celmis-postgres,0.03,36.57,6928.38,0.53,30.3,22.4,43.3,59.9,11
2026-08-21T21:57:31Z,celmis-sandbox,0.03,60.08,3072.0,1.96,0.0,0.0,18.0,0.0,3
2026-08-21T21:57:31Z,celmis-qdrant,0.09,178.1,6928.38,2.57,0.06,0.04,71.3,0.0,25
2026-08-21T21:57:38Z,celmis-api,0.24,296.9,6928.38,4.28,7.24,8.02,0.05,401.0,18
2026-08-21T21:57:38Z,celmis-web,0.00,82.83,6928.38,1.20,0.5,0.77,10.5,0.0,12
2026-08-21T21:57:38Z,celmis-postgres,0.05,36.61,6928.38,0.53,30.3,22.5,43.3,59.9,11
2026-08-21T21:57:38Z,celmis-sandbox,0.04,60.08,3072.0,1.96,0.0,0.0,18.0,0.0,3
2026-08-21T21:57:38Z,celmis-qdrant,0.09,178.1,6928.38,2.57,0.06,0.04,71.3,0.0,25
2026-08-21T21:57:46Z,celmis-api,0.97,297.3,6928.38,4.29,7.28,8.12,0.05,401.0,18
2026-08-21T21:57:46Z,celmis-web,0.02,82.85,6928.38,1.20,0.5,0.77,10.5,0.0,12
2026-08-21T21:57:46Z,celmis-postgres,0.00,36.77,6928.38,0.53,30.3,22.5,43.3,60.0,11
2026-08-21T21:57:46Z,celmis-sandbox,0.03,60.08,3072.0,1.96,0.0,0.0,18.0,0.0,3
2026-08-21T21:57:46Z,celmis-qdrant,0.13,178.0,6928.38,2.57,0.06,0.04,71.3,0.0,25
2026-08-21T21:57:53Z,celmis-api,1.44,297.1,6928.38,4.29,7.37,8.19,0.05,401.0,18
2026-08-21T21:57:53Z,celmis-web,0.01,82.85,6928.38,1.20,0.5,0.77,10.5,0.0,12
2026-08-21T21:57:53Z,celmis-postgres,0.11,36.46,6928.38,0.53,30.3,22.6,43.3,60.0,11
2026-08-21T21:57:53Z,celmis-sandbox,0.02,60.08,3072.0,1.96,0.0,0.0,18.0,0.0,3
2026-08-21T21:57:53Z,celmis-qdrant,0.11,178.0,6928.38,2.57,0.06,0.04,71.3,0.0,25
2026-08-21T21:58:01Z,celmis-api,0.38,297.3,6928.38,4.29,7.42,8.23,0.05,401.0,18
2026-08-21T21:58:01Z,celmis-web,0.02,82.76,6928.38,1.19,0.5,0.77,10.5,0.0,12
2026-08-21T21:58:01Z,celmis-postgres,0.00,36.9,6928.38,0.53,30.3,22.6,43.3,60.0,11
2026-08-21T21:58:01Z,celmis-sandbox,0.04,60.5,3072.0,1.97,0.0,0.0,18.0,0.0,3
2026-08-21T21:58:01Z,celmis-qdrant,0.15,178.2,6928.38,2.57,0.06,0.04,71.3,0.0,25
2026-08-21T21:58:08Z,celmis-api,3.80,297.1,6928.38,4.29,7.48,8.3,0.05,401.0,18
2026-08-21T21:58:08Z,celmis-web,0.01,82.76,6928.38,1.19,0.5,0.77,10.5,0.0,12
2026-08-21T21:58:08Z,celmis-postgres,5.97,36.95,6928.38,0.53,30.3,22.7,43.3,60.0,11
2026-08-21T21:58:08Z,celmis-sandbox,0.02,60.5,3072.0,1.97,0.0,0.0,18.0,0.0,3
2026-08-21T21:58:08Z,celmis-qdrant,0.07,178.2,6928.38,2.57,0.06,0.04,71.3,0.0,25
2026-08-21T21:58:16Z,celmis-api,0.30,297.1,6928.38,4.29,7.54,8.35,0.05,401.0,13
2026-08-21T21:58:16Z,celmis-web,0.00,82.97,6928.38,1.20,0.5,0.77,10.5,0.0,12
2026-08-21T21:58:16Z,celmis-postgres,0.04,36.49,6928.38,0.53,30.3,22.7,43.3,60.0,11
2026-08-21T21:58:16Z,celmis-sandbox,0.02,60.5,3072.0,1.97,0.0,0.0,18.0,0.0,3
2026-08-21T21:58:16Z,celmis-qdrant,0.11,178.3,6928.38,2.57,0.06,0.04,71.3,0.0,25
2026-08-21T21:58:23Z,celmis-api,9.87,341.5,6928.38,4.93,7.6,8.42,0.05,416.0,26
2026-08-21T21:58:23Z,celmis-web,0.01,82.97,6928.38,1.20,0.5,0.77,10.5,0.0,12
2026-08-21T21:58:23Z,celmis-postgres,0.01,36.66,6928.38,0.53,30.3,22.7,43.3,60.0,11
2026-08-21T21:58:23Z,celmis-sandbox,0.02,60.5,3072.0,1.97,0.0,0.0,18.0,0.0,3
2026-08-21T21:58:23Z,celmis-qdrant,0.04,178.3,6928.38,2.57,0.06,0.04,71.3,0.0,25
2026-08-21T21:58:31Z,celmis-api,0.29,296.8,6928.38,4.28,7.64,8.46,0.05,445.0,13
2026-08-21T21:58:31Z,celmis-web,0.01,82.72,6928.38,1.19,0.5,0.77,10.5,0.0,12
2026-08-21T21:58:31Z,celmis-postgres,0.07,36.64,6928.38,0.53,30.3,22.8,43.3,60.1,11
2026-08-21T21:58:31Z,celmis-sandbox,0.03,60.43,3072.0,1.97,0.0,0.0,18.0,0.0,3
2026-08-21T21:58:31Z,celmis-qdrant,0.09,177.9,6928.38,2.57,0.06,0.04,71.3,0.0,25
2026-08-21T21:58:38Z,celmis-api,11.19,351.0,6928.38,5.07,7.7,8.53,0.05,459.0,26
2026-08-21T21:58:38Z,celmis-web,0.00,82.72,6928.38,1.19,0.5,0.77,10.5,0.0,12
2026-08-21T21:58:38Z,celmis-postgres,0.75,36.61,6928.38,0.53,30.4,22.8,43.3,60.1,11
2026-08-21T21:58:38Z,celmis-sandbox,0.02,60.43,3072.0,1.97,0.0,0.0,18.0,0.0,3
2026-08-21T21:58:38Z,celmis-qdrant,0.05,177.9,6928.38,2.57,0.06,0.04,71.3,0.0,25
2026-08-21T21:58:46Z,celmis-api,0.34,296.6,6928.38,4.28,7.73,8.57,0.05,488.0,13
2026-08-21T21:58:46Z,celmis-web,0.01,82.66,6928.38,1.19,0.5,0.77,10.5,0.0,12
2026-08-21T21:58:46Z,celmis-postgres,0.00,36.57,6928.38,0.53,30.4,22.8,43.3,60.1,11
2026-08-21T21:58:46Z,celmis-sandbox,0.02,60.43,3072.0,1.97,0.0,0.0,18.0,0.0,3
2026-08-21T21:58:46Z,celmis-qdrant,0.07,178.1,6928.38,2.57,0.06,0.04,71.3,0.0,25
2026-08-21T21:58:53Z,celmis-api,48.51,297.2,6928.38,4.29,7.8,8.64,0.05,518.0,13
2026-08-21T21:58:53Z,celmis-web,0.01,82.66,6928.38,1.19,0.5,0.77,10.5,0.0,12
2026-08-21T21:58:53Z,celmis-postgres,0.00,36.55,6928.38,0.53,30.4,22.9,43.3,60.1,11
2026-08-21T21:58:53Z,celmis-sandbox,0.03,60.43,3072.0,1.97,0.0,0.0,18.0,0.0,3
2026-08-21T21:58:53Z,celmis-qdrant,0.07,178.1,6928.38,2.57,0.06,0.04,71.3,0.0,25
2026-08-21T21:59:01Z,celmis-api,49.06,297.0,6928.38,4.29,7.83,8.68,0.05,547.0,13
2026-08-21T21:59:01Z,celmis-web,0.00,82.8,6928.38,1.19,0.5,0.77,10.5,0.0,12
2026-08-21T21:59:01Z,celmis-postgres,0.02,36.52,6928.38,0.53,30.4,22.9,43.3,60.1,11
2026-08-21T21:59:01Z,celmis-sandbox,9.82,60.55,3072.0,1.97,0.0,0.0,18.0,0.0,3
2026-08-21T21:59:01Z,celmis-qdrant,0.03,178.2,6928.38,2.57,0.06,0.04,71.3,0.0,25
2026-08-21T21:59:08Z,celmis-api,0.26,296.9,6928.38,4.28,7.89,8.76,0.05,561.0,13
2026-08-21T21:59:08Z,celmis-web,0.00,82.8,6928.38,1.19,0.5,0.77,10.5,0.0,12
2026-08-21T21:59:08Z,celmis-postgres,0.89,36.42,6928.38,0.53,30.4,23.0,43.3,60.1,11
2026-08-21T21:59:08Z,celmis-sandbox,0.01,60.55,3072.0,1.97,0.0,0.0,18.0,0.0,3
2026-08-21T21:59:08Z,celmis-qdrant,0.07,178.2,6928.38,2.57,0.06,0.04,71.3,0.0,25
2026-08-21T21:59:16Z,celmis-api,12.96,370.5,6928.38,5.35,7.93,8.8,0.05,590.0,30
2026-08-21T21:59:16Z,celmis-web,0.01,82.55,6928.38,1.19,0.5,0.77,10.5,0.0,12
2026-08-21T21:59:16Z,celmis-postgres,0.03,36.83,6928.38,0.53,30.4,23.0,43.3,60.1,11
2026-08-21T21:59:16Z,celmis-sandbox,0.03,60.55,3072.0,1.97,0.0,0.0,18.0,0.0,3
2026-08-21T21:59:16Z,celmis-qdrant,0.13,178.4,6928.38,2.57,0.06,0.04,71.3,0.0,25
2026-08-21T21:59:23Z,celmis-api,0.27,297.3,6928.38,4.29,7.99,8.87,0.05,620.0,13
2026-08-21T21:59:23Z,celmis-web,0.01,82.55,6928.38,1.19,0.5,0.77,10.5,0.0,12
2026-08-21T21:59:23Z,celmis-postgres,1.60,36.61,6928.38,0.53,30.4,23.1,43.3,60.1,11
2026-08-21T21:59:23Z,celmis-sandbox,0.02,60.55,3072.0,1.97,0.0,0.0,18.0,0.0,3
2026-08-21T21:59:23Z,celmis-qdrant,0.12,178.4,6928.38,2.57,0.06,0.04,71.3,0.0,25
2026-08-21T21:59:31Z,celmis-api,1.81,297.6,6928.38,4.29,8.03,8.91,0.05,649.0,13
2026-08-21T21:59:31Z,celmis-web,0.00,82.8,6928.38,1.20,0.5,0.77,10.5,0.0,12
2026-08-21T21:59:31Z,celmis-postgres,0.04,36.63,6928.38,0.53,30.4,23.1,43.3,60.1,11
2026-08-21T21:59:31Z,celmis-sandbox,12.34,60.8,3072.0,1.98,0.0,0.0,18.0,0.0,3
2026-08-21T21:59:31Z,celmis-qdrant,0.06,178.3,6928.38,2.57,0.06,0.04,71.3,0.0,25
2026-08-21T21:59:38Z,celmis-api,26.51,297.4,6928.38,4.29,8.09,8.98,0.05,678.0,13
2026-08-21T21:59:38Z,celmis-web,0.01,82.8,6928.38,1.20,0.5,0.77,10.5,0.0,12
2026-08-21T21:59:38Z,celmis-postgres,2.15,36.79,6928.38,0.53,30.4,23.1,43.3,60.1,11
2026-08-21T21:59:38Z,celmis-sandbox,0.02,60.71,3072.0,1.98,0.0,0.0,18.0,0.0,3
2026-08-21T21:59:38Z,celmis-qdrant,0.06,178.3,6928.38,2.57,0.06,0.04,71.3,0.0,25
2026-08-21T21:59:46Z,celmis-api,0.36,297.8,6928.38,4.30,8.12,9.02,0.05,692.0,13
2026-08-21T21:59:46Z,celmis-web,0.00,82.64,6928.38,1.19,0.5,0.77,10.5,0.0,12
2026-08-21T21:59:46Z,celmis-postgres,0.03,36.38,6928.38,0.52,30.4,23.2,43.3,60.1,11
2026-08-21T21:59:46Z,celmis-sandbox,0.03,60.71,3072.0,1.98,0.0,0.0,18.0,0.0,3
2026-08-21T21:59:46Z,celmis-qdrant,0.07,178.5,6928.38,2.58,0.06,0.04,71.3,0.0,25
2026-08-21T21:59:53Z,celmis-api,2.51,298.1,6928.38,4.30,8.18,9.09,0.05,722.0,13
2026-08-21T21:59:53Z,celmis-web,0.00,82.64,6928.38,1.19,0.5,0.77,10.5,0.0,12
2026-08-21T21:59:53Z,celmis-postgres,2.84,36.82,6928.38,0.53,30.5,23.2,43.3,60.1,11
2026-08-21T21:59:53Z,celmis-sandbox,0.02,60.71,3072.0,1.98,0.0,0.0,18.0,0.0,3
2026-08-21T21:59:53Z,celmis-qdrant,0.08,178.5,6928.38,2.58,0.06,0.04,71.3,0.0,25
2026-08-21T22:00:01Z,celmis-api,1.23,298.2,6928.38,4.30,8.22,9.13,0.05,736.0,13
2026-08-21T22:00:01Z,celmis-web,0.00,82.9,6928.38,1.20,0.5,0.77,10.5,0.0,12
2026-08-21T22:00:01Z,celmis-postgres,0.01,36.59,6928.38,0.53,30.5,23.3,43.3,60.1,11
2026-08-21T22:00:01Z,celmis-sandbox,12.35,60.45,3072.0,1.97,0.0,0.0,18.0,0.0,3
2026-08-21T22:00:01Z,celmis-qdrant,0.07,178.1,6928.38,2.57,0.06,0.04,71.3,0.0,25
2026-08-21T22:00:08Z,celmis-api,2.96,298.2,6928.38,4.30,8.28,9.2,0.05,765.0,13
2026-08-21T22:00:08Z,celmis-web,0.00,82.9,6928.38,1.20,0.5,0.77,10.5,0.0,12
2026-08-21T22:00:08Z,celmis-postgres,3.30,36.75,6928.38,0.53,30.5,23.3,43.3,60.1,11
2026-08-21T22:00:08Z,celmis-sandbox,0.02,60.37,3072.0,1.97,0.0,0.0,18.0,0.0,3
2026-08-21T22:00:08Z,celmis-qdrant,0.06,178.1,6928.38,2.57,0.06,0.04,71.3,0.0,25
2026-08-21T22:00:16Z,celmis-api,0.43,298.5,6928.38,4.31,8.31,9.24,0.05,794.0,13
2026-08-21T22:00:16Z,celmis-web,0.01,82.86,6928.38,1.20,0.5,0.77,10.5,0.0,12
2026-08-21T22:00:16Z,celmis-postgres,0.00,36.73,6928.38,0.53,30.5,23.3,43.3,60.1,11
2026-08-21T22:00:16Z,celmis-sandbox,0.02,60.37,3072.0,1.97,0.0,0.0,18.0,0.0,3
2026-08-21T22:00:16Z,celmis-qdrant,0.09,178.2,6928.38,2.57,0.06,0.04,71.3,0.0,25
2026-08-21T22:00:23Z,celmis-api,33.14,298.8,6928.38,4.31,8.37,9.31,0.05,824.0,13
2026-08-21T22:00:23Z,celmis-web,0.00,82.86,6928.38,1.20,0.5,0.77,10.5,0.0,12
2026-08-21T22:00:23Z,celmis-postgres,1.75,36.76,6928.38,0.53,30.5,23.4,43.3,60.1,11
2026-08-21T22:00:23Z,celmis-sandbox,0.02,60.37,3072.0,1.97,0.0,0.0,18.0,0.0,3
2026-08-21T22:00:23Z,celmis-qdrant,0.16,178.2,6928.38,2.57,0.06,0.04,71.3,0.0,25
2026-08-21T22:00:31Z,celmis-api,1.31,298.5,6928.38,4.31,8.41,9.35,0.05,838.0,13
2026-08-21T22:00:31Z,celmis-web,0.00,82.61,6928.38,1.19,0.5,0.77,10.5,0.0,12
2026-08-21T22:00:31Z,celmis-postgres,0.00,36.86,6928.38,0.53,30.5,23.4,43.3,60.1,11
2026-08-21T22:00:31Z,celmis-sandbox,14.09,60.57,3072.0,1.97,0.0,0.0,18.0,0.0,3
2026-08-21T22:00:31Z,celmis-qdrant,0.04,178.4,6928.38,2.57,0.06,0.04,71.3,0.0,25
2026-08-21T22:00:38Z,celmis-api,2.95,298.8,6928.38,4.31,8.47,9.43,0.05,867.0,13
2026-08-21T22:00:38Z,celmis-web,0.01,82.61,6928.38,1.19,0.5,0.77,10.5,0.0,12
2026-08-21T22:00:38Z,celmis-postgres,3.42,36.68,6928.38,0.53,30.5,23.5,43.3,60.1,11
2026-08-21T22:00:38Z,celmis-sandbox,0.03,60.54,3072.0,1.97,0.0,0.0,18.0,0.0,3
2026-08-21T22:00:38Z,celmis-qdrant,0.07,178.4,6928.38,2.57,0.06,0.04,71.3,0.0,25
2026-08-21T22:00:46Z,celmis-api,23.51,393.8,6928.38,5.68,8.5,9.46,0.05,882.0,30
2026-08-21T22:00:46Z,celmis-web,0.01,83.0,6928.38,1.20,0.5,0.77,10.5,0.0,12
2026-08-21T22:00:46Z,celmis-postgres,0.00,36.59,6928.38,0.53,30.5,23.5,43.3,60.1,11
2026-08-21T22:00:46Z,celmis-sandbox,0.03,60.54,3072.0,1.97,0.0,0.0,18.0,0.0,3
2026-08-21T22:00:46Z,celmis-qdrant,0.09,178.3,6928.38,2.57,0.06,0.04,71.3,0.0,25
2026-08-21T22:00:53Z,celmis-api,3.28,299.2,6928.38,4.32,8.57,9.54,0.05,911.0,13
2026-08-21T22:00:53Z,celmis-web,0.01,83.0,6928.38,1.20,0.5,0.77,10.5,0.0,12
2026-08-21T22:00:53Z,celmis-postgres,3.27,36.7,6928.38,0.53,30.5,23.6,43.3,60.1,11
2026-08-21T22:00:53Z,celmis-sandbox,0.02,60.54,3072.0,1.97,0.0,0.0,18.0,0.0,3
2026-08-21T22:00:53Z,celmis-qdrant,0.07,178.3,6928.38,2.57,0.06,0.04,71.3,0.0,25
2026-08-21T22:01:01Z,celmis-api,10.34,299.6,6928.38,4.32,8.6,9.57,0.05,940.0,13
2026-08-21T22:01:01Z,celmis-web,0.00,82.77,6928.38,1.19,0.5,0.77,10.5,0.0,12
2026-08-21T22:01:01Z,celmis-postgres,0.00,36.47,6928.38,0.53,30.5,23.6,43.3,60.2,11
2026-08-21T22:01:01Z,celmis-sandbox,13.15,60.76,3072.0,1.98,0.0,0.0,18.0,0.0,3
2026-08-21T22:01:01Z,celmis-qdrant,0.03,178.2,6928.38,2.57,0.06,0.04,71.3,0.0,25
2026-08-21T22:01:08Z,celmis-api,0.94,299.8,6928.38,4.33,8.63,9.61,0.05,955.0,13
2026-08-21T22:01:08Z,celmis-web,0.01,82.77,6928.38,1.19,0.5,0.77,10.5,0.0,12
2026-08-21T22:01:08Z,celmis-postgres,0.04,36.45,6928.38,0.53,30.5,23.6,43.3,60.2,11
2026-08-21T22:01:08Z,celmis-sandbox,0.03,60.7,3072.0,1.98,0.0,0.0,18.0,0.0,3
2026-08-21T22:01:08Z,celmis-qdrant,0.08,178.2,6928.38,2.57,0.06,0.04,71.3,0.0,25
2026-08-21T22:01:16Z,celmis-api,1.85,300.0,6928.38,4.33,8.69,9.68,0.05,984.0,13
2026-08-21T22:01:16Z,celmis-web,0.00,82.74,6928.38,1.19,0.5,0.77,10.5,0.0,12
2026-08-21T22:01:16Z,celmis-postgres,0.00,36.41,6928.38,0.53,30.6,23.7,43.3,60.2,11
2026-08-21T22:01:16Z,celmis-sandbox,0.03,60.7,3072.0,1.98,0.0,0.0,18.0,0.0,3
2026-08-21T22:01:16Z,celmis-qdrant,0.08,178.1,6928.38,2.57,0.06,0.04,71.3,0.0,25
2026-08-21T22:01:23Z,celmis-api,9.55,300.1,6928.38,4.33,8.91,9.9,0.05,998.0,13
2026-08-21T22:01:23Z,celmis-web,0.01,82.74,6928.38,1.19,0.5,0.77,10.5,0.0,12
2026-08-21T22:01:23Z,celmis-postgres,10.24,36.7,6928.38,0.53,30.7,23.9,43.3,60.2,11
2026-08-21T22:01:23Z,celmis-sandbox,0.02,60.7,3072.0,1.98,0.0,0.0,18.0,0.0,3
2026-08-21T22:01:23Z,celmis-qdrant,0.08,178.1,6928.38,2.57,0.06,0.04,71.3,0.0,25
2026-08-21T22:01:31Z,celmis-api,1.64,300.1,6928.38,4.33,9.0,10.0,0.05,999.0,18
2026-08-21T22:01:31Z,celmis-web,0.00,82.75,6928.38,1.19,0.5,0.77,10.5,0.0,12
2026-08-21T22:01:31Z,celmis-postgres,0.09,36.57,6928.38,0.53,30.7,23.9,43.3,60.2,11
2026-08-21T22:01:31Z,celmis-sandbox,13.49,61.02,3072.0,1.99,0.0,0.0,18.0,0.0,3
2026-08-21T22:01:31Z,celmis-qdrant,0.12,177.8,6928.38,2.57,0.06,0.04,71.3,0.0,25
2026-08-21T22:01:38Z,celmis-api,0.26,300.1,6928.38,4.33,9.03,10.0,0.05,999.0,18
2026-08-21T22:01:38Z,celmis-web,0.01,82.75,6928.38,1.19,0.5,0.77,10.5,0.0,12
2026-08-21T22:01:38Z,celmis-postgres,0.02,36.34,6928.38,0.52,30.7,23.9,43.3,60.2,11
2026-08-21T22:01:38Z,celmis-sandbox,0.02,60.88,3072.0,1.98,0.0,0.0,18.0,0.0,3
2026-08-21T22:01:38Z,celmis-qdrant,0.10,177.8,6928.38,2.57,0.06,0.04,71.3,0.0,25
2026-08-21T22:01:46Z,celmis-api,0.27,299.9,6928.38,4.33,9.1,10.1,0.05,999.0,18
2026-08-21T22:01:46Z,celmis-web,0.00,82.62,6928.38,1.19,0.5,0.77,10.5,0.0,12
2026-08-21T22:01:46Z,celmis-postgres,0.00,36.52,6928.38,0.53,30.7,24.0,43.3,60.2,11
2026-08-21T22:01:46Z,celmis-sandbox,0.03,60.88,3072.0,1.98,0.0,0.0,18.0,0.0,3
2026-08-21T22:01:46Z,celmis-qdrant,0.07,178.2,6928.38,2.57,0.06,0.04,71.3,0.0,25
2026-08-21T22:01:53Z,celmis-api,0.95,300.4,6928.38,4.34,9.14,10.2,0.05,999.0,17
2026-08-21T22:01:53Z,celmis-web,0.01,82.62,6928.38,1.19,0.5,0.77,10.5,0.0,12
2026-08-21T22:01:53Z,celmis-postgres,0.00,36.87,6928.38,0.53,30.7,24.0,43.3,60.2,11
2026-08-21T22:01:53Z,celmis-sandbox,0.02,60.88,3072.0,1.98,0.0,0.0,18.0,0.0,3
2026-08-21T22:01:53Z,celmis-qdrant,0.09,178.2,6928.38,2.57,0.06,0.04,71.3,0.0,25
2026-08-21T22:02:01Z,celmis-api,2.66,300.1,6928.38,4.33,9.22,10.3,0.05,999.0,18
2026-08-21T22:02:01Z,celmis-web,0.00,82.55,6928.38,1.19,0.5,0.77,10.5,0.0,12
2026-08-21T22:02:01Z,celmis-postgres,0.07,36.64,6928.38,0.53,30.8,24.1,43.3,60.3,11
2026-08-21T22:02:01Z,celmis-sandbox,14.10,60.75,3072.0,1.98,0.0,0.0,18.0,0.0,3
2026-08-21T22:02:01Z,celmis-qdrant,0.09,178.1,6928.38,2.57,0.06,0.04,71.3,0.0,25
2026-08-21T22:02:08Z,celmis-api,0.87,300.4,6928.38,4.34,9.27,10.3,0.05,999.0,17
2026-08-21T22:02:08Z,celmis-web,0.00,82.55,6928.38,1.19,0.5,0.77,10.5,0.0,12
2026-08-21T22:02:08Z,celmis-postgres,0.01,36.58,6928.38,0.53,30.8,24.1,43.3,60.3,11
2026-08-21T22:02:08Z,celmis-sandbox,0.02,60.74,3072.0,1.98,0.0,0.0,18.0,0.0,3
2026-08-21T22:02:08Z,celmis-qdrant,0.08,178.1,6928.38,2.57,0.06,0.04,71.3,0.0,25
2026-08-21T22:02:16Z,celmis-api,2.37,300.5,6928.38,4.34,9.33,10.4,0.05,999.0,18
2026-08-21T22:02:16Z,celmis-web,0.01,83.27,6928.38,1.20,0.5,0.77,10.5,0.0,12
2026-08-21T22:02:16Z,celmis-postgres,0.03,36.82,6928.38,0.53,30.8,24.1,43.3,60.3,11
2026-08-21T22:02:16Z,celmis-sandbox,0.02,60.74,3072.0,1.98,0.0,0.0,18.0,0.0,3
2026-08-21T22:02:16Z,celmis-qdrant,0.08,178.2,6928.38,2.57,0.06,0.04,71.3,0.0,25
2026-08-21T22:02:23Z,celmis-api,0.24,300.4,6928.38,4.34,9.36,10.4,0.05,999.0,17
2026-08-21T22:02:23Z,celmis-web,0.01,83.27,6928.38,1.20,0.5,0.77,10.5,0.0,12
2026-08-21T22:02:23Z,celmis-postgres,0.24,37.1,6928.38,0.54,30.8,24.2,43.3,60.3,11
2026-08-21T22:02:23Z,celmis-sandbox,0.03,60.74,3072.0,1.98,0.0,0.0,18.0,0.0,3
2026-08-21T22:02:23Z,celmis-qdrant,0.08,178.2,6928.38,2.57,0.06,0.04,71.3,0.0,25
2026-08-21T22:02:31Z,celmis-api,2.04,300.2,6928.38,4.33,9.44,10.5,0.05,999.0,13
2026-08-21T22:02:31Z,celmis-web,0.00,83.02,6928.38,1.20,0.5,0.77,10.5,0.0,12
2026-08-21T22:02:31Z,celmis-postgres,0.03,36.58,6928.38,0.53,30.8,24.2,43.3,60.6,11
2026-08-21T22:02:31Z,celmis-sandbox,0.08,60.74,3072.0,1.98,0.0,0.0,18.0,0.0,9
2026-08-21T22:02:31Z,celmis-qdrant,0.06,178.4,6928.38,2.57,0.06,0.04,71.3,0.0,25
2026-08-21T22:02:38Z,celmis-api,0.26,300.9,6928.38,4.34,9.57,10.7,0.05,999.0,18
2026-08-21T22:02:38Z,celmis-web,0.01,83.02,6928.38,1.20,0.5,0.77,10.5,0.0,12
2026-08-21T22:02:38Z,celmis-postgres,0.02,36.58,6928.38,0.53,30.8,24.3,43.3,60.6,11
2026-08-21T22:02:38Z,celmis-sandbox,0.02,60.92,3072.0,1.98,0.0,0.0,18.0,0.0,3
2026-08-21T22:02:38Z,celmis-qdrant,0.10,178.4,6928.38,2.57,0.06,0.04,71.3,0.0,25
2026-08-21T22:02:46Z,celmis-api,2.32,300.9,6928.38,4.34,9.63,10.7,0.05,999.0,18
2026-08-21T22:02:46Z,celmis-web,0.01,83.18,6928.38,1.20,0.5,0.77,10.5,0.0,12
2026-08-21T22:02:46Z,celmis-postgres,0.02,36.51,6928.38,0.53,30.9,24.3,43.3,60.6,11
2026-08-21T22:02:46Z,celmis-sandbox,0.03,60.92,3072.0,1.98,0.0,0.0,18.0,0.0,3
2026-08-21T22:02:46Z,celmis-qdrant,0.07,178.0,6928.38,2.57,0.06,0.04,71.3,0.0,25
2026-08-21T22:02:53Z,celmis-api,0.40,300.9,6928.38,4.34,9.67,10.8,0.05,999.0,18
2026-08-21T22:02:53Z,celmis-web,0.01,83.18,6928.38,1.20,0.5,0.77,10.5,0.0,12
2026-08-21T22:02:53Z,celmis-postgres,0.03,36.27,6928.38,0.52,30.9,24.4,43.3,60.6,11
2026-08-21T22:02:53Z,celmis-sandbox,0.03,60.92,3072.0,1.98,0.0,0.0,18.0,0.0,3
2026-08-21T22:02:53Z,celmis-qdrant,0.11,178.0,6928.38,2.57,0.06,0.04,71.3,0.0,25
2026-08-21T22:03:01Z,celmis-api,2.91,300.8,6928.38,4.34,9.73,10.8,0.05,999.0,18
2026-08-21T22:03:01Z,celmis-web,0.00,82.55,6928.38,1.19,0.5,0.77,10.5,0.0,12
2026-08-21T22:03:01Z,celmis-postgres,0.68,36.67,6928.38,0.53,30.9,24.4,43.3,60.6,11
2026-08-21T22:03:01Z,celmis-sandbox,0.03,60.92,3072.0,1.98,0.0,0.0,18.0,0.0,3
2026-08-21T22:03:01Z,celmis-qdrant,0.07,178.2,6928.38,2.57,0.06,0.04,71.3,0.0,25
2026-08-21T22:03:08Z,celmis-api,0.28,301.0,6928.38,4.34,9.76,10.9,0.05,999.0,18
2026-08-21T22:03:08Z,celmis-web,0.00,82.55,6928.38,1.19,0.5,0.77,10.5,0.0,12
2026-08-21T22:03:08Z,celmis-postgres,0.00,37.02,6928.38,0.53,30.9,24.5,43.3,60.6,11
2026-08-21T22:03:08Z,celmis-sandbox,0.03,60.84,3072.0,1.98,0.0,0.0,18.0,0.0,3
2026-08-21T22:03:08Z,celmis-qdrant,0.11,178.2,6928.38,2.57,0.06,0.04,71.3,0.0,25
2026-08-21T22:03:16Z,celmis-api,2.58,301.0,6928.38,4.34,9.86,11.0,0.05,999.0,18
2026-08-21T22:03:16Z,celmis-web,0.00,82.52,6928.38,1.19,0.5,0.77,10.5,0.0,12
2026-08-21T22:03:16Z,celmis-postgres,0.03,36.49,6928.38,0.53,30.9,24.5,43.3,60.7,11
2026-08-21T22:03:16Z,celmis-sandbox,0.03,60.84,3072.0,1.98,0.0,0.0,18.0,0.0,3
2026-08-21T22:03:16Z,celmis-qdrant,0.06,178.3,6928.38,2.57,0.06,0.04,71.3,0.0,25
2026-08-21T22:03:24Z,celmis-api,1.63,301.1,6928.38,4.35,9.92,11.0,0.05,999.0,18
2026-08-21T22:03:24Z,celmis-web,0.01,82.52,6928.38,1.19,0.5,0.77,10.5,0.0,12
2026-08-21T22:03:24Z,celmis-postgres,0.11,37.03,6928.38,0.53,30.9,24.5,43.3,60.7,11
2026-08-21T22:03:24Z,celmis-sandbox,0.03,60.84,3072.0,1.98,0.0,0.0,18.0,0.0,3
2026-08-21T22:03:24Z,celmis-qdrant,0.09,178.3,6928.38,2.57,0.06,0.04,71.3,0.0,25
2026-08-21T22:03:31Z,celmis-api,2.48,301.3,6928.38,4.35,10.0,11.1,0.05,999.0,15
2026-08-21T22:03:31Z,celmis-web,0.00,84.99,6928.38,1.23,0.58,0.86,10.5,0.0,12
2026-08-21T22:03:31Z,celmis-postgres,0.00,38.38,6928.38,0.55,30.9,24.6,43.3,60.7,12
2026-08-21T22:03:31Z,celmis-sandbox,0.03,60.84,3072.0,1.98,0.0,0.0,18.0,0.0,3
2026-08-21T22:03:31Z,celmis-qdrant,0.07,178.0,6928.38,2.57,0.06,0.04,71.3,0.0,25
2026-08-21T22:03:38Z,celmis-api,0.27,301.1,6928.38,4.35,10.1,11.2,0.05,999.0,13
2026-08-21T22:03:38Z,celmis-web,0.00,84.99,6928.38,1.23,0.58,0.86,10.5,0.0,12
2026-08-21T22:03:38Z,celmis-postgres,0.03,38.12,6928.38,0.55,30.9,24.7,43.3,60.7,12
2026-08-21T22:03:38Z,celmis-sandbox,0.02,61.01,3072.0,1.99,0.0,0.0,18.0,0.0,3
2026-08-21T22:03:38Z,celmis-qdrant,0.14,178.0,6928.38,2.57,0.06,0.04,71.3,0.0,25
2026-08-21T22:03:46Z,celmis-api,7.22,301.5,6928.38,4.35,10.2,11.3,0.05,999.0,16
2026-08-21T22:03:46Z,celmis-web,0.00,85.05,6928.38,1.23,0.58,0.86,10.5,0.0,12
2026-08-21T22:03:46Z,celmis-postgres,1.81,38.42,6928.38,0.55,31.0,24.7,43.3,60.8,12
2026-08-21T22:03:46Z,celmis-sandbox,0.02,61.01,3072.0,1.99,0.0,0.0,18.0,0.0,3
2026-08-21T22:03:46Z,celmis-qdrant,0.14,178.1,6928.38,2.57,0.06,0.04,71.3,0.0,25
2026-08-21T22:03:53Z,celmis-api,0.55,301.4,6928.38,4.35,10.2,11.4,0.05,999.0,17
2026-08-21T22:03:53Z,celmis-web,0.00,85.05,6928.38,1.23,0.58,0.86,10.5,0.0,12
2026-08-21T22:03:53Z,celmis-postgres,0.03,38.44,6928.38,0.55,31.0,24.8,43.3,60.8,12
2026-08-21T22:03:53Z,celmis-sandbox,0.03,61.01,3072.0,1.99,0.0,0.0,18.0,0.0,3
2026-08-21T22:03:53Z,celmis-qdrant,0.13,178.1,6928.38,2.57,0.06,0.04,71.3,0.0,25
2026-08-21T22:04:01Z,celmis-api,2.94,301.9,6928.38,4.36,10.3,11.5,0.05,999.0,16
2026-08-21T22:04:01Z,celmis-web,0.00,84.91,6928.38,1.23,0.58,0.86,10.5,0.0,12
2026-08-21T22:04:01Z,celmis-postgres,0.02,38.53,6928.38,0.56,31.0,24.8,43.3,60.8,12
2026-08-21T22:04:01Z,celmis-sandbox,0.02,61.01,3072.0,1.99,0.0,0.0,18.0,0.0,3
2026-08-21T22:04:01Z,celmis-qdrant,0.07,178.0,6928.38,2.57,0.06,0.04,71.3,0.0,25
2026-08-21T22:04:08Z,celmis-api,1.51,301.6,6928.38,4.35,10.4,11.6,0.05,999.0,17
2026-08-21T22:04:08Z,celmis-web,0.00,84.91,6928.38,1.23,0.58,0.86,10.5,0.0,12
2026-08-21T22:04:08Z,celmis-postgres,0.08,38.73,6928.38,0.56,31.0,24.8,43.3,60.8,12
2026-08-21T22:04:08Z,celmis-sandbox,0.04,60.68,3072.0,1.98,0.0,0.0,18.0,0.0,3
2026-08-21T22:04:08Z,celmis-qdrant,0.08,178.0,6928.38,2.57,0.06,0.04,71.3,0.0,25
2026-08-21T22:04:16Z,celmis-api,2.13,301.8,6928.38,4.36,10.4,11.6,0.05,999.0,16
2026-08-21T22:04:16Z,celmis-web,0.01,85.18,6928.38,1.23,0.58,0.86,10.5,0.0,12
2026-08-21T22:04:16Z,celmis-postgres,0.03,38.52,6928.38,0.56,31.0,24.9,43.3,60.8,12
2026-08-21T22:04:16Z,celmis-sandbox,0.02,60.68,3072.0,1.98,0.0,0.0,18.0,0.0,3
2026-08-21T22:04:16Z,celmis-qdrant,0.08,178.2,6928.38,2.57,0.06,0.04,71.3,0.0,25
2026-08-21T22:04:23Z,celmis-api,0.28,301.8,6928.38,4.36,10.5,11.7,0.05,999.0,17
2026-08-21T22:04:23Z,celmis-web,0.00,85.18,6928.38,1.23,0.58,0.86,10.5,0.0,12
2026-08-21T22:04:23Z,celmis-postgres,0.01,38.96,6928.38,0.56,31.0,24.9,43.3,60.8,12
2026-08-21T22:04:23Z,celmis-sandbox,0.03,60.68,3072.0,1.98,0.0,0.0,18.0,0.0,3
2026-08-21T22:04:23Z,celmis-qdrant,0.08,178.2,6928.38,2.57,0.06,0.04,71.3,0.0,25
2026-08-21T22:04:31Z,celmis-api,2.11,302.1,6928.38,4.36,10.6,11.8,0.05,0.0,17
2026-08-21T22:04:31Z,celmis-web,0.01,84.96,6928.38,1.23,0.58,0.86,10.5,0.0,12
2026-08-21T22:04:31Z,celmis-postgres,1.04,38.64,6928.38,0.56,31.1,25.0,43.3,60.9,12
2026-08-21T22:04:31Z,celmis-sandbox,0.03,60.68,3072.0,1.98,0.0,0.0,18.0,0.0,3
2026-08-21T22:04:31Z,celmis-qdrant,0.09,178.1,6928.38,2.57,0.06,0.04,71.3,0.0,25
2026-08-21T22:04:38Z,celmis-api,1.55,301.9,6928.38,4.36,10.7,11.9,0.05,0.0,17
2026-08-21T22:04:38Z,celmis-web,0.00,84.96,6928.38,1.23,0.58,0.86,10.5,0.0,12
2026-08-21T22:04:38Z,celmis-postgres,0.08,38.36,6928.38,0.55,31.1,25.0,43.3,60.9,12
2026-08-21T22:04:38Z,celmis-sandbox,0.02,60.86,3072.0,1.98,0.0,0.0,18.0,0.0,3
2026-08-21T22:04:38Z,celmis-qdrant,0.10,178.1,6928.38,2.57,0.06,0.04,71.3,0.0,25
2026-08-21T22:04:46Z,celmis-api,0.25,301.9,6928.38,4.36,10.7,11.9,0.05,0.0,17
2026-08-21T22:04:46Z,celmis-web,0.01,84.89,6928.38,1.23,0.58,0.86,10.5,0.0,12
2026-08-21T22:04:46Z,celmis-postgres,0.00,38.6,6928.38,0.56,31.1,25.1,43.3,60.9,12
2026-08-21T22:04:46Z,celmis-sandbox,0.04,60.86,3072.0,1.98,0.0,0.0,18.0,0.0,3
2026-08-21T22:04:46Z,celmis-qdrant,0.12,178.3,6928.38,2.57,0.06,0.04,71.3,0.0,25
2026-08-21T22:04:53Z,celmis-api,2.78,301.8,6928.38,4.36,10.8,12.0,0.05,0.0,18
2026-08-21T22:04:53Z,celmis-web,0.01,84.89,6928.38,1.23,0.58,0.86,10.5,0.0,12
2026-08-21T22:04:53Z,celmis-postgres,0.07,38.56,6928.38,0.56,31.1,25.1,43.3,60.9,12
2026-08-21T22:04:53Z,celmis-sandbox,0.02,60.86,3072.0,1.98,0.0,0.0,18.0,0.0,3
2026-08-21T22:04:53Z,celmis-qdrant,0.08,178.3,6928.38,2.57,0.06,0.04,71.3,0.0,25
2026-08-21T22:05:01Z,celmis-api,2.38,301.9,6928.38,4.36,10.8,12.0,0.05,0.0,17
2026-08-21T22:05:01Z,celmis-web,0.01,85.07,6928.38,1.23,0.58,0.86,10.5,0.0,12
2026-08-21T22:05:01Z,celmis-postgres,1.64,38.27,6928.38,0.55,31.1,25.1,43.3,60.9,12
2026-08-21T22:05:01Z,celmis-sandbox,0.02,60.86,3072.0,1.98,0.0,0.0,18.0,0.0,3
2026-08-21T22:05:01Z,celmis-qdrant,0.07,178.4,6928.38,2.57,0.06,0.04,71.3,0.0,25
2026-08-21T22:05:08Z,celmis-api,0.23,301.8,6928.38,4.36,10.9,12.1,0.05,0.0,18
2026-08-21T22:05:08Z,celmis-web,0.01,85.07,6928.38,1.23,0.58,0.86,10.5,0.0,12
2026-08-21T22:05:08Z,celmis-postgres,0.00,38.78,6928.38,0.56,31.1,25.2,43.3,60.9,12
2026-08-21T22:05:08Z,celmis-sandbox,0.02,60.78,3072.0,1.98,0.0,0.0,18.0,0.0,3
2026-08-21T22:05:08Z,celmis-qdrant,0.08,178.4,6928.38,2.57,0.06,0.04,71.3,0.0,25
2026-08-21T22:05:16Z,celmis-api,4.69,302.5,6928.38,4.37,11.1,12.3,0.05,0.0,18
2026-08-21T22:05:16Z,celmis-web,0.01,85.29,6928.38,1.23,0.58,0.86,10.5,0.0,12
2026-08-21T22:05:16Z,celmis-postgres,1.61,38.55,6928.38,0.56,31.1,25.3,43.3,60.9,12
2026-08-21T22:05:16Z,celmis-sandbox,0.02,60.78,3072.0,1.98,0.0,0.0,18.0,0.0,3
2026-08-21T22:05:16Z,celmis-qdrant,0.11,178.3,6928.38,2.57,0.06,0.04,71.3,0.0,25
2026-08-21T22:05:23Z,celmis-api,2.25,302.9,6928.38,4.37,11.1,12.5,0.05,0.0,17
2026-08-21T22:05:23Z,celmis-web,0.01,85.29,6928.38,1.23,0.58,0.86,10.5,0.0,12
2026-08-21T22:05:23Z,celmis-postgres,1.84,38.49,6928.38,0.56,31.1,25.3,43.3,61.0,12
2026-08-21T22:05:23Z,celmis-sandbox,0.03,60.78,3072.0,1.98,0.0,0.0,18.0,0.0,3
2026-08-21T22:05:23Z,celmis-qdrant,0.07,178.3,6928.38,2.57,0.06,0.04,71.3,0.0,25
2026-08-21T22:05:31Z,celmis-api,0.88,302.7,6928.38,4.37,11.2,12.5,0.05,0.0,18
2026-08-21T22:05:31Z,celmis-web,0.01,85.15,6928.38,1.23,0.58,0.86,10.5,0.0,12
2026-08-21T22:05:31Z,celmis-postgres,1.78,38.55,6928.38,0.56,31.2,25.3,43.3,61.0,12
2026-08-21T22:05:31Z,celmis-sandbox,0.01,60.78,3072.0,1.98,0.0,0.0,18.0,0.0,3
2026-08-21T22:05:31Z,celmis-qdrant,0.05,178.2,6928.38,2.57,0.06,0.04,71.3,0.0,25
2026-08-21T22:05:38Z,celmis-api,0.61,303.0,6928.38,4.37,11.2,12.6,0.05,0.0,17
2026-08-21T22:05:38Z,celmis-web,0.01,85.15,6928.38,1.23,0.58,0.86,10.5,0.0,12
2026-08-21T22:05:38Z,celmis-postgres,0.05,38.55,6928.38,0.56,31.2,25.4,43.3,61.0,12
2026-08-21T22:05:38Z,celmis-sandbox,0.03,60.95,3072.0,1.98,0.0,0.0,18.0,0.0,3
2026-08-21T22:05:38Z,celmis-qdrant,0.12,178.2,6928.38,2.57,0.06,0.04,71.3,0.0,25
2026-08-21T22:05:46Z,celmis-api,2.23,302.7,6928.38,4.37,11.3,12.6,0.05,0.0,17
2026-08-21T22:05:46Z,celmis-web,0.01,85.02,6928.38,1.23,0.58,0.86,10.5,0.0,12
2026-08-21T22:05:46Z,celmis-postgres,1.73,38.42,6928.38,0.55,31.2,25.4,43.3,61.0,12
2026-08-21T22:05:46Z,celmis-sandbox,0.02,60.95,3072.0,1.98,0.0,0.0,18.0,0.0,3
2026-08-21T22:05:46Z,celmis-qdrant,0.08,178.4,6928.38,2.57,0.06,0.04,71.3,0.0,25
2026-08-21T22:05:53Z,celmis-api,0.49,303.1,6928.38,4.37,11.3,12.7,0.05,0.0,17
2026-08-21T22:05:53Z,celmis-web,0.00,85.02,6928.38,1.23,0.58,0.86,10.5,0.0,12
2026-08-21T22:05:53Z,celmis-postgres,0.00,38.4,6928.38,0.55,31.2,25.5,43.3,61.0,12
2026-08-21T22:05:53Z,celmis-sandbox,0.03,60.95,3072.0,1.98,0.0,0.0,18.0,0.0,3
2026-08-21T22:05:53Z,celmis-qdrant,0.10,178.4,6928.38,2.57,0.06,0.04,71.3,0.0,25
2026-08-21T22:06:01Z,celmis-api,0.25,302.4,6928.38,4.36,11.4,12.7,0.05,0.0,12
2026-08-21T22:06:01Z,celmis-web,0.01,85.04,6928.38,1.23,0.58,0.86,10.5,0.0,12
2026-08-21T22:06:01Z,celmis-postgres,1.77,38.78,6928.38,0.56,31.2,25.5,43.3,61.0,12
2026-08-21T22:06:01Z,celmis-sandbox,0.02,60.95,3072.0,1.98,0.0,0.0,18.0,0.0,3
2026-08-21T22:06:01Z,celmis-qdrant,0.09,178.3,6928.38,2.57,0.06,0.04,71.3,0.0,25
2026-08-21T22:06:08Z,celmis-api,0.28,302.8,6928.38,4.37,11.5,12.8,0.05,0.0,12
2026-08-21T22:06:08Z,celmis-web,0.01,85.04,6928.38,1.23,0.58,0.86,10.5,0.0,12
2026-08-21T22:06:08Z,celmis-postgres,1.88,38.37,6928.38,0.55,31.2,25.6,43.3,61.0,12
2026-08-21T22:06:08Z,celmis-sandbox,0.03,61.12,3072.0,1.99,0.0,0.0,18.0,0.0,3
2026-08-21T22:06:08Z,celmis-qdrant,0.08,178.3,6928.38,2.57,0.06,0.04,71.3,0.0,25
2026-08-21T22:06:16Z,celmis-api,2.21,302.8,6928.38,4.37,11.5,12.8,0.05,0.0,12
2026-08-21T22:06:16Z,celmis-web,0.01,84.91,6928.38,1.23,0.58,0.86,10.5,0.0,12
2026-08-21T22:06:16Z,celmis-postgres,1.78,38.57,6928.38,0.56,31.2,25.6,43.3,61.0,12
2026-08-21T22:06:16Z,celmis-sandbox,0.02,61.12,3072.0,1.99,0.0,0.0,18.0,0.0,3
2026-08-21T22:06:16Z,celmis-qdrant,0.09,178.4,6928.38,2.58,0.06,0.04,71.3,0.0,25
2026-08-21T22:06:23Z,celmis-api,0.29,302.6,6928.38,4.37,11.5,12.9,0.05,0.0,12
2026-08-21T22:06:23Z,celmis-web,0.00,84.91,6928.38,1.23,0.58,0.86,10.5,0.0,12
2026-08-21T22:06:23Z,celmis-postgres,0.03,38.22,6928.38,0.55,31.2,25.6,43.3,61.0,12
2026-08-21T22:06:23Z,celmis-sandbox,0.03,61.12,3072.0,1.99,0.0,0.0,18.0,0.0,3
2026-08-21T22:06:23Z,celmis-qdrant,0.08,178.4,6928.38,2.58,0.06,0.04,71.3,0.0,25
2026-08-21T22:06:31Z,celmis-api,0.97,302.6,6928.38,4.37,11.6,12.9,0.05,1034.24,12
2026-08-21T22:06:31Z,celmis-web,0.00,85.04,6928.38,1.23,0.58,0.86,10.5,0.0,12
2026-08-21T22:06:31Z,celmis-postgres,0.01,38.39,6928.38,0.55,31.2,25.7,43.3,61.1,12
2026-08-21T22:06:31Z,celmis-sandbox,0.02,61.12,3072.0,1.99,0.0,0.0,18.0,0.0,3
2026-08-21T22:06:31Z,celmis-qdrant,0.06,178.3,6928.38,2.57,0.06,0.04,71.3,0.0,25
2026-08-21T22:06:38Z,celmis-api,48.59,302.4,6928.38,4.36,11.6,13.0,0.05,1064.96,12
2026-08-21T22:06:38Z,celmis-web,0.01,85.04,6928.38,1.23,0.58,0.86,10.5,0.0,12
2026-08-21T22:06:38Z,celmis-postgres,1.75,38.68,6928.38,0.56,31.2,25.7,43.3,61.1,12
2026-08-21T22:06:38Z,celmis-sandbox,0.02,61.05,3072.0,1.99,0.0,0.0,18.0,0.0,3
2026-08-21T22:06:38Z,celmis-qdrant,0.05,178.3,6928.38,2.57,0.06,0.04,71.3,0.0,25
2026-08-21T22:06:46Z,celmis-api,1.52,302.9,6928.38,4.37,11.7,13.1,0.05,1085.44,12
2026-08-21T22:06:46Z,celmis-web,0.00,85.23,6928.38,1.23,0.58,0.86,10.5,0.0,12
2026-08-21T22:06:46Z,celmis-postgres,1.88,38.16,6928.38,0.55,31.2,25.8,43.3,61.1,12
2026-08-21T22:06:46Z,celmis-sandbox,0.02,61.05,3072.0,1.99,0.0,0.0,18.0,0.0,3
2026-08-21T22:06:46Z,celmis-qdrant,0.08,178.5,6928.38,2.58,0.06,0.04,71.3,0.0,25
2026-08-21T22:06:53Z,celmis-api,0.63,303.1,6928.38,4.37,11.7,13.1,0.05,1116.16,13
2026-08-21T22:06:53Z,celmis-web,0.01,85.23,6928.38,1.23,0.58,0.86,10.5,0.0,12
2026-08-21T22:06:53Z,celmis-postgres,1.60,38.72,6928.38,0.56,31.3,25.8,43.3,61.1,12
2026-08-21T22:06:53Z,celmis-sandbox,0.02,61.05,3072.0,1.99,0.0,0.0,18.0,0.0,3
2026-08-21T22:06:53Z,celmis-qdrant,0.14,178.5,6928.38,2.58,0.06,0.04,71.3,0.0,25
2026-08-21T22:07:01Z,celmis-api,44.93,303.2,6928.38,4.38,11.8,13.2,0.05,1146.88,13
2026-08-21T22:07:01Z,celmis-web,0.00,84.85,6928.38,1.22,0.58,0.86,10.5,0.0,12
2026-08-21T22:07:01Z,celmis-postgres,0.02,38.61,6928.38,0.56,31.3,25.8,43.3,61.1,12
2026-08-21T22:07:01Z,celmis-sandbox,0.01,61.05,3072.0,1.99,0.0,0.0,18.0,0.0,3
2026-08-21T22:07:01Z,celmis-qdrant,0.03,178.1,6928.38,2.57,0.06,0.04,71.3,0.0,25
2026-08-21T22:07:08Z,celmis-api,1.46,303.6,6928.38,4.38,11.8,13.2,0.05,1157.12,13
2026-08-21T22:07:08Z,celmis-web,0.01,84.85,6928.38,1.22,0.58,0.86,10.5,0.0,12
2026-08-21T22:07:08Z,celmis-postgres,0.85,38.85,6928.38,0.56,31.3,25.9,43.3,61.1,12
2026-08-21T22:07:08Z,celmis-sandbox,0.03,61.46,3072.0,2.00,0.0,0.0,18.0,0.0,3
2026-08-21T22:07:08Z,celmis-qdrant,0.09,178.1,6928.38,2.57,0.06,0.04,71.3,0.0,25
2026-08-21T22:07:16Z,celmis-api,2.72,303.5,6928.38,4.38,11.9,13.3,0.05,1187.84,13
2026-08-21T22:07:16Z,celmis-web,0.00,84.95,6928.38,1.23,0.58,0.86,10.5,0.0,12
2026-08-21T22:07:16Z,celmis-postgres,0.00,38.55,6928.38,0.56,31.3,25.9,43.3,61.1,12
2026-08-21T22:07:16Z,celmis-sandbox,0.03,61.46,3072.0,2.00,0.0,0.0,18.0,0.0,3
2026-08-21T22:07:16Z,celmis-qdrant,0.11,178.1,6928.38,2.57,0.06,0.04,71.3,0.0,25
2026-08-21T22:07:24Z,celmis-api,12.43,304.1,6928.38,4.39,11.9,13.4,0.05,1218.56,13
2026-08-21T22:07:24Z,celmis-web,0.00,84.95,6928.38,1.23,0.58,0.86,10.5,0.0,12
2026-08-21T22:07:24Z,celmis-postgres,1.06,38.7,6928.38,0.56,31.3,26.0,43.3,61.1,12
2026-08-21T22:07:24Z,celmis-sandbox,0.02,61.46,3072.0,2.00,0.0,0.0,18.0,0.0,3
2026-08-21T22:07:24Z,celmis-qdrant,1.07,178.1,6928.38,2.57,0.06,0.04,71.3,0.0,26
2026-08-21T22:07:31Z,celmis-api,2.98,303.8,6928.38,4.39,12.0,13.4,0.05,1218.56,13
2026-08-21T22:07:31Z,celmis-web,0.00,84.66,6928.38,1.22,0.58,0.86,10.5,0.0,12
2026-08-21T22:07:31Z,celmis-postgres,0.28,38.52,6928.38,0.56,31.3,26.0,43.3,61.3,12
2026-08-21T22:07:31Z,celmis-sandbox,0.02,61.46,3072.0,2.00,0.0,0.0,18.0,0.0,3
2026-08-21T22:07:31Z,celmis-qdrant,0.11,178.2,6928.38,2.57,0.06,0.04,71.3,0.0,26
2026-08-21T22:07:38Z,celmis-api,3.41,304.5,6928.38,4.39,12.2,13.6,0.05,1218.56,18
2026-08-21T22:07:38Z,celmis-web,0.01,84.66,6928.38,1.22,0.58,0.86,10.5,0.0,12
2026-08-21T22:07:38Z,celmis-postgres,2.22,38.32,6928.38,0.55,31.4,26.1,43.3,61.4,12
2026-08-21T22:07:38Z,celmis-sandbox,0.02,61.13,3072.0,1.99,0.0,0.0,18.0,0.0,3
2026-08-21T22:07:38Z,celmis-qdrant,0.07,178.2,6928.38,2.57,0.06,0.04,71.3,0.0,25
2026-08-21T22:07:46Z,celmis-api,0.29,304.1,6928.38,4.39,12.2,13.7,0.05,1218.56,17
2026-08-21T22:07:46Z,celmis-web,0.01,84.99,6928.38,1.23,0.58,0.86,10.5,0.0,12
2026-08-21T22:07:46Z,celmis-postgres,0.00,38.7,6928.38,0.56,31.4,26.1,43.3,61.4,12
2026-08-21T22:07:46Z,celmis-sandbox,0.02,61.13,3072.0,1.99,0.0,0.0,18.0,0.0,3
2026-08-21T22:07:46Z,celmis-qdrant,0.08,178.1,6928.38,2.57,0.06,0.04,71.3,0.0,25
2026-08-21T22:07:53Z,celmis-api,0.31,304.2,6928.38,4.39,12.2,13.7,0.05,1218.56,17
2026-08-21T22:07:53Z,celmis-web,0.00,84.99,6928.38,1.23,0.58,0.86,10.5,0.0,12
2026-08-21T22:07:53Z,celmis-postgres,1.73,38.42,6928.38,0.55,31.4,26.2,43.3,61.4,12
2026-08-21T22:07:53Z,celmis-sandbox,0.03,61.13,3072.0,1.99,0.0,0.0,18.0,0.0,3
2026-08-21T22:07:53Z,celmis-qdrant,0.08,178.1,6928.38,2.57,0.06,0.04,71.3,0.0,25
2026-08-21T22:08:01Z,celmis-api,0.25,304.5,6928.38,4.39,12.3,13.8,0.05,1218.56,18
2026-08-21T22:08:01Z,celmis-web,0.00,84.85,6928.38,1.22,0.58,0.86,10.5,0.0,12
2026-08-21T22:08:01Z,celmis-postgres,0.00,38.62,6928.38,0.56,31.4,26.2,43.3,61.4,12
2026-08-21T22:08:01Z,celmis-sandbox,0.03,61.13,3072.0,1.99,0.0,0.0,18.0,0.0,3
2026-08-21T22:08:01Z,celmis-qdrant,0.06,178.3,6928.38,2.57,0.06,0.04,71.3,0.0,25
2026-08-21T22:08:08Z,celmis-api,2.95,304.4,6928.38,4.39,12.4,13.9,0.05,1218.56,18
2026-08-21T22:08:08Z,celmis-web,0.00,84.85,6928.38,1.22,0.58,0.86,10.5,0.0,12
2026-08-21T22:08:08Z,celmis-postgres,1.72,38.66,6928.38,0.56,31.4,26.3,43.3,61.4,12
2026-08-21T22:08:08Z,celmis-sandbox,0.01,60.8,3072.0,1.98,0.0,0.0,18.0,0.0,3
2026-08-21T22:08:08Z,celmis-qdrant,0.11,178.3,6928.38,2.57,0.06,0.04,71.3,0.0,25
2026-08-21T22:08:16Z,celmis-api,0.25,304.7,6928.38,4.40,12.4,13.9,0.05,1218.56,18
2026-08-21T22:08:16Z,celmis-web,0.01,85.07,6928.38,1.23,0.58,0.86,10.5,0.0,12
2026-08-21T22:08:16Z,celmis-postgres,0.03,38.81,6928.38,0.56,31.4,26.3,43.3,61.4,12
2026-08-21T22:08:16Z,celmis-sandbox,0.02,60.8,3072.0,1.98,0.0,0.0,18.0,0.0,3
2026-08-21T22:08:16Z,celmis-qdrant,0.10,178.2,6928.38,2.57,0.06,0.04,71.3,0.0,25
2026-08-21T22:08:23Z,celmis-api,0.28,304.6,6928.38,4.40,12.5,14.0,0.05,1218.56,18
2026-08-21T22:08:23Z,celmis-web,0.01,85.07,6928.38,1.23,0.58,0.86,10.5,0.0,12
2026-08-21T22:08:23Z,celmis-postgres,1.73,39.06,6928.38,0.56,31.4,26.4,43.3,61.4,12
2026-08-21T22:08:23Z,celmis-sandbox,0.02,60.8,3072.0,1.98,0.0,0.0,18.0,0.0,3
2026-08-21T22:08:23Z,celmis-qdrant,0.13,178.2,6928.38,2.57,0.06,0.04,71.3,0.0,25
2026-08-21T22:08:31Z,celmis-api,0.28,304.5,6928.38,4.39,12.5,14.1,0.05,1218.56,18
2026-08-21T22:08:31Z,celmis-web,0.00,84.88,6928.38,1.22,0.58,0.86,10.5,0.0,12
2026-08-21T22:08:31Z,celmis-postgres,0.03,38.36,6928.38,0.55,31.4,26.4,43.3,61.5,12
2026-08-21T22:08:31Z,celmis-sandbox,0.03,60.8,3072.0,1.98,0.0,0.0,18.0,0.0,3
2026-08-21T22:08:31Z,celmis-qdrant,0.07,178.3,6928.38,2.57,0.06,0.04,71.3,0.0,25
2026-08-21T22:08:38Z,celmis-api,0.27,304.8,6928.38,4.40,12.6,14.1,0.05,1218.56,18
2026-08-21T22:08:38Z,celmis-web,0.01,84.88,6928.38,1.22,0.58,0.86,10.5,0.0,12
2026-08-21T22:08:38Z,celmis-postgres,0.25,39.82,6928.38,0.57,31.4,26.4,43.3,61.5,13
2026-08-21T22:08:38Z,celmis-sandbox,0.03,60.96,3072.0,1.98,0.0,0.0,18.0,0.0,3
2026-08-21T22:08:38Z,celmis-qdrant,0.11,178.3,6928.38,2.57,0.06,0.04,71.3,0.0,25
2026-08-21T22:08:46Z,celmis-api,4.76,304.2,6928.38,4.39,12.7,14.2,0.05,1218.56,13
2026-08-21T22:08:46Z,celmis-web,0.01,85.1,6928.38,1.23,0.58,0.86,10.5,0.0,12
2026-08-21T22:08:46Z,celmis-postgres,0.00,38.81,6928.38,0.56,31.5,26.5,43.3,61.5,12
2026-08-21T22:08:46Z,celmis-sandbox,0.03,60.96,3072.0,1.98,0.0,0.0,18.0,0.0,3
2026-08-21T22:08:46Z,celmis-qdrant,0.08,178.5,6928.38,2.58,0.06,0.04,71.3,0.0,25
2026-08-21T22:08:53Z,celmis-api,2.88,304.6,6928.38,4.40,12.8,14.4,0.05,1218.56,17
2026-08-21T22:08:53Z,celmis-web,0.01,85.1,6928.38,1.23,0.58,0.86,10.5,0.0,12
2026-08-21T22:08:53Z,celmis-postgres,1.78,38.66,6928.38,0.56,31.5,26.5,43.3,61.5,12
2026-08-21T22:08:53Z,celmis-sandbox,0.03,60.96,3072.0,1.98,0.0,0.0,18.0,0.0,3
2026-08-21T22:08:53Z,celmis-qdrant,0.10,178.5,6928.38,2.58,0.06,0.04,71.3,0.0,25
2026-08-21T22:09:01Z,celmis-api,0.22,304.6,6928.38,4.40,12.8,14.4,0.05,1218.56,17
2026-08-21T22:09:01Z,celmis-web,0.00,84.88,6928.38,1.23,0.58,0.86,10.5,0.0,12
2026-08-21T22:09:01Z,celmis-postgres,0.03,38.81,6928.38,0.56,31.5,26.6,43.3,61.5,12
2026-08-21T22:09:01Z,celmis-sandbox,0.02,60.96,3072.0,1.98,0.0,0.0,18.0,0.0,3
2026-08-21T22:09:01Z,celmis-qdrant,0.07,178.4,6928.38,2.57,0.06,0.04,71.3,0.0,25
2026-08-21T22:09:08Z,celmis-api,2.66,304.8,6928.38,4.40,12.9,14.5,0.05,1218.56,17
2026-08-21T22:09:08Z,celmis-web,0.00,84.88,6928.38,1.23,0.58,0.86,10.5,0.0,12
2026-08-21T22:09:08Z,celmis-postgres,0.10,38.43,6928.38,0.55,31.5,26.6,43.3,61.6,12
2026-08-21T22:09:08Z,celmis-sandbox,0.03,61.13,3072.0,1.99,0.0,0.0,18.0,0.0,3
2026-08-21T22:09:08Z,celmis-qdrant,0.07,178.4,6928.38,2.57,0.06,0.04,71.3,0.0,25
2026-08-21T22:09:16Z,celmis-api,0.28,304.6,6928.38,4.40,12.9,14.5,0.05,1218.56,17
2026-08-21T22:09:16Z,celmis-web,0.01,84.91,6928.38,1.23,0.58,0.86,10.5,0.0,12
2026-08-21T22:09:16Z,celmis-postgres,0.04,38.44,6928.38,0.55,31.5,26.7,43.3,61.6,12
2026-08-21T22:09:16Z,celmis-sandbox,0.03,61.13,3072.0,1.99,0.0,0.0,18.0,0.0,3
2026-08-21T22:09:16Z,celmis-qdrant,0.08,178.3,6928.38,2.57,0.06,0.04,71.3,0.0,25
2026-08-21T22:09:23Z,celmis-api,0.29,304.8,6928.38,4.40,13.0,14.6,0.05,1218.56,17
2026-08-21T22:09:23Z,celmis-web,0.01,84.91,6928.38,1.23,0.58,0.86,10.5,0.0,12
2026-08-21T22:09:23Z,celmis-postgres,0.00,38.59,6928.38,0.56,31.5,26.7,43.3,61.6,12
2026-08-21T22:09:23Z,celmis-sandbox,0.03,61.13,3072.0,1.99,0.0,0.0,18.0,0.0,3
2026-08-21T22:09:23Z,celmis-qdrant,0.10,178.3,6928.38,2.57,0.06,0.04,71.3,0.0,25
2026-08-21T22:09:31Z,celmis-api,0.30,304.7,6928.38,4.40,13.0,14.6,0.05,1218.56,17
2026-08-21T22:09:31Z,celmis-web,0.01,84.92,6928.38,1.23,0.58,0.86,10.5,0.0,12
2026-08-21T22:09:31Z,celmis-postgres,0.02,38.49,6928.38,0.56,31.5,26.7,43.3,61.6,12
2026-08-21T22:09:31Z,celmis-sandbox,0.03,61.13,3072.0,1.99,0.0,0.0,18.0,0.0,3
2026-08-21T22:09:31Z,celmis-qdrant,0.07,178.2,6928.38,2.57,0.06,0.04,71.3,0.0,25
2026-08-21T22:09:38Z,celmis-api,1.50,304.7,6928.38,4.40,13.1,14.7,0.05,1218.56,17
2026-08-21T22:09:38Z,celmis-web,0.01,84.92,6928.38,1.23,0.58,0.86,10.5,0.0,12
2026-08-21T22:09:38Z,celmis-postgres,0.13,38.51,6928.38,0.56,31.5,26.8,43.3,61.6,12
2026-08-21T22:09:38Z,celmis-sandbox,0.08,61.3,3072.0,2.00,0.0,0.0,18.0,0.0,3
2026-08-21T22:09:38Z,celmis-qdrant,0.15,178.2,6928.38,2.57,0.06,0.04,71.3,0.0,25
2026-08-21T22:09:46Z,celmis-api,0.23,304.6,6928.38,4.40,13.2,14.8,0.05,1218.56,17
2026-08-21T22:09:46Z,celmis-web,0.01,85.06,6928.38,1.23,0.58,0.86,10.5,0.0,12
2026-08-21T22:09:46Z,celmis-postgres,0.03,38.38,6928.38,0.55,31.6,26.8,43.3,61.6,12
2026-08-21T22:09:46Z,celmis-sandbox,0.03,61.3,3072.0,2.00,0.0,0.0,18.0,0.0,3
2026-08-21T22:09:46Z,celmis-qdrant,0.09,178.4,6928.38,2.57,0.06,0.04,71.3,0.0,25
2026-08-21T22:09:53Z,celmis-api,0.46,304.4,6928.38,4.39,13.2,14.8,0.05,1218.56,13
2026-08-21T22:09:53Z,celmis-web,0.00,85.06,6928.38,1.23,0.58,0.86,10.5,0.0,12
2026-08-21T22:09:53Z,celmis-postgres,0.03,38.66,6928.38,0.56,31.6,26.8,43.3,61.6,12
2026-08-21T22:09:53Z,celmis-sandbox,0.03,61.3,3072.0,2.00,0.0,0.0,18.0,0.0,3
2026-08-21T22:09:53Z,celmis-qdrant,0.09,178.4,6928.38,2.57,0.06,0.04,71.3,0.0,25
2026-08-21T22:10:01Z,celmis-api,0.86,304.5,6928.38,4.40,13.3,14.9,0.05,1218.56,13
2026-08-21T22:10:01Z,celmis-web,0.01,84.86,6928.38,1.22,0.58,0.86,10.5,0.0,12
2026-08-21T22:10:01Z,celmis-postgres,0.01,38.56,6928.38,0.56,31.6,26.9,43.3,61.6,12
2026-08-21T22:10:01Z,celmis-sandbox,0.02,61.3,3072.0,2.00,0.0,0.0,18.0,0.0,3
2026-08-21T22:10:01Z,celmis-qdrant,0.07,178.3,6928.38,2.57,0.06,0.04,71.3,0.0,25
2026-08-21T22:10:08Z,celmis-api,0.21,304.9,6928.38,4.40,13.4,15.0,0.05,1218.56,18
2026-08-21T22:10:08Z,celmis-web,0.01,84.86,6928.38,1.22,0.58,0.86,10.5,0.0,12
2026-08-21T22:10:08Z,celmis-postgres,0.03,38.47,6928.38,0.56,31.6,27.0,43.3,61.7,12
2026-08-21T22:10:08Z,celmis-sandbox,0.02,61.23,3072.0,1.99,0.0,0.0,18.0,0.0,3
2026-08-21T22:10:08Z,celmis-qdrant,0.08,178.3,6928.38,2.57,0.06,0.04,71.3,0.0,25
2026-08-21T22:10:16Z,celmis-api,3.05,304.8,6928.38,4.40,13.4,15.0,0.05,1218.56,18
2026-08-21T22:10:16Z,celmis-web,0.01,85.23,6928.38,1.23,0.58,0.86,10.5,0.0,12
2026-08-21T22:10:16Z,celmis-postgres,0.11,38.49,6928.38,0.56,31.6,27.0,43.3,61.7,12
2026-08-21T22:10:16Z,celmis-sandbox,0.02,61.23,3072.0,1.99,0.0,0.0,18.0,0.0,3
2026-08-21T22:10:16Z,celmis-qdrant,0.09,178.2,6928.38,2.57,0.06,0.04,71.3,0.0,25
2026-08-21T22:10:23Z,celmis-api,0.30,304.7,6928.38,4.40,13.5,15.1,0.05,1218.56,18
2026-08-21T22:10:23Z,celmis-web,0.01,85.23,6928.38,1.23,0.58,0.86,10.5,0.0,12
2026-08-21T22:10:23Z,celmis-postgres,0.00,38.44,6928.38,0.55,31.6,27.0,43.3,61.7,12
2026-08-21T22:10:23Z,celmis-sandbox,0.02,61.23,3072.0,1.99,0.0,0.0,18.0,0.0,3
2026-08-21T22:10:23Z,celmis-qdrant,0.09,178.2,6928.38,2.57,0.06,0.04,71.3,0.0,25
2026-08-21T22:10:31Z,celmis-api,0.26,304.8,6928.38,4.40,13.6,15.2,0.05,1218.56,18
2026-08-21T22:10:31Z,celmis-web,0.01,85.19,6928.38,1.23,0.58,0.86,10.5,0.0,12
2026-08-21T22:10:31Z,celmis-postgres,0.08,38.64,6928.38,0.56,31.6,27.1,43.3,61.7,12
2026-08-21T22:10:31Z,celmis-sandbox,0.04,61.23,3072.0,1.99,0.0,0.0,18.0,0.0,3
2026-08-21T22:10:31Z,celmis-qdrant,0.08,178.1,6928.38,2.57,0.06,0.04,71.3,0.0,25
2026-08-21T22:10:38Z,celmis-api,0.24,304.6,6928.38,4.40,13.6,15.2,0.05,1218.56,18
2026-08-21T22:10:38Z,celmis-web,0.01,85.19,6928.38,1.23,0.58,0.86,10.5,0.0,12
2026-08-21T22:10:38Z,celmis-postgres,0.00,38.78,6928.38,0.56,31.6,27.1,43.3,61.7,12
2026-08-21T22:10:38Z,celmis-sandbox,0.03,61.09,3072.0,1.99,0.0,0.0,18.0,0.0,3
2026-08-21T22:10:38Z,celmis-qdrant,0.08,178.1,6928.38,2.57,0.06,0.04,71.3,0.0,25
2026-08-21T22:10:46Z,celmis-api,2.79,304.6,6928.38,4.40,13.7,15.3,0.05,1218.56,18
2026-08-21T22:10:46Z,celmis-web,0.01,84.75,6928.38,1.22,0.58,0.86,10.5,0.0,12
2026-08-21T22:10:46Z,celmis-postgres,0.03,38.68,6928.38,0.56,31.7,27.2,43.3,61.7,12
2026-08-21T22:10:46Z,celmis-sandbox,0.03,61.09,3072.0,1.99,0.0,0.0,18.0,0.0,3
2026-08-21T22:10:46Z,celmis-qdrant,0.08,178.2,6928.38,2.57,0.06,0.04,71.3,0.0,25
2026-08-21T22:10:53Z,celmis-api,0.45,305.0,6928.38,4.40,13.7,15.3,0.05,1218.56,18
2026-08-21T22:10:53Z,celmis-web,0.00,84.75,6928.38,1.22,0.58,0.86,10.5,0.0,12
2026-08-21T22:10:53Z,celmis-postgres,0.03,38.81,6928.38,0.56,31.7,27.2,43.3,61.8,12
2026-08-21T22:10:53Z,celmis-sandbox,0.03,61.09,3072.0,1.99,0.0,0.0,18.0,0.0,3
2026-08-21T22:10:53Z,celmis-qdrant,0.08,178.2,6928.38,2.57,0.06,0.04,71.3,0.0,25
2026-08-21T22:11:01Z,celmis-api,0.22,304.9,6928.38,4.40,13.8,15.4,0.05,1218.56,18
2026-08-21T22:11:01Z,celmis-web,0.01,84.77,6928.38,1.22,0.58,0.86,10.5,0.0,12
2026-08-21T22:11:01Z,celmis-postgres,0.00,38.71,6928.38,0.56,31.7,27.3,43.3,61.8,12
2026-08-21T22:11:01Z,celmis-sandbox,0.03,61.09,3072.0,1.99,0.0,0.0,18.0,0.0,3
2026-08-21T22:11:01Z,celmis-qdrant,0.06,178.2,6928.38,2.57,0.06,0.04,71.3,0.0,25
2026-08-21T22:11:08Z,celmis-api,0.26,304.7,6928.38,4.40,13.8,15.4,0.05,1218.56,18
2026-08-21T22:11:08Z,celmis-web,0.00,84.77,6928.38,1.22,0.58,0.86,10.5,0.0,12
2026-08-21T22:11:08Z,celmis-postgres,0.03,38.7,6928.38,0.56,31.7,27.3,43.3,61.8,12
2026-08-21T22:11:08Z,celmis-sandbox,0.03,61.02,3072.0,1.99,0.0,0.0,18.0,0.0,3
2026-08-21T22:11:08Z,celmis-qdrant,0.07,178.2,6928.38,2.57,0.06,0.04,71.3,0.0,25
2026-08-21T22:11:16Z,celmis-api,0.29,304.8,6928.38,4.40,13.9,15.5,0.05,1218.56,18
2026-08-21T22:11:16Z,celmis-web,0.01,85.13,6928.38,1.23,0.58,0.86,10.5,0.0,12
2026-08-21T22:11:16Z,celmis-postgres,0.00,39.05,6928.38,0.56,31.7,27.3,43.3,61.8,12
2026-08-21T22:11:16Z,celmis-sandbox,0.03,61.02,3072.0,1.99,0.0,0.0,18.0,0.0,3
2026-08-21T22:11:16Z,celmis-qdrant,0.06,178.1,6928.38,2.57,0.06,0.04,71.3,0.0,25
2026-08-21T22:11:23Z,celmis-api,0.27,304.4,6928.38,4.39,13.9,15.5,0.05,1218.56,13
2026-08-21T22:11:23Z,celmis-web,0.01,85.13,6928.38,1.23,0.58,0.86,10.5,0.0,12
2026-08-21T22:11:23Z,celmis-postgres,1.65,38.77,6928.38,0.56,31.7,27.4,43.3,61.8,12
2026-08-21T22:11:23Z,celmis-sandbox,0.03,61.02,3072.0,1.99,0.0,0.0,18.0,0.0,3
2026-08-21T22:11:23Z,celmis-qdrant,0.06,178.1,6928.38,2.57,0.06,0.04,71.3,0.0,25
2026-08-21T22:11:31Z,celmis-api,7.74,305.0,6928.38,4.40,14.0,15.7,0.05,1218.56,18
2026-08-21T22:11:31Z,celmis-web,0.01,85.34,6928.38,1.23,0.58,0.86,10.5,0.0,12
2026-08-21T22:11:31Z,celmis-postgres,3.01,38.47,6928.38,0.56,31.7,27.4,43.3,61.8,12
2026-08-21T22:11:31Z,celmis-sandbox,0.03,61.02,3072.0,1.99,0.0,0.0,18.0,0.0,3
2026-08-21T22:11:31Z,celmis-qdrant,0.19,178.5,6928.38,2.58,0.06,0.04,71.3,0.0,25
2026-08-21T22:11:38Z,celmis-api,0.22,304.7,6928.38,4.40,14.1,15.7,0.05,1218.56,18
2026-08-21T22:11:38Z,celmis-web,0.01,85.34,6928.38,1.23,0.58,0.86,10.5,0.0,12
2026-08-21T22:11:38Z,celmis-postgres,1.54,38.95,6928.38,0.56,31.7,27.5,43.3,61.8,12
2026-08-21T22:11:38Z,celmis-sandbox,0.02,61.44,3072.0,2.00,0.0,0.0,18.0,0.0,3
2026-08-21T22:11:38Z,celmis-qdrant,0.08,178.5,6928.38,2.58,0.06,0.04,71.3,0.0,25
2026-08-21T22:11:46Z,celmis-api,2.59,304.9,6928.38,4.40,14.2,15.8,0.05,1218.56,18
2026-08-21T22:11:46Z,celmis-web,0.00,85.05,6928.38,1.23,0.58,0.86,10.5,0.0,12
2026-08-21T22:11:46Z,celmis-postgres,0.02,38.43,6928.38,0.55,31.7,27.5,43.3,61.8,12
2026-08-21T22:11:46Z,celmis-sandbox,0.02,61.44,3072.0,2.00,0.0,0.0,18.0,0.0,3
2026-08-21T22:11:46Z,celmis-qdrant,0.12,178.1,6928.38,2.57,0.06,0.04,71.3,0.0,25
2026-08-21T22:11:53Z,celmis-api,1.16,305.0,6928.38,4.40,14.2,15.9,0.05,1218.56,18
2026-08-21T22:11:53Z,celmis-web,0.00,85.05,6928.38,1.23,0.58,0.86,10.5,0.0,12
2026-08-21T22:11:53Z,celmis-postgres,0.11,38.4,6928.38,0.55,31.8,27.6,43.3,61.9,12
2026-08-21T22:11:53Z,celmis-sandbox,0.01,61.44,3072.0,2.00,0.0,0.0,18.0,0.0,3
2026-08-21T22:11:53Z,celmis-qdrant,0.07,178.1,6928.38,2.57,0.06,0.04,71.3,0.0,25
2026-08-21T22:12:01Z,celmis-api,3.81,304.8,6928.38,4.40,14.3,15.9,0.05,1218.56,18
2026-08-21T22:12:01Z,celmis-web,0.01,84.84,6928.38,1.22,0.58,0.86,10.5,0.0,12
2026-08-21T22:12:01Z,celmis-postgres,1.49,38.43,6928.38,0.55,31.8,27.6,43.3,61.9,12
2026-08-21T22:12:01Z,celmis-sandbox,0.03,61.44,3072.0,2.00,0.0,0.0,18.0,0.0,3
2026-08-21T22:12:01Z,celmis-qdrant,0.07,178.3,6928.38,2.57,0.06,0.04,71.3,0.0,25
2026-08-21T22:12:08Z,celmis-api,0.25,305.0,6928.38,4.40,14.3,16.0,0.05,1218.56,18
2026-08-21T22:12:08Z,celmis-web,0.01,84.84,6928.38,1.22,0.58,0.86,10.5,0.0,12
2026-08-21T22:12:08Z,celmis-postgres,1.72,38.91,6928.38,0.56,31.8,27.6,43.3,61.9,12
2026-08-21T22:12:08Z,celmis-sandbox,0.02,61.36,3072.0,2.00,0.0,0.0,18.0,0.0,3
2026-08-21T22:12:08Z,celmis-qdrant,0.08,178.3,6928.38,2.57,0.06,0.04,71.3,0.0,25
2026-08-21T22:12:16Z,celmis-api,0.25,305.1,6928.38,4.40,14.3,16.0,0.05,1218.56,18
2026-08-21T22:12:16Z,celmis-web,0.00,85.06,6928.38,1.23,0.58,0.86,10.5,0.0,12
2026-08-21T22:12:16Z,celmis-postgres,1.61,38.71,6928.38,0.56,31.8,27.7,43.3,61.9,12
2026-08-21T22:12:16Z,celmis-sandbox,0.04,61.36,3072.0,2.00,0.0,0.0,18.0,0.0,3
2026-08-21T22:12:16Z,celmis-qdrant,0.09,178.4,6928.38,2.58,0.06,0.04,71.3,0.0,25
2026-08-21T22:12:23Z,celmis-api,0.25,305.0,6928.38,4.40,14.4,16.1,0.05,1218.56,18
2026-08-21T22:12:23Z,celmis-web,0.00,85.06,6928.38,1.23,0.58,0.86,10.5,0.0,12
2026-08-21T22:12:23Z,celmis-postgres,1.97,38.7,6928.38,0.56,31.8,27.7,43.3,61.9,12
2026-08-21T22:12:23Z,celmis-sandbox,0.04,61.36,3072.0,2.00,0.0,0.0,18.0,0.0,3
2026-08-21T22:12:23Z,celmis-qdrant,0.08,178.4,6928.38,2.58,0.06,0.04,71.3,0.0,25
2026-08-21T22:12:31Z,celmis-api,3.13,304.9,6928.38,4.40,14.5,16.2,0.05,1218.56,18
2026-08-21T22:12:31Z,celmis-web,0.00,84.93,6928.38,1.23,0.58,0.86,10.5,0.0,12
2026-08-21T22:12:31Z,celmis-postgres,1.77,38.55,6928.38,0.56,31.8,27.8,43.3,62.2,12
2026-08-21T22:12:31Z,celmis-sandbox,0.03,61.36,3072.0,2.00,0.0,0.0,18.0,0.0,3
2026-08-21T22:12:31Z,celmis-qdrant,0.07,178.1,6928.38,2.57,0.06,0.04,71.3,0.0,25
2026-08-21T22:12:38Z,celmis-api,0.25,304.7,6928.38,4.40,14.5,16.2,0.05,1218.56,18
2026-08-21T22:12:38Z,celmis-web,0.01,84.93,6928.38,1.23,0.58,0.86,10.5,0.0,12
2026-08-21T22:12:38Z,celmis-postgres,1.59,38.48,6928.38,0.56,31.8,27.8,43.3,62.2,12
2026-08-21T22:12:38Z,celmis-sandbox,0.03,61.28,3072.0,1.99,0.0,0.0,18.0,0.0,3
2026-08-21T22:12:38Z,celmis-qdrant,0.07,178.1,6928.38,2.57,0.06,0.04,71.3,0.0,25
2026-08-21T22:12:46Z,celmis-api,0.23,304.6,6928.38,4.40,14.5,16.3,0.05,1218.56,13
2026-08-21T22:12:46Z,celmis-web,0.01,85.17,6928.38,1.23,0.58,0.86,10.5,0.0,12
2026-08-21T22:12:46Z,celmis-postgres,5.05,38.86,6928.38,0.56,31.8,27.9,43.3,62.2,12
2026-08-21T22:12:46Z,celmis-sandbox,0.02,61.28,3072.0,1.99,0.0,0.0,18.0,0.0,3
2026-08-21T22:12:46Z,celmis-qdrant,0.08,178.2,6928.38,2.57,0.06,0.04,71.3,0.0,25
2026-08-21T22:12:53Z,celmis-api,0.89,304.9,6928.38,4.40,14.7,16.4,0.05,1218.56,18
2026-08-21T22:12:53Z,celmis-web,0.00,85.17,6928.38,1.23,0.58,0.86,10.5,0.0,12
2026-08-21T22:12:53Z,celmis-postgres,0.80,38.44,6928.38,0.55,31.9,27.9,43.3,62.2,12
2026-08-21T22:12:53Z,celmis-sandbox,0.03,61.28,3072.0,1.99,0.0,0.0,18.0,0.0,3
2026-08-21T22:12:53Z,celmis-qdrant,0.13,178.2,6928.38,2.57,0.06,0.04,71.3,0.0,25
2026-08-21T22:13:01Z,celmis-api,0.29,305.0,6928.38,4.40,14.7,16.5,0.05,1218.56,18
2026-08-21T22:13:01Z,celmis-web,0.01,84.7,6928.38,1.22,0.58,0.86,10.5,0.0,12
2026-08-21T22:13:01Z,celmis-postgres,0.02,38.66,6928.38,0.56,31.9,27.9,43.3,62.2,12
2026-08-21T22:13:01Z,celmis-sandbox,0.03,61.28,3072.0,1.99,0.0,0.0,18.0,0.0,3
2026-08-21T22:13:01Z,celmis-qdrant,0.09,178.1,6928.38,2.57,0.06,0.04,71.3,0.0,25
2026-08-21T22:13:08Z,celmis-api,0.30,305.1,6928.38,4.40,14.8,16.5,0.05,1218.56,18
2026-08-21T22:13:08Z,celmis-web,0.01,84.7,6928.38,1.22,0.58,0.86,10.5,0.0,12
2026-08-21T22:13:08Z,celmis-postgres,0.07,38.54,6928.38,0.56,31.9,28.0,43.3,62.3,12
2026-08-21T22:13:08Z,celmis-sandbox,0.03,61.25,3072.0,1.99,0.0,0.0,18.0,0.0,3
2026-08-21T22:13:08Z,celmis-qdrant,0.13,178.1,6928.38,2.57,0.06,0.04,71.3,0.0,25
2026-08-21T22:13:16Z,celmis-api,3.70,305.0,6928.38,4.40,14.9,16.6,0.05,1218.56,18
2026-08-21T22:13:16Z,celmis-web,0.01,84.84,6928.38,1.22,0.58,0.86,10.5,0.0,12
2026-08-21T22:13:16Z,celmis-postgres,0.03,38.63,6928.38,0.56,31.9,28.0,43.3,62.3,12
2026-08-21T22:13:16Z,celmis-sandbox,0.06,61.2,3072.0,1.99,0.0,0.0,18.0,0.0,3
2026-08-21T22:13:16Z,celmis-qdrant,0.14,178.3,6928.38,2.57,0.06,0.04,71.3,0.0,25
2026-08-21T22:13:24Z,celmis-api,0.29,304.9,6928.38,4.40,14.9,16.7,0.05,1218.56,13
2026-08-21T22:13:24Z,celmis-web,0.01,84.84,6928.38,1.22,0.58,0.86,10.5,0.0,12
2026-08-21T22:13:24Z,celmis-postgres,1.82,38.81,6928.38,0.56,31.9,28.1,43.3,62.3,12
2026-08-21T22:13:24Z,celmis-sandbox,0.03,61.2,3072.0,1.99,0.0,0.0,18.0,0.0,3
2026-08-21T22:13:24Z,celmis-qdrant,0.09,178.3,6928.38,2.57,0.06,0.04,71.3,0.0,25
2026-08-21T22:13:31Z,celmis-api,0.26,305.2,6928.38,4.41,15.0,16.8,0.05,1218.56,16
2026-08-21T22:13:31Z,celmis-web,0.01,84.52,6928.38,1.22,0.58,0.86,10.5,0.0,12
2026-08-21T22:13:31Z,celmis-postgres,0.07,38.65,6928.38,0.56,31.9,28.1,43.3,62.3,12
2026-08-21T22:13:31Z,celmis-sandbox,0.03,61.2,3072.0,1.99,0.0,0.0,18.0,0.0,3
2026-08-21T22:13:31Z,celmis-qdrant,0.11,178.4,6928.38,2.58,0.06,0.04,71.3,0.0,25
2026-08-21T22:13:38Z,celmis-api,0.27,305.2,6928.38,4.41,15.1,16.9,0.05,1218.56,17
2026-08-21T22:13:38Z,celmis-web,0.01,84.52,6928.38,1.22,0.58,0.86,10.5,0.0,12
2026-08-21T22:13:38Z,celmis-postgres,0.05,38.7,6928.38,0.56,31.9,28.2,43.3,62.4,12
2026-08-21T22:13:38Z,celmis-sandbox,0.03,61.38,3072.0,2.00,0.0,0.0,18.0,0.0,3
2026-08-21T22:13:38Z,celmis-qdrant,0.09,178.4,6928.38,2.58,0.06,0.04,71.3,0.0,25
2026-08-21T22:13:46Z,celmis-api,0.27,305.1,6928.38,4.40,15.1,16.9,0.05,1218.56,16
2026-08-21T22:13:46Z,celmis-web,0.01,84.57,6928.38,1.22,0.58,0.86,10.5,0.0,12
2026-08-21T22:13:46Z,celmis-postgres,0.18,38.93,6928.38,0.56,32.0,28.2,43.3,62.4,13
2026-08-21T22:13:46Z,celmis-sandbox,0.04,61.38,3072.0,2.00,0.0,0.0,18.0,0.0,3
2026-08-21T22:13:46Z,celmis-qdrant,0.09,178.3,6928.38,2.57,0.06,0.04,71.3,0.0,25
2026-08-21T22:13:54Z,celmis-api,2.96,305.2,6928.38,4.41,15.2,17.0,0.05,1218.56,16
2026-08-21T22:13:54Z,celmis-web,0.01,84.57,6928.38,1.22,0.58,0.86,10.5,0.0,12
2026-08-21T22:13:54Z,celmis-postgres,0.03,38.76,6928.38,0.56,32.0,28.3,43.3,62.4,12
2026-08-21T22:13:54Z,celmis-sandbox,0.02,61.38,3072.0,2.00,0.0,0.0,18.0,0.0,3
2026-08-21T22:13:54Z,celmis-qdrant,0.08,178.3,6928.38,2.57,0.06,0.04,71.3,0.0,25
2026-08-21T22:14:01Z,celmis-api,0.25,305.2,6928.38,4.41,15.3,17.1,0.05,1218.56,16
2026-08-21T22:14:01Z,celmis-web,0.01,84.84,6928.38,1.22,0.58,0.86,10.5,0.0,12
2026-08-21T22:14:01Z,celmis-postgres,0.00,38.82,6928.38,0.56,32.0,28.3,43.3,62.4,12
2026-08-21T22:14:01Z,celmis-sandbox,0.03,61.38,3072.0,2.00,0.0,0.0,18.0,0.0,3
2026-08-21T22:14:01Z,celmis-qdrant,0.07,178.4,6928.38,2.58,0.06,0.04,71.3,0.0,25
2026-08-21T22:14:08Z,celmis-api,0.32,305.3,6928.38,4.41,15.4,17.1,0.05,1239.04,13
2026-08-21T22:14:08Z,celmis-web,0.01,84.84,6928.38,1.22,0.58,0.86,10.5,0.0,12
2026-08-21T22:14:08Z,celmis-postgres,0.01,38.8,6928.38,0.56,32.0,28.4,43.3,62.4,12
2026-08-21T22:14:08Z,celmis-sandbox,0.02,61.56,3072.0,2.00,0.0,0.0,18.0,0.0,3
2026-08-21T22:14:08Z,celmis-qdrant,0.09,178.4,6928.38,2.58,0.06,0.04,71.3,0.0,25
2026-08-21T22:14:16Z,celmis-api,0.29,305.4,6928.38,4.41,15.4,17.2,0.05,1269.76,12
2026-08-21T22:14:16Z,celmis-web,0.00,84.58,6928.38,1.22,0.58,0.86,10.5,0.0,12
2026-08-21T22:14:16Z,celmis-postgres,0.04,38.64,6928.38,0.56,32.0,28.4,43.3,62.4,12
2026-08-21T22:14:16Z,celmis-sandbox,0.03,61.56,3072.0,2.00,0.0,0.0,18.0,0.0,3
2026-08-21T22:14:16Z,celmis-qdrant,0.07,178.1,6928.38,2.57,0.06,0.04,71.3,0.0,25
2026-08-21T22:14:23Z,celmis-api,0.40,305.5,6928.38,4.41,15.5,17.3,0.05,1290.24,13
2026-08-21T22:14:23Z,celmis-web,0.00,84.58,6928.38,1.22,0.58,0.86,10.5,0.0,12
2026-08-21T22:14:23Z,celmis-postgres,0.00,38.28,6928.38,0.55,32.0,28.4,43.3,62.4,12
2026-08-21T22:14:23Z,celmis-sandbox,0.03,61.56,3072.0,2.00,0.0,0.0,18.0,0.0,3
2026-08-21T22:14:23Z,celmis-qdrant,0.07,178.1,6928.38,2.57,0.06,0.04,71.3,0.0,25
2026-08-21T22:14:31Z,celmis-api,2.42,305.5,6928.38,4.41,15.5,17.3,0.05,1290.24,12
2026-08-21T22:14:31Z,celmis-web,0.01,84.78,6928.38,1.22,0.58,0.86,10.5,0.0,12
2026-08-21T22:14:31Z,celmis-postgres,0.14,38.68,6928.38,0.56,32.0,28.5,43.3,62.5,12
2026-08-21T22:14:31Z,celmis-sandbox,0.03,61.56,3072.0,2.00,0.0,0.0,18.0,0.0,3
2026-08-21T22:14:31Z,celmis-qdrant,0.06,178.0,6928.38,2.57,0.06,0.04,71.3,0.0,25
2026-08-21T22:14:38Z,celmis-api,2.33,305.5,6928.38,4.41,15.6,17.5,0.05,1290.24,18
2026-08-21T22:14:38Z,celmis-web,0.00,84.78,6928.38,1.22,0.58,0.86,10.5,0.0,12
2026-08-21T22:14:38Z,celmis-postgres,0.12,38.7,6928.38,0.56,32.0,28.5,43.3,62.5,12
2026-08-21T22:14:38Z,celmis-sandbox,0.03,61.48,3072.0,2.00,0.0,0.0,18.0,0.0,3
2026-08-21T22:14:38Z,celmis-qdrant,0.06,178.0,6928.38,2.57,0.06,0.04,71.3,0.0,25
2026-08-21T22:14:46Z,celmis-api,0.21,305.5,6928.38,4.41,15.7,17.5,0.05,1290.24,17
2026-08-21T22:14:46Z,celmis-web,0.01,84.68,6928.38,1.22,0.58,0.86,10.5,0.0,12
2026-08-21T22:14:46Z,celmis-postgres,0.00,38.53,6928.38,0.56,32.1,28.6,43.3,62.5,12
2026-08-21T22:14:46Z,celmis-sandbox,0.02,61.48,3072.0,2.00,0.0,0.0,18.0,0.0,3
2026-08-21T22:14:46Z,celmis-qdrant,0.09,178.1,6928.38,2.57,0.06,0.04,71.3,0.0,25
2026-08-21T22:14:54Z,celmis-api,0.50,305.5,6928.38,4.41,15.7,17.6,0.05,1290.24,18
2026-08-21T22:14:54Z,celmis-web,0.01,84.68,6928.38,1.22,0.58,0.86,10.5,0.0,12
2026-08-21T22:14:54Z,celmis-postgres,0.02,38.52,6928.38,0.56,32.1,28.6,43.3,62.5,12
2026-08-21T22:14:54Z,celmis-sandbox,0.02,61.48,3072.0,2.00,0.0,0.0,18.0,0.0,3
2026-08-21T22:14:54Z,celmis-qdrant,0.08,178.1,6928.38,2.57,0.06,0.04,71.3,0.0,25
2026-08-21T22:15:01Z,celmis-api,0.29,305.6,6928.38,4.41,15.8,17.7,0.05,1290.24,18
2026-08-21T22:15:01Z,celmis-web,0.00,84.66,6928.38,1.22,0.58,0.86,10.5,0.0,12
2026-08-21T22:15:01Z,celmis-postgres,0.00,38.51,6928.38,0.56,32.1,28.7,43.3,62.5,12
2026-08-21T22:15:01Z,celmis-sandbox,0.05,61.48,3072.0,2.00,0.0,0.0,18.0,0.0,3
2026-08-21T22:15:01Z,celmis-qdrant,0.10,178.5,6928.38,2.58,0.06,0.04,71.3,0.0,25
2026-08-21T22:15:08Z,celmis-api,2.25,305.4,6928.38,4.41,15.9,17.7,0.05,1290.24,18
2026-08-21T22:15:08Z,celmis-web,0.01,84.66,6928.38,1.22,0.58,0.86,10.5,0.0,12
2026-08-21T22:15:08Z,celmis-postgres,0.00,38.92,6928.38,0.56,32.1,28.7,43.3,62.5,12
2026-08-21T22:15:08Z,celmis-sandbox,0.03,61.34,3072.0,2.00,0.0,0.0,18.0,0.0,3
2026-08-21T22:15:08Z,celmis-qdrant,0.08,178.5,6928.38,2.58,0.06,0.04,71.3,0.0,25
2026-08-21T22:15:16Z,celmis-api,0.91,305.7,6928.38,4.41,15.9,17.8,0.05,1290.24,13
2026-08-21T22:15:16Z,celmis-web,0.00,84.72,6928.38,1.22,0.58,0.86,10.5,0.0,12
2026-08-21T22:15:16Z,celmis-postgres,0.02,38.44,6928.38,0.55,32.1,28.7,43.3,62.5,12
2026-08-21T22:15:16Z,celmis-sandbox,0.02,61.34,3072.0,2.00,0.0,0.0,18.0,0.0,3
2026-08-21T22:15:16Z,celmis-qdrant,0.07,178.6,6928.38,2.58,0.06,0.04,71.3,0.0,25
2026-08-21T22:15:24Z,celmis-api,0.50,305.7,6928.38,4.41,16.0,17.8,0.05,1310.72,13
2026-08-21T22:15:24Z,celmis-web,0.01,84.72,6928.38,1.22,0.58,0.86,10.5,0.0,12
2026-08-21T22:15:24Z,celmis-postgres,0.00,38.34,6928.38,0.55,32.1,28.8,43.3,62.5,12
2026-08-21T22:15:24Z,celmis-sandbox,0.12,61.34,3072.0,2.00,0.0,0.0,18.0,0.0,3
2026-08-21T22:15:24Z,celmis-qdrant,0.04,178.6,6928.38,2.58,0.06,0.04,71.3,0.0,25
2026-08-21T22:15:31Z,celmis-api,48.29,305.3,6928.38,4.41,16.0,17.9,0.05,1341.44,13
2026-08-21T22:15:31Z,celmis-web,0.00,85.0,6928.38,1.23,0.58,0.86,10.5,0.0,12
2026-08-21T22:15:31Z,celmis-postgres,0.00,38.73,6928.38,0.56,32.1,28.8,43.3,62.5,12
2026-08-21T22:15:31Z,celmis-sandbox,0.02,61.34,3072.0,2.00,0.0,0.0,18.0,0.0,3
2026-08-21T22:15:31Z,celmis-qdrant,0.04,178.3,6928.38,2.57,0.06,0.04,71.3,0.0,25
2026-08-21T22:15:38Z,celmis-api,0.34,305.9,6928.38,4.42,16.1,18.0,0.05,1351.68,13
2026-08-21T22:15:38Z,celmis-web,0.01,85.0,6928.38,1.23,0.58,0.86,10.5,0.0,12
2026-08-21T22:15:38Z,celmis-postgres,1.77,38.75,6928.38,0.56,32.1,28.9,43.3,62.6,12
2026-08-21T22:15:38Z,celmis-sandbox,0.04,61.27,3072.0,1.99,0.0,0.0,18.0,0.0,3
2026-08-21T22:15:38Z,celmis-qdrant,0.10,178.3,6928.38,2.57,0.06,0.04,71.3,0.0,25
2026-08-21T22:15:46Z,celmis-api,0.42,306.1,6928.38,4.42,16.1,18.0,0.05,1382.4,13
2026-08-21T22:15:46Z,celmis-web,0.01,84.64,6928.38,1.22,0.58,0.86,10.5,0.0,12
2026-08-21T22:15:46Z,celmis-postgres,0.01,38.7,6928.38,0.56,32.1,28.9,43.3,62.6,12
2026-08-21T22:15:46Z,celmis-sandbox,0.03,61.27,3072.0,1.99,0.0,0.0,18.0,0.0,3
2026-08-21T22:15:46Z,celmis-qdrant,0.08,177.9,6928.38,2.57,0.06,0.04,71.3,0.0,25
2026-08-21T22:15:54Z,celmis-api,0.72,306.3,6928.38,4.42,16.2,18.1,0.05,1413.12,13
2026-08-21T22:15:54Z,celmis-web,0.01,84.64,6928.38,1.22,0.58,0.86,10.5,0.0,12
2026-08-21T22:15:54Z,celmis-postgres,0.00,38.45,6928.38,0.55,32.1,29.0,43.3,62.6,12
2026-08-21T22:15:54Z,celmis-sandbox,0.03,61.27,3072.0,1.99,0.0,0.0,18.0,0.0,3
2026-08-21T22:15:54Z,celmis-qdrant,0.03,177.9,6928.38,2.57,0.06,0.04,71.3,0.0,25
2026-08-21T22:16:01Z,celmis-api,5.38,306.1,6928.38,4.42,16.3,18.1,0.05,1433.6,13
2026-08-21T22:16:01Z,celmis-web,0.01,84.78,6928.38,1.22,0.58,0.86,10.5,0.0,12
2026-08-21T22:16:01Z,celmis-postgres,4.90,38.67,6928.38,0.56,32.2,29.0,43.3,62.6,12
2026-08-21T22:16:01Z,celmis-sandbox,0.02,61.27,3072.0,1.99,0.0,0.0,18.0,0.0,3
2026-08-21T22:16:01Z,celmis-qdrant,0.06,178.3,6928.38,2.57,0.06,0.04,71.3,0.0,25
2026-08-21T22:16:08Z,celmis-api,6.25,306.4,6928.38,4.42,16.4,18.3,0.05,1433.6,17
2026-08-21T22:16:08Z,celmis-web,0.00,84.78,6928.38,1.22,0.58,0.86,10.5,0.0,12
2026-08-21T22:16:08Z,celmis-postgres,1.85,38.36,6928.38,0.55,32.2,29.1,43.3,62.6,12
2026-08-21T22:16:08Z,celmis-sandbox,0.02,61.44,3072.0,2.00,0.0,0.0,18.0,0.0,3
2026-08-21T22:16:08Z,celmis-qdrant,0.06,178.3,6928.38,2.57,0.06,0.04,71.3,0.0,25
2026-08-21T22:16:16Z,celmis-api,1.00,306.5,6928.38,4.42,16.4,18.3,0.05,1433.6,17
2026-08-21T22:16:16Z,celmis-web,0.00,84.97,6928.38,1.23,0.58,0.86,10.5,0.0,12
2026-08-21T22:16:16Z,celmis-postgres,0.08,38.42,6928.38,0.55,32.2,29.1,43.3,62.6,12
2026-08-21T22:16:16Z,celmis-sandbox,0.04,61.44,3072.0,2.00,0.0,0.0,18.0,0.0,3
2026-08-21T22:16:16Z,celmis-qdrant,0.17,178.2,6928.38,2.57,0.06,0.04,71.3,0.0,25
2026-08-21T22:16:24Z,celmis-api,4.09,306.6,6928.38,4.42,16.5,18.4,0.05,1433.6,17
2026-08-21T22:16:24Z,celmis-web,0.01,84.97,6928.38,1.23,0.58,0.86,10.5,0.0,12
2026-08-21T22:16:24Z,celmis-postgres,0.04,38.5,6928.38,0.56,32.2,29.2,43.3,62.6,12
2026-08-21T22:16:24Z,celmis-sandbox,0.02,61.44,3072.0,2.00,0.0,0.0,18.0,0.0,3
2026-08-21T22:16:24Z,celmis-qdrant,0.08,178.2,6928.38,2.57,0.06,0.04,71.3,0.0,25
2026-08-21T22:16:31Z,celmis-api,0.24,306.5,6928.38,4.42,16.5,18.5,0.05,1433.6,16
2026-08-21T22:16:31Z,celmis-web,0.00,85.12,6928.38,1.23,0.58,0.86,10.5,0.0,12
2026-08-21T22:16:31Z,celmis-postgres,1.53,38.43,6928.38,0.55,32.2,29.2,43.3,62.6,12
2026-08-21T22:16:31Z,celmis-sandbox,0.02,61.44,3072.0,2.00,0.0,0.0,18.0,0.0,3
2026-08-21T22:16:31Z,celmis-qdrant,0.06,178.1,6928.38,2.57,0.06,0.04,71.3,0.0,25
2026-08-21T22:16:38Z,celmis-api,0.33,306.4,6928.38,4.42,16.6,18.6,0.05,1464.32,12
2026-08-21T22:16:38Z,celmis-web,0.01,85.12,6928.38,1.23,0.58,0.86,10.5,0.0,12
2026-08-21T22:16:38Z,celmis-postgres,0.06,38.28,6928.38,0.55,32.2,29.3,43.3,62.7,12
2026-08-21T22:16:38Z,celmis-sandbox,0.02,61.36,3072.0,2.00,0.0,0.0,18.0,0.0,3
2026-08-21T22:16:38Z,celmis-qdrant,0.06,178.1,6928.38,2.57,0.06,0.04,71.3,0.0,25
2026-08-21T22:16:46Z,celmis-api,0.38,307.0,6928.38,4.43,16.7,18.6,0.05,1484.8,12
2026-08-21T22:16:46Z,celmis-web,0.01,84.6,6928.38,1.22,0.58,0.86,10.5,0.0,12
2026-08-21T22:16:46Z,celmis-postgres,1.68,38.64,6928.38,0.56,32.2,29.3,43.3,62.7,12
2026-08-21T22:16:46Z,celmis-sandbox,0.03,61.36,3072.0,2.00,0.0,0.0,18.0,0.0,3
2026-08-21T22:16:46Z,celmis-qdrant,0.05,178.3,6928.38,2.57,0.06,0.04,71.3,0.0,25
2026-08-21T22:16:54Z,celmis-api,42.76,448.9,6928.38,6.48,16.7,18.7,0.05,1505.28,29
2026-08-21T22:16:54Z,celmis-web,0.01,84.6,6928.38,1.22,0.58,0.86,10.5,0.0,12
2026-08-21T22:16:54Z,celmis-postgres,0.01,38.47,6928.38,0.56,32.3,29.3,43.3,62.7,12
2026-08-21T22:16:54Z,celmis-sandbox,0.03,61.36,3072.0,2.00,0.0,0.0,18.0,0.0,3
2026-08-21T22:16:54Z,celmis-qdrant,0.07,178.3,6928.38,2.57,0.06,0.04,71.3,0.0,25
2026-08-21T22:17:01Z,celmis-api,0.38,307.1,6928.38,4.43,16.8,18.7,0.05,1536.0,12
2026-08-21T22:17:01Z,celmis-web,0.00,84.66,6928.38,1.22,0.58,0.86,10.5,0.0,12
2026-08-21T22:17:01Z,celmis-postgres,1.37,38.53,6928.38,0.56,32.3,29.4,43.3,62.7,12
2026-08-21T22:17:01Z,celmis-sandbox,0.02,61.36,3072.0,2.00,0.0,0.0,18.0,0.0,3
2026-08-21T22:17:01Z,celmis-qdrant,0.08,178.1,6928.38,2.57,0.06,0.04,71.3,0.0,25
2026-08-21T22:17:08Z,celmis-api,0.33,307.2,6928.38,4.43,16.8,18.7,0.05,1546.24,12
2026-08-21T22:17:08Z,celmis-web,0.01,84.66,6928.38,1.22,0.58,0.86,10.5,0.0,12
2026-08-21T22:17:08Z,celmis-postgres,1.86,38.53,6928.38,0.56,32.3,29.4,43.3,62.7,12
2026-08-21T22:17:08Z,celmis-sandbox,0.03,61.79,3072.0,2.01,0.0,0.0,18.0,0.0,3
2026-08-21T22:17:08Z,celmis-qdrant,0.06,178.1,6928.38,2.57,0.06,0.04,71.3,0.0,25
2026-08-21T22:17:16Z,celmis-api,16.05,307.9,6928.38,4.44,16.9,18.8,0.05,1576.96,13
2026-08-21T22:17:16Z,celmis-web,0.00,84.61,6928.38,1.22,0.58,0.86,10.5,0.0,12
2026-08-21T22:17:16Z,celmis-postgres,1.56,38.52,6928.38,0.56,32.3,29.5,43.3,62.7,12
2026-08-21T22:17:16Z,celmis-sandbox,0.03,61.79,3072.0,2.01,0.0,0.0,18.0,0.0,3
2026-08-21T22:17:16Z,celmis-qdrant,0.09,178.2,6928.38,2.57,0.06,0.04,71.3,0.0,25
2026-08-21T22:17:24Z,celmis-api,46.80,308.0,6928.38,4.45,16.9,18.9,0.05,1607.68,12
2026-08-21T22:17:24Z,celmis-web,0.00,84.61,6928.38,1.22,0.58,0.86,10.5,0.0,12
2026-08-21T22:17:24Z,celmis-postgres,0.12,38.41,6928.38,0.55,32.3,29.5,43.3,62.7,12
2026-08-21T22:17:24Z,celmis-sandbox,0.01,61.79,3072.0,2.01,0.0,0.0,18.0,0.0,3
2026-08-21T22:17:24Z,celmis-qdrant,0.06,178.2,6928.38,2.57,0.06,0.04,71.3,0.0,25
2026-08-21T22:17:31Z,celmis-api,0.27,307.7,6928.38,4.44,17.0,18.9,0.05,1628.16,12
2026-08-21T22:17:31Z,celmis-web,0.01,84.92,6928.38,1.23,0.58,0.86,10.5,0.0,12
2026-08-21T22:17:31Z,celmis-postgres,1.68,38.49,6928.38,0.56,32.3,29.5,43.3,63.0,12
2026-08-21T22:17:31Z,celmis-sandbox,0.02,61.79,3072.0,2.01,0.0,0.0,18.0,0.0,3
2026-08-21T22:17:31Z,celmis-qdrant,0.08,178.4,6928.38,2.57,0.06,0.04,71.3,0.0,25
2026-08-21T22:17:38Z,celmis-api,1.58,308.1,6928.38,4.45,17.1,19.1,0.05,1628.16,16
2026-08-21T22:17:38Z,celmis-web,0.00,84.92,6928.38,1.23,0.58,0.86,10.5,0.0,12
2026-08-21T22:17:38Z,celmis-postgres,0.40,38.48,6928.38,0.56,32.3,29.6,43.3,63.0,12
2026-08-21T22:17:38Z,celmis-sandbox,0.03,61.46,3072.0,2.00,0.0,0.0,18.0,0.0,3
2026-08-21T22:17:38Z,celmis-qdrant,0.06,178.4,6928.38,2.57,0.06,0.04,71.3,0.0,25
2026-08-21T22:17:46Z,celmis-api,0.28,308.0,6928.38,4.45,17.1,19.2,0.05,1628.16,17
2026-08-21T22:17:46Z,celmis-web,0.01,85.05,6928.38,1.23,0.58,0.86,10.5,0.0,12
2026-08-21T22:17:46Z,celmis-postgres,1.82,38.76,6928.38,0.56,32.4,29.7,43.3,63.0,12
2026-08-21T22:17:46Z,celmis-sandbox,0.03,61.46,3072.0,2.00,0.0,0.0,18.0,0.0,3
2026-08-21T22:17:46Z,celmis-qdrant,0.16,178.3,6928.38,2.57,0.06,0.04,71.3,0.0,25
2026-08-21T22:17:54Z,celmis-api,4.67,308.1,6928.38,4.45,17.2,19.3,0.05,1628.16,17
2026-08-21T22:17:54Z,celmis-web,0.01,84.89,6928.38,1.23,0.58,0.86,10.5,0.0,12
2026-08-21T22:17:54Z,celmis-postgres,2.12,40.23,6928.38,0.58,32.4,29.7,43.3,63.1,13
2026-08-21T22:17:54Z,celmis-sandbox,0.03,61.46,3072.0,2.00,0.0,0.0,18.0,0.0,3
2026-08-21T22:17:54Z,celmis-qdrant,0.10,178.3,6928.38,2.57,0.06,0.04,71.3,0.0,25
2026-08-21T22:18:01Z,celmis-api,0.32,308.2,6928.38,4.45,17.3,19.3,0.05,1628.16,17
2026-08-21T22:18:01Z,celmis-web,0.01,84.66,6928.38,1.22,0.58,0.86,10.5,0.0,12
2026-08-21T22:18:01Z,celmis-postgres,1.83,40.08,6928.38,0.58,32.4,29.7,43.3,63.1,13
2026-08-21T22:18:01Z,celmis-sandbox,0.03,61.46,3072.0,2.00,0.0,0.0,18.0,0.0,3
2026-08-21T22:18:01Z,celmis-qdrant,0.08,178.2,6928.38,2.57,0.06,0.04,71.3,0.0,25
2026-08-21T22:18:08Z,celmis-api,0.27,308.0,6928.38,4.45,17.4,19.4,0.05,1628.16,15
2026-08-21T22:18:08Z,celmis-web,0.00,87.12,6928.38,1.26,0.66,0.94,10.5,0.0,12
2026-08-21T22:18:08Z,celmis-postgres,0.02,40.2,6928.38,0.58,32.4,29.8,43.3,63.1,13
2026-08-21T22:18:08Z,celmis-sandbox,0.02,61.38,3072.0,2.00,0.0,0.0,18.0,0.0,3
2026-08-21T22:18:08Z,celmis-qdrant,0.06,178.2,6928.38,2.57,0.06,0.04,71.3,0.0,25
2026-08-21T22:18:16Z,celmis-api,0.28,307.9,6928.38,4.44,17.4,19.5,0.05,1628.16,13
2026-08-21T22:18:16Z,celmis-web,0.01,87.17,6928.38,1.26,0.66,0.94,10.5,0.0,12
2026-08-21T22:18:16Z,celmis-postgres,2.16,39.97,6928.38,0.58,32.4,29.9,43.3,63.1,13
2026-08-21T22:18:16Z,celmis-sandbox,0.02,61.38,3072.0,2.00,0.0,0.0,18.0,0.0,3
2026-08-21T22:18:16Z,celmis-qdrant,0.14,178.1,6928.38,2.57,0.06,0.04,71.3,0.0,25
2026-08-21T22:18:24Z,celmis-api,0.26,308.2,6928.38,4.45,17.5,19.5,0.05,1628.16,13
2026-08-21T22:18:24Z,celmis-web,0.00,87.17,6928.38,1.26,0.66,0.94,10.5,0.0,12
2026-08-21T22:18:24Z,celmis-postgres,0.00,40.09,6928.38,0.58,32.4,29.9,43.3,63.2,13
2026-08-21T22:18:24Z,celmis-sandbox,0.03,61.38,3072.0,2.00,0.0,0.0,18.0,0.0,3
2026-08-21T22:18:24Z,celmis-qdrant,0.08,178.1,6928.38,2.57,0.06,0.04,71.3,0.0,25
2026-08-21T22:18:31Z,celmis-api,0.31,307.9,6928.38,4.44,17.5,19.6,0.05,1638.4,13
2026-08-21T22:18:31Z,celmis-web,0.01,87.06,6928.38,1.26,0.66,0.94,10.5,0.0,12
2026-08-21T22:18:31Z,celmis-postgres,0.00,39.98,6928.38,0.58,32.4,29.9,43.3,63.2,13
2026-08-21T22:18:31Z,celmis-sandbox,0.03,61.38,3072.0,2.00,0.0,0.0,18.0,0.0,3
2026-08-21T22:18:31Z,celmis-qdrant,0.05,178.5,6928.38,2.58,0.06,0.04,71.3,0.0,25
2026-08-21T22:18:38Z,celmis-api,47.09,308.6,6928.38,4.45,17.6,19.6,0.05,1669.12,13
2026-08-21T22:18:38Z,celmis-web,0.01,87.06,6928.38,1.26,0.66,0.94,10.5,0.0,12
2026-08-21T22:18:38Z,celmis-postgres,0.03,40.07,6928.38,0.58,32.4,30.0,43.3,63.2,13
2026-08-21T22:18:38Z,celmis-sandbox,0.03,61.55,3072.0,2.00,0.0,0.0,18.0,0.0,3
2026-08-21T22:18:38Z,celmis-qdrant,0.08,178.5,6928.38,2.58,0.06,0.04,71.3,0.0,25
